candidate_id,diagnostics_profile_attached,grid_tier,hit_run_count,max_achieved_lateral_g,max_capture_component_g,max_guidance_saturation_fraction,max_mirror_abs_difference_m,max_mirror_abs_difference_rho,max_postclamp_command_g,max_preclamp_command_g,max_seed_spread_m,max_seed_spread_rho,minimum_abs_rho_minus_one,mirror_entry_classification_consistent,nav_gain,nearest_distance_max_m,nearest_distance_mean_m,nearest_distance_min_m,offset_deg,range_km,refinement_reasons,resolved_runtime_contract_matches,rho_max,rho_mean,rho_median,rho_min,robust_state,run_count,seed_count,signed_bearing_count,stage4_launch_class,within_boundary_rho_band
nav_gain_3p5,False,main,3,1.8014706545557722,0.0,0.0,0.0,0.0,6.124999999999999,6.124999999999999,0.0,0.0,0.999909169338077,True,3.5,0.0013624599288445817,0.0013624599288445817,0.0013624599288445817,0.0,4.0,[],True,9.08306619229721e-05,9.083066192297209e-05,9.08306619229721e-05,9.08306619229721e-05,robust_hit,3,3,1,N,False
nav_gain_3p5,False,main,6,8.369892508795397,0.0,0.0,2.9934778491002905e-05,1.9956518994001946e-06,8.381695777344767,8.381695777344767,0.0,0.0,0.9998975689291107,True,3.5,0.0015364660633385705,0.0015214986740930692,0.0015065312848475676,5.0,4.0,[],True,0.00010243107088923804,0.00010143324493953795,0.00010143324493953795,0.00010043541898983784,robust_hit,6,3,2,N,False
nav_gain_3p5,False,main,6,14.218313253516554,0.0,0.0,1.975596552042792e-05,1.3170643680285272e-06,14.237862745815258,14.237862745815258,0.0,0.0,0.9999040423623254,True,3.5,0.001439364565118878,0.0014294865823586639,0.00141960859959845,10.0,4.0,[],True,9.595763767459186e-05,9.52991054905776e-05,9.529910549057759e-05,9.464057330656333e-05,robust_hit,6,3,2,N,False
nav_gain_3p5,False,main,6,18.909911485753465,0.0,0.0,5.057960810174976e-05,3.3719738734499876e-06,18.93576078256129,18.93576078256129,0.0,0.0,0.9998429869908845,True,3.5,0.0023551951367324197,0.002329905332681545,0.00230461552863067,15.0,4.0,[],True,0.00015701300911549464,0.00015532702217876964,0.00015532702217876964,0.00015364103524204465,robust_hit,6,3,2,N,False
nav_gain_3p5,False,main,6,23.326590214109903,0.0,0.0,3.4944446270423904e-05,2.3296297513615837e-06,23.35910305145994,23.35910305145994,0.0,0.0,0.9998855826150981,True,3.5,0.001716260773528624,0.001698788550393412,0.0016813163272582001,20.0,4.0,[],True,0.00011441738490190826,0.00011325257002622748,0.00011325257002622747,0.00011208775515054668,robust_hit,6,3,2,N,False
nav_gain_3p5,False,main,6,27.50457098640753,0.0,0.0,5.0963424910918306e-05,3.3975616607278907e-06,27.54345793521804,27.54345793521804,0.0,0.0,0.9997082719384597,True,3.5,0.004375920923104131,0.0043504392106486715,0.004324957498193212,25.0,4.0,[],True,0.00029172806154027537,0.00029002928070991145,0.0002900292807099114,0.0002883304998795475,robust_hit,6,3,2,N,False
nav_gain_3p5,False,main,6,31.425781951422625,0.0,0.0,1.8137852389740056e-05,1.2091901593160091e-06,31.471532533688798,31.471532533688798,0.0,0.0,0.9999012244579383,True,3.5,0.0014816331309260734,0.0014725642047312033,0.0014634952785363333,30.0,4.0,[],True,9.877554206173823e-05,9.817094698208023e-05,9.817094698208023e-05,9.756635190242222e-05,robust_hit,6,3,2,N,False
nav_gain_3p5,False,main,6,34.99221777800405,0.0,0.042735042735042736,1.3164689195583387e-05,8.776459463722357e-07,35.0,35.13696413466065,0.0,0.0,0.9999036770233674,True,3.5,0.0014448446494903827,0.001438262304892591,0.0014316799602947993,35.0,4.0,[],True,9.632297663269219e-05,9.588415365950608e-05,9.588415365950606e-05,9.544533068631995e-05,robust_hit,6,3,2,N,False
nav_gain_3p5,False,main,6,34.99999999992698,0.0,0.268,7.393931433052935e-06,4.929287622035326e-07,35.0,40.569338766524474,0.0,0.0,0.9999064384689004,True,3.5,0.0014034229664950288,0.0013997260007785025,0.001396029035061976,40.0,4.0,[],True,9.356153109966859e-05,9.331506671856683e-05,9.331506671856683e-05,9.306860233746506e-05,robust_hit,6,3,2,N,False
nav_gain_3p5,False,main,6,34.99999999999999,0.0,0.3951048951048951,6.244345519558145e-06,4.162897013038709e-07,35.0,48.93023774358638,0.0,0.0,0.9999036652513812,True,3.5,0.001445021229282404,0.0014418990565226249,0.0014387768837628458,45.0,4.0,[],True,9.633474861882693e-05,9.612660376817499e-05,9.612660376817499e-05,9.591845891752305e-05,robust_hit,6,3,2,N,False
nav_gain_3p5,False,main,6,34.99999999999999,0.0,0.4632768361581921,1.1302650940810295e-06,7.535100627206412e-08,35.0,62.05235851876504,0.0,0.0,0.9999061352307879,True,3.5,0.0014079715381820114,0.0014074064056349709,0.0014068412730879303,50.0,4.0,[],True,9.386476921213409e-05,9.382709370899806e-05,9.382709370899805e-05,9.378941820586202e-05,robust_hit,6,3,2,M,False
nav_gain_3p5,False,main,0,34.99999999999999,0.0,0.5091863517060368,1.0362603973135265e-05,6.908402632177513e-07,35.0,85.30544860149395,0.0,0.0,27.920205910408743,True,3.5,433.8030990187351,433.80309383743315,433.80308865613114,55.0,4.0,[],True,28.920206601249006,28.920206255828873,28.920206255828873,28.920205910408743,robust_miss,6,3,2,M,False
nav_gain_3p5,False,main,0,34.99999999999999,0.0,0.4797507788161994,2.0714348011097172e-05,1.3809565473366092e-06,35.0,96.52728658751487,0.0,0.0,79.4861596638758,True,3.5,1207.292415672485,1207.292405315311,1207.292394958137,60.0,4.0,[],True,80.48616104483234,80.48616035435407,80.48616035435407,80.4861596638758,robust_miss,6,3,2,M,False
nav_gain_3p5,False,main,0,34.99999999999999,0.0,0.4317343173431734,3.098446495641838e-05,2.0656310084632423e-06,35.0,89.44053854109508,0.0,0.0,128.8401344971852,True,3.5,1947.6020484422431,1947.6020329500107,1947.6020174577782,65.0,4.0,[],True,129.8401365628162,129.8401355300007,129.8401355300007,129.8401344971852,robust_miss,6,3,2,O,False
nav_gain_3p5,False,main,0,34.999999999989626,0.0,0.3333333333333333,4.784068960361765e-05,3.1893792993287207e-06,35.0,64.85518233702729,0.0,0.0,184.8477976183584,True,3.5,2787.7170121160657,2787.716988195721,2787.716964275376,70.0,4.0,[],True,185.8478008077377,185.84779921304803,185.84779921304806,185.8477976183584,robust_miss,6,3,2,O,False
nav_gain_3p5,False,main,0,23.251625619398734,0.0,0.0,7.948487382236635e-05,5.298991595736879e-06,23.961019432601542,23.961019432601542,0.0,0.0,245.52334431820287,True,3.5,3697.850244257917,3697.85020451548,3697.850164773043,75.0,4.0,[],True,246.52334961719447,246.52334696769867,246.52334696769867,246.52334431820287,robust_miss,6,3,2,O,False
nav_gain_3p5,False,main,0,4.1478155655202595,0.0,0.0,0.00010044604505310417,6.696403033856768e-06,5.931661157344365,5.931661157344365,0.0,0.0,261.67847404423327,True,3.5,3940.1772111095443,3940.177160886522,3940.177110663499,80.0,4.0,[],True,262.6784807406363,262.6784773924348,262.6784773924348,262.67847404423327,robust_miss,6,3,2,O,False
nav_gain_3p5,False,main,0,5.530973338570186,0.0,0.0,0.0001089469747057592,7.26313163568193e-06,5.918870274541586,5.918870274541586,0.0,0.0,264.92589153460773,True,3.5,3988.8884819660907,3988.8884274926036,3988.888373019116,85.0,4.0,[],True,265.92589879773936,265.9258951661736,265.9258951661735,265.92589153460773,robust_miss,6,3,2,O,False
nav_gain_3p5,False,main,0,0.0,0.0,0.0,0.00011414404070819728,7.609602675984206e-06,0.0,0.0,0.0,0.0,265.67340644437695,True,3.5,4000.1012108096947,4000.1011537376744,4000.101096665654,90.0,4.0,[],True,266.6734140539796,266.6734102491783,266.6734102491783,266.67340644437695,robust_miss,6,3,2,O,False
nav_gain_3p5,False,main,3,1.8014706545557722,0.0,0.0,0.0,0.0,6.124999999999999,6.124999999999999,0.0,0.0,0.9999091760511896,True,3.5,0.0013623592321568034,0.0013623592321568036,0.0013623592321568034,0.0,5.0,[],True,9.082394881045355e-05,9.082394881045355e-05,9.082394881045355e-05,9.082394881045355e-05,robust_hit,3,3,1,N,False
nav_gain_3p5,False,main,6,7.9230034873610515,0.0,0.0,4.055734689898316e-06,2.703823126598922e-07,7.931909405868175,7.931909405868175,0.0,0.0,0.9999088235891522,True,3.5,0.001367646162716244,0.001365618295371295,0.0013635904280263457,5.0,5.0,[],True,9.11764108477496e-05,9.104121969141966e-05,9.104121969141966e-05,9.090602853508971e-05,robust_hit,6,3,2,N,False
nav_gain_3p5,False,main,6,13.4600205824064,0.0,0.0,7.297493606882224e-06,4.864995737921464e-07,13.474852839155037,13.474852839155037,0.0,0.0,0.9999081737544478,True,3.5,0.0013773936832821884,0.0013737449364787473,0.0013700961896753062,10.0,5.0,[],True,9.182624555214589e-05,9.158299576524982e-05,9.158299576524982e-05,9.133974597835374e-05,robust_hit,6,3,2,N,False
nav_gain_3p5,False,main,6,17.849580636439505,0.0,0.0,9.683148335649667e-06,6.455432223766454e-07,17.868965937652533,17.868965937652533,0.0,0.0,0.9999073564349769,True,3.5,0.001389653475347171,0.001384811901179346,0.0013799703270115213,15.0,5.0,[],True,9.264356502314473e-05,9.232079341195641e-05,9.23207934119564e-05,9.199802180076808e-05,robust_hit,6,3,2,N,False
nav_gain_3p5,False,main,6,21.95055811215452,0.0,0.0,1.1229000202136888e-05,7.486000134757944e-07,21.974628815904232,21.974628815904232,0.0,0.0,0.9999064355001994,True,3.5,0.001403467497008473,0.0013978529969074045,0.0013922384968063362,20.0,5.0,[],True,9.356449980056487e-05,9.319019979382697e-05,9.319019979382697e-05,9.281589978708907e-05,robust_hit,6,3,2,N,False
nav_gain_3p5,False,main,6,25.78973108451306,0.0,0.0,1.167887601245701e-05,7.785917341638097e-07,25.81844670840561,25.81844670840561,0.0,0.0,0.9999055492516772,True,3.5,0.001416761224842292,0.0014109217868360634,0.001405082348829835,25.0,5.0,[],True,9.445074832281947e-05,9.406145245573757e-05,9.406145245573757e-05,9.367215658865566e-05,robust_hit,6,3,2,N,False
nav_gain_3p5,False,main,6,29.38089786229407,0.0,0.0,1.061386225518937e-05,7.075908170126283e-07,29.41308944888396,29.41308944888396,0.0,0.0,0.9999052144698948,True,3.5,0.001421782951578943,0.0014164760204513481,0.0014111690893237536,30.0,5.0,[],True,9.478553010526286e-05,9.443173469675656e-05,9.443173469675655e-05,9.407793928825023e-05,robust_hit,6,3,2,N,False
nav_gain_3p5,False,main,6,32.71795213302555,0.0,0.0,7.91958671989652e-06,5.279724479931059e-07,32.75323648803505,32.75323648803505,0.0,0.0,0.9999059607328934,True,3.5,0.001410589006599318,0.0014066292132393695,0.0014026694198794214,35.0,5.0,[],True,9.40392671066212e-05,9.377528088262466e-05,9.377528088262466e-05,9.35112946586281e-05,robust_hit,6,3,2,N,False
nav_gain_3p5,False,main,6,34.99999204527789,0.0,0.10256410256410256,5.646542578634575e-06,3.764361719089726e-07,35.0,36.01234020364788,0.0,0.0,0.9999066481107886,True,3.5,0.0014002783381723573,0.0013974550668830403,0.0013946317955937228,40.0,5.0,[],True,9.335188921149049e-05,9.3163671125536e-05,9.3163671125536e-05,9.297545303958151e-05,robust_hit,6,3,2,N,False
nav_gain_3p5,False,main,6,34.999999999999694,0.0,0.23512747875354106,5.796578342607715e-06,3.8643855617384495e-07,35.0,41.1640310775744,0.0,0.0,0.9999044553953642,True,3.5,0.001433169069536421,0.0014302707803651171,0.0014273724911938134,45.0,5.0,[],True,9.55446046357614e-05,9.535138535767447e-05,9.535138535767448e-05,9.515816607958755e-05,robust_hit,6,3,2,N,False
nav_gain_3p5,False,main,6,34.99999999999999,0.0,0.29550827423167847,2.924920823447509e-06,1.9499472156316727e-07,35.0,48.28672406667125,0.0,0.0,0.999904881795924,True,3.5,0.001426773061141109,0.0014253106007293852,0.0014238481403176615,50.0,5.0,[],True,9.511820407607393e-05,9.502070671529236e-05,9.502070671529235e-05,9.492320935451076e-05,robust_hit,6,3,2,M,False
nav_gain_3p5,False,main,0,34.99999999999999,0.0,0.28433268858800775,1.169394874267482e-06,7.79596582844988e-08,35.0,57.6061489506763,0.0,0.0,0.6301932616992105,True,3.5,24.45290009488303,24.452899510185592,24.452898925488157,55.0,5.0,[],True,1.6301933396588688,1.63019330067904,1.6301933006790397,1.6301932616992105,robust_miss,6,3,2,M,False
nav_gain_3p5,False,main,0,34.99999999999999,0.0,0.3340471092077088,1.7484113641330623e-05,1.1656075713517566e-06,35.0,67.309433493381,0.0,0.0,77.84026346552372,True,3.5,1182.6039694669694,1182.6039607249124,1182.6039519828557,60.0,5.0,[],True,78.84026463113129,78.84026404832751,78.8402640483275,78.84026346552372,robust_miss,6,3,2,M,False
nav_gain_3p5,False,main,0,34.99999999999999,0.0,0.3527777777777778,2.7123971449327655e-05,1.8082647557093878e-06,35.0,65.81243071048539,0.0,0.0,157.19075452631841,True,3.5,2372.8613450187477,2372.861331456762,2372.861317894776,65.0,5.0,[],True,158.19075633458317,158.1907554304508,158.1907554304508,158.19075452631841,robust_miss,6,3,2,O,False
nav_gain_3p5,False,main,0,34.9999999999912,0.0,0.2744360902255639,4.0404357150691794e-05,2.693623798677436e-06,35.0,57.218253417555786,0.0,0.0,231.75367312867854,True,3.5,3491.305137334535,3491.305117132357,3491.305096930178,70.0,5.0,[],True,232.75367582230234,232.75367447549044,232.75367447549044,232.75367312867854,robust_miss,6,3,2,O,False
nav_gain_3p5,False,main,0,23.015338722490974,0.0,0.0,7.519225982832722e-05,5.012817325678043e-06,23.557027524857126,23.557027524857126,0.0,0.0,307.2706044685778,True,3.5,4624.059142220927,4624.059104624797,4624.059067028667,75.0,5.0,[],True,308.2706094813951,308.2706069749865,308.27060697498644,308.2706044685778,robust_miss,6,3,2,O,False
nav_gain_3p5,False,main,0,3.9892937950952967,0.0,0.0,9.790489184524631e-05,6.5269928199995775e-06,6.014114019294447,6.014114019294447,0.0,0.0,327.50620412251567,True,3.5,4927.593159742627,4927.593110790181,4927.593061837735,80.0,5.0,[],True,328.5062106495085,328.5062073860121,328.5062073860121,328.50620412251567,robust_miss,6,3,2,O,False
nav_gain_3p5,False,main,0,5.676096091077933,0.0,0.0,0.00010824031232914422,7.216020776468213e-06,5.974030457312152,5.974030457312152,0.0,0.0,331.49478331241573,True,3.5,4987.421857926548,4987.421803806392,4987.421749686236,85.0,5.0,[],True,332.4947905284365,332.4947869204261,332.4947869204261,332.49478331241573,robust_miss,6,3,2,O,False
nav_gain_3p5,False,main,0,0.0,0.0,0.0,0.00011414508026064141,7.609672024955216e-06,0.0,0.0,0.0,0.0,332.3387244190632,True,3.5,5000.080980431028,5000.080923358489,5000.080866285948,90.0,5.0,[],True,333.33873202873525,333.33872822389924,333.33872822389924,333.3387244190632,robust_miss,6,3,2,O,False
nav_gain_3p5,False,main,3,1.8014706545557722,0.0,0.0,0.0,0.0,6.124999999999999,6.124999999999999,0.0,0.0,0.999909182027017,True,3.5,0.0013622695947458168,0.0013622695947458168,0.0013622695947458168,0.0,6.0,[],True,9.081797298305444e-05,9.081797298305444e-05,9.081797298305444e-05,9.081797298305444e-05,robust_hit,3,3,1,N,False
nav_gain_3p5,False,main,6,7.651383919266847,0.0,0.0,3.1628344524623365e-06,2.1085563016415938e-07,7.658391285076818,7.658391285076818,0.0,0.0,0.9999088933101444,True,3.5,0.001366600347833691,0.00136501893060746,0.0013634375133812287,5.0,6.0,[],True,9.11066898555794e-05,9.100126204049732e-05,9.100126204049732e-05,9.089583422541524e-05,robust_hit,6,3,2,N,False
nav_gain_3p5,False,main,6,13.018993880169601,0.0,0.0,3.9518165890451654e-06,2.6345443926966956e-07,13.030900045286376,13.030900045286376,0.0,0.0,0.999908740955346,True,3.5,0.0013688856698108676,0.0013669097615163451,0.0013649338532218224,10.0,6.0,[],True,9.125904465405784e-05,9.112731743442301e-05,9.1127317434423e-05,9.099559021478817e-05,robust_hit,6,3,2,N,False
nav_gain_3p5,False,main,6,17.17666487776748,0.0,0.0,5.543828480460665e-06,3.6958856536404433e-07,17.19225508313507,17.19225508313507,0.0,0.0,0.9999083073169116,True,3.5,0.0013753902463260088,0.0013726183320857787,0.0013698464178455482,15.0,6.0,[],True,9.169268308840058e-05,9.150788880571855e-05,9.150788880571856e-05,9.132309452303654e-05,robust_hit,6,3,2,N,False
nav_gain_3p5,False,main,6,21.04823797463906,0.0,0.0,4.301260310652115e-06,2.8675068737680674e-07,21.067078353743042,21.067078353743042,0.0,0.0,0.9999085262615739,True,3.5,0.0013721060763911064,0.0013699554462357803,0.0013678048160804543,20.0,6.0,[],True,9.147373842607376e-05,9.133036308238536e-05,9.133036308238535e-05,9.118698773869695e-05,robust_hit,6,3,2,N,False
nav_gain_3p5,False,main,6,24.63441206814568,0.0,0.0,8.538654110239272e-06,5.692436073492866e-07,24.656021192849895,24.656021192849895,0.0,0.0,0.999906320550516,True,3.5,0.001405191742259802,0.0014009224152046827,0.0013966530881495628,25.0,6.0,[],True,9.367944948398681e-05,9.339482768031217e-05,9.339482768031217e-05,9.311020587663752e-05,robust_hit,6,3,2,N,False
nav_gain_3p5,False,main,6,27.965102724238776,0.0,0.0,3.023052758285589e-06,2.0153685055238253e-07,27.990323243606376,27.990323243606376,0.0,0.0,0.9999087139969094,True,3.5,0.001369290046359011,0.0013677785199798682,0.0013662669936007254,30.0,6.0,[],True,9.128600309060074e-05,9.118523466532454e-05,9.118523466532455e-05,9.108446624004836e-05,robust_hit,6,3,2,N,False
nav_gain_3p5,False,main,6,31.045802169567125,0.0,0.0,7.002439064284806e-06,4.668292709523276e-07,31.073326127811224,31.073326127811224,0.0,0.0,0.9999062743195852,True,3.5,0.0014058852062208127,0.0014023839866886703,0.001398882767156528,35.0,6.0,[],True,9.372568041472085e-05,9.349226577924469e-05,9.349226577924469e-05,9.325885114376852e-05,robust_hit,6,3,2,N,False
nav_gain_3p5,False,main,6,33.87066122850077,0.0,0.0,6.749421634517135e-06,4.4996144230114777e-07,33.89921517765669,33.89921517765669,0.0,0.0,0.9999054168026285,True,3.5,0.0014187479605728252,0.0014153732497555669,0.001411998538938308,40.0,6.0,[],True,9.458319737152169e-05,9.435821665037111e-05,9.435821665037111e-05,9.413323592922054e-05,robust_hit,6,3,2,N,False
nav_gain_3p5,False,main,6,34.99999998999536,0.0,0.11832946635730858,3.755888089765607e-06,2.5039253931770714e-07,35.0,37.02168146990304,0.0,0.0,0.9999072865196099,True,3.5,0.0013907022058511527,0.00138882426180627,0.001386946317761387,45.0,6.0,[],True,9.271348039007684e-05,9.258828412041799e-05,9.258828412041799e-05,9.246308785075914e-05,robust_hit,6,3,2,N,False
nav_gain_3p5,False,main,6,34.99999999999999,0.0,0.19801980198019803,2.922731981083856e-06,1.9484879873892826e-07,35.0,41.75149193909832,0.0,0.0,0.9999060589862412,True,3.5,0.001409115206382383,0.0014076538403918412,0.0014061924744012992,50.0,6.0,[],True,9.394101375882554e-05,9.384358935945607e-05,9.384358935945607e-05,9.374616496008661e-05,robust_hit,6,3,2,N,False
nav_gain_3p5,False,main,6,34.99999999999999,0.0,0.19704433497536947,3.145413179114591e-07,2.0969421194106308e-08,35.0,47.51258532472159,0.0,0.0,0.9999075787455032,True,3.5,0.0013863188174528063,0.0013861615467938508,0.0013860042761348948,55.0,6.0,[],True,9.242125449685375e-05,9.241076978625672e-05,9.24107697862567e-05,9.240028507565965e-05,robust_hit,6,3,2,M,False
nav_gain_3p5,False,main,0,34.99999999999999,0.0,0.2077922077922078,1.4066632047615713e-05,9.377754679462669e-07,35.0,53.59113228199866,0.0,0.0,66.57669507848212,True,3.5,1013.6504402438638,1013.6504332105478,1013.6504261772318,60.0,6.0,[],True,67.57669601625759,67.57669554736985,67.57669554736985,67.57669507848212,robust_miss,6,3,2,M,False
nav_gain_3p5,False,main,0,34.99999999999999,0.0,0.251063829787234,2.6446897663845448e-05,1.763126505238688e-06,35.0,55.08465570315572,0.0,0.0,179.8691728582494,True,3.5,2713.037619320639,2713.03760609719,2713.0375928737412,65.0,6.0,[],True,180.86917462137592,180.86917373981268,180.86917373981265,180.8691728582494,robust_miss,6,3,2,O,False
nav_gain_3p5,False,main,0,34.99999999998735,0.0,0.22118380062305296,3.4898065678135026e-05,2.3265376967174234e-06,35.0,44.43994132961951,0.0,0.0,280.840484605763,True,3.5,4227.6073039845105,4227.607286535477,4227.607269086445,70.0,6.0,[],True,281.8404869323007,281.84048576903183,281.84048576903183,281.840484605763,robust_miss,6,3,2,O,False
nav_gain_3p5,False,main,0,22.533779820067096,0.0,0.0,7.149596149247373e-05,4.766397410094214e-06,23.031327464300023,23.031327464300023,0.0,0.0,369.44702865057303,True,3.5,5556.705501254557,5556.705465506577,5556.7054297585955,75.0,6.0,[],True,370.44703341697044,370.44703103377174,370.44703103377174,370.44702865057303,robust_miss,6,3,2,O,False
nav_gain_3p5,False,main,0,3.7470891890274705,0.0,0.0,9.557772409607423e-05,6.371848257913371e-06,6.04936182755447,6.04936182755447,0.0,0.0,393.3471302737767,True,3.5,5915.207049684374,5915.207001895513,5915.20695410665,80.0,6.0,[],True,394.34713664562497,394.34713345970084,394.34713345970084,394.3471302737767,robust_miss,6,3,2,O,False
nav_gain_3p5,False,main,0,5.72008478192346,0.0,0.0,0.00010773692247312283,7.18246150199775e-06,5.954904998971536,5.954904998971536,0.0,0.0,398.08121120452597,True,3.5,5986.218275804812,5986.21822193635,5986.21816806789,85.0,6.0,[],True,399.0812183869875,399.08121479575675,399.08121479575675,399.08121120452597,robust_miss,6,3,2,O,False
nav_gain_3p5,False,main,0,0.0,0.0,0.0,0.0001141456441473565,7.609709598455083e-06,0.0,0.0,0.0,0.0,399.00449194839973,True,3.5,6000.06749337164,6000.0674362988175,6000.067379225996,90.0,6.0,[],True,400.00449955810933,400.00449575325456,400.00449575325456,400.00449194839973,robust_miss,6,3,2,O,False
nav_gain_3p5,False,main,3,1.8014706545557722,0.0,0.0,0.0,0.0,6.124999999999999,6.124999999999999,0.0,0.0,0.9999091858598448,True,3.5,0.0013622121023282364,0.0013622121023282366,0.0013622121023282364,0.0,7.0,[],True,9.081414015521576e-05,9.081414015521576e-05,9.081414015521576e-05,9.081414015521576e-05,robust_hit,3,3,1,N,False
nav_gain_3p5,False,main,6,7.527461730167593,0.0,0.0,1.3211243379256804e-06,8.807495586171112e-08,7.533514714926453,7.533514714926453,0.0,0.0,0.9999091002961585,True,3.5,0.0013634955576218755,0.0013628349954529124,0.0013621744332839498,5.0,7.0,[],True,9.089970384145837e-05,9.08556663635275e-05,9.085566636352752e-05,9.081162888559666e-05,robust_hit,6,3,2,N,False
nav_gain_3p5,False,main,6,12.690526415783676,0.0,0.0,3.521188472932176e-06,2.3474589819548833e-07,12.700193658443549,12.700193658443549,0.0,0.0,0.9999087581548417,True,3.5,0.0013686276773748772,0.001366867083138411,0.001365106488901945,10.0,7.0,[],True,9.124184515832515e-05,9.11244722092274e-05,9.112447220922741e-05,9.100709926012966e-05,robust_hit,6,3,2,N,False
nav_gain_3p5,False,main,6,16.72999062271413,0.0,0.0,4.947866095743455e-06,3.298577397162385e-07,16.743137437622714,16.743137437622714,0.0,0.0,0.9999083591585815,True,3.5,0.0013746126212784526,0.001372138688230581,0.0013696647551827092,15.0,7.0,[],True,9.164084141856351e-05,9.147591254870538e-05,9.14759125487054e-05,9.131098367884727e-05,robust_hit,6,3,2,N,False
nav_gain_3p5,False,main,6,20.36939933752892,0.0,0.0,7.419624086758879e-06,4.946416057839226e-07,20.38471527752934,20.38471527752934,0.0,0.0,0.9999072600549546,True,3.5,0.0013910991756823717,0.0013873893636389923,0.0013836795515956128,20.0,7.0,[],True,9.273994504549144e-05,9.249262424259947e-05,9.249262424259949e-05,9.224530343970752e-05,robust_hit,6,3,2,N,False
nav_gain_3p5,False,main,6,23.769163376589077,0.0,0.0,6.183872266212918e-06,4.122581510808567e-07,23.786774416344144,23.786774416344144,0.0,0.0,0.9999076453812094,True,3.5,0.0013853192818590733,0.0013822273457259667,0.0013791354095928604,25.0,7.0,[],True,9.235461879060489e-05,9.214848971506447e-05,9.214848971506447e-05,9.194236063952403e-05,robust_hit,6,3,2,N,False
nav_gain_3p5,False,main,6,26.887580680157324,0.0,0.0,7.361202026814765e-06,4.907468017876501e-07,26.907554357602532,26.907554357602532,0.0,0.0,0.9999066160696997,True,3.5,0.0014007589545054126,0.0013970783534920051,0.0013933977524785979,30.0,7.0,[],True,9.338393030036085e-05,9.313855689946701e-05,9.313855689946701e-05,9.28931834985732e-05,robust_hit,6,3,2,N,False
nav_gain_3p5,False,main,6,29.754588008519065,0.0,0.0,6.851641517346832e-06,4.567761011564555e-07,29.776573380259244,29.776573380259244,0.0,0.0,0.9999063473507057,True,3.5,0.001404789739413572,0.0014013639186548988,0.0013979380978962252,35.0,7.0,[],True,9.365264929423814e-05,9.342426124365993e-05,9.342426124365992e-05,9.319587319308169e-05,robust_hit,6,3,2,N,False
nav_gain_3p5,False,main,6,32.36863762090071,0.0,0.0,3.780707075080013e-06,2.520471383386666e-07,32.39239243551795,32.39239243551795,0.0,0.0,0.9999079640483574,True,3.5,0.001380539274639137,0.0013786489211015968,0.001376758567564057,40.0,7.0,[],True,9.203595164260914e-05,9.190992807343981e-05,9.190992807343981e-05,9.178390450427047e-05,robust_hit,6,3,2,N,False
nav_gain_3p5,False,main,6,34.71523012974144,0.0,0.0,4.19298079341315e-06,2.795320528942028e-07,34.738341156077844,34.738341156077844,0.0,0.0,0.9999067549850912,True,3.5,0.0013986752236327547,0.0013965787332360481,0.0013944822428393416,45.0,7.0,[],True,9.324501490885031e-05,9.310524888240321e-05,9.310524888240321e-05,9.296548285595611e-05,robust_hit,6,3,2,N,False
nav_gain_3p5,False,main,6,34.99999999997823,0.0,0.11596638655462185,2.3993486953279713e-06,1.5995657968853052e-07,35.0,37.74026247665349,0.0,0.0,0.9999072832403182,True,3.5,0.0013907513952274284,0.0013895517208797642,0.0013883520465321005,50.0,7.0,[],True,9.271675968182856e-05,9.26367813919843e-05,9.263678139198429e-05,9.255680310214003e-05,robust_hit,6,3,2,N,False
nav_gain_3p5,False,main,6,34.99999999999999,0.0,0.13802816901408452,8.454963038794731e-07,5.636642025862431e-08,35.0,41.6735639677386,0.0,0.0,0.9999057651839544,True,3.5,0.0014135222406839155,0.0014130994925319756,0.001412676744380036,55.0,7.0,[],True,9.423481604559436e-05,9.420663283546506e-05,9.420663283546505e-05,9.417844962533573e-05,robust_hit,6,3,2,M,False
nav_gain_3p5,False,main,0,34.99999999999999,0.0,0.1366622864651774,1.1641396667982917e-05,7.760931097777757e-07,35.0,45.636865785547116,0.0,0.0,55.53495127898792,True,3.5,848.0242808262154,848.0242750055171,848.0242691848188,60.0,7.0,[],True,56.53495205508103,56.53495166703448,56.53495166703448,56.53495127898792,robust_miss,6,3,2,M,False
nav_gain_3p5,False,main,0,34.99999999999999,0.0,0.1681260945709282,2.614428149172454e-05,1.7429520937639609e-06,35.0,47.002844220037105,0.0,0.0,202.76441009992726,True,3.5,3056.4661776431903,3056.4661645710494,3056.466151498909,65.0,7.0,[],True,203.76441184287935,203.76441097140332,203.76441097140332,203.76441009992726,robust_miss,6,3,2,M,False
nav_gain_3p5,False,main,0,34.99973039242416,0.0,0.09308510638297872,3.545363051671302e-05,2.3635753905182355e-06,35.0,37.63218631455802,0.0,0.0,330.825223217383,True,3.5,4977.378383714376,4977.37836598756,4977.378348260745,70.0,7.0,[],True,331.8252255809584,331.8252243991707,331.8252243991707,331.825223217383,robust_miss,6,3,2,O,False
nav_gain_3p5,False,main,0,21.98119499238868,0.0,0.0,6.833980751252966e-05,4.555987118237681e-06,22.482114350979916,22.482114350979916,0.0,0.0,431.9771837757022,True,3.5,6494.65782497534,6494.657790805436,6494.657756635533,75.0,7.0,[],True,432.9771883316893,432.97718605369573,432.97718605369573,432.9771837757022,robust_miss,6,3,2,O,False
nav_gain_3p5,False,main,0,3.543333105882076,0.0,0.0,9.342666908196406e-05,6.228444647149445e-06,6.01854618995018,6.01854618995018,0.0,0.0,459.20049657858675,True,3.5,6903.007542105471,6903.007495392136,6903.007448678802,80.0,7.0,[],True,460.2005028070314,460.20049969280905,460.2004996928091,460.20049657858675,robust_miss,6,3,2,O,False
nav_gain_3p5,False,main,0,5.7838735738510225,0.0,0.0,0.00010693947842810303,7.129298580821342e-06,5.979846508715421,5.979846508715421,0.0,0.0,464.6798371512607,True,3.5,6985.197664208389,6985.19761073865,6985.197557268911,85.0,7.0,[],True,465.6798442805593,465.67984071590996,465.67984071591,465.6798371512607,robust_miss,6,3,2,O,False
nav_gain_3p5,False,main,0,0.0,0.0,0.0,0.00011414598429837497,7.609732278979209e-06,0.0,0.0,0.0,0.0,465.6705163703354,True,3.5,7000.057859701015,7000.057802628024,7000.057745555031,90.0,7.0,[],True,466.6705239800677,466.67052017520155,466.67052017520155,466.6705163703354,robust_miss,6,3,2,O,False
nav_gain_3p5,False,main,3,1.8014706545557722,0.0,0.0,0.0,0.0,6.124999999999999,6.124999999999999,0.0,0.0,0.9999091858577575,True,3.5,0.0013622121336378274,0.0013622121336378274,0.0013622121336378274,0.0,8.0,[],True,9.081414224252183e-05,9.081414224252183e-05,9.081414224252183e-05,9.081414224252183e-05,robust_hit,3,3,1,N,False
nav_gain_3p5,False,main,6,7.421584986469896,0.0,0.0,1.6064941620846495e-06,1.0709961080563788e-07,7.426890002518319,7.426890002518319,0.0,0.0,0.9999090707990651,True,3.5,0.00136393801402354,0.0013631347669424976,0.0013623315198614554,5.0,8.0,[],True,9.092920093490266e-05,9.087565112949985e-05,9.087565112949985e-05,9.082210132409703e-05,robust_hit,6,3,2,N,False
nav_gain_3p5,False,main,6,12.432473265813545,0.0,0.0,4.513562175598651e-06,3.009041450399046e-07,12.441134167566052,12.441134167566052,0.0,0.0,0.9999085231813147,True,3.5,0.001372152280279366,0.0013698954991915669,0.0013676387181037674,10.0,8.0,[],True,9.147681868529107e-05,9.13263666127711e-05,9.132636661277112e-05,9.117591454025117e-05,robust_hit,6,3,2,N,False
nav_gain_3p5,False,main,6,16.387828065154885,0.0,0.0,5.063456159978743e-06,3.3756374399857925e-07,16.399127757270506,16.399127757270506,0.0,0.0,0.99990832247659,True,3.5,0.0013751628511493945,0.0013726311230694052,0.0013700993949894158,15.0,8.0,[],True,9.167752340995963e-05,9.150874153796034e-05,9.150874153796034e-05,9.133995966596105e-05,robust_hit,6,3,2,N,False
nav_gain_3p5,False,main,6,19.854172234144986,0.0,0.0,4.8518259256650435e-06,3.234550617110002e-07,19.867478316561453,19.867478316561453,0.0,0.0,0.999908316833792,True,3.5,0.0013752474931197748,0.0013728215801569422,0.0013703956671941098,20.0,8.0,[],True,9.1683166207985e-05,9.15214386771295e-05,9.152143867712949e-05,9.135971114627399e-05,robust_hit,6,3,2,N,False
nav_gain_3p5,False,main,6,23.059468893736884,0.0,0.0,7.257079756553455e-06,4.838053171035591e-07,23.07440418403329,23.07440418403329,0.0,0.0,0.999907078745083,True,3.5,0.0013938188237556115,0.001390190283877335,0.001386561743999058,25.0,8.0,[],True,9.292125491704076e-05,9.267935225848899e-05,9.267935225848898e-05,9.24374495999372e-05,robust_hit,6,3,2,N,False
nav_gain_3p5,False,main,6,26.010371989476806,0.0,0.0,7.378677692026353e-06,4.919118461350902e-07,26.026575062064932,26.026575062064932,0.0,0.0,0.9999065812180116,True,3.5,0.0014012817298257045,0.0013975923909796916,0.0013939030521336782,30.0,8.0,[],True,9.34187819883803e-05,9.317282606531276e-05,9.317282606531276e-05,9.292687014224522e-05,robust_hit,6,3,2,N,False
nav_gain_3p5,False,main,6,28.699566301840697,0.0,0.0,5.9980941799553985e-06,3.998729453303545e-07,28.717313993030967,28.717313993030967,0.0,0.0,0.9999069772530432,True,3.5,0.0013953412043508128,0.001392342157260835,0.0013893431101708574,35.0,8.0,[],True,9.302274695672085e-05,9.282281048405567e-05,9.282281048405567e-05,9.262287401139049e-05,robust_hit,6,3,2,N,False
nav_gain_3p5,False,main,6,31.135410663262803,0.0,0.0,5.480252214376752e-06,3.65350147625115e-07,31.153716586489658,31.153716586489658,0.0,0.0,0.9999065867340922,True,3.5,0.0014011989886183115,0.0013984588625111233,0.0013957187364039348,40.0,8.0,[],True,9.341326590788743e-05,9.323059083407488e-05,9.323059083407488e-05,9.304791576026232e-05,robust_hit,6,3,2,N,False
nav_gain_3p5,False,main,6,33.30586007910405,0.0,0.0,2.502282260207541e-06,1.6681881734716218e-07,33.325039587850085,33.325039587850085,0.0,0.0,0.9999082813915834,True,3.5,0.0013757791262496203,0.0013745279851195165,0.0013732768439894127,45.0,8.0,[],True,9.171860841664135e-05,9.163519900796776e-05,9.163519900796776e-05,9.155178959929418e-05,robust_hit,6,3,2,N,False
nav_gain_3p5,False,main,6,34.99988239782851,0.0,0.030303030303030304,1.8853920374212706e-06,1.2569280249475137e-07,35.0,35.22109506646438,0.0,0.0,0.9999080086651626,True,3.5,0.0013798700225610661,0.0013789273265423553,0.0013779846305236449,50.0,8.0,[],True,9.19913348374044e-05,9.192848843615703e-05,9.192848843615703e-05,9.186564203490965e-05,robust_hit,6,3,2,N,False
nav_gain_3p5,False,main,6,34.999999999998835,0.0,0.0941320293398533,1.003381608131234e-06,6.689210720873899e-08,35.0,37.79622156978388,0.0,0.0,0.9999057676601656,True,3.5,0.0014134850975153644,0.0014129834067112988,0.0014124817159072332,55.0,8.0,[],True,9.423233983435762e-05,9.419889378075326e-05,9.419889378075325e-05,9.416544772714888e-05,robust_hit,6,3,2,M,False
nav_gain_3p5,False,main,0,34.99999999999956,0.0,0.08898776418242492,1.0421220622447436e-05,6.947480457597521e-07,35.0,40.44636308689337,0.0,0.0,49.72310057609688,True,3.5,760.8465190626739,760.8465138520636,760.8465086414533,60.0,8.0,[],True,50.72310127084493,50.7231009234709,50.72310092347091,50.72310057609688,robust_miss,6,3,2,M,False
nav_gain_3p5,False,main,0,34.999999999986635,0.0,0.103397341211226,2.5762660243344726e-05,1.717510684784429e-06,35.0,41.24273580055942,0.0,0.0,223.73439315417681,True,3.5,3371.0159230753125,3371.0159101939826,3371.015897312652,65.0,8.0,[],True,224.7343948716875,224.73439401293217,224.73439401293217,224.73439315417681,robust_miss,6,3,2,M,False
nav_gain_3p5,False,main,0,34.9662736694856,0.0,0.012135922330097087,3.6294352867116686e-05,2.419623513105762e-06,35.0,35.29872519648053,0.0,0.0,385.69411103311796,True,3.5,5800.411701791122,5800.411683643946,5800.411665496769,70.0,8.0,[],True,386.6941134527415,386.69411224292975,386.6941122429297,386.69411103311796,robust_miss,6,3,2,O,False
nav_gain_3p5,False,main,0,21.797207302737082,0.0,0.0,6.492010561487405e-05,4.328007037202042e-06,22.278231311724515,22.278231311724515,0.0,0.0,494.1693232074646,True,3.5,7427.539913032074,7427.5398805720215,7427.539848111968,75.0,8.0,[],True,495.1693275354716,495.1693253714681,495.16932537146806,495.1693232074646,robust_miss,6,3,2,O,False
nav_gain_3p5,False,main,0,3.4624895158182314,0.0,0.0,9.138219502347056e-05,6.092146350056282e-06,5.882360590927045,5.882360590927045,0.0,0.0,525.0643736352089,True,3.5,7890.965695910329,7890.965650219231,7890.965604528134,80.0,8.0,[],True,526.0643797273552,526.064376681282,526.064376681282,526.0643736352089,robust_miss,6,3,2,O,False
nav_gain_3p5,False,main,0,5.713034008504015,0.0,0.0,0.00010604826820781454,7.069884532029391e-06,5.866513762338205,5.866513762338205,0.0,0.0,531.2789308557196,True,3.5,7984.184068884063,7984.184015859929,7984.183962835795,85.0,8.0,[],True,532.2789379256042,532.2789343906619,532.2789343906619,532.2789308557196,robust_miss,6,3,2,O,False
nav_gain_3p5,False,main,0,0.0,0.0,0.0,0.0001141462062150822,7.609747058268113e-06,0.0,0.0,0.0,0.0,532.3367013516906,True,3.5,8000.0506344215655,8000.050577348462,8000.050520275359,90.0,8.0,[],True,533.3367089614377,533.3367051565641,533.3367051565642,533.3367013516906,robust_miss,6,3,2,O,False
nav_gain_3p5,False,main,3,1.8014706545557722,0.0,0.0,0.0,0.0,6.124999999999999,6.124999999999999,0.0,0.0,0.9999091858556064,True,3.5,0.001362212165904252,0.001362212165904252,0.001362212165904252,0.0,9.0,[],True,9.08141443936168e-05,9.08141443936168e-05,9.08141443936168e-05,9.08141443936168e-05,robust_hit,3,3,1,N,False
nav_gain_3p5,False,main,6,7.341773523837693,0.0,0.0,1.9548482597013875e-06,1.3032321731342854e-07,7.346373864273542,7.346373864273542,0.0,0.0,0.9999090294906454,True,3.5,0.0013645576403181574,0.0013635802161883067,0.001362602792058456,5.0,9.0,[],True,9.097050935454383e-05,9.090534774588711e-05,9.090534774588711e-05,9.08401861372304e-05,robust_hit,6,3,2,N,False
nav_gain_3p5,False,main,6,12.227547756036753,0.0,0.0,2.4076088463353875e-06,1.6050725642235736e-07,12.235126065763426,12.235126065763426,0.0,0.0,0.9999089611986292,True,3.5,0.0013655820205629192,0.0013643782161397514,0.0013631744117165838,10.0,9.0,[],True,9.103880137086128e-05,9.09585477426501e-05,9.09585477426501e-05,9.087829411443892e-05,robust_hit,6,3,2,N,False
nav_gain_3p5,False,main,6,16.114642330422985,0.0,0.0,2.0937907099461903e-06,1.395860473297442e-07,16.124244231860718,16.124244231860718,0.0,0.0,0.9999089994960226,True,3.5,0.0013650075596612396,0.0013639606643062665,0.0013629137689512934,15.0,9.0,[],True,9.100050397741597e-05,9.09307109537511e-05,9.09307109537511e-05,9.086091793008622e-05,robust_hit,6,3,2,N,False
nav_gain_3p5,False,main,6,19.424734345681664,0.0,0.0,5.52300659829863e-06,3.682004398865654e-07,19.435783513281812,19.435783513281812,0.0,0.0,0.9999080788261672,True,3.5,0.0013788176074917106,0.0013760561041925613,0.001373294600893412,20.0,9.0,[],True,9.19211738327807e-05,9.173707361283743e-05,9.173707361283742e-05,9.155297339289414e-05,robust_hit,6,3,2,N,False
nav_gain_3p5,False,main,6,22.468954194342388,0.0,0.0,3.4331767364528983e-06,2.2887844909686892e-07,22.482063975955207,22.482063975955207,0.0,0.0,0.9999086648608092,True,3.5,0.0013700270878621204,0.0013683104994938941,0.0013665939111256675,25.0,9.0,[],True,9.133513919080803e-05,9.12206999662596e-05,9.12206999662596e-05,9.110626074171116e-05,robust_hit,6,3,2,N,False
nav_gain_3p5,False,main,6,25.258454596526214,0.0,0.0,7.05336990716233e-06,4.7022466047749137e-07,25.272287973987478,25.272287973987478,0.0,0.0,0.9999067868796186,True,3.5,0.0013981968057208659,0.0013946701207672848,0.0013911434358137036,30.0,9.0,[],True,9.321312038139106e-05,9.297800805115232e-05,9.297800805115232e-05,9.274289572091357e-05,robust_hit,6,3,2,N,False
nav_gain_3p5,False,main,6,27.797152858604793,0.0,0.0,4.288012080800631e-06,2.85867472053379e-07,27.812544395307405,27.812544395307405,0.0,0.0,0.9999080239590193,True,3.5,0.0013796406147095507,0.0013774966086691504,0.0013753526026287501,35.0,9.0,[],True,9.197604098063672e-05,9.183310724461003e-05,9.183310724461003e-05,9.169017350858334e-05,robust_hit,6,3,2,N,False
nav_gain_3p5,False,main,6,30.08462904240817,0.0,0.0,4.623884992931626e-06,3.0825899952877144e-07,30.100454498385194,30.100454498385194,0.0,0.0,0.9999073003591993,True,3.5,0.0013904946120102824,0.0013881826695138167,0.0013858707270173508,40.0,9.0,[],True,9.269964080068549e-05,9.25455113009211e-05,9.25455113009211e-05,9.239138180115672e-05,robust_hit,6,3,2,N,False
nav_gain_3p5,False,main,6,32.10640037520216,0.0,0.0,4.758285357727788e-06,3.1721902384851375e-07,32.122283509703635,32.122283509703635,0.0,0.0,0.9999058120478934,True,3.5,0.001412819281599471,0.0014104401389206072,0.0014080609962417432,45.0,9.0,[],True,9.41879521066314e-05,9.402934259470714e-05,9.402934259470714e-05,9.387073308278288e-05,robust_hit,6,3,2,N,False
nav_gain_3p5,False,main,6,33.82997613194633,0.0,0.0,3.2430816367711238e-06,2.1620544245140735e-07,33.844581582480686,33.844581582480686,0.0,0.0,0.999905393030319,True,3.5,0.0014191045452141863,0.001417483004395801,0.0014158614635774152,50.0,9.0,[],True,9.460696968094575e-05,9.449886695972004e-05,9.449886695972004e-05,9.439076423849434e-05,robust_hit,6,3,2,N,False
nav_gain_3p5,False,main,6,34.99998765851265,0.0,0.028907922912205567,1.0399631101113988e-06,6.933087400743472e-08,35.0,35.244085439503685,0.0,0.0,0.9999055544052444,True,3.5,0.0014166839213331421,0.0014161639397780865,0.0014156439582230307,55.0,9.0,[],True,9.444559475554281e-05,9.441092931853909e-05,9.44109293185391e-05,9.437626388153538e-05,robust_hit,6,3,2,N,False
nav_gain_3p5,False,main,0,34.99999999887631,0.0,0.05426356589147287,1.0027875077867066e-05,6.685250042437474e-07,35.0,36.82545040489026,0.0,0.0,49.065710799663755,True,3.5,750.9856720228314,750.9856670088939,750.9856619949563,60.0,9.0,[],True,50.06571146818876,50.065711133926264,50.06571113392626,50.065710799663755,robust_miss,6,3,2,M,False
nav_gain_3p5,False,main,0,34.99999987023775,0.0,0.05454545454545454,2.5904285848810105e-05,1.7269523766572092e-06,35.0,37.1522894080056,0.0,0.0,249.9100629431068,True,3.5,3763.6509700508877,3763.650957098745,3763.650944146602,65.0,9.0,[],True,250.91006467005917,250.910063806583,250.91006380658297,250.9100629431068,robust_miss,6,3,2,M,False
nav_gain_3p5,False,main,0,33.45304813669971,0.0,0.0,3.71080150216585e-05,2.473867652952322e-06,33.58214863011215,33.58214863011215,0.0,0.0,442.75745322512194,True,3.5,6656.361835484844,6656.3618169308365,6656.361798376829,70.0,9.0,[],True,443.7574556989896,443.7574544620558,443.75745446205576,443.75745322512194,robust_miss,6,3,2,O,False
nav_gain_3p5,False,main,0,21.56148172260401,0.0,0.0,6.132146336312871e-05,4.088097512067179e-06,22.03851318082472,22.03851318082472,0.0,0.0,556.4905041939346,True,3.5,8362.357624230483,8362.35759356975,8362.35756290902,75.0,9.0,[],True,557.4905082820321,557.4905062379834,557.4905062379834,557.4905041939346,robust_miss,6,3,2,O,False
nav_gain_3p5,False,main,0,3.731307064548715,0.0,0.0,8.950464689405635e-05,5.966976459603757e-06,5.891739687337242,5.891739687337242,0.0,0.0,590.93930818121,True,3.5,8879.089712222796,8879.089667470473,8879.08962271815,80.0,9.0,[],True,591.9393141481864,591.9393111646982,591.9393111646982,591.93930818121,robust_miss,6,3,2,O,False
nav_gain_3p5,False,main,0,5.6813138949707715,0.0,0.0,0.00010528335224080365,7.018890073595685e-06,5.805564567058107,5.805564567058107,0.0,0.0,597.8797310291476,True,3.5,8983.196070720565,8983.19601807889,8983.195965437213,85.0,9.0,[],True,598.8797380480377,598.8797345385926,598.8797345385926,598.8797310291476,robust_miss,6,3,2,O,False
nav_gain_3p5,False,main,0,0.0,0.0,0.0,0.0001141463599196868,7.6097572900835075e-06,0.0,0.0,0.0,0.0,599.0029933733149,True,3.5,9000.045014746083,9000.044957672902,9000.044900599723,90.0,9.0,[],True,600.0030009830722,600.0029971781936,600.0029971781935,600.0029933733149,robust_miss,6,3,2,O,False
nav_gain_3p5,False,main,3,1.8014706545557722,0.0,0.0,0.0,0.0,6.124999999999999,6.124999999999999,0.0,0.0,0.9999091858533904,True,3.5,0.0013622121991446634,0.0013622121991446634,0.0013622121991446634,0.0,10.0,[],True,9.081414660964423e-05,9.081414660964423e-05,9.081414660964423e-05,9.081414660964423e-05,robust_hit,3,3,1,N,False
nav_gain_3p5,False,main,6,7.278377203029147,0.0,0.0,9.343056019800976e-07,6.22870401320065e-08,7.282445474502202,7.282445474502202,0.0,0.0,0.9999091340504986,True,3.5,0.0013629892425205236,0.0013625220897195336,0.0013620549369185435,5.0,10.0,[],True,9.086594950136824e-05,9.083480598130224e-05,9.083480598130224e-05,9.080366246123624e-05,robust_hit,6,3,2,N,False
nav_gain_3p5,False,main,6,12.061325891666145,0.0,0.0,3.965754356132769e-06,2.643836237421846e-07,12.068069259183966,12.068069259183966,0.0,0.0,0.9999086589660355,True,3.5,0.0013701155094663746,0.001368132632288308,0.0013661497551102418,10.0,10.0,[],True,9.134103396442497e-05,9.120884215255388e-05,9.120884215255388e-05,9.107665034068279e-05,robust_hit,6,3,2,N,False
nav_gain_3p5,False,main,6,15.86551758206038,0.0,0.0,3.4599902310513807e-06,2.3066601540343442e-07,15.873787117418846,15.873787117418846,0.0,0.0,0.9999087482086331,True,3.5,0.0013687768705040757,0.00136704687538855,0.0013653168802730243,15.0,10.0,[],True,9.125179136693838e-05,9.113645835923666e-05,9.113645835923666e-05,9.102112535153495e-05,robust_hit,6,3,2,N,False
nav_gain_3p5,False,main,6,19.066412300461426,0.0,0.0,2.791517405521674e-06,1.861011603681152e-07,19.07604656259093,19.07604656259093,0.0,0.0,0.9999088610519237,True,3.5,0.0013670842211445057,0.001365688462441745,0.001364292703738984,20.0,10.0,[],True,9.113894807630038e-05,9.104589749611632e-05,9.104589749611632e-05,9.095284691593226e-05,robust_hit,6,3,2,N,False
nav_gain_3p5,False,main,6,21.96374936281767,0.0,0.0,5.776878827099723e-06,3.8512525513999057e-07,21.974629993752217,21.974629993752217,0.0,0.0,0.9999078160172606,True,3.5,0.001382759741091146,0.0013798713016775963,0.0013769828622640463,25.0,10.0,[],True,9.218398273940974e-05,9.199142011183973e-05,9.199142011183975e-05,9.179885748426975e-05,robust_hit,6,3,2,N,False
nav_gain_3p5,False,main,6,24.611204292094335,0.0,0.0,7.060457916172784e-06,4.706971944115108e-07,24.623301143514112,24.623301143514112,0.0,0.0,0.9999067679573918,True,3.5,0.0013984806391233373,0.0013949504101652508,0.0013914201812071645,30.0,10.0,[],True,9.323204260822248e-05,9.299669401101672e-05,9.299669401101673e-05,9.276134541381097e-05,robust_hit,6,3,2,N,False
nav_gain_3p5,False,main,6,27.009191154155587,0.0,0.0,3.426772185646538e-06,2.2845147904310072e-07,27.022278969362805,27.022278969362805,0.0,0.0,0.9999084209011833,True,3.5,0.0013736864822505778,0.0013719730961577546,0.0013702597100649313,35.0,10.0,[],True,9.157909881670518e-05,9.146487307718362e-05,9.146487307718363e-05,9.135064733766208e-05,robust_hit,6,3,2,N,False
nav_gain_3p5,False,main,6,29.160813901543,0.0,0.0,5.896659838795608e-06,3.931106559197108e-07,29.174217513509035,29.174217513509035,0.0,0.0,0.9999060691375716,True,3.5,0.0014089629364249653,0.0014060146065055675,0.0014030662765861697,40.0,10.0,[],True,9.393086242833102e-05,9.373430710037117e-05,9.373430710037117e-05,9.353775177241131e-05,robust_hit,6,3,2,N,False
nav_gain_3p5,False,main,6,31.051521790264804,0.0,0.0,3.4061138549281583e-06,2.2707425699521598e-07,31.064952109959385,31.064952109959385,0.0,0.0,0.999907427565106,True,3.5,0.0013885865234107193,0.0013868834664832552,0.0013851804095557912,45.0,10.0,[],True,9.257243489404796e-05,9.245889776555035e-05,9.245889776555035e-05,9.234536063705274e-05,robust_hit,6,3,2,N,False
nav_gain_3p5,False,main,6,32.65152522278027,0.0,0.0,3.1061724310435176e-06,2.0707816206956965e-07,32.66369014632161,32.66369014632161,0.0,0.0,0.9999055105122514,True,3.5,0.0014173423162289495,0.001415789230013428,0.001414236143797906,50.0,10.0,[],True,9.448948774859663e-05,9.438594866756186e-05,9.438594866756185e-05,9.428240958652706e-05,robust_hit,6,3,2,N,False
nav_gain_3p5,False,main,6,33.897619247500465,0.0,0.0,6.908802666432366e-07,4.605868444287702e-08,33.90762573738354,33.90762573738354,0.0,0.0,0.9999071777554175,True,3.5,0.0013923336687374948,0.0013919882286041732,0.0013916427884708516,55.0,10.0,[],True,9.282224458249965e-05,9.279921524027821e-05,9.279921524027821e-05,9.277618589805678e-05,robust_hit,6,3,2,N,False
nav_gain_3p5,False,main,0,34.68699155775096,0.0,0.0,1.061411069258611e-05,7.076073842426922e-07,34.69390354813145,34.69390354813145,0.0,0.0,56.55764814647129,True,3.5,863.36473281118,863.3647275041247,863.3647221970693,60.0,10.0,[],True,57.55764885407867,57.55764850027498,57.55764850027498,57.55764814647129,robust_miss,6,3,2,M,False
nav_gain_3p5,False,main,0,34.6742346049529,0.0,0.0,2.6495749807509128e-05,1.7663833205006085e-06,34.72206599509339,34.72206599509339,0.0,0.0,283.1197493087485,True,3.5,4261.796266126978,4261.796252879102,4261.796239631228,65.0,10.0,[],True,284.11975107513183,284.11975019194017,284.11975019194017,284.1197493087485,robust_miss,6,3,2,M,False
nav_gain_3p5,False,main,0,31.41074833657164,0.0,0.0,3.767300677282037e-05,2.511533807592059e-06,31.551668526188017,31.551668526188017,0.0,0.0,499.052095778314,True,3.5,7500.781474347717,7500.781455511214,7500.781436674711,70.0,10.0,[],True,500.05209828984783,500.052097034081,500.05209703408093,500.052095778314,robust_miss,6,3,2,O,False
nav_gain_3p5,False,main,0,21.317673750598193,0.0,0.0,5.886390499654226e-05,3.92426034068194e-06,21.82167730389388,21.82167730389388,0.0,0.0,619.569432647423,True,3.5,9308.541548575251,9308.541519143299,9308.541489711346,75.0,10.0,[],True,620.5694365716834,620.5694346095532,620.5694346095531,620.569432647423,robust_miss,6,3,2,O,False
nav_gain_3p5,False,main,0,3.951534663945128,0.0,0.0,8.769047781242989e-05,5.846031854161993e-06,5.973305576628764,5.973305576628764,0.0,0.0,656.8236209018727,True,3.5,9867.354401218568,9867.35435737333,9867.35431352809,80.0,10.0,[],True,657.8236267479045,657.8236238248886,657.8236238248886,657.8236209018727,robust_miss,6,3,2,O,False
nav_gain_3p5,False,main,0,5.67034651608853,0.0,0.0,0.00010457449570822064,6.971633069952077e-06,5.773544338994689,5.773544338994689,0.0,0.0,664.482733678849,True,3.5,9982.24110975723,9982.24105746998,9982.241005182734,85.0,10.0,[],True,665.482740650482,665.4827371646655,665.4827371646654,665.482733678849,robust_miss,6,3,2,O,False
nav_gain_3p5,False,main,0,0.0,0.0,0.0,0.00011414646724006161,7.609764566041122e-06,0.0,0.0,0.0,0.0,665.6693603234387,True,3.5,10000.040518998048,10000.040461924815,10000.040404851581,90.0,10.0,[],True,666.6693679332033,666.669364128321,666.6693641283209,666.6693603234387,robust_miss,6,3,2,O,False
nav_gain_3p5,False,main,3,1.8014706545557722,0.0,0.0,0.0,0.0,6.124999999999999,6.124999999999999,0.0,0.0,0.9999091858511082,True,3.5,0.0013622122333761795,0.0013622122333761795,0.0013622122333761795,0.0,11.0,[],True,9.08141488917453e-05,9.081414889174529e-05,9.08141488917453e-05,9.08141488917453e-05,robust_hit,3,3,1,N,False
nav_gain_3p5,False,main,6,7.202707005189596,0.0,0.0,1.5812152912035495e-06,1.0541435274689698e-07,7.219161934701817,7.219161934701817,0.0,0.0,0.9999090735850233,True,3.5,0.001363896224650228,0.001363105617004626,0.0013623150093590244,5.0,11.0,[],True,9.092641497668186e-05,9.087370780030842e-05,9.08737078003084e-05,9.082100062393496e-05,robust_hit,6,3,2,N,False
nav_gain_3p5,False,main,6,11.922572594746049,0.0,0.0,2.5163903806522166e-06,1.6775935871014868e-07,11.928578733686859,11.928578733686859,0.0,0.0,0.99990894407101,True,3.5,0.001365838934848468,0.0013645807396581418,0.0013633225444678158,10.0,11.0,[],True,9.105592898989787e-05,9.097204931054279e-05,9.09720493105428e-05,9.088816963118772e-05,robust_hit,6,3,2,N,False
nav_gain_3p5,False,main,6,15.625425255165194,0.0,0.0,5.260140704649958e-06,3.506760469766684e-07,15.632859711832463,15.632859711832463,0.0,0.0,0.9999082577120328,True,3.5,0.0013761343195075498,0.0013735042491552247,0.0013708741788028998,15.0,11.0,[],True,9.174228796716998e-05,9.156694994368166e-05,9.156694994368164e-05,9.139161192019332e-05,robust_hit,6,3,2,N,False
nav_gain_3p5,False,main,6,18.739768796808946,0.0,0.0,3.3499193808378836e-06,2.2332795872251744e-07,18.7484292269033,18.7484292269033,0.0,0.0,0.9999087380823396,True,3.5,0.001368928764906349,0.00136725380521593,0.001365578845525511,20.0,11.0,[],True,9.126191766042326e-05,9.1150253681062e-05,9.115025368106199e-05,9.103858970170074e-05,robust_hit,6,3,2,N,False
nav_gain_3p5,False,main,6,21.516910670580415,0.0,0.0,6.606770595970861e-06,4.4045137306472767e-07,21.526679963881367,21.526679963881367,0.0,0.0,0.9999074097134001,True,3.5,0.0013888542989982048,0.0013855509137002196,0.001382247528402234,25.0,11.0,[],True,9.259028659988032e-05,9.237006091334796e-05,9.237006091334796e-05,9.21498352268156e-05,robust_hit,6,3,2,N,False
nav_gain_3p5,False,main,6,24.033645615776173,0.0,0.0,4.696423673388253e-06,3.13094911559225e-07,24.044311438348153,24.044311438348153,0.0,0.0,0.9999080805528329,True,3.5,0.001378791707506632,0.0013764434956699378,0.0013740952838332437,30.0,11.0,[],True,9.19194471671088e-05,9.17628997113292e-05,9.176289971132918e-05,9.160635225554958e-05,robust_hit,6,3,2,N,False
nav_gain_3p5,False,main,6,26.310877789664485,0.0,0.0,6.5258744487248655e-06,4.350582965816514e-07,26.32207288351189,26.32207288351189,0.0,0.0,0.9999064984824194,True,3.5,0.0014025227637084032,0.0013992598264840408,0.0013959968892596783,35.0,11.0,[],True,9.350151758056021e-05,9.328398843226939e-05,9.328398843226938e-05,9.306645928397856e-05,robust_hit,6,3,2,N,False
nav_gain_3p5,False,main,6,28.350352699817748,0.0,0.0,5.780650079252082e-06,3.853766719501316e-07,28.361740285417454,28.361740285417454,0.0,0.0,0.999906150059427,True,3.5,0.0014077491085956698,0.0014048587835560438,0.0014019684585164177,40.0,11.0,[],True,9.384994057304465e-05,9.365725223706958e-05,9.365725223706958e-05,9.346456390109452e-05,robust_hit,6,3,2,N,False
nav_gain_3p5,False,main,6,30.126051814119773,0.0,0.0,3.826871328871644e-06,2.5512475525811594e-07,30.13696840809781,30.13696840809781,0.0,0.0,0.9999069073636359,True,3.5,0.0013963895454619643,0.0013944761097975285,0.0013925626741330926,45.0,11.0,[],True,9.309263636413096e-05,9.29650739865019e-05,9.29650739865019e-05,9.283751160887284e-05,robust_hit,6,3,2,N,False
nav_gain_3p5,False,main,6,31.617113463328902,0.0,0.0,2.7149618280200224e-06,1.8099745520133573e-07,31.627441776703865,31.627441776703865,0.0,0.0,0.9999062442294403,True,3.5,0.0014063365583954293,0.0014049790774814193,0.0014036215965674093,50.0,11.0,[],True,9.375577055969529e-05,9.366527183209463e-05,9.366527183209461e-05,9.357477310449395e-05,robust_hit,6,3,2,N,False
nav_gain_3p5,False,main,6,32.7599810045165,0.0,0.0,5.990633518884042e-07,3.993755679256841e-08,32.76819099008146,32.76819099008146,0.0,0.0,0.9999071761476278,True,3.5,0.0013923577855827565,0.0013920582539068123,0.001391758722230868,55.0,11.0,[],True,9.282385237218377e-05,9.280388359378748e-05,9.280388359378749e-05,9.27839148153912e-05,robust_hit,6,3,2,N,False
nav_gain_3p5,False,main,0,33.45754704303691,0.0,0.0,1.1526459275046363e-05,7.684306098099114e-07,33.46293890575138,33.46293890575138,0.0,0.0,68.36010767622267,True,3.5,1040.4016266697993,1040.4016209065696,1040.40161514334,60.0,11.0,[],True,69.36010844465328,69.36010806043798,69.36010806043797,69.36010767622267,robust_miss,6,3,2,M,False
nav_gain_3p5,False,main,0,33.13613158985859,0.0,0.0,2.7174848582944833e-05,1.8116566025128122e-06,33.20752283821878,33.20752283821878,0.0,0.0,319.49136296416367,True,3.5,4807.370471637304,4807.37045804988,4807.370444462455,65.0,11.0,[],True,320.4913647758203,320.49136386999197,320.49136386999197,320.49136296416367,robust_miss,6,3,2,M,False
nav_gain_3p5,False,main,0,29.65242237884517,0.0,0.0,3.80721776309656e-05,2.538145167818584e-06,29.80432428735751,29.80432428735751,0.0,0.0,554.2857232590698,True,3.5,8329.285886958223,8329.285867922134,8329.285848886046,70.0,11.0,[],True,555.2857257972149,555.2857245281424,555.2857245281423,555.2857232590698,robust_miss,6,3,2,O,False
nav_gain_3p5,False,main,0,20.762319265456217,0.0,0.0,5.7249666497227736e-05,3.816644380094658e-06,21.541555625562257,21.541555625562257,0.0,0.0,683.442541154101,True,3.5,10266.638174561182,10266.63814593635,10266.638117311515,75.0,11.0,[],True,684.4425449707454,684.4425430624233,684.4425430624233,684.442541154101,robust_miss,6,3,2,O,False
nav_gain_3p5,False,main,0,4.133471280643895,0.0,0.0,8.598370550316758e-05,5.732247018386261e-06,4.4379178985731835,4.4379178985731835,0.0,0.0,722.7167216815109,True,3.5,10855.750911206369,10855.750868214516,10855.750825222663,80.0,11.0,[],True,723.7167274137579,723.7167245476344,723.7167245476344,723.7167216815109,robust_miss,6,3,2,O,False
nav_gain_3p5,False,main,0,5.670732379372045,0.0,0.0,0.00010390639545221347,6.92709295435634e-06,5.758205559148482,5.758205559148482,0.0,0.0,731.0877815550842,True,3.5,10981.316827232658,10981.316775279462,10981.316723326263,85.0,11.0,[],True,732.0877884821772,732.0877850186307,732.0877850186307,732.0877815550842,robust_miss,6,3,2,O,False
nav_gain_3p5,False,main,0,0.0,0.0,0.0,0.00011414654727559537,7.609769795635657e-06,0.0,0.0,0.0,0.0,732.335781767177,True,3.5,11000.036840654202,11000.036783580928,11000.036726507655,90.0,11.0,[],True,733.3357893769468,733.3357855720619,733.3357855720619,733.335781767177,robust_miss,6,3,2,O,False
nav_gain_3p5,False,main,3,1.8014706545557722,0.0,0.0,0.0,0.0,6.124999999999999,6.124999999999999,0.0,0.0,0.999909185848759,True,3.5,0.0013622122686153253,0.0013622122686153253,0.0013622122686153253,0.0,12.0,[],True,9.081415124102169e-05,9.081415124102169e-05,9.081415124102169e-05,9.081415124102169e-05,robust_hit,3,3,1,N,False
nav_gain_3p5,False,main,6,7.063555942756801,0.0,0.0,2.117762090638256e-06,1.4118413937589096e-07,7.092563419147399,7.092563419147399,0.0,0.0,0.9999090081997625,True,3.5,0.0013648770035625238,0.0013638181225172046,0.0013627592414718855,5.0,12.0,[],True,9.099180023750159e-05,9.092120816781364e-05,9.092120816781364e-05,9.08506160981257e-05,robust_hit,6,3,2,N,False
nav_gain_3p5,False,main,6,11.797686505417888,0.0,0.0,3.465718338471844e-06,2.3104788923145807e-07,11.803266163483753,11.803266163483753,0.0,0.0,0.9999087694313922,True,3.5,0.0013684585291175338,0.001366725669948298,0.001364992810779062,10.0,12.0,[],True,9.123056860783559e-05,9.111504466321986e-05,9.111504466321986e-05,9.099952071860413e-05,robust_hit,6,3,2,N,False
nav_gain_3p5,False,main,6,15.410683617757787,0.0,0.0,4.998836978021811e-06,3.33255798534791e-07,15.417560067540899,15.417560067540899,0.0,0.0,0.9999083398480292,True,3.5,0.001374902279561876,0.001372402861072865,0.0013699034425838541,15.0,12.0,[],True,9.166015197079173e-05,9.149352407152434e-05,9.149352407152434e-05,9.132689617225694e-05,robust_hit,6,3,2,N,False
nav_gain_3p5,False,main,6,18.436481200133894,0.0,0.0,3.6691616848187267e-06,2.446107789879124e-07,18.444347787768315,18.444347787768315,0.0,0.0,0.9999086587131152,True,3.5,0.0013701193032729106,0.001368284722430501,0.001366450141588092,20.0,12.0,[],True,9.134128688486071e-05,9.121898149536676e-05,9.121898149536676e-05,9.10966761058728e-05,robust_hit,6,3,2,N,False
nav_gain_3p5,False,main,6,21.113509490678876,0.0,0.0,5.737581498635718e-06,3.825054332423758e-07,21.122131098912767,21.122131098912767,0.0,0.0,0.9999078259345594,True,3.5,0.0013826109816096025,0.0013797421908602846,0.0013768734001109667,25.0,12.0,[],True,9.217406544064016e-05,9.198281272401899e-05,9.198281272401897e-05,9.179156000739778e-05,robust_hit,6,3,2,N,False
nav_gain_3p5,False,main,6,23.522573746621294,0.0,0.0,6.736036486187577e-06,4.490690990791691e-07,23.531906334868637,23.531906334868637,0.0,0.0,0.9999069602147389,True,3.5,0.00139559677891648,0.0013922287606733862,0.0013888607424302924,30.0,12.0,[],True,9.303978526109866e-05,9.281525071155908e-05,9.281525071155907e-05,9.259071616201949e-05,robust_hit,6,3,2,N,False
nav_gain_3p5,False,main,6,25.692838979464614,0.0,0.0,3.0408974268391654e-06,2.0272649512261464e-07,25.702676051884016,25.702676051884016,0.0,0.0,0.9999085659937398,True,3.5,0.0013715100939026238,0.0013699896451892042,0.0013684691964757846,35.0,12.0,[],True,9.143400626017492e-05,9.133264301261361e-05,9.133264301261361e-05,9.12312797650523e-05,robust_hit,6,3,2,N,False
nav_gain_3p5,False,main,6,27.621770395746776,0.0,0.0,2.904768326942404e-06,1.9365122179615033e-07,27.631687236891633,27.631687236891633,0.0,0.0,0.9999083926887921,True,3.5,0.001374109668119897,0.0013726572839564256,0.0013712048997929546,40.0,12.0,[],True,9.160731120799312e-05,9.151048559709504e-05,9.151048559709506e-05,9.141365998619697e-05,robust_hit,6,3,2,N,False
nav_gain_3p5,False,main,6,29.30229479019548,0.0,0.0,4.632550887802246e-06,3.0883672585347763e-07,29.31185730223345,29.31185730223345,0.0,0.0,0.9999057369182484,True,3.5,0.0014139462262743215,0.0014116299508304204,0.0014093136753865192,45.0,12.0,[],True,9.426308175162142e-05,9.410866338869469e-05,9.410866338869469e-05,9.395424502576795e-05,robust_hit,6,3,2,N,False
nav_gain_3p5,False,main,6,30.69234276398031,0.0,0.0,1.7244037770595706e-06,1.1496025180396776e-07,30.700802711759614,30.700802711759614,0.0,0.0,0.999907951945167,True,3.5,0.001380720822494852,0.001379858620606322,0.0013789964187177924,50.0,12.0,[],True,9.204805483299013e-05,9.199057470708814e-05,9.199057470708814e-05,9.193309458118616e-05,robust_hit,6,3,2,N,False
nav_gain_3p5,False,main,6,31.74697906551964,0.0,0.0,6.424626088348366e-07,4.283084058899272e-08,31.753759049852942,31.753759049852942,0.0,0.0,0.9999059219909171,True,3.5,0.001411170136243858,0.0014108489049394406,0.0014105276736350232,55.0,12.0,[],True,9.407800908292387e-05,9.405659366262937e-05,9.405659366262937e-05,9.403517824233488e-05,robust_hit,6,3,2,N,False
nav_gain_3p5,False,main,0,32.34005678738805,0.0,0.0,1.2325660691203666e-05,8.217107136943014e-07,32.360061823498334,32.360061823498334,0.0,0.0,80.49238035705989,True,3.5,1222.385717681559,1222.3857115187286,1222.3857053558984,60.0,12.0,[],True,81.4923811787706,81.49238076791524,81.49238076791525,81.49238035705989,robust_miss,6,3,2,M,False
nav_gain_3p5,False,main,0,31.704780841920318,0.0,0.0,2.7799461349786725e-05,1.8532974195295537e-06,31.79536414252821,31.79536414252821,0.0,0.0,356.5363812899455,True,3.5,5363.045747148643,5363.045733248912,5363.045719349182,65.0,12.0,[],True,357.5363831432429,357.5363822165942,357.53638221659423,357.5363812899455,robust_miss,6,3,2,M,False
nav_gain_3p5,False,main,0,28.09404146115569,0.0,0.0,3.8381755075533874e-05,2.5587836489648907e-06,28.25696484936896,28.25696484936896,0.0,0.0,609.2207513836362,True,3.5,9153.311309136297,9153.311289945419,9153.311270754542,70.0,12.0,[],True,610.2207539424198,610.2207526630281,610.220752663028,610.2207513836362,robust_miss,6,3,2,O,False
nav_gain_3p5,False,main,0,15.381332773828513,0.0,0.0,5.5944901760085486e-05,3.72966007944342e-06,15.44106906770631,15.44106906770631,0.0,0.0,747.9322514637716,True,3.5,11233.983827901477,11233.983799929025,11233.983771956575,75.0,12.0,[],True,748.9322551934317,748.9322533286017,748.9322533286017,748.9322514637716,robust_miss,6,3,2,O,False
nav_gain_3p5,False,main,0,4.286174907404669,0.0,0.0,8.434077608399093e-05,5.62271839044115e-06,4.5767144382786356,4.5767144382786356,0.0,0.0,788.6183775821142,True,3.5,11844.27574807249,11844.275705902102,11844.275663731714,80.0,12.0,[],True,789.6183832048326,789.6183803934733,789.6183803934734,789.6183775821142,robust_miss,6,3,2,O,False
nav_gain_3p5,False,main,0,5.677394953365098,0.0,0.0,0.00010326180927222595,6.884120580252784e-06,5.75277325935789,5.75277325935789,0.0,0.0,797.694647513284,True,3.5,11980.41981596107,11980.419764330165,11980.41971269926,85.0,12.0,[],True,798.6946543974046,798.6946509553444,798.6946509553443,798.694647513284,robust_miss,6,3,2,O,False
nav_gain_3p5,False,main,0,0.0,0.0,0.0,0.00011414660912123509,7.609773888361815e-06,0.0,0.0,0.0,0.0,799.0022440812146,True,3.5,12000.033775364827,12000.033718291523,12000.033661218218,90.0,12.0,[],True,800.0022516909885,800.0022478861015,800.0022478861015,800.0022440812146,robust_miss,6,3,2,O,False
nav_gain_3p5,False,main,3,1.8014706545557722,0.0,0.0,0.0,0.0,6.124999999999999,6.124999999999999,0.0,0.0,0.9999091858463415,True,3.5,0.00136221230487849,0.00136221230487849,0.00136221230487849,0.0,13.0,[],True,9.0814153658566e-05,9.0814153658566e-05,9.0814153658566e-05,9.0814153658566e-05,robust_hit,3,3,1,N,False
nav_gain_3p5,False,main,6,6.881992495326798,0.0,0.0,2.0650923999614764e-06,1.3767282666409572e-07,6.9183004124474525,6.9183004124474525,0.0,0.0,0.9999090152462353,True,3.5,0.0013647713064708499,0.0013637387602708692,0.0013627062140708884,5.0,13.0,[],True,9.098475376472332e-05,9.091591735139127e-05,9.091591735139128e-05,9.084708093805923e-05,robust_hit,6,3,2,N,False
nav_gain_3p5,False,main,6,11.631319364589173,0.0,0.0,3.313628273697621e-06,2.209085515798441e-07,11.658015201874623,11.658015201874623,0.0,0.0,0.9999088004829858,True,3.5,0.001367992755213267,0.0013663359410764182,0.0013646791269395695,10.0,13.0,[],True,9.119951701421781e-05,9.108906273842788e-05,9.108906273842788e-05,9.097860846263796e-05,robust_hit,6,3,2,N,False
nav_gain_3p5,False,main,6,15.17903710168088,0.0,0.0,5.2695481763899345e-06,3.5130321175932716e-07,15.18534709551115,15.18534709551115,0.0,0.0,0.999908253815415,True,3.5,0.0013761927687749483,0.0013735579946867532,0.0013709232205985583,15.0,13.0,[],True,9.174618458499655e-05,9.157053297911687e-05,9.157053297911689e-05,9.139488137323722e-05,robust_hit,6,3,2,N,False
nav_gain_3p5,False,main,6,18.143704205113107,0.0,0.0,5.998001859413996e-06,3.9986679062760334e-07,18.15101063947282,18.15101063947282,0.0,0.0,0.999907885769336,True,3.5,0.0013817134599604553,0.0013787144590307482,0.0013757154581010413,20.0,13.0,[],True,9.211423066403035e-05,9.191429726871655e-05,9.191429726871655e-05,9.171436387340275e-05,robust_hit,6,3,2,N,False
nav_gain_3p5,False,main,6,20.737092933576807,0.0,0.0,5.364032497210541e-06,3.5760216648069733e-07,20.744956089710563,20.744956089710563,0.0,0.0,0.9999079858025784,True,3.5,0.0013802129613235147,0.0013775309450749097,0.0013748489288263042,25.0,13.0,[],True,9.201419742156765e-05,9.18353963383273e-05,9.18353963383273e-05,9.165659525508695e-05,robust_hit,6,3,2,N,False
nav_gain_3p5,False,main,6,23.050050507527928,0.0,0.0,6.496660068467698e-06,4.331106712311862e-07,23.058827354083796,23.058827354083796,0.0,0.0,0.9999071039540949,True,3.5,0.0013934406885773897,0.001390192358543156,0.001386944028508922,30.0,13.0,[],True,9.289604590515931e-05,9.267949056954373e-05,9.267949056954373e-05,9.246293523392813e-05,robust_hit,6,3,2,N,False
nav_gain_3p5,False,main,6,25.126028275765858,0.0,0.0,3.4577609442005587e-06,2.3051739628003815e-07,25.134911340228957,25.134911340228957,0.0,0.0,0.9999083913661834,True,3.5,0.0013741295072498844,0.0013724006267777842,0.0013706717463056839,35.0,13.0,[],True,9.160863381665897e-05,9.149337511851894e-05,9.149337511851896e-05,9.137811642037893e-05,robust_hit,6,3,2,N,False
nav_gain_3p5,False,main,6,26.9630705578671,0.0,0.0,5.711514141961034e-06,3.8076760946407617e-07,26.971959302823432,26.971959302823432,0.0,0.0,0.9999061477262193,True,3.5,0.0014077841067095347,0.0014049283496385542,0.0014020725925675737,40.0,13.0,[],True,9.385227378063565e-05,9.366188997590361e-05,9.366188997590361e-05,9.347150617117157e-05,robust_hit,6,3,2,N,False
nav_gain_3p5,False,main,6,28.554139568545047,0.0,0.0,3.99944831586444e-06,2.66629887724296e-07,28.562465971007015,28.562465971007015,0.0,0.0,0.9999065737191604,True,3.5,0.0014013942125937781,0.0013993944884358458,0.0013973947642779137,45.0,13.0,[],True,9.342628083958521e-05,9.329296589572306e-05,9.329296589572306e-05,9.315965095186092e-05,robust_hit,6,3,2,N,False
nav_gain_3p5,False,main,6,29.862121138411457,0.0,0.0,1.8566982724480593e-06,1.2377988482987785e-07,29.869448765854365,29.869448765854365,0.0,0.0,0.999907666199764,True,3.5,0.0013850070035395195,0.0013840786544032956,0.0013831503052670715,50.0,13.0,[],True,9.233380023596797e-05,9.227191029355303e-05,9.227191029355303e-05,9.221002035113809e-05,robust_hit,6,3,2,N,False
nav_gain_3p5,False,main,6,30.832493623895505,0.0,0.0,5.271686528706982e-07,3.514457685804926e-08,30.838340369685966,30.838340369685966,0.0,0.0,0.9999059901656403,True,3.5,0.0014101475153961898,0.0014098839310697543,0.001409620346743319,55.0,13.0,[],True,9.400983435974598e-05,9.399226207131695e-05,9.399226207131695e-05,9.397468978288793e-05,robust_hit,6,3,2,N,False
nav_gain_3p5,False,main,0,31.260521183739964,0.0,0.0,1.3088266086924705e-05,8.72551069619476e-07,31.30234570754281,31.30234570754281,0.0,0.0,93.30626151683919,True,3.5,1414.5939358408539,1414.5939292967207,1414.5939227525878,60.0,13.0,[],True,94.30626238939026,94.30626195311471,94.30626195311473,94.30626151683919,robust_miss,6,3,2,M,False
nav_gain_3p5,False,main,0,30.379150283140188,0.0,0.0,2.8254348762857262e-05,1.883623269804957e-06,30.486386270360406,30.486386270360406,0.0,0.0,392.33944959044504,True,3.5,5900.0917721110245,5900.09175798385,5900.091743856676,65.0,13.0,[],True,393.3394514740683,393.3394505322567,393.3394505322567,393.33944959044504,robust_miss,6,3,2,M,False
nav_gain_3p5,False,main,0,26.691709813035267,0.0,0.0,3.863625170197338e-05,2.575750158939627e-06,26.865574644527527,26.865574644527527,0.0,0.0,664.0716812846948,True,3.5,9976.075257906674,9976.075238588548,9976.075219270422,70.0,13.0,[],True,665.071683860445,665.0716825725699,665.0716825725699,665.0716812846948,robust_miss,6,3,2,O,False
nav_gain_3p5,False,main,0,15.067269484275174,0.0,0.0,5.2857531045447104e-05,3.523835403029807e-06,15.12988154423117,15.12988154423117,0.0,0.0,811.0551603814134,True,3.5,12180.827458578733,12180.827432149968,12180.827405721202,75.0,13.0,[],True,812.0551639052488,812.0551621433311,812.0551621433311,812.0551603814134,robust_miss,6,3,2,O,False
nav_gain_3p5,False,main,0,4.417855319773982,0.0,0.0,8.278916357085109e-05,5.519277465282357e-06,4.694412771626686,4.694412771626686,0.0,0.0,854.5276096114168,True,3.5,12832.914226960414,12832.914185565833,12832.91414417125,80.0,13.0,[],True,855.5276151306942,855.5276123710555,855.5276123710555,855.5276096114168,robust_miss,6,3,2,O,False
nav_gain_3p5,False,main,0,5.687480065279333,0.0,0.0,0.00010263668627885636,6.8424458277149824e-06,5.753327437841364,5.753327437841364,0.0,0.0,864.3031728680824,True,3.5,12979.547695657922,12979.54764433958,12979.547593021236,85.0,13.0,[],True,865.3031797105282,865.3031762893053,865.3031762893053,865.3031728680824,robust_miss,6,3,2,O,False
nav_gain_3p5,False,main,0,0.0,0.0,0.0,0.00011414665641495958,7.609777071593271e-06,0.0,0.0,0.0,0.0,865.6687378339954,True,3.5,13000.031181656586,13000.031124583258,13000.03106750993,90.0,13.0,[],True,866.6687454437724,866.668741638884,866.6687416388838,866.6687378339954,robust_miss,6,3,2,O,False
nav_gain_3p5,False,main,3,1.8014706545557722,0.0,0.0,0.0,0.0,6.124999999999999,6.124999999999999,0.0,0.0,0.9999091858438546,True,3.5,0.0013622123421813848,0.0013622123421813848,0.0013622123421813848,0.0,14.0,[],True,9.081415614542565e-05,9.081415614542567e-05,9.081415614542565e-05,9.081415614542565e-05,robust_hit,3,3,1,N,False
nav_gain_3p5,False,main,6,6.677947475221688,0.0,0.0,2.07023849504908e-06,1.38015899669945e-07,6.724731997046802,6.724731997046802,0.0,0.0,0.9999090145801317,True,3.5,0.0013647812980237563,0.0013637461787762318,0.0013627110595287072,5.0,14.0,[],True,9.098541986825042e-05,9.091641191841546e-05,9.091641191841544e-05,9.084740396858048e-05,robust_hit,6,3,2,N,False
nav_gain_3p5,False,main,6,11.402789193027003,0.0,0.0,3.826946863769859e-06,2.551297909179933e-07,11.442318988764296,11.442318988764296,0.0,0.0,0.99990869077127,True,3.5,0.0013696384309501938,0.001367724957518309,0.001365811484086424,10.0,14.0,[],True,9.130922873001292e-05,9.118166383455392e-05,9.118166383455392e-05,9.105409893909493e-05,robust_hit,6,3,2,N,False
nav_gain_3p5,False,main,6,14.986254141032715,0.0,0.0,5.094540996877046e-06,3.39636066458467e-07,14.992214571193522,14.992214571193522,0.0,0.0,0.9999083093345799,True,3.5,0.0013753599813028305,0.001372812710804392,0.0013702654403059534,15.0,14.0,[],True,9.16906654201887e-05,9.152084738695948e-05,9.152084738695948e-05,9.135102935373023e-05,robust_hit,6,3,2,N,False
nav_gain_3p5,False,main,6,17.86428187751011,0.0,0.0,5.856137588541085e-06,3.904091725694174e-07,17.871000304893673,17.871000304893673,0.0,0.0,0.9999079416709568,True,3.5,0.0013808749356486122,0.0013779468668543417,0.0013750187980600711,20.0,14.0,[],True,9.205832904324082e-05,9.18631244569561e-05,9.18631244569561e-05,9.16679198706714e-05,robust_hit,6,3,2,N,False
nav_gain_3p5,False,main,6,20.387995055632636,0.0,0.0,6.289722244846646e-06,4.1931481632311333e-07,20.39527336870449,20.39527336870449,0.0,0.0,0.9999075578513695,True,3.5,0.001386632229456751,0.0013834873683343275,0.0013803425072119043,25.0,14.0,[],True,9.244214863045006e-05,9.22324912222885e-05,9.22324912222885e-05,9.202283381412695e-05,robust_hit,6,3,2,N,False
nav_gain_3p5,False,main,6,22.61522158557788,0.0,0.0,6.57926742601931e-06,4.3861782840129817e-07,22.623169537192602,22.623169537192602,0.0,0.0,0.9999070432921416,True,3.5,0.001394350617875665,0.0013910609841626554,0.0013877713504496457,30.0,14.0,[],True,9.295670785837768e-05,9.273739894417703e-05,9.273739894417703e-05,9.251809002997638e-05,robust_hit,6,3,2,N,False
nav_gain_3p5,False,main,6,24.60654047549009,0.0,0.0,4.038580560650163e-06,2.6923870404335507e-07,24.614541902906254,24.614541902906254,0.0,0.0,0.9999081117135353,True,3.5,0.0013783242969699796,0.0013763050066896544,0.0013742857164093295,35.0,14.0,[],True,9.188828646466531e-05,9.175366711264364e-05,9.175366711264364e-05,9.161904776062196e-05,robust_hit,6,3,2,N,False
nav_gain_3p5,False,main,6,26.36597455559045,0.0,0.0,4.1208567473122355e-06,2.747237831541427e-07,26.37386646351965,26.37386646351965,0.0,0.0,0.9999075841118595,True,3.5,0.0013862383221070994,0.0013841778937334433,0.0013821174653597871,40.0,14.0,[],True,9.241588814047329e-05,9.227852624889623e-05,9.227852624889621e-05,9.214116435731915e-05,robust_hit,6,3,2,N,False
nav_gain_3p5,False,main,6,27.87186756724083,0.0,0.0,3.7534909754154914e-06,2.502327316943688e-07,27.8792833731496,27.8792833731496,0.0,0.0,0.9999068343167263,True,3.5,0.0013974852491042758,0.0013956085036165682,0.0013937317581288603,45.0,14.0,[],True,9.316568327361838e-05,9.304056690777119e-05,9.30405669077712e-05,9.291545054192401e-05,robust_hit,6,3,2,N,False
nav_gain_3p5,False,main,6,29.102815886696472,0.0,0.0,2.1581955889247648e-06,1.4387970592831675e-07,29.10945545528585,29.10945545528585,0.0,0.0,0.9999070019724566,True,3.5,0.0013949704131512575,0.0013938913153567951,0.0013928122175623327,50.0,14.0,[],True,9.299802754341717e-05,9.2926087690453e-05,9.2926087690453e-05,9.285414783748885e-05,robust_hit,6,3,2,N,False
nav_gain_3p5,False,main,6,29.996576448513164,0.0,0.0,4.263550925146225e-07,2.84236728343172e-08,30.009116588835237,30.009116588835237,0.0,0.0,0.999905747646853,True,3.5,0.0014137852972041579,0.0014135721196579007,0.0014133589421116432,55.0,14.0,[],True,9.425235314694386e-05,9.42381413105267e-05,9.42381413105267e-05,9.422392947410955e-05,robust_hit,6,3,2,M,False
nav_gain_3p5,False,main,0,30.225845959393137,0.0,0.0,1.3786552699457388e-05,9.191035132971592e-07,30.286642645580635,30.286642645580635,0.0,0.0,106.50407569118718,True,3.5,1612.5611491543605,1612.5611422610843,1612.5611353678078,60.0,14.0,[],True,107.5040766102907,107.50407615073895,107.50407615073894,107.50407569118718,robust_miss,6,3,2,M,False
nav_gain_3p5,False,main,0,29.157220782463966,0.0,0.0,2.863426288968185e-05,1.9089508782599296e-06,29.2792862080521,29.2792862080521,0.0,0.0,427.5396646040875,True,3.5,6428.094997695575,6428.094983378443,6428.094969061312,65.0,14.0,[],True,428.53966651303836,428.53966555856294,428.5396655585629,428.5396646040875,robust_miss,6,3,2,M,False
nav_gain_3p5,False,main,0,25.418743673604496,0.0,0.0,3.884926809405442e-05,2.589951236586785e-06,25.603133302730473,25.603133302730473,0.0,0.0,718.8695708602553,True,3.5,10798.043601753097,10798.043582328462,10798.04356290383,70.0,14.0,[],True,719.8695734502065,719.8695721552309,719.8695721552309,719.8695708602553,robust_miss,6,3,2,O,False
nav_gain_3p5,False,main,0,14.512111759835287,0.0,0.0,4.968958273821045e-05,3.312638796160172e-06,14.585159321390158,14.585159321390158,0.0,0.0,874.3595135409392,True,3.5,13130.392752803671,13130.39272795888,13130.392703114088,75.0,14.0,[],True,875.359516853578,875.3595151972586,875.3595151972586,875.3595135409392,robust_miss,6,3,2,O,False
nav_gain_3p5,False,main,0,4.531376981218951,0.0,0.0,8.13023198134033e-05,5.420154707280744e-06,4.795483109810739,4.795483109810739,0.0,0.0,920.4438390415311,True,3.5,13821.657666925286,13821.657626274127,13821.657585622967,80.0,14.0,[],True,921.4438444616858,921.4438417516085,921.4438417516085,921.4438390415311,robust_miss,6,3,2,O,False
nav_gain_3p5,False,main,0,5.699335583176367,0.0,0.0,0.00010205566468357574,6.803710903113824e-06,5.757518486004205,5.757518486004205,0.0,0.0,930.91314311795,True,3.5,13978.697248824914,13978.697197797082,13978.69714676925,85.0,14.0,[],True,931.9131499216609,931.9131465198055,931.9131465198054,931.91314311795,robust_miss,6,3,2,O,False
nav_gain_3p5,False,main,0,0.0,0.0,0.0,0.00011414669279474765,7.609779459016863e-06,0.0,0.0,0.0,0.0,932.3352562886773,True,3.5,14000.028958476852,14000.028901403506,14000.02884433016,90.0,14.0,[],True,933.3352638984568,933.3352600935672,933.3352600935671,933.3352562886773,robust_miss,6,3,2,O,False
nav_gain_3p5,False,main,3,1.8014706545557722,0.0,0.0,0.0,0.0,6.124999999999999,6.124999999999999,0.0,0.0,0.9999091858412974,True,3.5,0.0013622123805395352,0.0013622123805395352,0.0013622123805395352,0.0,15.0,[],True,9.081415870263568e-05,9.081415870263567e-05,9.081415870263568e-05,9.081415870263568e-05,robust_hit,3,3,1,N,False
nav_gain_3p5,False,main,6,6.465162780977114,0.0,0.0,1.6963256384784544e-06,1.1308837589856272e-07,6.519028874344255,6.519028874344255,0.0,0.0,0.9999090607577242,True,3.5,0.0013640886341357787,0.0013632404713165396,0.0013623923084973002,5.0,15.0,[],True,9.093924227571858e-05,9.08826980877693e-05,9.088269808776929e-05,9.082615389982001e-05,robust_hit,6,3,2,N,False
nav_gain_3p5,False,main,6,11.128111765004777,0.0,0.0,3.74944231977363e-06,2.49962821318242e-07,11.176281235636417,11.176281235636417,0.0,0.0,0.9999087081851562,True,3.5,0.001369377222656993,0.0013675025014971063,0.0013656277803372194,10.0,15.0,[],True,9.129181484379954e-05,9.116683343314041e-05,9.116683343314041e-05,9.104185202248129e-05,robust_hit,6,3,2,N,False
nav_gain_3p5,False,main,6,14.785269433138302,0.0,0.0,2.2101082131128352e-06,1.4734054754084755e-07,14.803185502629063,14.803185502629063,0.0,0.0,0.9999089816098737,True,3.5,0.0013652758518946013,0.0013641707977880447,0.0013630657436814885,15.0,15.0,[],True,9.101839012630675e-05,9.094471985253633e-05,9.094471985253633e-05,9.08710495787659e-05,robust_hit,6,3,2,N,False
nav_gain_3p5,False,main,6,17.60093546586244,0.0,0.0,5.506405712844354e-06,3.670937141896254e-07,17.607137534837843,17.607137534837843,0.0,0.0,0.999908075989527,True,3.5,0.0013788601570940786,0.0013761069542376563,0.0013733537513812343,20.0,15.0,[],True,9.192401047293858e-05,9.174046361584377e-05,9.174046361584377e-05,9.155691675874895e-05,robust_hit,6,3,2,N,False
nav_gain_3p5,False,main,6,20.05013116962606,0.0,0.0,3.4759977759729176e-06,2.3173318506485756e-07,20.05684773388231,20.05684773388231,0.0,0.0,0.9999086455536792,True,3.5,0.0013703166948125338,0.0013685786959245474,0.0013668406970365609,25.0,15.0,[],True,9.135444632083559e-05,9.123857972830316e-05,9.123857972830316e-05,9.112271313577073e-05,robust_hit,6,3,2,N,False
nav_gain_3p5,False,main,6,22.21575762858741,0.0,0.0,5.95156510003244e-06,3.967710066688293e-07,22.223034330156313,22.223034330156313,0.0,0.0,0.9999074169488888,True,3.5,0.001388745766667124,0.0013857699841171077,0.0013827942015670915,30.0,15.0,[],True,9.25830511111416e-05,9.238466560780718e-05,9.238466560780718e-05,9.218628010447277e-05,robust_hit,6,3,2,N,False
nav_gain_3p5,False,main,6,24.125677305256005,0.0,0.0,5.678200567837792e-06,3.7854670452251585e-07,24.133254806031633,24.133254806031633,0.0,0.0,0.9999070897213752,True,3.5,0.0013936541793717143,0.0013908150790877954,0.0013879759788038766,35.0,15.0,[],True,9.291027862478095e-05,9.27210052725197e-05,9.27210052725197e-05,9.253173192025844e-05,robust_hit,6,3,2,N,False
nav_gain_3p5,False,main,6,25.81050727417966,0.0,0.0,5.175193140251463e-06,3.450128760167651e-07,25.817850418532792,25.817850418532792,0.0,0.0,0.9999066363763022,True,3.5,0.0014004543554675868,0.001397866758897461,0.0013952791623273353,40.0,15.0,[],True,9.336362369783912e-05,9.319111725983075e-05,9.319111725983073e-05,9.301861082182236e-05,robust_hit,6,3,2,N,False
nav_gain_3p5,False,main,6,27.2447979746704,0.0,0.0,3.3473001203646567e-06,2.2315334135763836e-07,27.2513470053392,27.2513470053392,0.0,0.0,0.9999072749611367,True,3.5,0.0013908755829493739,0.0013892019328891915,0.0013875282828290092,45.0,15.0,[],True,9.272503886329159e-05,9.261346219261277e-05,9.261346219261277e-05,9.250188552193395e-05,robust_hit,6,3,2,N,False
nav_gain_3p5,False,main,6,28.407233678901928,0.0,0.0,2.2932781936842346e-06,1.5288521291227056e-07,28.412846406532246,28.412846406532246,0.0,0.0,0.9999065567361478,True,3.5,0.0014016489577823798,0.0014005023186855377,0.0013993556795886956,50.0,15.0,[],True,9.344326385215865e-05,9.336682124570252e-05,9.336682124570252e-05,9.329037863924638e-05,robust_hit,6,3,2,N,False
nav_gain_3p5,False,main,6,29.182777237603965,0.0,0.0,2.626037653714712e-07,1.750691769144045e-08,29.214286418281425,29.214286418281425,0.0,0.0,0.9999066995225853,True,3.5,0.0013995071612211878,0.001399375859338502,0.0013992445574558163,55.0,15.0,[],True,9.330047741474586e-05,9.329172395590014e-05,9.329172395590014e-05,9.328297049705442e-05,robust_hit,6,3,2,M,False
nav_gain_3p5,False,main,0,29.240283047230747,0.0,0.0,1.4428073200178915e-05,9.618715495207653e-07,29.317888824153982,29.317888824153982,0.0,0.0,119.94560302522787,True,3.5,1814.1840598064912,1814.1840525924545,1814.184045378418,60.0,15.0,[],True,120.94560398709942,120.94560350616365,120.94560350616365,120.94560302522787,robust_miss,6,3,2,M,False
nav_gain_3p5,False,main,0,28.021960512238984,0.0,0.0,2.9028226890659425e-05,1.9352150957274716e-06,28.157812340073026,28.157812340073026,0.0,0.0,463.768062684661,True,3.5,6971.520969298142,6971.520954784028,6971.520940269915,65.0,15.0,[],True,464.7680646198761,464.7680636522685,464.76806365226855,464.768062684661,robust_miss,6,3,2,M,False
nav_gain_3p5,False,main,0,24.254905169468437,0.0,0.0,3.902970456692856e-05,2.6019802135124337e-06,24.449094873302407,24.449094873302407,0.0,0.0,773.6388777383338,True,3.5,11619.583205104711,11619.583185589858,11619.583166075006,70.0,15.0,[],True,774.638880340314,774.6388790393239,774.6388790393239,774.6388777383338,robust_miss,6,3,2,O,False
nav_gain_3p5,False,main,0,13.910420191079305,0.0,0.0,4.649875518225599e-05,3.0999169666756643e-06,13.997656922086867,13.997656922086867,0.0,0.0,937.719273038363,True,3.5,14080.7891420742,14080.789118824823,14080.789095575445,75.0,15.0,[],True,938.71927613828,938.7192745883216,938.7192745883215,938.719273038363,robust_miss,6,3,2,O,False
nav_gain_3p5,False,main,0,4.630212210717175,0.0,0.0,7.986605851328932e-05,5.3244039008859545e-06,4.883216276124232,4.883216276124232,0.0,0.0,986.3665277841172,True,3.5,14810.497996627817,14810.497956694788,14810.497916761758,80.0,15.0,[],True,987.3665331085211,987.3665304463192,987.3665304463192,987.3665277841172,robust_miss,6,3,2,O,False
nav_gain_3p5,False,main,0,5.711986496215097,0.0,0.0,0.00010146792737941723,6.764528393432556e-06,5.76389866610135,5.76389866610135,0.0,0.0,997.5244574563613,True,3.5,14977.866963313347,14977.866912579382,14977.86686184542,85.0,15.0,[],True,998.5244642208897,998.5244608386256,998.5244608386256,998.5244574563613,robust_miss,6,3,2,O,False
nav_gain_3p5,False,main,0,0.0,0.0,0.0,0.00011414672371756751,7.609781505379942e-06,0.0,0.0,0.0,0.0,999.0017945049,True,3.5,15000.027031720223,15000.026974646862,15000.0269175735,90.0,15.0,[],True,1000.0018021146815,1000.0017983097908,1000.0017983097907,1000.0017945049,robust_miss,6,3,2,O,False
nav_gain_3p5,False,main,3,1.8014706545557722,0.0,0.0,0.0,0.0,6.124999999999999,6.124999999999999,0.0,0.0,0.9999091858386688,True,3.5,0.0013622124199678543,0.0013622124199678543,0.0013622124199678543,0.0,16.0,[],True,9.081416133119028e-05,9.081416133119027e-05,9.081416133119028e-05,9.081416133119028e-05,robust_hit,3,3,1,N,False
nav_gain_3p5,False,main,6,6.27642375858584,0.0,0.0,2.018374525141484e-06,1.3455830167609893e-07,6.326795211456944,6.326795211456944,0.0,0.0,0.9999090214129578,True,3.5,0.001364678805633807,0.0013636696183712365,0.0013626604311086656,5.0,16.0,[],True,9.09785870422538e-05,9.091130789141576e-05,9.091130789141576e-05,9.084402874057771e-05,robust_hit,6,3,2,N,False
nav_gain_3p5,False,main,6,10.834646663190945,0.0,0.0,3.0281683727683903e-06,2.018778915178972e-07,10.899327086929505,10.899327086929505,0.0,0.0,0.9999088555732426,True,3.5,0.0013671664013616422,0.0013656523171752578,0.0013641382329888738,10.0,16.0,[],True,9.114442675744281e-05,9.104348781168386e-05,9.104348781168386e-05,9.094254886592492e-05,robust_hit,6,3,2,N,False
nav_gain_3p5,False,main,6,14.518063651216377,0.0,0.0,4.66792588301357e-06,3.111950588675677e-07,14.560203652394643,14.560203652394643,0.0,0.0,0.9999084377169014,True,3.5,0.0013734342464784444,0.0013711002835369377,0.0013687663205954308,15.0,16.0,[],True,9.156228309856296e-05,9.140668556912917e-05,9.140668556912917e-05,9.125108803969539e-05,robust_hit,6,3,2,N,False
nav_gain_3p5,False,main,6,17.350667196791388,0.0,0.0,5.609657208276468e-06,3.739771472184366e-07,17.35679979978057,17.35679979978057,0.0,0.0,0.999908035753099,True,3.5,0.001379463703516233,0.0013766588749120946,0.0013738540463079565,20.0,16.0,[],True,9.19642469010822e-05,9.177725832747298e-05,9.177725832747298e-05,9.159026975386376e-05,robust_hit,6,3,2,N,False
nav_gain_3p5,False,main,6,19.727297282698807,0.0,0.0,5.295220045104963e-06,3.530146696736669e-07,19.73369143797663,19.73369143797663,0.0,0.0,0.9999080077423279,True,3.5,0.001379883865081509,0.0013772362550589564,0.001374588645036404,25.0,16.0,[],True,9.19922576721006e-05,9.181575033726376e-05,9.181575033726376e-05,9.163924300242693e-05,robust_hit,6,3,2,N,False
nav_gain_3p5,False,main,6,21.831835147210313,0.0,0.0,5.420403009621889e-06,3.6136020064145475e-07,21.838538865267083,21.838538865267083,0.0,0.0,0.999907704246693,True,3.5,0.0013844362996055589,0.0013817260981007478,0.001379015896595937,30.0,16.0,[],True,9.229575330703726e-05,9.211507320671654e-05,9.211507320671652e-05,9.19343931063958e-05,robust_hit,6,3,2,N,False
nav_gain_3p5,False,main,6,23.67807144324012,0.0,0.0,6.164364697988731e-06,4.109576465325803e-07,23.684736583543888,23.684736583543888,0.0,0.0,0.9999067027465055,True,3.5,0.0013994588024170997,0.001396376620068105,0.001393294437719111,35.0,16.0,[],True,9.329725349447331e-05,9.309177467120702e-05,9.309177467120702e-05,9.288629584794073e-05,robust_hit,6,3,2,N,False
nav_gain_3p5,False,main,6,25.29534519160808,0.0,0.0,5.503359589417289e-06,3.6689063929449585e-07,25.301736087452387,25.301736087452387,0.0,0.0,0.999906264355035,True,3.5,0.0014060346744734927,0.001403282994678784,0.0014005313148840754,40.0,16.0,[],True,9.373564496489952e-05,9.355219964525226e-05,9.355219964525226e-05,9.336875432560502e-05,robust_hit,6,3,2,N,False
nav_gain_3p5,False,main,6,26.664820191206395,0.0,0.0,3.683572522460198e-06,2.4557150149735285e-07,26.670826427511695,26.670826427511695,0.0,0.0,0.9999068123031565,True,3.5,0.0013978154526531306,0.0013959736663919007,0.0013941318801306704,45.0,16.0,[],True,9.318769684354204e-05,9.306491109279336e-05,9.306491109279337e-05,9.294212534204469e-05,robust_hit,6,3,2,N,False
nav_gain_3p5,False,main,6,27.751430127530696,0.0,0.0,1.9260451809325306e-06,1.284030120621678e-07,27.76758611528809,27.76758611528809,0.0,0.0,0.9999072250812725,True,3.5,0.0013916237809119504,0.0013906607583214841,0.0013896977357310178,50.0,16.0,[],True,9.277491872746336e-05,9.271071722143228e-05,9.271071722143228e-05,9.264651571540119e-05,robust_hit,6,3,2,N,False
nav_gain_3p5,False,main,6,28.392347386915052,0.0,0.0,1.5352188718941243e-07,1.0234792479290548e-08,28.440974199745806,28.440974199745806,0.0,0.0,0.9999066369423222,True,3.5,0.0014004458651666646,0.00140036910422307,0.0014002923432794752,55.0,16.0,[],True,9.336305767777764e-05,9.3357940281538e-05,9.3357940281538e-05,9.335282288529835e-05,robust_hit,6,3,2,M,False
nav_gain_3p5,False,main,0,28.305226753314713,0.0,0.0,1.5007267847977346e-05,1.0004845023559028e-06,28.398040435082976,28.398040435082976,0.0,0.0,133.2953630348269,True,3.5,2014.430460529671,2014.4304530260372,2014.4304455224033,60.0,16.0,[],True,134.2953640353114,134.29536353506913,134.29536353506916,134.2953630348269,robust_miss,6,3,2,M,False
nav_gain_3p5,False,main,0,26.963731612712238,0.0,0.0,2.93288258035318e-05,1.955255072516593e-06,27.112475212970693,27.112475212970693,0.0,0.0,499.0480988291777,True,3.5,7500.721511766492,7500.721497102079,7500.721482437666,65.0,16.0,[],True,500.0481007844328,500.0480998068053,500.0480998068052,500.0480988291777,robust_miss,6,3,2,O,False
nav_gain_3p5,False,main,0,23.184674162119645,0.0,0.0,3.922161522496026e-05,2.6147744165427866e-06,23.387710215105663,23.387710215105663,0.0,0.0,829.1288604929819,True,3.5,12451.932946616344,12451.932927005537,12451.932907394728,70.0,16.0,[],True,830.1288631077563,830.1288618003691,830.1288618003691,830.1288604929819,robust_miss,6,3,2,O,False
nav_gain_3p5,False,main,0,13.303465506624663,0.0,0.0,4.3387353798607364e-05,2.892490329031716e-06,13.38540877997192,13.38540877997192,0.0,0.0,1001.126104170621,True,3.5,15031.89160594667,15031.891584252991,15031.891562559316,75.0,16.0,[],True,1002.1261070631114,1002.1261056168663,1002.1261056168662,1002.126104170621,robust_miss,6,3,2,O,False
nav_gain_3p5,False,main,0,4.71703422405516,0.0,0.0,7.84863641456468e-05,5.232424427958904e-06,4.960088548674896,4.960088548674896,0.0,0.0,1052.2952129567777,True,3.5,15799.428272838031,15799.42823359485,15799.428194351667,80.0,16.0,[],True,1053.2952181892022,1053.29521557299,1053.29521557299,1053.2952129567777,robust_miss,6,3,2,O,False
nav_gain_3p5,False,main,0,5.724851833357547,0.0,0.0,0.00010090741125168279,6.727160780428676e-06,5.7715569149925345,5.7715569149925345,0.0,0.0,1064.1369643957687,True,3.5,15977.054566843943,15977.054516390237,15977.054465936531,85.0,16.0,[],True,1065.1369711229295,1065.136967759349,1065.136967759349,1065.1369643957687,robust_miss,6,3,2,O,False
nav_gain_3p5,False,main,0,0.0,0.0,0.0,0.00011414674918341916,7.609783324369346e-06,0.0,0.0,0.0,0.0,1065.6683487773873,True,3.5,16000.02534580756,16000.025288734185,16000.025231660811,90.0,16.0,[],True,1066.6683563871707,1066.6683525822789,1066.668352582279,1066.6683487773873,robust_miss,6,3,2,O,False
nav_gain_3p5,False,holdout,6,4.537951802273826,0.0,0.0,1.1194953372481616e-06,7.463302248321348e-08,6.107353182612986,6.107353182612986,0.0,0.0,0.9999091215624671,True,3.5,0.0013631765629931018,0.0013626168153244777,0.0013620570676558536,2.5,4.5,[],True,9.087843753287345e-05,9.084112102163184e-05,9.084112102163185e-05,9.080380451039024e-05,robust_hit,6,3,2,,False
nav_gain_3p5,False,holdout,6,11.197981805687212,0.0,0.0,4.698805028171106e-06,3.1325366854474223e-07,11.21161115023644,11.21161115023644,0.0,0.0,0.9999087564931821,True,3.5,0.0013686526022690603,0.0013663031997549748,0.0013639537972408892,7.5,4.5,[],True,9.124350681793736e-05,9.108687998366499e-05,9.108687998366499e-05,9.093025314939261e-05,robust_hit,6,3,2,,False
nav_gain_3p5,False,holdout,6,16.089544121618545,0.0,0.0,8.35829857284416e-06,5.572199048562755e-07,16.109742734706103,16.109742734706103,0.0,0.0,0.9999079941925729,True,3.5,0.0013800871114059378,0.0013759079621195158,0.0013717288128330936,12.5,4.5,[],True,9.200580742706252e-05,9.172719747463437e-05,9.172719747463438e-05,9.144858752220624e-05,robust_hit,6,3,2,,False
nav_gain_3p5,False,holdout,6,20.46695560905752,0.0,0.0,8.920181648697104e-06,5.946787765797988e-07,20.491874749256034,20.491874749256034,0.0,0.0,0.9999077226645897,True,3.5,0.0013841600311549297,0.0013796999403305813,0.0013752398495062326,17.5,4.5,[],True,9.227733541032865e-05,9.197999602203874e-05,9.197999602203875e-05,9.168265663374885e-05,robust_hit,6,3,2,,False
nav_gain_3p5,False,holdout,6,24.583294663637776,0.0,0.0,1.1265701740185161e-05,7.510467826790017e-07,24.613189320778407,24.613189320778407,0.0,0.0,0.9999066018642482,True,3.5,0.0014009720362769874,0.0013953391854068947,0.0013897063345368022,22.5,4.5,[],True,9.339813575179915e-05,9.302261236045965e-05,9.302261236045965e-05,9.264708896912015e-05,robust_hit,6,3,2,,False
nav_gain_3p5,False,holdout,6,28.453750950465032,0.0,0.0,1.2833268709332418e-05,8.555512472888278e-07,28.48983711498498,28.48983711498498,0.0,0.0,0.9999050919831423,True,3.5,0.001423620252866921,0.0014172036185122548,0.0014107869841575886,27.5,4.5,[],True,9.490801685779474e-05,9.448024123415032e-05,9.448024123415032e-05,9.405246561050591e-05,robust_hit,6,3,2,,False
nav_gain_3p5,False,holdout,6,32.07138453810679,0.0,0.0,1.087532253225853e-05,7.250215021505687e-07,32.110381781314175,32.110381781314175,0.0,0.0,0.9999052986421135,True,3.5,0.0014205203682969708,0.0014150827070308417,0.0014096450457647123,32.5,4.5,[],True,9.470135788646473e-05,9.433884713538946e-05,9.433884713538944e-05,9.397633638431416e-05,robust_hit,6,3,2,,False
nav_gain_3p5,False,holdout,6,34.99975122580965,0.0,0.07835820895522388,9.951147236128468e-06,6.634098157418924e-07,35.0,35.528748445173875,0.0,0.0,0.999904392401218,True,3.5,0.0014341139817310319,0.0014291384081129676,0.0014241628344949034,37.5,4.5,[],True,9.560759878206879e-05,9.527589387419784e-05,9.527589387419784e-05,9.49441889663269e-05,robust_hit,6,3,2,,False
nav_gain_3p5,False,holdout,6,34.99999999999304,0.0,0.25084745762711863,7.183555721667918e-06,4.789037147778612e-07,35.0,40.8127275793436,0.0,0.0,0.999904212214214,True,3.5,0.0014368167867899507,0.0014332250089291168,0.0014296332310682828,42.5,4.5,[],True,9.578778578599672e-05,9.554833392860779e-05,9.554833392860779e-05,9.530888207121886e-05,robust_hit,6,3,2,,False
nav_gain_3p5,False,holdout,6,34.99999999999999,0.0,0.3438395415472779,4.05463795637509e-06,2.7030919709167267e-07,35.0,48.53189463098264,0.0,0.0,0.9999049137459971,True,3.5,0.0014262938100427646,0.0014242664910645772,0.0014222391720863895,47.5,4.5,[],True,9.508625400285097e-05,9.495109940430513e-05,9.495109940430513e-05,9.48159448057593e-05,robust_hit,6,3,2,,False
nav_gain_3p5,False,holdout,6,34.99999999999999,0.0,0.3613053613053613,4.5428952216426503e-07,3.028596814427711e-08,35.0,59.56375534291291,0.0,0.0,0.9999051941349946,True,3.5,0.0014220879750821759,0.0014218608303210936,0.0014216336855600116,52.5,4.5,[],True,9.480586500547839e-05,9.479072202140625e-05,9.479072202140625e-05,9.477557903733411e-05,robust_hit,6,3,2,,False
nav_gain_3p5,False,holdout,0,34.99999999999999,0.0,0.3986175115207373,1.3276707477416494e-05,8.851138346699372e-07,35.0,74.43395629442867,0.0,0.0,46.08690712968773,True,3.5,706.3036202220235,706.3036135836697,706.303606945316,57.5,4.5,[],True,47.086908014801566,47.08690757224465,47.08690757224465,47.08690712968773,robust_miss,6,3,2,,False
nav_gain_3p5,False,holdout,0,34.99999999999999,0.0,0.4109195402298851,2.371214600316307e-05,1.580809737333766e-06,35.0,78.48337879267362,0.0,0.0,112.89629344532074,True,3.5,1708.444425391957,1708.4444135358842,1708.444401679811,62.5,4.5,[],True,113.89629502613047,113.89629423572562,113.8962942357256,113.89629344532074,robust_miss,6,3,2,,False
nav_gain_3p5,False,holdout,0,34.99999999999999,0.0,0.3574007220216607,3.399862043806934e-05,2.2665747110295342e-06,35.0,72.59794234558818,0.0,0.0,174.51859988764056,True,3.5,2632.779032313229,2632.779015313919,2632.7789983146085,67.5,4.5,[],True,175.51860215421527,175.51860102092792,175.51860102092792,175.51859988764056,robust_miss,6,3,2,,False
nav_gain_3p5,False,holdout,0,34.99983331743938,0.0,0.1407035175879397,5.860277860847418e-05,3.90685190154727e-06,35.0,44.76382274431364,0.0,0.0,245.43011375608563,True,3.5,3696.451764944063,3696.4517356426736,3696.4517063412845,72.5,4.5,[],True,246.43011766293753,246.4301157095116,246.4301157095116,246.43011375608563,robust_miss,6,3,2,,False
nav_gain_3p5,False,holdout,0,8.24208917317862,0.0,0.0,9.245337605534587e-05,6.163558396110602e-06,8.29780855353844,8.29780855353844,0.0,0.0,289.73408066817206,True,3.5,4361.011302475957,4361.011256249269,4361.011210022581,77.5,4.5,[],True,290.73408683173045,290.73408374995125,290.73408374995125,290.73408066817206,robust_miss,6,3,2,,False
nav_gain_3p5,False,holdout,0,4.091302578439168,0.0,0.0,0.00010428949281049427,6.952632872980757e-06,4.366802793965849,4.366802793965849,0.0,0.0,297.0132883403277,True,3.5,4470.199429394408,4470.199377249662,4470.199325104915,82.5,4.5,[],True,298.01329529296055,298.0132918166441,298.01329181664414,298.0132883403277,robust_miss,6,3,2,,False
nav_gain_3p5,False,holdout,0,5.64933386445788,0.0,0.0,0.00011155341962876264,7.436894634338387e-06,5.989439445211297,5.989439445211297,0.0,0.0,298.79534975259804,True,3.5,4496.930357842391,4496.930302065681,4496.930246288971,87.5,4.5,[],True,299.7953571894927,299.79535347104536,299.79535347104536,299.79534975259804,robust_miss,6,3,2,,False
nav_gain_3p5,False,holdout,6,4.703335902618568,0.0,0.0,1.4523424117095403e-06,9.682282744729817e-08,6.106940565645765,6.106940565645765,0.0,0.0,0.9999090990035938,True,3.5,0.0013635149460928453,0.0013627887748869905,0.0013620626036811357,2.5,5.5,[],True,9.090099640618968e-05,9.085258499246603e-05,9.085258499246603e-05,9.080417357874238e-05,robust_hit,6,3,2,,False
nav_gain_3p5,False,holdout,6,10.682241365586087,0.0,0.0,4.194987875515014e-06,2.796658583676721e-07,10.692765490090386,10.692765490090386,0.0,0.0,0.9999087591073038,True,3.5,0.00136861339044295,0.0013665158965051926,0.001364418402567435,7.5,5.5,[],True,9.124089269619667e-05,9.110105976701284e-05,9.110105976701283e-05,9.0961226837829e-05,robust_hit,6,3,2,,False
nav_gain_3p5,False,holdout,6,15.408668926580184,0.0,0.0,7.288728304017831e-06,4.859152202678509e-07,15.423612150623706,15.423612150623706,0.0,0.0,0.9999079997694404,True,3.5,0.001380003458393397,0.0013763590942413879,0.001372714730089379,12.5,5.5,[],True,9.200023055955979e-05,9.175727294942586e-05,9.175727294942587e-05,9.151431533929194e-05,robust_hit,6,3,2,,False
nav_gain_3p5,False,holdout,6,19.50319464872752,0.0,0.0,7.682058733744822e-06,5.121372489163179e-07,19.52258610401499,19.52258610401499,0.0,0.0,0.9999077307414905,True,3.5,0.001384038877642467,0.0013801978482755944,0.001376356818908722,17.5,5.5,[],True,9.226925850949779e-05,9.201318988503965e-05,9.201318988503963e-05,9.175712126058147e-05,robust_hit,6,3,2,,False
nav_gain_3p5,False,holdout,6,23.34348643497854,0.0,0.0,1.0096401519014454e-05,6.730934346009699e-07,23.366591828467104,23.366591828467104,0.0,0.0,0.9999062080914257,True,3.5,0.0014068786286148183,0.001401830427855311,0.0013967822270958038,22.5,5.5,[],True,9.379190857432122e-05,9.345536185702074e-05,9.345536185702074e-05,9.311881513972025e-05,robust_hit,6,3,2,,False
nav_gain_3p5,False,holdout,6,26.921868278687803,0.0,0.0,7.985149187281519e-06,5.32343279152094e-07,26.949015910198483,26.949015910198483,0.0,0.0,0.999906712106186,True,3.5,0.0013993184072102589,0.0013953258326166182,0.0013913332580229774,27.5,5.5,[],True,9.328789381401726e-05,9.302172217444121e-05,9.302172217444121e-05,9.275555053486516e-05,robust_hit,6,3,2,,False
nav_gain_3p5,False,holdout,6,30.250777428459536,0.0,0.0,4.880837426234552e-06,3.2538916174897645e-07,30.280955820342218,30.280955820342218,0.0,0.0,0.9999079260594812,True,3.5,0.0013811091077826896,0.0013786686890695724,0.001376228270356455,32.5,5.5,[],True,9.207394051884598e-05,9.19112459379715e-05,9.191124593797148e-05,9.1748551357097e-05,robust_hit,6,3,2,,False
nav_gain_3p5,False,holdout,6,33.325122607793496,0.0,0.0,7.6066741897895616e-06,5.071116126526465e-07,33.35829466535021,33.35829466535021,0.0,0.0,0.9999052303816229,True,3.5,0.001421544275655955,0.0014177409385610603,0.0014139376014661654,37.5,5.5,[],True,9.476961837706367e-05,9.451606257073734e-05,9.451606257073734e-05,9.426250676441102e-05,robust_hit,6,3,2,,False
nav_gain_3p5,False,holdout,6,34.99999973141776,0.0,0.11475409836065574,4.949250893504292e-06,3.2995005956696364e-07,35.0,36.528346592756414,0.0,0.0,0.9999067235368023,True,3.5,0.0013991469479648258,0.0013966723225180737,0.0013941976970713215,42.5,5.5,[],True,9.327646319765506e-05,9.311148816787157e-05,9.311148816787157e-05,9.294651313808809e-05,robust_hit,6,3,2,,False
nav_gain_3p5,False,holdout,6,34.99999999999998,0.0,0.21513002364066194,3.954725223290299e-06,2.6364834821935776e-07,35.0,41.50600893565427,0.0,0.0,0.9999059216432221,True,3.5,0.0014111753516682175,0.0014091979890565726,0.0014072206264449272,47.5,5.5,[],True,9.407835677788117e-05,9.39465326037715e-05,9.39465326037715e-05,9.381470842966181e-05,robust_hit,6,3,2,,False
nav_gain_3p5,False,holdout,6,34.99999999999999,0.0,0.24361493123772102,9.557063925741752e-07,6.371375950495314e-08,35.0,47.99111209630479,0.0,0.0,0.9999079382376961,True,3.5,0.0013809264345595715,0.0013804485813632844,0.0013799707281669973,52.5,5.5,[],True,9.206176230397144e-05,9.202990542421897e-05,9.202990542421895e-05,9.199804854446648e-05,robust_hit,6,3,2,,False
nav_gain_3p5,False,holdout,0,34.99999999999999,0.0,0.2358974358974359,7.5230076959087455e-06,5.015338473413067e-07,35.0,55.70450695347894,0.0,0.0,23.482219560503633,True,3.5,367.2333009305622,367.2332971690584,367.2332934075545,57.5,5.5,[],True,24.48222006203748,24.482219811270557,24.482219811270557,24.482219560503633,robust_miss,6,3,2,,False
nav_gain_3p5,False,holdout,0,34.99999999999999,0.0,0.2875,2.1942950752418255e-05,1.4628633948632341e-06,35.00000000000001,61.300548859358905,0.0,0.0,122.49433008568221,True,3.5,1852.414973228184,1852.4149622567086,1852.4149512852332,62.5,5.5,[],True,123.4943315485456,123.4943308171139,123.4943308171139,123.49433008568221,robust_miss,6,3,2,,False
nav_gain_3p5,False,holdout,0,34.99999999999999,0.0,0.29545454545454547,3.0871754006511765e-05,2.058116933767451e-06,35.00000000000001,55.38095577526827,0.0,0.0,213.12705227327314,True,3.5,3211.905814970851,3211.905799534974,3211.905784099097,67.5,5.5,[],True,214.12705433139007,214.12705330233157,214.1270533023316,214.12705227327314,robust_miss,6,3,2,,False
nav_gain_3p5,False,holdout,0,34.99957643118292,0.0,0.11013215859030837,5.404505645856261e-05,3.603003790431103e-06,35.0,36.51747612136051,0.0,0.0,302.61899680658775,True,3.5,4554.285006143873,4554.284979121345,4554.284952098817,72.5,5.5,[],True,303.61900040959154,303.6189986080896,303.61899860808967,303.61899680658775,robust_miss,6,3,2,,False
nav_gain_3p5,False,holdout,0,7.772495655813099,0.0,0.0,8.931141383072827e-05,5.954094262961007e-06,8.511781106106056,8.511781106106056,0.0,0.0,354.5803009969398,True,3.5,5333.704604265511,5333.704559609804,5333.704514954097,77.5,5.5,[],True,355.58030695103406,355.58030397398693,355.58030397398693,355.5803009969398,robust_miss,6,3,2,,False
nav_gain_3p5,False,holdout,0,4.142176118099782,0.0,0.0,0.00010264020875183633,6.842680534191459e-06,4.31561043153699,4.31561043153699,0.0,0.0,363.3700931044428,True,3.5,5465.55149920685,5465.551447886745,5465.551396566641,82.5,5.5,[],True,364.3700999471233,364.3700965257831,364.3700965257831,364.3700931044428,robust_miss,6,3,2,,False
nav_gain_3p5,False,holdout,0,5.826093220831211,0.0,0.0,0.00011128933056170354,7.419288692744885e-06,6.070486917962301,6.070486917962301,0.0,0.0,365.4385627293155,True,3.5,5496.578552229063,5496.578496584397,5496.578440939732,87.5,5.5,[],True,366.4385701486042,366.43856643895987,366.4385664389598,366.4385627293155,robust_miss,6,3,2,,False
nav_gain_3p5,False,holdout,6,4.881359304327876,0.0,0.0,1.3186073245180854e-06,8.790715496787146e-08,6.106470310702824,6.106470310702824,0.0,0.0,0.9999091032362741,True,3.5,0.0013634514558879146,0.0013627921522256555,0.0013621328485633965,2.5,6.5,[],True,9.089676372586097e-05,9.085281014837703e-05,9.085281014837703e-05,9.08088565708931e-05,robust_hit,6,3,2,,False
nav_gain_3p5,False,holdout,6,10.388948612860105,0.0,0.0,2.4455982337424995e-06,1.6303988224949907e-07,10.397975396679382,10.397975396679382,0.0,0.0,0.9999089659313447,True,3.5,0.0013655110298285747,0.0013642882307117034,0.0013630654315948322,7.5,6.5,[],True,9.103406865523831e-05,9.095254871411357e-05,9.095254871411355e-05,9.087102877298881e-05,robust_hit,6,3,2,,False
nav_gain_3p5,False,holdout,6,14.977319190553,0.0,0.0,2.5774808649007674e-06,1.7183205766004483e-07,14.989571903155841,14.989571903155841,0.0,0.0,0.9999089294619153,True,3.5,0.001366058071269548,0.0013647693308370976,0.0013634805904046473,12.5,6.5,[],True,9.107053808463653e-05,9.09846220558065e-05,9.09846220558065e-05,9.089870602697649e-05,robust_hit,6,3,2,,False
nav_gain_3p5,False,holdout,6,18.83233257940522,0.0,0.0,7.174286329879927e-06,4.782857553253312e-07,18.847909415643347,18.847909415643347,0.0,0.0,0.9999074693251233,True,3.5,0.0013879601231497887,0.0013843729799848487,0.0013807858368199088,17.5,6.5,[],True,9.253067487665258e-05,9.229153199898992e-05,9.22915319989899e-05,9.205238912132725e-05,robust_hit,6,3,2,,False
nav_gain_3p5,False,holdout,6,22.468663631835113,0.0,0.0,5.121181462859354e-06,3.414120975239542e-07,22.487234836845857,22.487234836845857,0.0,0.0,0.9999081767538732,True,3.5,0.0013773486919016356,0.001374788101170206,0.0013722275104387763,22.5,6.5,[],True,9.18232461267757e-05,9.165254007801373e-05,9.165254007801373e-05,9.148183402925175e-05,robust_hit,6,3,2,,False
nav_gain_3p5,False,holdout,6,25.81654327214927,0.0,0.0,6.473360193271589e-06,4.315573462180969e-07,25.837437227522976,25.837437227522976,0.0,0.0,0.9999073734459567,True,3.5,0.0013893983106497958,0.0013861616305531602,0.0013829249504565243,27.5,6.5,[],True,9.262655404331972e-05,9.241077537021067e-05,9.241077537021067e-05,9.219499669710162e-05,robust_hit,6,3,2,,False
nav_gain_3p5,False,holdout,6,28.910774935403023,0.0,0.0,8.051263240187049e-06,5.367508826791239e-07,28.933673609865266,28.933673609865266,0.0,0.0,0.9999057683849947,True,3.5,0.001413474225080632,0.0014094485934605383,0.0014054229618404449,32.5,6.5,[],True,9.423161500537546e-05,9.39632395640359e-05,9.39632395640359e-05,9.369486412269633e-05,robust_hit,6,3,2,,False
nav_gain_3p5,False,holdout,6,31.753784581676324,0.0,0.0,6.449437037174197e-06,4.299624691449428e-07,31.77934987666864,31.77934987666864,0.0,0.0,0.999906282761526,True,3.5,0.0014057585771092486,0.0014025338585906615,0.0013993091400720744,37.5,6.5,[],True,9.371723847394991e-05,9.350225723937744e-05,9.350225723937744e-05,9.328727600480497e-05,robust_hit,6,3,2,,False
nav_gain_3p5,False,holdout,6,34.3363937599013,0.0,0.0,5.328959905061444e-06,3.552639936707611e-07,34.36343078114524,34.36343078114524,0.0,0.0,0.9999062363301882,True,3.5,0.0014064550471773374,0.0014037905672248067,0.001401126087272276,42.5,6.5,[],True,9.376366981182249e-05,9.35860378149871e-05,9.358603781498711e-05,9.340840581815173e-05,robust_hit,6,3,2,,False
nav_gain_3p5,False,holdout,6,34.99999999957723,0.0,0.11834319526627218,3.857238548592677e-06,2.5714923657284153e-07,35.0,37.44125436927177,0.0,0.0,0.99990623925258,True,3.5,0.001406411211299952,0.0014044825920256556,0.0014025539727513592,47.5,6.5,[],True,9.37607474199968e-05,9.363217280171036e-05,9.363217280171037e-05,9.350359818342395e-05,robust_hit,6,3,2,,False
nav_gain_3p5,False,holdout,6,34.99999999999999,0.0,0.17028380634390652,1.3149724267217007e-06,8.766482844811338e-08,35.0,41.82706277890831,0.0,0.0,0.9999077213685658,True,3.5,0.0013841794715134467,0.0013835219853000858,0.001382864499086725,52.5,6.5,[],True,9.227863143422979e-05,9.223479902000573e-05,9.223479902000573e-05,9.219096660578167e-05,robust_hit,6,3,2,,False
nav_gain_3p5,False,holdout,0,34.99999999999999,0.0,0.1573816155988858,3.4500929331215957e-06,2.3000619631119434e-07,35.0,46.75526234684444,0.0,0.0,6.584697434631599,True,3.5,113.77046496956693,113.77046324452046,113.770461519474,57.5,6.5,[],True,7.584697664637796,7.584697549634697,7.584697549634697,7.584697434631599,robust_miss,6,3,2,,False
nav_gain_3p5,False,holdout,0,34.99999999999999,0.0,0.18688524590163935,2.0319867189755314e-05,1.3546578259138187e-06,35.0,50.76566029838645,0.0,0.0,127.22103550621912,True,3.5,1923.315552913154,1923.3155427532204,1923.315532593287,62.5,6.5,[],True,128.22103686087695,128.22103618354802,128.22103618354805,128.22103550621912,robust_miss,6,3,2,,False
nav_gain_3p5,False,holdout,0,34.99999999999998,0.0,0.20823798627002288,3.0969693852966884e-05,2.0646462530748977e-06,35.00000000000001,46.88831886370714,0.0,0.0,249.72071323023977,True,3.5,3760.8107294232905,3760.8107139384433,3760.8106984535966,67.5,6.5,[],True,250.72071529488602,250.7207142625629,250.7207142625629,250.72071323023977,robust_miss,6,3,2,,False
nav_gain_3p5,False,holdout,0,33.141948291352,0.0,0.0,4.961163995176321e-05,3.307442625555268e-06,33.70031038148565,33.70031038148565,0.0,0.0,361.5591276560042,True,3.5,5438.386964451703,5438.386939645882,5438.386914840063,72.5,6.5,[],True,362.5591309634468,362.5591293097255,362.5591293097255,362.5591276560042,robust_miss,6,3,2,,False
nav_gain_3p5,False,holdout,0,7.539129052617496,0.0,0.0,8.61817816257826e-05,5.7454520856481395e-06,8.82423789462754,8.82423789462754,0.0,0.0,419.32660240964157,True,3.5,6304.899122326405,6304.899079235514,6304.899036144623,77.5,6.5,[],True,420.32660815509365,420.3266052823676,420.3266052823676,420.32660240964157,robust_miss,6,3,2,,False
nav_gain_3p5,False,holdout,0,4.267304188784121,0.0,0.0,0.00010110768289450789,6.7405121626507025e-06,4.385345639105689,4.385345639105689,0.0,0.0,429.7364113920848,True,3.5,6461.046271988955,6461.046221435114,6461.046170881272,82.5,6.5,[],True,430.73641813259695,430.73641476234087,430.73641476234087,430.7364113920848,robust_miss,6,3,2,,False
nav_gain_3p5,False,holdout,0,5.873503580782305,0.0,0.0,0.00011097660080849892,7.39844006147905e-06,6.065873362790779,6.065873362790779,0.0,0.0,432.08585375693514,True,3.5,6496.287917330628,6496.287861842327,6496.287806354027,87.5,6.5,[],True,433.0858611553752,433.0858574561551,433.08585745615517,433.08585375693514,robust_miss,6,3,2,,False
nav_gain_3p5,False,holdout,6,5.011817894444706,0.0,0.0,1.3046370701600123e-06,8.697580467733506e-08,6.106080640572598,6.106080640572598,0.0,0.0,0.999909102220366,True,3.5,0.0013634666945097765,0.0013628143759746964,0.0013621620574396165,2.5,7.5,[],True,9.08977796339851e-05,9.085429173164644e-05,9.085429173164643e-05,9.081080382930777e-05,robust_hit,6,3,2,,False
nav_gain_3p5,False,holdout,6,10.174515916809789,0.0,0.0,3.229237228221868e-06,2.1528248188145695e-07,10.181976551276394,10.181976551276394,0.0,0.0,0.999908823811643,True,3.5,0.0013676428253547228,0.0013660282067406119,0.001364413588126501,7.5,7.5,[],True,9.117618835698152e-05,9.10685471160408e-05,9.106854711604079e-05,9.096090587510007e-05,robust_hit,6,3,2,,False
nav_gain_3p5,False,holdout,6,14.66268952979127,0.0,0.0,4.30812416703512e-06,2.872082778023323e-07,14.673082672821604,14.673082672821604,0.0,0.0,0.999908560979451,True,3.5,0.0013715853082354474,0.0013694312461519297,0.0013672771840684123,12.5,7.5,[],True,9.143902054902982e-05,9.129541641012867e-05,9.129541641012865e-05,9.115181227122749e-05,robust_hit,6,3,2,,False
nav_gain_3p5,False,holdout,6,18.360150638031005,0.0,0.0,3.284364478011023e-06,2.1895763186740333e-07,18.373551612411273,18.373551612411273,0.0,0.0,0.9999087733908244,True,3.5,0.0013683991376345031,0.0013667569553954975,0.0013651147731564921,17.5,7.5,[],True,9.122660917563354e-05,9.111713035969984e-05,9.111713035969984e-05,9.100765154376614e-05,robust_hit,6,3,2,,False
nav_gain_3p5,False,holdout,6,21.77465812968169,0.0,0.0,4.535070610929169e-06,3.0233804072861306e-07,21.78979099684624,21.78979099684624,0.0,0.0,0.9999083768064274,True,3.5,0.0013743479035881264,0.0013720803682826617,0.0013698128329771972,22.5,7.5,[],True,9.162319357254176e-05,9.147202455217745e-05,9.147202455217745e-05,9.132085553181314e-05,robust_hit,6,3,2,,False
nav_gain_3p5,False,holdout,6,24.94837489780903,0.0,0.0,7.079779493330022e-06,4.7198529955534024e-07,24.965991493706017,24.965991493706017,0.0,0.0,0.9999070126148796,True,3.5,0.0013948107768060594,0.0013912708870593945,0.0013877309973127294,27.5,7.5,[],True,9.298738512040396e-05,9.275139247062629e-05,9.275139247062629e-05,9.251539982084862e-05,robust_hit,6,3,2,,False
nav_gain_3p5,False,holdout,6,27.848003837803297,0.0,0.0,6.311436526171277e-06,4.207624350780842e-07,27.866681497228733,27.866681497228733,0.0,0.0,0.9999070548274551,True,3.5,0.0013941775881730332,0.0013910218699099478,0.001387866151646862,32.5,7.5,[],True,9.294517254486888e-05,9.273479132732985e-05,9.273479132732983e-05,9.25244101097908e-05,robust_hit,6,3,2,,False
nav_gain_3p5,False,holdout,6,30.49597560345435,0.0,0.0,6.372015298488753e-06,4.248010198992493e-07,30.51666143781169,30.51666143781169,0.0,0.0,0.9999062949981109,True,3.5,0.0014055750283369678,0.0014023890206877234,0.001399203013038479,37.5,7.5,[],True,9.370500188913118e-05,9.349260137918157e-05,9.349260137918157e-05,9.328020086923193e-05,robust_hit,6,3,2,,False
nav_gain_3p5,False,holdout,6,32.88698012765316,0.0,0.0,5.814416032902826e-06,3.876277355268433e-07,32.908573351723106,32.908573351723106,0.0,0.0,0.9999055423037799,True,3.5,0.0014168654433014797,0.0014139582352850283,0.001411051027268577,42.5,7.5,[],True,9.445769622009864e-05,9.426388235233521e-05,9.426388235233521e-05,9.40700684845718e-05,robust_hit,6,3,2,,False
nav_gain_3p5,False,holdout,6,34.98909015060513,0.0,0.01,2.9204142118729234e-06,1.9469428079152732e-07,35.0,35.0182444816525,0.0,0.0,0.9999074815890496,True,3.5,0.00138777616425589,0.0013863159571499536,0.001384855750044017,47.5,7.5,[],True,9.251841095039266e-05,9.24210638099969e-05,9.242106380999689e-05,9.232371666960114e-05,robust_hit,6,3,2,,False
nav_gain_3p5,False,holdout,6,34.99999999999854,0.0,0.10888252148997135,2.275157432102661e-06,1.516771621401828e-07,35.0,37.872851624501756,0.0,0.0,0.9999053252340838,True,3.5,0.0014201214887425361,0.001418983910026485,0.0014178463313104335,52.5,7.5,[],True,9.467476591616908e-05,9.459892733509899e-05,9.459892733509899e-05,9.45230887540289e-05,robust_hit,6,3,2,,False
nav_gain_3p5,False,holdout,0,34.999999999999986,0.0,0.10833333333333334,1.285766259684351e-06,8.571775067522935e-08,35.0,41.233284721003635,0.0,0.0,0.08278737747460152,True,3.5,16.24181194788528,16.24181130500215,16.241810662119022,57.5,7.5,[],True,1.0827874631923522,1.0827874203334769,1.0827874203334769,1.0827873774746015,robust_miss,6,3,2,,True
nav_gain_3p5,False,holdout,0,34.99999999999998,0.0,0.12129380053908356,1.9077017896051984e-05,1.2718011817014485e-06,35.0,43.95083399044339,0.0,0.0,130.6270863022611,True,3.5,1974.4063136109341,1974.4063040724252,1974.4062945339163,62.5,7.5,[],True,131.62708757406227,131.62708693816168,131.62708693816168,131.6270863022611,robust_miss,6,3,2,,False
nav_gain_3p5,False,holdout,0,34.99999999986507,0.0,0.12450592885375494,3.1393146855407394e-05,2.0928764570271596e-06,35.0,42.14106125312253,0.0,0.0,289.25802147197584,True,3.5,4353.870353472785,4353.870337776211,4353.870322079638,67.5,7.5,[],True,290.2580235648523,290.25802251841407,290.25802251841407,290.25802147197584,robust_miss,6,3,2,,False
nav_gain_3p5,False,holdout,0,31.138454961564456,0.0,0.0,4.516418903222075e-05,3.010945931691822e-06,31.74204112130598,31.74204112130598,0.0,0.0,421.42937947459933,True,3.5,6336.440737283179,6336.440714701085,6336.44069211899,72.5,7.5,[],True,422.42938248554526,422.42938098007227,422.4293809800723,422.42937947459933,robust_miss,6,3,2,,False
nav_gain_3p5,False,holdout,0,7.889838796373561,0.0,0.0,8.327075283887098e-05,5.5513835377496434e-06,9.177578549355037,9.177578549355037,0.0,0.0,484.06652561206846,True,3.5,7275.99796745178,7275.997925816403,7275.997884181027,77.5,7.5,[],True,485.066531163452,485.06652838776023,485.06652838776023,485.06652561206846,robust_miss,6,3,2,,False
nav_gain_3p5,False,holdout,0,4.403500306648874,0.0,0.0,9.966963716578903e-05,6.644642439823656e-06,4.488293412271167,4.488293412271167,0.0,0.0,496.11010012543176,True,3.5,7456.651601551113,7456.651551716295,7456.651501881476,82.5,7.5,[],True,497.1101067700742,497.11010344775303,497.110103447753,497.11010012543176,robust_miss,6,3,2,,False
nav_gain_3p5,False,holdout,0,5.918083940164987,0.0,0.0,0.0001107533380491077,7.383555896467442e-06,6.075072983187677,6.075072983187677,0.0,0.0,498.7362084060927,True,3.5,7496.043236844729,7496.04318146806,7496.043126091391,87.5,7.5,[],True,499.7362157896486,499.7362120978707,499.73621209787063,499.7362084060927,robust_miss,6,3,2,,False
nav_gain_3p5,False,holdout,6,5.111527148427643,0.0,0.0,1.2701778723796329e-06,8.467852482530976e-08,6.105718631650212,6.105718631650212,0.0,0.0,0.9999091054699742,True,3.5,0.0013634179503860646,0.0013627828614498749,0.001362147772513685,2.5,8.5,[],True,9.089453002573764e-05,9.0852190763325e-05,9.0852190763325e-05,9.080985150091233e-05,robust_hit,6,3,2,,False
nav_gain_3p5,False,holdout,6,10.020966374256385,0.0,0.0,2.8525518011792046e-06,1.9017012007861093e-07,10.027543976329179,10.027543976329179,0.0,0.0,0.9999088925135414,True,3.5,0.0013666122968788537,0.001365186020978264,0.0013637597450776744,7.5,8.5,[],True,9.110748645859024e-05,9.101240139855093e-05,9.101240139855094e-05,9.091731633851163e-05,robust_hit,6,3,2,,False
nav_gain_3p5,False,holdout,6,14.41017388179025,0.0,0.0,2.2726356487864224e-06,1.5150904325242093e-07,14.41926443452515,14.41926443452515,0.0,0.0,0.999908977594595,True,3.5,0.0013653360810751045,0.0013641997632507115,0.001363063445426318,12.5,8.5,[],True,9.102240540500697e-05,9.094665088338074e-05,9.094665088338076e-05,9.087089636175454e-05,robust_hit,6,3,2,,False
nav_gain_3p5,False,holdout,6,17.969378935922364,0.0,0.0,6.343084523910891e-06,4.2287230159405217e-07,17.98032663447907,17.98032663447907,0.0,0.0,0.9999078206394094,True,3.5,0.0013826904088585761,0.0013795188665966206,0.0013763473243346652,17.5,8.5,[],True,9.217936059057174e-05,9.196792443977471e-05,9.196792443977471e-05,9.175648828897769e-05,robust_hit,6,3,2,,False
nav_gain_3p5,False,holdout,6,21.22639178190483,0.0,0.0,5.4010945350372805e-06,3.6007296900247994e-07,21.239061901721666,21.239061901721666,0.0,0.0,0.9999080633486289,True,3.5,0.0013790497705654366,0.001376349223297918,0.0013736486760303993,22.5,8.5,[],True,9.19366513710291e-05,9.175661488652785e-05,9.175661488652786e-05,9.157657840202662e-05,robust_hit,6,3,2,,False
nav_gain_3p5,False,holdout,6,24.21146150117339,0.0,0.0,7.230070825060657e-06,4.820047216707132e-07,24.225849960932536,24.225849960932536,0.0,0.0,0.9999069083349622,True,3.5,0.0013963749755663824,0.001392759940153852,0.0013891449047413217,27.5,8.5,[],True,9.309166503775882e-05,9.285066267692347e-05,9.285066267692346e-05,9.260966031608811e-05,robust_hit,6,3,2,,False
nav_gain_3p5,False,holdout,6,26.95827962740475,0.0,0.0,7.003441982693717e-06,4.668961321795893e-07,26.974329827787223,26.974329827787223,0.0,0.0,0.9999065424946635,True,3.5,0.0014018625800472065,0.0013983608590558596,0.0013948591380645128,32.5,8.5,[],True,9.345750533648043e-05,9.322405727039063e-05,9.322405727039065e-05,9.299060920430085e-05,robust_hit,6,3,2,,False
nav_gain_3p5,False,holdout,6,29.44480485937443,0.0,0.0,5.250834734186983e-06,3.500556489458007e-07,29.461780479698493,29.461780479698493,0.0,0.0,0.9999071895677837,True,3.5,0.001392156483244182,0.0013895310658770886,0.001386905648509995,37.5,8.5,[],True,9.28104322162788e-05,9.26354043918059e-05,9.26354043918059e-05,9.2460376567333e-05,robust_hit,6,3,2,,False
nav_gain_3p5,False,holdout,6,31.671927493630257,0.0,0.0,2.5636316141062e-06,1.709087742737494e-07,31.689571837977738,31.689571837977738,0.0,0.0,0.9999084495985909,True,3.5,0.0013732560211360753,0.001371974205329022,0.0013706923895219691,42.5,8.5,[],True,9.155040140907169e-05,9.146494702193481e-05,9.146494702193481e-05,9.137949263479794e-05,robust_hit,6,3,2,,False
nav_gain_3p5,False,holdout,6,33.6220245906675,0.0,0.0,4.246704760262152e-06,2.831136506841435e-07,33.63864968745017,33.63864968745017,0.0,0.0,0.9999053494754395,True,3.5,0.001419757868406751,0.00141763451602662,0.0014155111636464889,47.5,8.5,[],True,9.465052456045007e-05,9.4508967735108e-05,9.4508967735108e-05,9.436741090976593e-05,robust_hit,6,3,2,,False
nav_gain_3p5,False,holdout,6,34.999986093228834,0.0,0.033623910336239106,1.6109282432387635e-06,1.0739521621591847e-07,35.0,35.31152471401069,0.0,0.0,0.9999073130685855,True,3.5,0.001390303971218128,0.0013894985070965085,0.0013886930429748891,52.5,8.5,[],True,9.268693141454186e-05,9.263323380643391e-05,9.263323380643391e-05,9.257953619832594e-05,robust_hit,6,3,2,,False
nav_gain_3p5,False,holdout,6,34.999999999981405,0.0,0.07068607068607069,7.845962333163925e-07,5.2306415532221706e-08,35.0,37.45950404001213,0.0,0.0,0.6313807196398481,True,3.5,5.529289205402279,5.529288813104162,5.529288420806045,57.5,8.5,[],True,0.3686192803601519,0.36861925420694414,0.36861925420694414,0.36861922805373637,robust_hit,6,3,2,,False
nav_gain_3p5,False,holdout,0,34.99999999994609,0.0,0.07621247113163972,1.852823879744392e-05,1.235215933093059e-06,35.0,39.20401945682142,0.0,0.0,137.650105771088,True,3.5,2079.7516050945587,2079.7515958304393,2079.75158656632,62.5,8.5,[],True,138.65010700630393,138.65010638869595,138.65010638869597,138.650105771088,robust_miss,6,3,2,,False
nav_gain_3p5,False,holdout,0,34.99999964409204,0.0,0.06782608695652174,3.18043621518882e-05,2.1202907873885124e-06,35.0,37.50593881783613,0.0,0.0,330.0957279031744,True,3.5,4966.435950351978,4966.435934449797,4966.435918547616,67.5,8.5,[],True,331.0957300234652,331.0957289633198,331.0957289633198,331.0957279031744,robust_miss,6,3,2,,False
nav_gain_3p5,False,holdout,0,29.47739181234857,0.0,0.0,4.1295975279354025e-05,2.7530650186236016e-06,30.108795401654483,30.108795401654483,0.0,0.0,481.83747240058767,True,3.5,7242.56212730479,7242.562106656802,7242.562086008815,72.5,8.5,[],True,482.8374751536527,482.83747377712024,482.8374737771202,482.83747240058767,robust_miss,6,3,2,,False
nav_gain_3p5,False,holdout,0,7.957735101864992,0.0,0.0,8.070153489825316e-05,5.380102379604068e-06,9.17417168259443,9.17417168259443,0.0,0.0,548.8692728688009,True,3.5,8248.039173733549,8248.039133382781,8248.039093032014,77.5,8.5,[],True,549.8692782489032,549.8692755588521,549.869275558852,549.8692728688009,robust_miss,6,3,2,,False
nav_gain_3p5,False,holdout,0,4.532081391831848,0.0,0.0,9.831470561039168e-05,6.554313699780323e-06,4.59543064516671,4.59543064516671,0.0,0.0,562.4899679840631,True,3.5,8452.349618075652,8452.349568918298,8452.349519760946,82.5,8.5,[],True,563.4899745383768,563.4899712612199,563.48997126122,563.4899679840631,robust_miss,6,3,2,,False
nav_gain_3p5,False,holdout,0,5.902772727724254,0.0,0.0,0.00011059614007535856,7.373075959549169e-06,6.036903019329237,6.036903019329237,0.0,0.0,565.3889057882055,True,3.5,8495.833697419223,8495.833642121152,8495.833586823082,87.5,8.5,[],True,566.3889131612815,566.3889094747435,566.3889094747435,566.3889057882055,robust_miss,6,3,2,,False
nav_gain_3p5,False,holdout,6,5.124321057780563,0.0,0.0,8.450594547538062e-07,5.6337296983597924e-08,6.105311534002523,6.105311534002523,0.0,0.0,0.9999091408819177,True,3.5,0.0013628867712335948,0.0013624642415062179,0.001362041711778841,2.5,9.5,[],True,9.085911808223966e-05,9.083094943374786e-05,9.083094943374786e-05,9.080278078525606e-05,robust_hit,6,3,2,,False
nav_gain_3p5,False,holdout,6,9.895070692039292,0.0,0.0,3.235575077876465e-06,2.157050051917553e-07,9.901011452399565,9.901011452399565,0.0,0.0,0.9999088225652056,True,3.5,0.0013676615219157364,0.001366043734376798,0.00136442594683786,7.5,9.5,[],True,9.117743479438242e-05,9.106958229178654e-05,9.106958229178654e-05,9.096172978919067e-05,robust_hit,6,3,2,,False
nav_gain_3p5,False,holdout,6,14.168241165332716,0.0,0.0,1.8065433866440873e-06,1.204362257762779e-07,14.176127127247698,14.176127127247698,0.0,0.0,0.9999090423230189,True,3.5,0.0013643651547166579,0.0013634618830233357,0.0013625586113300138,12.5,9.5,[],True,9.095767698111052e-05,9.089745886822238e-05,9.089745886822238e-05,9.083724075533425e-05,robust_hit,6,3,2,,False
nav_gain_3p5,False,holdout,6,17.65381742606227,0.0,0.0,6.0402551759397485e-06,4.0268367839598775e-07,17.66373539485637,17.66373539485637,0.0,0.0,0.9999079383967766,True,3.5,0.0013809240483506754,0.0013779039207627054,0.0013748837931747357,17.5,9.5,[],True,9.206160322337836e-05,9.186026138418038e-05,9.186026138418036e-05,9.165891954498238e-05,robust_hit,6,3,2,,False
nav_gain_3p5,False,holdout,6,20.757662473428375,0.0,0.0,6.946090247166156e-06,4.63072683144414e-07,20.76867495249145,20.76867495249145,0.0,0.0,0.9999073720758015,True,3.5,0.0013894188629780778,0.0013859458178544946,0.0013824727727309116,22.5,9.5,[],True,9.262792419853852e-05,9.239638785696633e-05,9.239638785696631e-05,9.21648515153941e-05,robust_hit,6,3,2,,False
nav_gain_3p5,False,holdout,6,23.598701161139697,0.0,0.0,6.205116012942104e-06,4.13674400862816e-07,23.611181166845608,23.611181166845608,0.0,0.0,0.9999074851940002,True,3.5,0.0013877220899978608,0.0013846195319913897,0.0013815169739849187,27.5,9.5,[],True,9.25148059998574e-05,9.230796879942597e-05,9.230796879942599e-05,9.210113159899458e-05,robust_hit,6,3,2,,False
nav_gain_3p5,False,holdout,6,26.18455082866851,0.0,0.0,5.991375952722191e-06,3.994250635148028e-07,26.198141460322287,26.198141460322287,0.0,0.0,0.9999072278186406,True,3.5,0.001391582720390071,0.00138858703241371,0.001385591344437349,32.5,9.5,[],True,9.277218135933807e-05,9.257246882758067e-05,9.257246882758067e-05,9.237275629582327e-05,robust_hit,6,3,2,,False
nav_gain_3p5,False,holdout,6,28.530539286771067,0.0,0.0,6.460524690246562e-06,4.3070164601644197e-07,28.544516143453524,28.544516143453524,0.0,0.0,0.9999061258113334,True,3.5,0.0014081128299988654,0.0014048825676537422,0.0014016523053086189,37.5,9.5,[],True,9.387418866659103e-05,9.36588378435828e-05,9.36588378435828e-05,9.344348702057459e-05,robust_hit,6,3,2,,False
nav_gain_3p5,False,holdout,6,30.62062274635939,0.0,0.0,2.507357950368031e-06,1.6715719669119754e-07,30.63480666898125,30.63480666898125,0.0,0.0,0.9999084662601416,True,3.5,0.0013730060978756526,0.0013717524189004685,0.0013704987399252846,42.5,9.5,[],True,9.153373985837684e-05,9.145016126003123e-05,9.145016126003123e-05,9.136658266168564e-05,robust_hit,6,3,2,,False
nav_gain_3p5,False,holdout,6,32.43263052394537,0.0,0.0,3.5876007507176094e-06,2.391733833811613e-07,32.4465586483549,32.4465586483549,0.0,0.0,0.9999063650318645,True,3.5,0.0014045245220324386,0.0014027307216570798,0.001400936921281721,47.5,9.5,[],True,9.36349681354959e-05,9.351538144380532e-05,9.351538144380532e-05,9.339579475211474e-05,robust_hit,6,3,2,,False
nav_gain_3p5,False,holdout,6,33.92228975745361,0.0,0.0,1.8593675301149543e-06,1.2395783534098882e-07,33.93446502698171,33.93446502698171,0.0,0.0,0.999906408170624,True,3.5,0.0014038774406398978,0.0014029477568748405,0.0014020180731097829,52.5,9.5,[],True,9.359182937599318e-05,9.35298504583227e-05,9.352985045832268e-05,9.346787154065219e-05,robust_hit,6,3,2,,False
nav_gain_3p5,False,holdout,6,34.99797450941057,0.0,0.008249312557286892,9.073128355296944e-07,6.048752237974853e-08,35.0,35.02209781510508,0.0,0.0,0.5052049393718175,True,3.5,7.421925909422737,7.42192545576632,7.4219250021099015,57.5,9.5,[],True,0.49479506062818246,0.4947950303844213,0.4947950303844213,0.4947950001406601,robust_hit,6,3,2,,False
nav_gain_3p5,False,holdout,0,34.99999918887111,0.0,0.03578732106339468,1.8745201032288605e-05,1.2496800820827048e-06,35.0,35.88327955278122,0.0,0.0,152.07630795791113,True,3.5,2296.144638113868,2296.1446287412678,2296.144619368667,62.5,9.5,[],True,153.0763092075912,153.07630858275118,153.07630858275115,153.07630795791113,robust_miss,6,3,2,,False
nav_gain_3p5,False,holdout,0,34.64090129927624,0.0,0.0,3.247620406909846e-05,2.1650802750627918e-06,34.727997943221425,34.727997943221425,0.0,0.0,376.16228116175,True,3.5,5657.434249902454,5657.434233664352,5657.43421742625,67.5,9.5,[],True,377.1622833268303,377.1622822442901,377.16228224429017,377.16228116175,robust_miss,6,3,2,,False
nav_gain_3p5,False,holdout,0,26.336166774728284,0.0,0.0,4.0832955164660234e-05,2.722196995819104e-06,26.536131973502897,26.536131973502897,0.0,0.0,542.4501844847309,True,3.5,8151.752808103919,8151.752787687441,8151.752767270964,72.5,9.5,[],True,543.4501872069279,543.4501858458294,543.4501858458294,543.4501844847309,robust_miss,6,3,2,,False
nav_gain_3p5,False,holdout,0,8.170428108641808,0.0,0.0,7.814191667421255e-05,5.20946105098119e-06,9.344024158664665,9.344024158664665,0.0,0.0,613.6516957061732,True,3.5,9219.775513734514,9219.775474663556,9219.775435592597,77.5,9.5,[],True,614.6517009156343,614.6516983109037,614.6516983109037,614.6516957061732,robust_miss,6,3,2,,False
nav_gain_3p5,False,holdout,0,4.6481199005736515,0.0,0.0,9.702699207991827e-05,6.468466153819463e-06,4.6968732820341605,4.6968732820341605,0.0,0.0,628.8752154552714,True,3.5,9448.128328856063,9448.128280342566,9448.12823182907,82.5,9.5,[],True,629.8752219237375,629.8752186895044,629.8752186895044,629.8752154552714,robust_miss,6,3,2,,False
nav_gain_3p5,False,holdout,0,5.9451475726347915,0.0,0.0,0.00011035885654564481,7.357257004514395e-06,6.059496304440302,6.059496304440302,0.0,0.0,632.0435166907494,True,3.5,9495.652860720096,9495.652805540669,9495.65275036124,87.5,9.5,[],True,633.0435240480064,633.0435203693779,633.0435203693778,633.0435166907494,robust_miss,6,3,2,,False
nav_gain_3p5,False,holdout,6,5.123597737254563,0.0,0.0,1.195991043838416e-06,7.973273625589078e-08,6.104998302749326,6.104998302749326,0.0,0.0,0.9999091122730186,True,3.5,0.0013633159047212375,0.0013627179091993183,0.001362119913677399,2.5,10.5,[],True,9.088772698141583e-05,9.084786061328789e-05,9.084786061328789e-05,9.080799424515994e-05,robust_hit,6,3,2,,False
nav_gain_3p5,False,holdout,6,9.794748644323905,0.0,0.0,9.556622799493809e-07,6.371081866329115e-08,9.800150890070276,9.800150890070276,0.0,0.0,0.9999091321746227,True,3.5,0.0013630173806593547,0.00136253954951938,0.0013620617183794054,7.5,10.5,[],True,9.086782537729031e-05,9.083596996795866e-05,9.083596996795868e-05,9.080411455862702e-05,robust_hit,6,3,2,,False
nav_gain_3p5,False,holdout,6,13.967173193546676,0.0,0.0,4.288868892715885e-06,2.859245928477338e-07,13.974287941405185,13.974287941405185,0.0,0.0,0.9999085650599121,True,3.5,0.0013715241013189335,0.0013693796668725756,0.0013672352324262177,12.5,10.5,[],True,9.143494008792891e-05,9.129197779150505e-05,9.129197779150503e-05,9.114901549508117e-05,robust_hit,6,3,2,,False
nav_gain_3p5,False,holdout,6,17.370231773419295,0.0,0.0,5.909336731953641e-06,3.939557821302337e-07,17.378787464154076,17.378787464154076,0.0,0.0,0.9999079869300875,True,3.5,0.0013801960486877517,0.0013772413803217747,0.001374286711955798,17.5,10.5,[],True,9.201306991251678e-05,9.181609202145166e-05,9.181609202145166e-05,9.161911413038654e-05,robust_hit,6,3,2,,False
nav_gain_3p5,False,holdout,6,20.3485036249073,0.0,0.0,4.599580894344875e-06,3.066387262896529e-07,20.358537170410663,20.358537170410663,0.0,0.0,0.9999083487252415,True,3.5,0.0013747691213775943,0.001372469330930422,0.0013701695404832494,22.5,10.5,[],True,9.165127475850628e-05,9.149795539536145e-05,9.149795539536145e-05,9.134463603221663e-05,robust_hit,6,3,2,,False
nav_gain_3p5,False,holdout,6,23.059223905208817,0.0,0.0,4.122496077074668e-06,2.7483307180498507e-07,23.07008978306393,23.07008978306393,0.0,0.0,0.9999083976134239,True,3.5,0.0013740357986415477,0.0013719745506030102,0.001369913302564473,27.5,10.5,[],True,9.160238657610318e-05,9.146497004020069e-05,9.146497004020069e-05,9.13275535042982e-05,robust_hit,6,3,2,,False
nav_gain_3p5,False,holdout,6,25.51310251623963,0.0,0.0,3.963525967704776e-06,2.6423506451365357e-07,25.525129651395005,25.525129651395005,0.0,0.0,0.9999082945798643,True,3.5,0.0013755813020362028,0.0013735995390523504,0.001371617776068498,32.5,10.5,[],True,9.170542013574685e-05,9.157330260349002e-05,9.157330260349002e-05,9.14411850712332e-05,robust_hit,6,3,2,,False
nav_gain_3p5,False,holdout,6,27.723760702821767,0.0,0.0,6.292458155084807e-06,4.1949721033899255e-07,27.73598845297767,27.73598845297767,0.0,0.0,0.9999062524744716,True,3.5,0.0014062128829252251,0.001403066653847683,0.0013999204247701403,37.5,10.5,[],True,9.374752552834835e-05,9.353777692317884e-05,9.353777692317885e-05,9.332802831800935e-05,robust_hit,6,3,2,,False
nav_gain_3p5,False,holdout,6,29.69067669058267,0.0,0.0,5.024447704690986e-06,3.3496318031272967e-07,29.70307384095242,29.70307384095242,0.0,0.0,0.99990629593585,True,3.5,0.001405560962250492,0.0014030487383981467,0.0014005365145458011,42.5,10.5,[],True,9.37040641500328e-05,9.353658255987644e-05,9.353658255987644e-05,9.336910096972007e-05,robust_hit,6,3,2,,False
nav_gain_3p5,False,holdout,6,31.384236419567216,0.0,0.0,3.6400158507207594e-06,2.426677233813903e-07,31.39600952281057,31.39600952281057,0.0,0.0,0.9999061722325087,True,3.5,0.0014074165123698335,0.0014055965044444732,0.0014037764965191127,47.5,10.5,[],True,9.382776749132224e-05,9.370643362963154e-05,9.370643362963154e-05,9.358509976794085e-05,robust_hit,6,3,2,,False
nav_gain_3p5,False,holdout,6,32.76427157974303,0.0,0.0,1.3005840473661115e-06,8.670560315774257e-08,32.774634497857015,32.774634497857015,0.0,0.0,0.9999077044807632,True,3.5,0.0013844327885530066,0.0013837824965293236,0.0013831322045056405,52.5,10.5,[],True,9.229551923686711e-05,9.225216643528825e-05,9.225216643528824e-05,9.220881363370937e-05,robust_hit,6,3,2,,False
nav_gain_3p5,False,holdout,0,33.74816255710252,0.0,0.0,1.5844853393787162e-06,1.0563235597338405e-07,33.75579490997946,33.75579490997946,0.0,0.0,0.39084344307291485,True,3.5,20.862653230579063,20.862652438336394,20.862651646093724,57.5,10.5,[],True,1.3908435487052708,1.3908434958890927,1.3908434958890927,1.3908434430729149,robust_miss,6,3,2,,False
nav_gain_3p5,False,holdout,0,34.19018133150594,0.0,0.0,1.9484189579088707e-05,1.2989459889922728e-06,34.20716735867718,34.20716735867718,0.0,0.0,174.34645765584963,True,3.5,2630.1968843219342,2630.1968745798395,2630.1968648377447,62.5,10.5,[],True,175.34645895479562,175.3464583053226,175.34645830532264,175.34645765584963,robust_miss,6,3,2,,False
nav_gain_3p5,False,holdout,0,32.83840235286952,0.0,0.0,3.3133076613012236e-05,2.208871762832132e-06,32.944552698087925,32.944552698087925,0.0,0.0,424.16331630302074,True,3.5,6377.449777678387,6377.4497611118495,6377.449744545311,67.5,10.5,[],True,425.1633185118925,425.1633174074566,425.1633174074566,425.16331630302074,robust_miss,6,3,2,,False
nav_gain_3p5,False,holdout,0,25.540438427542767,0.0,0.0,4.1109467929345556e-05,2.7406312028688262e-06,25.70364458941702,25.70364458941702,0.0,0.0,602.7674597698967,True,3.5,9056.511937657919,9056.511917103186,9056.51189654845,72.5,10.5,[],True,603.7674625105279,603.7674611402123,603.7674611402124,603.7674597698967,robust_miss,6,3,2,,False
nav_gain_3p5,False,holdout,0,8.255085256130545,0.0,0.0,7.577297583338805e-05,5.051531729804992e-06,9.394772016621769,9.394772016621769,0.0,0.0,678.4511696280474,True,3.5,10191.767620193687,10191.767582307199,10191.76754442071,77.5,10.5,[],True,679.4511746795791,679.4511721538132,679.4511721538133,679.4511696280474,robust_miss,6,3,2,,False
nav_gain_3p5,False,holdout,0,4.751228835107104,0.0,0.0,9.580168625689112e-05,6.386779091371864e-06,4.795835064822736,4.795835064822736,0.0,0.0,695.2652422500028,True,3.5,10443.978729551727,10443.978681650884,10443.97863375004,82.5,10.5,[],True,696.2652486367818,696.2652454433924,696.2652454433924,696.2652422500028,robust_miss,6,3,2,,False
nav_gain_3p5,False,holdout,0,5.981296456117352,0.0,0.0,0.0001101767866202863,7.345119115598209e-06,6.080967649211341,6.080967649211341,0.0,0.0,698.699870185252,True,3.5,10495.498162955568,10495.498107867175,10495.498052778781,87.5,10.5,[],True,699.6998775303712,699.6998738578117,699.6998738578116,699.699870185252,robust_miss,6,3,2,,False
nav_gain_3p5,False,holdout,6,5.085202554042199,0.0,0.0,1.1064234332457817e-06,7.376156221638997e-08,6.10470172559033,6.10470172559033,0.0,0.0,0.9999091201320427,True,3.5,0.001363198019360253,0.0013626448076436298,0.0013620915959270071,2.5,11.5,[],True,9.087986795735019e-05,9.0842987176242e-05,9.0842987176242e-05,9.08061063951338e-05,robust_hit,6,3,2,,False
nav_gain_3p5,False,holdout,6,9.700511033401803,0.0,0.0,1.2011298592138134e-06,8.007532394758575e-08,9.712223311280678,9.712223311280678,0.0,0.0,0.9999091110963321,True,3.5,0.0013633335550197663,0.0013627329900901593,0.0013621324251605524,7.5,11.5,[],True,9.088890366798441e-05,9.08488660060106e-05,9.084886600601062e-05,9.080882834403682e-05,robust_hit,6,3,2,,False
nav_gain_3p5,False,holdout,6,13.753316272444753,0.0,0.0,4.196752582578869e-06,2.797835055052552e-07,13.759771737286728,13.759771737286728,0.0,0.0,0.9999085885153701,True,3.5,0.0013711722694487575,0.001369073893157468,0.0013669755168661786,12.5,11.5,[],True,9.141148462991717e-05,9.127159287716455e-05,9.127159287716455e-05,9.113170112441191e-05,robust_hit,6,3,2,,False
nav_gain_3p5,False,holdout,6,17.10061794823121,0.0,0.0,4.499250702036427e-06,2.999500468024366e-07,17.10839384533848,17.10839384533848,0.0,0.0,0.9999084592360757,True,3.5,0.0013731114588644035,0.0013708618335133852,0.001368612208162367,17.5,11.5,[],True,9.154076392429357e-05,9.139078890089236e-05,9.139078890089234e-05,9.124081387749113e-05,robust_hit,6,3,2,,False
nav_gain_3p5,False,holdout,6,19.982215963161316,0.0,0.0,3.4751238899702937e-06,2.3167492599802952e-07,19.990873319129765,19.990873319129765,0.0,0.0,0.9999086819658595,True,3.5,0.001369770512108414,0.0013680329501634288,0.0013662953882184437,22.5,11.5,[],True,9.131803414056094e-05,9.120219667756192e-05,9.120219667756193e-05,9.108635921456291e-05,robust_hit,6,3,2,,False
nav_gain_3p5,False,holdout,6,22.569977391653364,0.0,0.0,6.0004790233317805e-06,4.0003193488878446e-07,22.579697551209083,22.579697551209083,0.0,0.0,0.999907579032248,True,3.5,0.001386314516279842,0.0013833142767681762,0.0013803140372565103,27.5,11.5,[],True,9.242096775198947e-05,9.222095178454507e-05,9.222095178454507e-05,9.202093581710068e-05,robust_hit,6,3,2,,False
nav_gain_3p5,False,holdout,6,24.91032690236908,0.0,0.0,5.572160314237275e-06,3.714773542824859e-07,24.92054061131439,24.92054061131439,0.0,0.0,0.9999074643970645,True,3.5,0.0013880340440337669,0.0013852479638766485,0.0013824618837195296,32.5,11.5,[],True,9.253560293558446e-05,9.234986425844322e-05,9.234986425844322e-05,9.216412558130197e-05,robust_hit,6,3,2,,False
nav_gain_3p5,False,holdout,6,27.015131493677405,0.0,0.0,6.169051916908369e-06,4.1127012779389215e-07,27.025521838011056,27.025521838011056,0.0,0.0,0.9999063377606984,True,3.5,0.0014049335895248648,0.0014018490635664107,0.0013987645376079565,37.5,11.5,[],True,9.366223930165766e-05,9.34566042377607e-05,9.345660423776072e-05,9.325096917386377e-05,robust_hit,6,3,2,,False
nav_gain_3p5,False,holdout,6,28.872467578302754,0.0,0.0,5.2434851047821265e-06,3.495656736521454e-07,28.88284324317819,28.88284324317819,0.0,0.0,0.9999059757758179,True,3.5,0.0014103633627321494,0.0014077416201797581,0.0014051198776273673,42.5,11.5,[],True,9.40242241821433e-05,9.384944134531723e-05,9.384944134531723e-05,9.367465850849116e-05,robust_hit,6,3,2,,False
nav_gain_3p5,False,holdout,6,30.460804699505932,0.0,0.0,3.93936495806063e-06,2.626243305373744e-07,30.47052534238349,30.47052534238349,0.0,0.0,0.9999055048525064,True,3.5,0.0014174272124046945,0.0014154575299256643,0.0014134878474466339,47.5,11.5,[],True,9.44951474936463e-05,9.436383532837761e-05,9.43638353283776e-05,9.423252316310892e-05,robust_hit,6,3,2,,False
nav_gain_3p5,False,holdout,6,31.740497461391616,0.0,0.0,9.963430895973836e-07,6.642287263982738e-08,31.74917264083821,31.74917264083821,0.0,0.0,0.9999082298098433,True,3.5,0.0013765528523501979,0.001376054680805399,0.0013755565092606005,52.5,11.5,[],True,9.177019015667986e-05,9.173697872035994e-05,9.173697872035994e-05,9.170376728404003e-05,robust_hit,6,3,2,,False
nav_gain_3p5,False,holdout,0,32.63098020793516,0.0,0.0,2.3163368254586203e-06,1.5442245482333306e-07,32.637024686377536,32.637024686377536,0.0,0.0,1.9107983548262975,True,3.5,43.66197763873129,43.66197648056288,43.66197532239446,57.5,11.5,[],True,2.9107985092487523,2.910798432037525,2.9107984320375246,2.9107983548262975,robust_miss,6,3,2,,False
nav_gain_3p5,False,holdout,0,32.885045515258795,0.0,0.0,2.0217368728481233e-05,1.3478245932674326e-06,32.92751340400265,32.92751340400265,0.0,0.0,198.23718339701824,True,3.5,2988.5577711726423,2988.557761063958,2988.5577509552736,62.5,11.5,[],True,199.23718474484284,199.23718407093054,199.23718407093054,199.23718339701824,robust_miss,6,3,2,,False
nav_gain_3p5,False,holdout,0,31.202363731746146,0.0,0.0,3.3660080589470454e-05,2.2440053726313636e-06,31.324529338596957,31.324529338596957,0.0,0.0,471.98113820068767,True,3.5,7094.717106670396,7094.717089840356,7094.717073010315,67.5,11.5,[],True,472.98114044469304,472.98113932269035,472.98113932269035,472.98113820068767,robust_miss,6,3,2,,False
nav_gain_3p5,False,holdout,0,24.40281353234386,0.0,0.0,4.1340836105518974e-05,2.7560556645767065e-06,24.561685908022795,24.561685908022795,0.0,0.0,663.2805274140494,True,3.5,9964.207952551576,9964.207931881157,9964.20791121074,72.5,11.5,[],True,664.2805301701051,664.2805287920772,664.2805287920772,664.2805274140494,robust_miss,6,3,2,,False
nav_gain_3p5,False,holdout,0,8.40640759236834,0.0,0.0,7.32763801352121e-05,4.88509203933063e-06,9.555334580358874,9.555334580358874,0.0,0.0,743.2625454303673,True,3.5,11163.93825473189,11163.938218093701,11163.938181455509,77.5,11.5,[],True,744.2625503154593,744.2625478729133,744.2625478729133,744.2625454303673,robust_miss,6,3,2,,False
nav_gain_3p5,False,holdout,0,4.842480204571827,0.0,0.0,9.463162859901786e-05,6.308775255092769e-06,4.90927704110723,4.90927704110723,0.0,0.0,761.659576197192,True,3.5,11439.89373758951,11439.893690273695,11439.89364295788,82.5,11.5,[],True,762.6595825059673,762.6595793515795,762.6595793515796,762.659576197192,robust_miss,6,3,2,,False
nav_gain_3p5,False,holdout,0,5.975574296667672,0.0,0.0,0.0001101174857467413,7.3411656558164395e-06,6.064425549518242,6.064425549518242,0.0,0.0,765.3572272296077,True,3.5,11495.358518561601,11495.358463502858,11495.358408444115,87.5,11.5,[],True,766.3572345707734,766.3572309001905,766.3572309001905,766.3572272296077,robust_miss,6,3,2,,False
nav_gain_3p5,False,holdout,6,4.981214729344947,0.0,0.0,1.1310028520535812e-06,7.540019013691716e-08,6.104343204726128,6.104343204726128,0.0,0.0,0.9999091180177284,True,3.5,0.0013632297340732328,0.001362664232647206,0.0013620987312211793,2.5,12.5,[],True,9.088198227154886e-05,9.08442821764804e-05,9.08442821764804e-05,9.080658208141194e-05,robust_hit,6,3,2,,False
nav_gain_3p5,False,holdout,6,9.532213531260647,0.0,0.0,2.939018912342375e-06,1.9593459415615563e-07,9.567846713133823,9.567846713133823,0.0,0.0,0.9999088773679209,True,3.5,0.001366839481187417,0.0013653699717312458,0.0013639004622750747,7.5,12.5,[],True,9.112263207916113e-05,9.102466478208305e-05,9.102466478208305e-05,9.092669748500498e-05,robust_hit,6,3,2,,False
nav_gain_3p5,False,holdout,6,13.588221038953188,0.0,0.0,3.7048435139696006e-06,2.4698956759797337e-07,13.594422243362445,13.594422243362445,0.0,0.0,0.9999087065709186,True,3.5,0.001369401436221253,0.0013675490144642683,0.0013656965927072834,12.5,12.5,[],True,9.129342908141686e-05,9.116993429761788e-05,9.116993429761788e-05,9.104643951381889e-05,robust_hit,6,3,2,,False
nav_gain_3p5,False,holdout,6,16.84034411056827,0.0,0.0,5.363608852172004e-06,3.5757392347812906e-07,16.847490495268044,16.847490495268044,0.0,0.0,0.9999081826220314,True,3.5,0.001377260669528533,0.001374578865102447,0.001371897060676361,17.5,12.5,[],True,9.181737796856887e-05,9.16385910068298e-05,9.16385910068298e-05,9.145980404509074e-05,robust_hit,6,3,2,,False
nav_gain_3p5,False,holdout,6,19.640837880134658,0.0,0.0,3.4317411196397533e-06,2.2878274130930785e-07,19.648841574714236,19.648841574714236,0.0,0.0,0.9999086924026283,True,3.5,0.001369613960575569,0.0013678980900157492,0.0013661822194559292,22.5,12.5,[],True,9.130759737170459e-05,9.119320600104994e-05,9.119320600104994e-05,9.107881463039528e-05,robust_hit,6,3,2,,False
nav_gain_3p5,False,holdout,6,22.13370359413643,0.0,0.0,6.690214014630621e-06,4.4601426764202877e-07,22.142343765682153,22.142343765682153,0.0,0.0,0.999907195891715,True,3.5,0.0013920616242761828,0.0013887165172688674,0.0013853714102615522,27.5,12.5,[],True,9.280410828507885e-05,9.258110115125783e-05,9.258110115125783e-05,9.235809401743682e-05,robust_hit,6,3,2,,False
nav_gain_3p5,False,holdout,6,24.372708701795933,0.0,0.0,6.4734142949998946e-06,4.315609530000029e-07,24.38197993384642,24.38197993384642,0.0,0.0,0.9999068630428771,True,3.5,0.0013970543568423213,0.0013938176496948215,0.0013905809425473214,32.5,12.5,[],True,9.313695712282143e-05,9.292117664632142e-05,9.292117664632142e-05,9.270539616982142e-05,robust_hit,6,3,2,,False
nav_gain_3p5,False,holdout,6,26.371835878051776,0.0,0.0,4.9137675468486144e-06,3.2758450312324187e-07,26.38123537129366,26.38123537129366,0.0,0.0,0.9999073581037784,True,3.5,0.0013896284433242985,0.0013871715595508741,0.0013847146757774498,37.5,12.5,[],True,9.26418962216199e-05,9.247810397005828e-05,9.247810397005829e-05,9.231431171849666e-05,robust_hit,6,3,2,,False
nav_gain_3p5,False,holdout,6,28.133034021280835,0.0,0.0,5.195437595224535e-06,3.463625063482897e-07,28.142276861470624,28.142276861470624,0.0,0.0,0.9999059815151653,True,3.5,0.001410277272520497,0.0014076795537228846,0.0014050818349252724,42.5,12.5,[],True,9.401848483469979e-05,9.384530358152565e-05,9.384530358152565e-05,9.36721223283515e-05,robust_hit,6,3,2,,False
nav_gain_3p5,False,holdout,6,29.633044970412175,0.0,0.0,1.916938656437977e-06,1.2779591042920478e-07,29.64150137259219,29.64150137259219,0.0,0.0,0.9999082966512396,True,3.5,0.001375550231406555,0.001374591762078336,0.001373633292750117,47.5,12.5,[],True,9.1703348760437e-05,9.16394508052224e-05,9.163945080522241e-05,9.15755528500078e-05,robust_hit,6,3,2,,False
nav_gain_3p5,False,holdout,6,30.819589691416322,0.0,0.0,1.8256581673229463e-06,1.21710544488191e-07,30.826736806381074,30.826736806381074,0.0,0.0,0.9999054868179258,True,3.5,0.001417697731113469,0.0014167849020298075,0.001415872072946146,52.5,12.5,[],True,9.451318207423126e-05,9.445232680198717e-05,9.445232680198716e-05,9.439147152974307e-05,robust_hit,6,3,2,,False
nav_gain_3p5,False,holdout,0,31.62974011010464,0.0,0.0,3.1280179229042915e-06,2.085345274238648e-07,31.634982528676215,31.634982528676215,0.0,0.0,4.251789564553883,True,3.5,78.77684659632617,78.77684503231721,78.77684346830824,57.5,12.5,[],True,5.251789773088411,5.251789668821147,5.2517896688211465,5.251789564553883,robust_miss,6,3,2,,False
nav_gain_3p5,False,holdout,0,31.642370778827157,0.0,0.0,2.0847125597356353e-05,1.3898083750518708e-06,31.70588978228452,31.70588978228452,0.0,0.0,222.19109402888643,True,3.5,3347.866431280422,3347.8664208568593,3347.8664104332966,62.5,12.5,[],True,223.1910954186948,223.1910947237906,223.19109472379063,223.19109402888643,robust_miss,6,3,2,,False
nav_gain_3p5,False,holdout,0,29.73692946883792,0.0,0.0,3.3989072107942775e-05,2.265938178425131e-06,29.873027788147542,29.873027788147542,0.0,0.0,517.6758533765355,True,3.5,7780.137834637106,7780.137817642569,7780.137800648034,67.5,12.5,[],True,518.6758556424737,518.6758545095046,518.6758545095047,518.6758533765355,robust_miss,6,3,2,,False
nav_gain_3p5,False,holdout,0,23.14766049105551,0.0,0.0,4.152641304244753e-05,2.7684275210049236e-06,23.31756889792476,23.31756889792476,0.0,0.0,723.7748591924951,True,3.5,10871.62292941384,10871.622908650634,10871.622887887426,72.5,12.5,[],True,724.7748619609226,724.7748605767089,724.7748605767089,724.7748591924951,robust_miss,6,3,2,,False
nav_gain_3p5,False,holdout,0,6.890550520390429,0.0,0.0,7.306227053049952e-05,4.870817974733654e-06,6.899472761452478,6.899472761452478,0.0,0.0,808.4093857642014,True,3.5,12141.14085952529,12141.140822994153,12141.14078646302,77.5,12.5,[],True,809.4093906350193,809.4093881996104,809.4093881996104,809.4093857642014,robust_miss,6,3,2,,False
nav_gain_3p5,False,holdout,0,4.92331226784478,0.0,0.0,9.351082917419262e-05,6.234055263121263e-06,5.004883321995585,5.004883321995585,0.0,0.0,828.0578199302729,True,3.5,12435.867392464923,12435.867345709508,12435.867298954094,82.5,12.5,[],True,829.0578261643282,829.0578230473005,829.0578230473005,829.0578199302729,robust_miss,6,3,2,,False
nav_gain_3p5,False,holdout,0,6.006362898178404,0.0,0.0,0.00010990727241733111,7.327151479330496e-06,6.0858729608202475,6.0858729608202475,0.0,0.0,832.0158465766664,True,3.5,12495.237808557267,12495.237753603631,12495.237698649995,87.5,12.5,[],True,833.0158539038179,833.0158502402422,833.0158502402421,833.0158465766664,robust_miss,6,3,2,,False
nav_gain_3p5,False,holdout,6,4.862144326242495,0.0,0.0,5.162358690227655e-07,3.441572460151951e-08,6.104065956712882,6.104065956712882,0.0,0.0,0.9999091624046598,True,3.5,0.0013625639301030133,0.001362305812168502,0.0013620476942339905,2.5,13.5,[],True,9.083759534020088e-05,9.082038747790012e-05,9.082038747790012e-05,9.080317961559936e-05,robust_hit,6,3,2,,False
nav_gain_3p5,False,holdout,6,9.31772555947852,0.0,0.0,1.1469505836756225e-06,7.646337224505144e-08,9.356765536371022,9.356765536371022,0.0,0.0,0.9999091160039332,True,3.5,0.0013632599410031945,0.0013626864657113567,0.001362112990419519,7.5,13.5,[],True,9.088399606687964e-05,9.084576438075712e-05,9.084576438075711e-05,9.080753269463459e-05,robust_hit,6,3,2,,False
nav_gain_3p5,False,holdout,6,13.423386972330954,0.0,0.0,1.8807338807691996e-06,1.2538225871794122e-07,13.437541418166518,13.437541418166518,0.0,0.0,0.9999090326524994,True,3.5,0.0013645102125082154,0.0013635698455678306,0.0013626294786274462,12.5,13.5,[],True,9.096734750054769e-05,9.090465637118872e-05,9.090465637118872e-05,9.084196524182975e-05,robust_hit,6,3,2,,False
nav_gain_3p5,False,holdout,6,16.599106275888886,0.0,0.0,2.7482587737297746e-06,1.83217251581994e-07,16.605921962921656,16.605921962921656,0.0,0.0,0.9999088812612894,True,3.5,0.0013667810806587634,0.0013654069512718985,0.0013640328218850336,17.5,13.5,[],True,9.111873871058423e-05,9.102713008479323e-05,9.102713008479323e-05,9.093552145900224e-05,robust_hit,6,3,2,,False
nav_gain_3p5,False,holdout,6,19.32504081321256,0.0,0.0,6.062120778465175e-06,4.041413852310153e-07,19.332336916531577,19.332336916531577,0.0,0.0,0.999907775426935,True,3.5,0.0013833685959743936,0.001380337535585161,0.0013773064751959284,22.5,13.5,[],True,9.222457306495957e-05,9.202250237234406e-05,9.202250237234406e-05,9.182043167972856e-05,robust_hit,6,3,2,,False
nav_gain_3p5,False,holdout,6,21.726062826109757,0.0,0.0,5.622417849783252e-06,3.74827856652215e-07,21.734118004742598,21.734118004742598,0.0,0.0,0.9999077583518958,True,3.5,0.0013836247215631068,0.0013808135126382153,0.0013780023037133235,27.5,13.5,[],True,9.224164810420712e-05,9.205423417588101e-05,9.205423417588101e-05,9.18668202475549e-05,robust_hit,6,3,2,,False
nav_gain_3p5,False,holdout,6,23.875199108347953,0.0,0.0,5.06972369875144e-06,3.379815799167609e-07,23.883304277656404,23.883304277656404,0.0,0.0,0.9999077368798864,True,3.5,0.0013839468017033136,0.0013814119398539379,0.0013788770780045622,32.5,13.5,[],True,9.226312011355424e-05,9.209412932359586e-05,9.209412932359586e-05,9.192513853363748e-05,robust_hit,6,3,2,,False
nav_gain_3p5,False,holdout,6,25.791762410392753,0.0,0.0,4.550585324128442e-06,3.0337235494189705e-07,25.80007160826132,25.80007160826132,0.0,0.0,0.9999075999318684,True,3.5,0.0013860010219733463,0.001383725729311282,0.0013814504366492179,37.5,13.5,[],True,9.240006813155642e-05,9.224838195408547e-05,9.224838195408548e-05,9.209669577661453e-05,robust_hit,6,3,2,,False
nav_gain_3p5,False,holdout,6,27.466329021554454,0.0,0.0,4.216163876460174e-06,2.8107759176400706e-07,27.474478763820603,27.474478763820603,0.0,0.0,0.9999070512287163,True,3.5,0.001394231569256029,0.0013921234873177986,0.0013900154053795688,42.5,13.5,[],True,9.294877128373526e-05,9.280823248785325e-05,9.280823248785327e-05,9.266769369197126e-05,robust_hit,6,3,2,,False
nav_gain_3p5,False,holdout,6,28.878062572889668,0.0,0.0,3.727999661690259e-06,2.485333107793425e-07,28.885625979099473,28.885625979099473,0.0,0.0,0.9999056573046718,True,3.5,0.001415140429921688,0.001413276430090843,0.0014114124302599977,47.5,13.5,[],True,9.434269532811252e-05,9.421842867272285e-05,9.421842867272286e-05,9.409416201733318e-05,robust_hit,6,3,2,,False
nav_gain_3p5,False,holdout,6,29.988907013401533,0.0,0.0,1.693638931565735e-06,1.1290926210438595e-07,29.99494885025323,29.99494885025323,0.0,0.0,0.9999056294580664,True,3.5,0.001415558129004319,0.0014147113095385362,0.0014138644900727533,52.5,13.5,[],True,9.437054193362128e-05,9.431408730256907e-05,9.431408730256908e-05,9.425763267151689e-05,robust_hit,6,3,2,,False
nav_gain_3p5,False,holdout,0,30.687595679433425,0.0,0.0,4.014837088561762e-06,2.676558068515078e-07,30.71260266219247,30.71260266219247,0.0,0.0,7.54653674100047,True,3.5,128.19805512984414,128.1980531224256,128.19805111500705,57.5,13.5,[],True,8.546537008656276,8.546536874828373,8.546536874828373,8.54653674100047,robust_miss,6,3,2,,False
nav_gain_3p5,False,holdout,0,30.468915438837296,0.0,0.0,2.145537109754514e-05,1.4303580542218697e-06,30.550677766398373,30.550677766398373,0.0,0.0,246.990599168513,True,3.5,3719.859008983066,3719.8589982553804,3719.858987527695,62.5,13.5,[],True,247.99060059887105,247.990599883692,247.99059988369203,247.990599168513,robust_miss,6,3,2,,False
nav_gain_3p5,False,holdout,0,28.39921411665461,0.0,0.0,3.432533412706107e-05,2.2883556312081055e-06,28.54842558502375,28.54842558502375,0.0,0.0,564.2672416786088,True,3.5,8479.008659504467,8479.0086423418,8479.008625179133,67.5,13.5,[],True,565.2672439669644,565.2672428227867,565.2672428227866,565.2672416786088,robust_miss,6,3,2,,False
nav_gain_3p5,False,holdout,0,22.007138041743808,0.0,0.0,4.1655766835901886e-05,2.777051122393459e-06,22.187065829740963,22.187065829740963,0.0,0.0,783.8793573456395,True,3.5,11773.19040184036,11773.190381012477,11773.190360184593,72.5,13.5,[],True,784.8793601226906,784.8793587341651,784.8793587341651,784.8793573456395,robust_miss,6,3,2,,False
nav_gain_3p5,False,holdout,0,6.830836744972348,0.0,0.0,7.107006967999041e-05,4.738004577120591e-06,6.838852663078738,6.838852663078738,0.0,0.0,873.3212007621365,True,3.5,13114.818082502117,13114.818046967082,13114.818011432048,77.5,13.5,[],True,874.3212055001411,874.3212031311388,874.3212031311389,874.3212007621365,robust_miss,6,3,2,,False
nav_gain_3p5,False,holdout,0,4.9951403780098715,0.0,0.0,9.243417480320204e-05,6.1622783960046945e-06,5.086552506354272,5.086552506354272,0.0,0.0,894.4596303530351,True,3.5,13431.894547729702,13431.894501512616,13431.894455295527,82.5,13.5,[],True,895.4596365153135,895.4596334341744,895.4596334341743,895.4596303530351,robust_miss,6,3,2,,False
nav_gain_3p5,False,holdout,0,6.003076872693276,0.0,0.0,0.00010987780842697248,7.325187198148342e-06,6.075245246622253,6.075245246622253,0.0,0.0,898.6751143746712,True,3.5,13495.126825497877,13495.126770558973,13495.126715620068,87.5,13.5,[],True,899.6751216998584,899.6751180372648,899.6751180372648,899.6751143746712,robust_miss,6,3,2,,False
nav_gain_3p5,False,holdout,6,4.702583253370206,0.0,0.0,7.909616496922477e-07,5.273077664615165e-08,6.103808291097749,6.103808291097749,0.0,0.0,0.9999091447775958,True,3.5,0.00136282833606161,0.0013624328552367638,0.0013620373744119177,2.5,14.5,[],True,9.085522240410733e-05,9.082885701578427e-05,9.082885701578426e-05,9.080249162746118e-05,robust_hit,6,3,2,,False
nav_gain_3p5,False,holdout,6,9.070627882513259,0.0,0.0,1.7035814959319526e-06,1.1357209972880046e-07,9.129059168846906,9.129059168846906,0.0,0.0,0.9999090587801138,True,3.5,0.0013641182982934443,0.0013632665075454782,0.0013624147167975123,7.5,14.5,[],True,9.094121988622962e-05,9.088443383636522e-05,9.088443383636522e-05,9.082764778650082e-05,robust_hit,6,3,2,,False
nav_gain_3p5,False,holdout,6,13.197917572548198,0.0,0.0,1.737177932384891e-06,1.1581186215899725e-07,13.23554946935708,13.23554946935708,0.0,0.0,0.9999090508834912,True,3.5,0.0013642367476310445,0.001363368158664852,0.0013624995696986596,12.5,14.5,[],True,9.09491165087363e-05,9.089121057765681e-05,9.08912105776568e-05,9.083330464657731e-05,robust_hit,6,3,2,,False
nav_gain_3p5,False,holdout,6,16.372721182550016,0.0,0.0,5.012229795462375e-06,3.3414865303081685e-07,16.378808584072264,16.378808584072264,0.0,0.0,0.9999082990644397,True,3.5,0.0013755140334046332,0.0013730079185069021,0.0013705018036091708,17.5,14.5,[],True,9.170093556030888e-05,9.153386123379346e-05,9.153386123379346e-05,9.136678690727806e-05,robust_hit,6,3,2,,False
nav_gain_3p5,False,holdout,6,19.011687040593664,0.0,0.0,4.696869009477222e-06,3.131246006318094e-07,19.018376410594005,19.018376410594005,0.0,0.0,0.9999083098450974,True,3.5,0.0013753523235393403,0.0013730038890346016,0.001370655454529863,22.5,14.5,[],True,9.169015490262268e-05,9.153359260230678e-05,9.153359260230678e-05,9.137703030199087e-05,robust_hit,6,3,2,,False
nav_gain_3p5,False,holdout,6,21.347422440839267,0.0,0.0,4.102419396303462e-06,2.7349462642024163e-07,21.354912953302414,21.354912953302414,0.0,0.0,0.9999083952824076,True,3.5,0.0013740707638858804,0.0013720195541877284,0.001369968344489577,27.5,14.5,[],True,9.160471759239203e-05,9.146797027918191e-05,9.146797027918191e-05,9.133122296597179e-05,robust_hit,6,3,2,,False
nav_gain_3p5,False,holdout,6,23.41572715351389,0.0,0.0,5.153181596198727e-06,3.4354543974658453e-07,23.42323856980896,23.42323856980896,0.0,0.0,0.9999076833465315,True,3.5,0.0013847498020283617,0.0013821732112302622,0.001379596620432163,32.5,14.5,[],True,9.231665346855745e-05,9.214488074868417e-05,9.214488074868417e-05,9.197310802881087e-05,robust_hit,6,3,2,,False
nav_gain_3p5,False,holdout,6,25.252842581471842,0.0,0.0,5.206255195492997e-06,3.470836796995241e-07,25.260331773742237,25.260331773742237,0.0,0.0,0.9999071001535141,True,3.5,0.001393497697287594,0.0013908945696898475,0.001388291442092101,37.5,14.5,[],True,9.28998464858396e-05,9.272630464598982e-05,9.272630464598984e-05,9.255276280614008e-05,robust_hit,6,3,2,,False
nav_gain_3p5,False,holdout,6,26.850219203049473,0.0,0.0,2.717099538495889e-06,1.811399692330665e-07,26.857517454525084,26.857517454525084,0.0,0.0,0.9999082746753526,True,3.5,0.0013758798697107331,0.001374521319941485,0.0013731627701722372,42.5,14.5,[],True,9.172532464738221e-05,9.163475466276567e-05,9.163475466276568e-05,9.154418467814915e-05,robust_hit,6,3,2,,False
nav_gain_3p5,False,holdout,6,28.187654240370254,0.0,0.0,2.712077494288097e-06,1.8080516628587312e-07,28.194154439078968,28.194154439078968,0.0,0.0,0.9999072799391026,True,3.5,0.0013908009134621082,0.0013894448747149644,0.0013880888359678201,47.5,14.5,[],True,9.272006089747388e-05,9.262965831433094e-05,9.262965831433094e-05,9.2539255731188e-05,robust_hit,6,3,2,,False
nav_gain_3p5,False,holdout,6,29.22803851704269,0.0,0.0,1.5960352501330835e-06,1.0640235000887585e-07,29.233649054339708,29.233649054339708,0.0,0.0,0.9999056369388927,True,3.5,0.0014154459166098694,0.0014146478989848028,0.0014138498813597363,52.5,14.5,[],True,9.436306110732462e-05,9.430985993232018e-05,9.430985993232018e-05,9.425665875731575e-05,robust_hit,6,3,2,,False
nav_gain_3p5,False,holdout,0,29.77315337250655,0.0,0.0,4.911990458822402e-06,3.2746603118027906e-07,29.81734611429498,29.81734611429498,0.0,0.0,11.659664876536791,True,3.5,189.89497806004232,189.8949756040471,189.89497314805186,57.5,14.5,[],True,12.659665204002822,12.659665040269807,12.659665040269807,12.659664876536791,robust_miss,6,3,2,,False
nav_gain_3p5,False,holdout,0,29.368125112637824,0.0,0.0,2.193792033722275e-05,1.4625280186919554e-06,29.465963812591934,29.465963812591934,0.0,0.0,270.785318032339,True,3.5,4076.7797924230053,4076.779781454045,4076.779770485085,62.5,14.5,[],True,271.785319494867,271.785318763603,271.78531876360296,271.785318032339,robust_miss,6,3,2,,False
nav_gain_3p5,False,holdout,0,27.171071075240608,0.0,0.0,3.461120286374353e-05,2.3074135242495686e-06,27.332695815879557,27.332695815879557,0.0,0.0,610.8026907548905,True,3.5,9177.04039593456,9177.040378628959,9177.040361323358,67.5,14.5,[],True,611.802693062304,611.8026919085972,611.8026919085972,611.8026907548905,robust_miss,6,3,2,,False
nav_gain_3p5,False,holdout,0,20.964192767587207,0.0,0.0,4.176439506409224e-05,2.784292973956326e-06,21.15284518492346,21.15284518492346,0.0,0.0,843.9828526662692,True,3.5,12674.742831758433,12674.742810876234,12674.742789994038,72.5,14.5,[],True,844.9828554505622,844.9828540584157,844.9828540584157,844.9828526662692,robust_miss,6,3,2,,False
nav_gain_3p5,False,holdout,0,6.777089351814497,0.0,0.0,6.898849642311689e-05,4.599233079716214e-06,6.784731512949632,6.784731512949632,0.0,0.0,938.2475612369252,True,3.5,14088.713487542374,14088.713453048127,14088.713418553878,77.5,14.5,[],True,939.2475658361583,939.2475635365417,939.2475635365417,939.2475612369252,robust_miss,6,3,2,,False
nav_gain_3p5,False,holdout,0,5.05923024901744,0.0,0.0,9.139147186942864e-05,6.092764806453488e-06,5.157124400048689,5.157124400048689,0.0,0.0,960.8647181770848,True,3.5,14427.970864047744,14427.970818352007,14427.970772656272,82.5,14.5,[],True,961.8647242698496,961.8647212234672,961.8647212234672,961.8647181770848,robust_miss,6,3,2,,False
nav_gain_3p5,False,holdout,0,6.02914443873207,0.0,0.0,0.00010979829858115409,7.319886663026409e-06,6.0950962212096105,6.0950962212096105,0.0,0.0,965.3353858283324,True,3.5,14495.030897223285,14495.030842324137,14495.030787424987,87.5,14.5,[],True,966.335393148219,966.3353894882757,966.3353894882757,966.3353858283324,robust_miss,6,3,2,,False
nav_gain_3p5,False,holdout,6,4.513758130910835,0.0,0.0,4.918350127256638e-07,3.27890008483821e-08,6.1034809194495105,6.1034809194495105,0.0,0.0,0.9999091637954356,True,3.5,0.001362543068466332,0.0013622971509599693,0.0013620512334536062,2.5,15.5,[],True,9.083620456442213e-05,9.081981006399793e-05,9.081981006399793e-05,9.080341556357375e-05,robust_hit,6,3,2,,False
nav_gain_3p5,False,holdout,6,8.804653907342818,0.0,0.0,1.7841849199895943e-06,1.189456613326351e-07,8.856306350505596,8.856306350505596,0.0,0.0,0.9999090492421033,True,3.5,0.0013642613684505505,0.0013633692759905556,0.001362477183530561,7.5,15.5,[],True,9.095075789670336e-05,9.089128506603704e-05,9.089128506603705e-05,9.083181223537073e-05,robust_hit,6,3,2,,False
nav_gain_3p5,False,holdout,6,12.922680877549942,0.0,0.0,3.7889651647606253e-06,2.5259767765070835e-07,12.978513475497756,12.978513475497756,0.0,0.0,0.9999086869688101,True,3.5,0.0013696954678484741,0.001367800985266094,0.0013659065026837135,12.5,15.5,[],True,9.131303118989828e-05,9.118673235107291e-05,9.118673235107292e-05,9.106043351224757e-05,robust_hit,6,3,2,,False
nav_gain_3p5,False,holdout,6,16.15609036531974,0.0,0.0,5.463745085325291e-06,3.6424967235502753e-07,16.16211284238542,16.16211284238542,0.0,0.0,0.9999081455102646,True,3.5,0.0013778173460299735,0.0013750854734873108,0.0013723536009446482,17.5,15.5,[],True,9.185448973533157e-05,9.167236489915406e-05,9.167236489915405e-05,9.149024006297654e-05,robust_hit,6,3,2,,False
nav_gain_3p5,False,holdout,6,18.71682110661792,0.0,0.0,4.252889470608874e-06,2.835259647072637e-07,18.723280298267454,18.723280298267454,0.0,0.0,0.9999084551809294,True,3.5,0.0013731722860588237,0.0013710458413235193,0.0013689193965882149,22.5,15.5,[],True,9.154481907058825e-05,9.140305608823462e-05,9.140305608823462e-05,9.126129310588099e-05,robust_hit,6,3,2,,False
nav_gain_3p5,False,holdout,6,20.987923124056735,0.0,0.0,5.252113575687344e-06,3.5014090504581843e-07,20.994611639447694,20.994611639447694,0.0,0.0,0.9999079253013663,True,3.5,0.0013811204795049874,0.0013784944227171437,0.0013758683659293,27.5,15.5,[],True,9.207469863366582e-05,9.189962818114291e-05,9.189962818114292e-05,9.172455772862e-05,robust_hit,6,3,2,,False
nav_gain_3p5,False,holdout,6,22.987897823270366,0.0,0.0,6.137689023257746e-06,4.0917926821717587e-07,22.995034355966734,22.995034355966734,0.0,0.0,0.9999070625677633,True,3.5,0.001394061483550428,0.001390992639038799,0.0013879237945271703,32.5,15.5,[],True,9.29374322366952e-05,9.273284260258661e-05,9.273284260258661e-05,9.252825296847803e-05,robust_hit,6,3,2,,False
nav_gain_3p5,False,holdout,6,24.75323630894114,0.0,0.0,5.4000607299029e-06,3.600040486602006e-07,24.760425108662474,24.760425108662474,0.0,0.0,0.9999069241167879,True,3.5,0.0013961382481812296,0.0013934382178162781,0.0013907381874513267,37.5,15.5,[],True,9.307588321208197e-05,9.289588118775189e-05,9.289588118775187e-05,9.271587916342177e-05,robust_hit,6,3,2,,False
nav_gain_3p5,False,holdout,6,26.281210916016168,0.0,0.0,5.0403573222861184e-06,3.360238214857367e-07,26.28783043656769,26.28783043656769,0.0,0.0,0.9999060182201256,True,3.5,0.001409726698116649,0.0014072065194555058,0.0014046863407943628,42.5,15.5,[],True,9.398177987444326e-05,9.381376796370038e-05,9.381376796370038e-05,9.364575605295752e-05,robust_hit,6,3,2,,False
nav_gain_3p5,False,holdout,6,27.551914414235306,0.0,0.0,2.1186817011434062e-06,1.4124544674289736e-07,27.557701548768403,27.557701548768403,0.0,0.0,0.9999079807191258,True,3.5,0.0013802892131123436,0.0013792298722617718,0.0013781705314112002,47.5,15.5,[],True,9.201928087415624e-05,9.194865815078479e-05,9.194865815078479e-05,9.187803542741334e-05,robust_hit,6,3,2,,False
nav_gain_3p5,False,holdout,6,28.500263065519853,0.0,0.0,1.404973811078205e-06,9.366492073854609e-08,28.5226005296366,28.5226005296366,0.0,0.0,0.9999060828640078,True,3.5,0.0014087570398827645,0.0014080545529772254,0.0014073520660716863,52.5,15.5,[],True,9.39171359921843e-05,9.387030353181503e-05,9.387030353181502e-05,9.382347107144575e-05,robust_hit,6,3,2,,False
nav_gain_3p5,False,holdout,0,28.8917294894978,0.0,0.0,5.781935556115059e-06,3.854623678023472e-07,28.953065470333836,28.953065470333836,0.0,0.0,16.43210541917993,True,3.5,261.4815870696345,261.4815841786667,261.48158128769893,57.5,15.5,[],True,17.432105804642298,17.432105611911116,17.432105611911112,17.43210541917993,robust_miss,6,3,2,,False
nav_gain_3p5,False,holdout,0,28.335040156444443,0.0,0.0,2.2379593247023877e-05,1.491972909661854e-06,28.447562660856367,28.447562660856367,0.0,0.0,294.629545744759,True,3.5,4434.443208550979,4434.443197361182,4434.443186171386,62.5,15.5,[],True,295.6295472367319,295.62954649074544,295.6295464907455,295.629545744759,robust_miss,6,3,2,,False
nav_gain_3p5,False,holdout,0,26.037529597635736,0.0,0.0,3.4862530810642056e-05,2.3241686903929804e-06,26.210817755749098,26.210817755749098,0.0,0.0,657.3141594589682,True,3.5,9874.712426747054,9874.712409315789,9874.712391884523,67.5,15.5,[],True,658.3141617831369,658.3141606210526,658.3141606210526,658.3141594589682,robust_miss,6,3,2,,False
nav_gain_3p5,False,holdout,0,20.00711945920132,0.0,0.0,4.187635568086989e-05,2.7917570832869387e-06,20.201784325882617,20.201784325882617,0.0,0.0,904.4678827059289,True,3.5,13582.01828246529,13582.018261527111,13582.018240588934,72.5,15.5,[],True,905.467885497686,905.4678841018075,905.4678841018074,905.4678827059289,robust_miss,6,3,2,,False
nav_gain_3p5,False,holdout,0,6.72829162194022,0.0,0.0,6.703633516735863e-05,4.469088935366017e-06,6.735466252894636,6.735466252894636,0.0,0.0,1003.2274747049281,True,3.5,15063.412187610256,15063.41215409209,15063.412120573921,77.5,15.5,[],True,1004.227479174017,1004.2274769394726,1004.2274769394726,1004.2274747049281,robust_miss,6,3,2,,False
nav_gain_3p5,False,holdout,0,5.1166708060016255,0.0,0.0,9.039077485795133e-05,6.02605155108904e-06,5.218716523116355,5.218716523116355,0.0,0.0,1027.272828649661,True,3.5,15424.09252013569,15424.0924749403,15424.092429744915,82.5,15.5,[],True,1028.2728346757126,1028.272831662687,1028.2728316626867,1028.272828649661,robust_miss,6,3,2,,False
nav_gain_3p5,False,holdout,0,6.026759721997791,0.0,0.0,0.00010963929526042193,7.309286502277246e-06,6.087379035006951,6.087379035006951,0.0,0.0,1031.9960265725229,True,3.5,15494.940508227139,15494.940453407491,15494.940398587843,87.5,15.5,[],True,1032.9960338818094,1032.996030227166,1032.996030227166,1032.9960265725229,robust_miss,6,3,2,,False
nav_gain_3p75,False,main,3,1.8014706545557722,0.0,0.0,0.0,0.0,6.124999999999999,6.124999999999999,0.0,0.0,0.999909169338077,True,3.75,0.0013624599288445817,0.0013624599288445817,0.0013624599288445817,0.0,4.0,[],True,9.08306619229721e-05,9.083066192297209e-05,9.08306619229721e-05,9.08306619229721e-05,robust_hit,3,3,1,N,False
nav_gain_3p75,False,main,6,8.37615230553363,0.0,0.0,2.4459658582015424e-05,1.6306439054676922e-06,8.38851161950291,8.38851161950291,0.0,0.0,0.9999016861377286,True,3.75,0.0014747079340708665,0.0014624781047798587,0.001450248275488851,5.0,4.0,[],True,9.83138622713911e-05,9.749854031865724e-05,9.749854031865726e-05,9.66832183659234e-05,robust_hit,6,3,2,N,False
nav_gain_3p75,False,main,6,14.128836839868915,0.0,0.0,5.307379127701033e-05,3.538252751800696e-06,14.149435538233982,14.149435538233982,0.0,0.0,0.9998428524515872,True,3.75,0.0023572132261920164,0.0023306763305535115,0.002304139434915006,10.0,4.0,[],True,0.0001571475484128011,0.00015537842203690075,0.00015537842203690075,0.0001536092956610004,robust_hit,6,3,2,N,False
nav_gain_3p75,False,main,6,18.82008810482621,0.0,0.0,6.412308785518116e-06,4.274872523678762e-07,18.848399102884922,18.848399102884922,0.0,0.0,0.9999084806489775,True,3.75,0.0013727902653366765,0.0013695841109439173,0.0013663779565511584,15.0,4.0,[],True,9.15193510224451e-05,9.130560739626114e-05,9.130560739626116e-05,9.109186377007722e-05,robust_hit,6,3,2,N,False
nav_gain_3p75,False,main,6,23.273172447970563,0.0,0.0,1.967893797556199e-05,1.3119291983707958e-06,23.308940724392933,23.308940724392933,0.0,0.0,0.9999030001513295,True,3.75,0.0014549977300570278,0.001445158261069247,0.0014353187920814658,20.0,4.0,[],True,9.699984867046852e-05,9.634388407128312e-05,9.634388407128312e-05,9.568791947209772e-05,robust_hit,6,3,2,N,False
nav_gain_3p75,False,main,6,27.50242113212715,0.0,0.0,3.4908293998874886e-05,2.3272195999250023e-06,27.544194796366835,27.544194796366835,0.0,0.0,0.9998804557317965,True,3.75,0.0017931640230520408,0.0017757098760526034,0.001758255729053166,25.0,4.0,[],True,0.0001195442682034694,0.0001183806584035069,0.00011838065840350689,0.00011721704860354439,robust_hit,6,3,2,N,False
nav_gain_3p75,False,main,6,31.484300130057765,0.0,0.0,9.702555215509306e-06,6.46837014367288e-07,31.534301736789498,31.534301736789498,0.0,0.0,0.9999070111289976,True,3.75,0.0013948330650353548,0.0013899817874276,0.0013851305098198455,30.0,4.0,[],True,9.298887100235699e-05,9.266545249517335e-05,9.266545249517335e-05,9.23420339879897e-05,robust_hit,6,3,2,N,False
nav_gain_3p75,False,main,6,34.99684217986385,0.0,0.06060606060606061,1.0223505264975218e-05,6.815670176650145e-07,35.0,35.27999506984211,0.0,0.0,0.9999060829414919,True,3.75,0.00140875587762242,0.0014036441249899324,0.0013985323723574449,35.0,4.0,[],True,9.391705850816134e-05,9.357627499932885e-05,9.357627499932884e-05,9.323549149049633e-05,robust_hit,6,3,2,N,False
nav_gain_3p75,False,main,6,34.9999999998005,0.0,0.2612244897959184,5.446337739516572e-06,3.630891826344318e-07,35.0,40.80463609646923,0.0,0.0,0.9999078195924194,True,3.75,0.0013827061137090427,0.0013799829448392844,0.001377259775969526,40.0,4.0,[],True,9.218040758060284e-05,9.199886298928563e-05,9.199886298928562e-05,9.181731839796841e-05,robust_hit,6,3,2,N,False
nav_gain_3p75,False,main,6,34.99999999999999,0.0,0.3890909090909091,3.851242588101978e-06,2.567495058734679e-07,35.0,49.043272585297075,0.0,0.0,0.9999076557437723,True,3.75,0.0013851638434151322,0.0013832382221210813,0.0013813126008270303,45.0,4.0,[],True,9.234425622767548e-05,9.221588147473874e-05,9.221588147473875e-05,9.208750672180201e-05,robust_hit,6,3,2,N,False
nav_gain_3p75,False,main,6,34.99999999999999,0.0,0.46449704142011833,1.4452955961927975e-06,9.635303974619373e-08,35.0,61.23632663105557,0.0,0.0,0.9999075875899311,True,3.75,0.0013861861510331404,0.0013854635032350439,0.0013847408554369476,50.0,4.0,[],True,9.241241006887603e-05,9.236423354900293e-05,9.236423354900293e-05,9.231605702912983e-05,robust_hit,6,3,2,M,False
nav_gain_3p75,False,main,0,34.99999999999999,0.0,0.4910941475826972,6.3595343817723915e-06,4.2396895949536884e-07,35.0,83.96329501489751,0.0,0.0,16.08093812805432,True,3.75,256.2140782803492,256.214075100582,256.21407192081483,55.0,4.0,[],True,17.08093855202328,17.080938340038802,17.0809383400388,17.08093812805432,robust_miss,6,3,2,M,False
nav_gain_3p75,False,main,0,34.99999999999999,0.0,0.49393939393939396,1.8976934370584786e-05,1.2651289580389857e-06,35.0,98.6783716270952,0.0,0.0,70.52872242480461,True,3.75,1072.9308553490037,1072.9308458605365,1072.9308363720693,60.0,4.0,[],True,71.52872368993357,71.52872305736909,71.52872305736909,71.52872242480461,robust_miss,6,3,2,M,False
nav_gain_3p75,False,main,0,34.99999999999999,0.0,0.4460431654676259,2.857322215277236e-05,1.9048814863253938e-06,35.0,97.15973046202019,0.0,0.0,120.54133561571176,True,3.75,1823.1200628088986,1823.1200485222878,1823.1200342356765,65.0,4.0,[],True,121.54133752059325,121.54133656815252,121.5413365681525,121.54133561571176,robust_miss,6,3,2,O,False
nav_gain_3p75,False,main,0,34.999999999999325,0.0,0.36283185840707965,4.48890737061447e-05,2.992604919427322e-06,35.0,72.93963126424802,0.0,0.0,176.55186949718532,True,3.75,2663.2780873468537,2663.2780649023166,2663.27804245778,70.0,4.0,[],True,177.55187248979024,177.5518709934878,177.5518709934878,177.55186949718532,robust_miss,6,3,2,O,False
nav_gain_3p75,False,main,0,30.430174910024807,0.0,0.0,7.376612529697013e-05,4.917741705412482e-06,30.462226081332798,30.462226081332798,0.0,0.0,240.0291616451319,True,3.75,3615.437498443104,3615.437461560041,3615.4374246769785,75.0,4.0,[],True,241.0291665628736,241.02916410400272,241.02916410400275,241.0291616451319,robust_miss,6,3,2,O,False
nav_gain_3p75,False,main,0,4.636726814153239,0.0,0.0,0.00010010870619225898,6.6739137309923535e-06,5.738681291989581,5.738681291989581,0.0,0.0,261.5179265349233,True,3.75,3937.768998132555,3937.7689480782024,3937.768898023849,80.0,4.0,[],True,262.517933208837,262.51792987188014,262.51792987188014,262.5179265349233,robust_miss,6,3,2,O,False
nav_gain_3p75,False,main,0,5.457399740438509,0.0,0.0,0.00010894697607000126,7.2631317493687675e-06,5.867960324280513,5.867960324280513,0.0,0.0,264.91973930771326,True,3.75,3988.7961985626753,3988.7961440891872,3988.796089615699,85.0,4.0,[],True,265.919746570845,265.91974293927916,265.9197429392791,265.91973930771326,robust_miss,6,3,2,O,False
nav_gain_3p75,False,main,0,0.0,0.0,0.0,0.00011414404070819728,7.609602675984206e-06,0.0,0.0,0.0,0.0,265.67340644437695,True,3.75,4000.1012108096947,4000.1011537376744,4000.101096665654,90.0,4.0,[],True,266.6734140539796,266.6734102491783,266.6734102491783,266.67340644437695,robust_miss,6,3,2,O,False
nav_gain_3p75,False,main,3,1.8014706545557722,0.0,0.0,0.0,0.0,6.124999999999999,6.124999999999999,0.0,0.0,0.9999091760511896,True,3.75,0.0013623592321568034,0.0013623592321568036,0.0013623592321568034,0.0,5.0,[],True,9.082394881045355e-05,9.082394881045355e-05,9.082394881045355e-05,9.082394881045355e-05,robust_hit,3,3,1,N,False
nav_gain_3p75,False,main,6,7.853968173520811,0.0,0.0,3.3124338545480973e-06,2.2082892363653982e-07,7.863028567234576,7.863028567234576,0.0,0.0,0.9999089212476588,True,3.75,0.0013661812851181248,0.0013645250681908506,0.0013628688512635767,5.0,5.0,[],True,9.107875234120832e-05,9.096833787939006e-05,9.096833787939005e-05,9.085792341757178e-05,robust_hit,6,3,2,N,False
nav_gain_3p75,False,main,6,13.319391395381322,0.0,0.0,4.922116364329066e-06,3.2814109095527196e-07,13.334593188802895,13.334593188802895,0.0,0.0,0.9999086717727367,True,3.75,0.0013699234089497765,0.0013674623507676118,0.0013650012925854474,10.0,5.0,[],True,9.132822726331844e-05,9.116415671784081e-05,9.11641567178408e-05,9.100008617236317e-05,robust_hit,6,3,2,N,False
nav_gain_3p75,False,main,6,17.6875926450069,0.0,0.0,4.383702765223783e-06,2.922468510149198e-07,17.708421540264215,17.708421540264215,0.0,0.0,0.9999087352168053,True,3.75,0.0013689717479194042,0.0013667798965367923,0.0013645880451541804,15.0,5.0,[],True,9.126478319462695e-05,9.11186597691195e-05,9.11186597691195e-05,9.097253634361203e-05,robust_hit,6,3,2,N,False
nav_gain_3p75,False,main,6,21.803795298198352,0.0,0.0,7.674015655505803e-06,5.116010437003878e-07,21.83009363510481,21.83009363510481,0.0,0.0,0.9999078677926793,True,3.75,0.0013819831098103755,0.0013781461019826224,0.0013743090941548697,20.0,5.0,[],True,9.213220732069169e-05,9.187640679884149e-05,9.18764067988415e-05,9.16206062769913e-05,robust_hit,6,3,2,N,False
nav_gain_3p75,False,main,6,25.693083277731578,0.0,0.0,9.14743245156494e-06,6.098288301043285e-07,25.723425791848342,25.723425791848342,0.0,0.0,0.9999070221789098,True,3.75,0.0013946673163524736,0.001390093600126691,0.0013855198839009086,25.0,5.0,[],True,9.297782109016491e-05,9.267290667511274e-05,9.267290667511275e-05,9.236799226006058e-05,robust_hit,6,3,2,N,False
nav_gain_3p75,False,main,6,29.348327385386288,0.0,0.0,1.0681612039631664e-05,7.121074693087776e-07,29.38306713414372,29.38306713414372,0.0,0.0,0.9999054382860145,True,3.75,0.001418425709781464,0.0014130849037616482,0.0014077440977418323,30.0,5.0,[],True,9.456171398543092e-05,9.420566025077652e-05,9.420566025077653e-05,9.384960651612215e-05,robust_hit,6,3,2,N,False
nav_gain_3p75,False,main,6,32.76041237156125,0.0,0.0,5.7631178850331075e-06,3.842078590022153e-07,32.800562906443744,32.800562906443744,0.0,0.0,0.9999076340551328,True,3.75,0.0013854891730081256,0.001382607614065609,0.0013797260551230925,35.0,5.0,[],True,9.236594486720837e-05,9.217384093770726e-05,9.217384093770727e-05,9.198173700820616e-05,robust_hit,6,3,2,N,False
nav_gain_3p75,False,main,6,34.999992333893495,0.0,0.10596026490066225,7.671094231685932e-06,5.114062821124e-07,35.0,36.17879232803461,0.0,0.0,0.9999047925500762,True,3.75,0.0014281117488554353,0.0014242762017395924,0.0014204406546237493,40.0,5.0,[],True,9.520744992369568e-05,9.495174678263949e-05,9.495174678263949e-05,9.469604364158328e-05,robust_hit,6,3,2,N,False
nav_gain_3p75,False,main,6,34.99999999999896,0.0,0.23303834808259588,5.724366765754189e-06,3.8162445105027114e-07,35.0,41.43295411674794,0.0,0.0,0.9999052250311324,True,3.75,0.0014216245330134348,0.0014187623496305576,0.0014159001662476807,45.0,5.0,[],True,9.477496886756232e-05,9.458415664203718e-05,9.458415664203719e-05,9.439334441651205e-05,robust_hit,6,3,2,N,False
nav_gain_3p75,False,main,6,34.99999999999999,0.0,0.30617283950617286,2.7443435177570454e-06,1.8295623451713907e-07,35.0,48.59993057802266,0.0,0.0,0.9999067102535737,True,3.75,0.001399346196393921,0.0013979740246350427,0.001396601852876164,50.0,5.0,[],True,9.32897464262614e-05,9.319826830900283e-05,9.319826830900282e-05,9.310679019174426e-05,robust_hit,6,3,2,M,False
nav_gain_3p75,False,main,6,34.99999999999999,0.0,0.2977867203219316,2.557246967281948e-07,1.7048313115210277e-08,35.0,57.87449032533847,0.0,0.0,0.9999067833272387,True,3.75,0.00139825009141958,0.001398122229071216,0.0013979943667228518,55.0,5.0,[],True,9.321667276130533e-05,9.320814860474772e-05,9.320814860474774e-05,9.319962444819012e-05,robust_hit,6,3,2,M,False
nav_gain_3p75,False,main,0,34.99999999999999,0.0,0.33127572016460904,1.4760487374587683e-05,9.84032489270703e-07,35.0,68.97375729222125,0.0,0.0,62.02235200713982,True,3.75,945.3352948675847,945.3352874873411,945.3352801070973,60.0,5.0,[],True,63.02235299117231,63.022352499156064,63.02235249915607,63.02235200713982,robust_miss,6,3,2,M,False
nav_gain_3p75,False,main,0,34.99999999999999,0.0,0.3611859838274933,2.5732838821568293e-05,1.7155225862097723e-06,35.0,69.9017024085395,0.0,0.0,145.76659975792316,True,3.75,2201.499022101686,2201.499009235267,2201.498996368847,65.0,5.0,[],True,146.76660147344575,146.76660061568444,146.76660061568447,146.76659975792316,robust_miss,6,3,2,O,False
nav_gain_3p75,False,main,0,34.99999999999978,0.0,0.302158273381295,3.6632838600780815e-05,2.442189241946835e-06,35.0,64.02407153450791,0.0,0.0,220.23676908926456,True,3.75,3318.5515729718068,3318.5515546553875,3318.551536338968,70.0,5.0,[],True,221.2367715314538,221.23677031035916,221.2367703103592,221.23676908926456,robust_miss,6,3,2,O,False
nav_gain_3p75,False,main,0,29.405988175983804,0.0,0.0,6.980456055316608e-05,4.653637347473705e-06,29.42492858537425,29.42492858537425,0.0,0.0,301.02912951538895,True,3.75,4530.437012535394,4530.436977633114,4530.436942730834,75.0,5.0,[],True,302.0291341690263,302.0291318422076,302.0291318422076,302.02912951538895,robust_miss,6,3,2,O,False
nav_gain_3p75,False,main,0,4.429929431261919,0.0,0.0,9.750313893164275e-05,6.500209224213904e-06,5.766872600439348,5.766872600439348,0.0,0.0,327.30322784064606,True,3.75,4924.54851511283,4924.54846636126,4924.548417609691,80.0,5.0,[],True,328.3032343408553,328.30323109075067,328.30323109075067,328.30322784064606,robust_miss,6,3,2,O,False
nav_gain_3p75,False,main,0,5.61856477468844,0.0,0.0,0.00010822611511684954,7.21507433354418e-06,5.9343110839617585,5.9343110839617585,0.0,0.0,331.4879971126613,True,3.75,4987.320064916034,4987.320010802977,4987.319956689919,85.0,5.0,[],True,332.4880043277356,332.48800072019844,332.48800072019844,332.4879971126613,robust_miss,6,3,2,O,False
nav_gain_3p75,False,main,0,0.0,0.0,0.0,0.00011414508026064141,7.609672024955216e-06,0.0,0.0,0.0,0.0,332.3387244190632,True,3.75,5000.080980431028,5000.080923358489,5000.080866285948,90.0,5.0,[],True,333.33873202873525,333.33872822389924,333.33872822389924,333.3387244190632,robust_miss,6,3,2,O,False
nav_gain_3p75,False,main,3,1.8014706545557722,0.0,0.0,0.0,0.0,6.124999999999999,6.124999999999999,0.0,0.0,0.999909182027017,True,3.75,0.0013622695947458168,0.0013622695947458168,0.0013622695947458168,0.0,6.0,[],True,9.081797298305444e-05,9.081797298305444e-05,9.081797298305444e-05,9.081797298305444e-05,robust_hit,3,3,1,N,False
nav_gain_3p75,False,main,6,7.541899739582549,0.0,0.0,2.5483625339499123e-06,1.6989083559665991e-07,7.549322708180773,7.549322708180773,0.0,0.0,0.9999089785865524,True,3.75,0.0013653212017140637,0.0013640470204470886,0.0013627728391801138,5.0,6.0,[],True,9.102141344760425e-05,9.093646802980591e-05,9.093646802980592e-05,9.085152261200759e-05,robust_hit,6,3,2,N,False
nav_gain_3p75,False,main,6,12.827186896399752,0.0,0.0,4.450775665807002e-06,2.967183777204677e-07,12.839892201949468,12.839892201949468,0.0,0.0,0.9999086431018763,True,3.75,0.0013703534718557961,0.0013681280840228925,0.0013659026961899891,10.0,6.0,[],True,9.135689812371975e-05,9.120853893485952e-05,9.12085389348595e-05,9.106017974599928e-05,robust_hit,6,3,2,N,False
nav_gain_3p75,False,main,6,16.964939961805232,0.0,0.0,5.27497136173713e-06,3.516647574491438e-07,16.9814937353359,16.9814937353359,0.0,0.0,0.9999083922899603,True,3.75,0.001374115650595205,0.0013714781649143365,0.001368840679233468,15.0,6.0,[],True,9.160771003968034e-05,9.143187766095578e-05,9.143187766095577e-05,9.125604528223119e-05,robust_hit,6,3,2,N,False
nav_gain_3p75,False,main,6,20.863556818393885,0.0,0.0,1.4999579538625771e-06,9.999719692417e-08,20.883311462903393,20.883311462903393,0.0,0.0,0.9999090777963142,True,3.75,0.0013638330552860792,0.0013630830763091478,0.0013623330973322166,20.0,6.0,[],True,9.092220368573861e-05,9.087220508727653e-05,9.087220508727653e-05,9.082220648881444e-05,robust_hit,6,3,2,N,False
nav_gain_3p75,False,main,6,24.498487599849145,0.0,0.0,5.715152556613496e-06,3.8101017044090064e-07,24.521710689193654,24.521710689193654,0.0,0.0,0.9999078907424304,True,3.75,0.0013816388635454104,0.001378781287267104,0.001375923710988797,25.0,6.0,[],True,9.210925756969403e-05,9.191875248447357e-05,9.191875248447357e-05,9.172824739925313e-05,robust_hit,6,3,2,N,False
nav_gain_3p75,False,main,6,27.898649668725277,0.0,0.0,7.384448599517595e-06,4.922965733011766e-07,27.92623627558461,27.92623627558461,0.0,0.0,0.9999067047595772,True,3.75,0.0013994286063426058,0.0013957363820428469,0.0013920441577430882,30.0,6.0,[],True,9.329524042284039e-05,9.30490921361898e-05,9.30490921361898e-05,9.280294384953921e-05,robust_hit,6,3,2,N,False
nav_gain_3p75,False,main,6,31.061567284359477,0.0,0.0,7.504030609123066e-06,5.002687072748675e-07,31.09141312162505,31.09141312162505,0.0,0.0,0.9999060015806401,True,3.75,0.0014099762903980967,0.0014062242750935352,0.0014024722597889736,35.0,6.0,[],True,9.399841935987311e-05,9.374828500623568e-05,9.374828500623568e-05,9.349815065259824e-05,robust_hit,6,3,2,N,False
nav_gain_3p75,False,main,6,33.97787911319081,0.0,0.0,6.614671354528232e-06,4.4097809030188215e-07,34.011287608900915,34.011287608900915,0.0,0.0,0.999905854240696,True,3.75,0.0014121863895607111,0.001408879053883447,0.0014055717182061829,40.0,6.0,[],True,9.414575930404741e-05,9.392527025889649e-05,9.392527025889647e-05,9.370478121374553e-05,robust_hit,6,3,2,N,False
nav_gain_3p75,False,main,6,34.99999999134914,0.0,0.12530120481927712,3.8719586201154885e-06,2.5813057467437403e-07,35.0,37.32320513628647,0.0,0.0,0.9999074218967123,True,3.75,0.0013886715493144426,0.0013867355700043849,0.0013847995906943271,45.0,6.0,[],True,9.257810328762951e-05,9.244903800029233e-05,9.244903800029232e-05,9.231997271295514e-05,robust_hit,6,3,2,N,False
nav_gain_3p75,False,main,6,34.99999999999999,0.0,0.20164609053497942,2.9392773117698813e-06,1.9595182078465875e-07,35.0,42.25185875980252,0.0,0.0,0.9999068716914261,True,3.75,0.0013969246286087602,0.001395454989952875,0.0013939853512969903,50.0,6.0,[],True,9.312830857391735e-05,9.303033266352502e-05,9.303033266352502e-05,9.293235675313269e-05,robust_hit,6,3,2,N,False
nav_gain_3p75,False,main,6,34.99999999999999,0.0,0.2098976109215017,1.1348397821746466e-06,7.565598547831429e-08,35.0,48.283886055516696,0.0,0.0,0.9999057097319625,True,3.75,0.0014143540205628395,0.0014137866006717521,0.0014132191807806648,55.0,6.0,[],True,9.429026803752263e-05,9.425244004478347e-05,9.425244004478348e-05,9.421461205204432e-05,robust_hit,6,3,2,M,False
nav_gain_3p75,False,main,0,34.99999999999999,0.0,0.2087227414330218,1.0573583949735621e-05,7.049055952279559e-07,35.0,54.86606830185593,0.0,0.0,43.87898994166507,True,3.75,673.18485969856,673.184854411768,673.184849124976,60.0,6.0,[],True,44.878990646570664,44.87899029411787,44.87899029411787,44.87898994166507,robust_miss,6,3,2,M,False
nav_gain_3p75,False,main,0,34.99999999999999,0.0,0.2585858585858586,2.4592584850324783e-05,1.6395056547935383e-06,35.0,58.64079050279851,0.0,0.0,162.6505812869301,True,3.75,2454.7587438965365,2454.758731600244,2454.7587193039517,65.0,6.0,[],True,163.65058292643576,163.65058210668295,163.65058210668292,163.6505812869301,robust_miss,6,3,2,O,False
nav_gain_3p75,False,main,0,34.99999999999989,0.0,0.25219941348973607,3.345227059980971e-05,2.2301513808997697e-06,35.0,49.10944004188101,0.0,0.0,266.1091625218439,True,3.75,4006.6374712799293,4006.637454553794,4006.6374378276587,70.0,6.0,[],True,267.1091647519953,267.1091636369196,267.1091636369196,267.1091625218439,robust_miss,6,3,2,O,False
nav_gain_3p75,False,main,0,28.33476828164688,0.0,0.0,6.642328480666038e-05,4.428218971952447e-06,28.355377787727093,28.355377787727093,0.0,0.0,362.4533326540767,True,3.75,5451.800056234435,5451.800023022793,5451.79998981115,75.0,6.0,[],True,363.45333708229566,363.4533348681862,363.4533348681862,363.4533326540767,robust_miss,6,3,2,O,False
nav_gain_3p75,False,main,0,4.168416500714789,0.0,0.0,9.513230997981736e-05,6.34215399486493e-06,5.767868866370898,5.767868866370898,0.0,0.0,393.10212757077153,True,3.75,5911.532008693883,5911.531961127727,5911.531913561573,80.0,6.0,[],True,394.1021339129255,394.1021307418485,394.10213074184855,394.10212757077153,robust_miss,6,3,2,O,False
nav_gain_3p75,False,main,0,5.7803271904524625,0.0,0.0,0.00010769038362923311,7.179358874509489e-06,6.043520442345254,6.043520442345254,0.0,0.0,398.074272515925,True,3.75,5986.114195429258,5986.114141584066,5986.114087738874,85.0,6.0,[],True,399.07427969528385,399.07427610560444,399.07427610560444,399.074272515925,robust_miss,6,3,2,O,False
nav_gain_3p75,False,main,0,0.0,0.0,0.0,0.0001141456441473565,7.609709598455083e-06,0.0,0.0,0.0,0.0,399.00449194839973,True,3.75,6000.06749337164,6000.0674362988175,6000.067379225996,90.0,6.0,[],True,400.00449955810933,400.00449575325456,400.00449575325456,400.00449194839973,robust_miss,6,3,2,O,False
nav_gain_3p75,False,main,3,1.8014706545557722,0.0,0.0,0.0,0.0,6.124999999999999,6.124999999999999,0.0,0.0,0.9999091858598448,True,3.75,0.0013622121023282364,0.0013622121023282366,0.0013622121023282364,0.0,7.0,[],True,9.081414015521576e-05,9.081414015521576e-05,9.081414015521576e-05,9.081414015521576e-05,robust_hit,3,3,1,N,False
nav_gain_3p75,False,main,6,7.386912321030015,0.0,0.0,2.0027178996139677e-06,1.3351452664093209e-07,7.393288273262661,7.393288273262661,0.0,0.0,0.9999090234167116,True,3.75,0.0013646487493264273,0.00136364739037662,0.0013626460314268133,5.0,7.0,[],True,9.097658328842848e-05,9.090982602510802e-05,9.090982602510801e-05,9.084306876178755e-05,robust_hit,6,3,2,N,False
nav_gain_3p75,False,main,6,12.51147833988728,0.0,0.0,1.43589016917702e-06,9.572601127847162e-08,12.521997450070677,12.521997450070677,0.0,0.0,0.9999090873059275,True,3.75,0.001363690411087497,0.0013629724660029086,0.00136225452091832,10.0,7.0,[],True,9.09126940724998e-05,9.086483106686057e-05,9.086483106686057e-05,9.081696806122133e-05,robust_hit,6,3,2,N,False
nav_gain_3p75,False,main,6,16.48010822926036,0.0,0.0,2.117983405718884e-06,1.4119889371459228e-07,16.49416383252979,16.49416383252979,0.0,0.0,0.9999089970156614,True,3.75,0.001365044765078974,0.0013639857733761147,0.0013629267816732552,15.0,7.0,[],True,9.100298433859827e-05,9.093238489174097e-05,9.093238489174097e-05,9.086178544488368e-05,robust_hit,6,3,2,N,False
nav_gain_3p75,False,main,6,20.175445546417837,0.0,0.0,6.132024724110835e-06,4.0880164827404846e-07,20.192221152032815,20.192221152032815,0.0,0.0,0.9999078599186324,True,3.75,0.0013821012205141245,0.0013790352081520692,0.0013759691957900136,20.0,7.0,[],True,9.21400813676083e-05,9.193568054347127e-05,9.193568054347127e-05,9.173127971933425e-05,robust_hit,6,3,2,N,False
nav_gain_3p75,False,main,6,23.62379765009738,0.0,0.0,2.3733920304154672e-06,1.5822613536102753e-07,23.64291154269183,23.64291154269183,0.0,0.0,0.9999089209180098,True,3.75,0.0013661862298544466,0.0013649995338392389,0.0013638128378240311,25.0,7.0,[],True,9.107908199029644e-05,9.099996892261593e-05,9.099996892261593e-05,9.092085585493541e-05,robust_hit,6,3,2,N,False
nav_gain_3p75,False,main,6,26.814646309522626,0.0,0.0,7.049311943336687e-06,4.699541295557846e-07,26.83658912118091,26.83658912118091,0.0,0.0,0.9999068992353689,True,3.75,0.0013965114694667556,0.0013929868134950872,0.001389462157523419,30.0,7.0,[],True,9.310076463111705e-05,9.286578756633916e-05,9.286578756633916e-05,9.263081050156126e-05,robust_hit,6,3,2,N,False
nav_gain_3p75,False,main,6,29.767372690047043,0.0,0.0,6.919631748782606e-06,4.6130878325217645e-07,29.792207700499414,29.792207700499414,0.0,0.0,0.9999064356315788,True,3.75,0.0014034655263188162,0.0014000057104444248,0.0013965458945700336,35.0,7.0,[],True,9.356436842125442e-05,9.333371402962832e-05,9.333371402962833e-05,9.310305963800224e-05,robust_hit,6,3,2,N,False
nav_gain_3p75,False,main,6,32.478253244919436,0.0,0.0,6.102088238292558e-06,4.068058825528381e-07,32.504137470594046,32.504137470594046,0.0,0.0,0.9999062831572191,True,3.75,0.001405752641713085,0.0014027015975939386,0.0013996505534747924,40.0,7.0,[],True,9.371684278087233e-05,9.351343983959592e-05,9.351343983959591e-05,9.33100368983195e-05,robust_hit,6,3,2,N,False
nav_gain_3p75,False,main,6,34.93044317490663,0.0,0.0,5.052004190929035e-06,3.3680027939527444e-07,34.957252255529255,34.957252255529255,0.0,0.0,0.9999061109739916,True,3.75,0.0014083353901261624,0.001405809388030698,0.0014032833859352334,45.0,7.0,[],True,9.388902600841083e-05,9.37206258687132e-05,9.37206258687132e-05,9.355222572901556e-05,robust_hit,6,3,2,N,False
nav_gain_3p75,False,main,6,34.999999999989534,0.0,0.12369337979094076,1.8513353488174879e-06,1.2342235658783975e-07,35.0,38.28075561157197,0.0,0.0,0.9999083262230278,True,3.75,0.0013751066545817005,0.0013741809869072918,0.001373255319232883,50.0,7.0,[],True,9.167377697211337e-05,9.161206579381947e-05,9.161206579381945e-05,9.155035461552553e-05,robust_hit,6,3,2,N,False
nav_gain_3p75,False,main,6,34.99999999999999,0.0,0.15058479532163743,9.69673801865618e-07,6.464492012437544e-08,35.0,42.54570425495125,0.0,0.0,0.9999077673912945,True,3.75,0.001383489130582508,0.0013830042936815751,0.0013825194567806424,55.0,7.0,[],True,9.223260870550054e-05,9.220028624543834e-05,9.220028624543834e-05,9.216796378537616e-05,robust_hit,6,3,2,M,False
nav_gain_3p75,False,main,0,34.99999999999999,0.0,0.13924050632911392,7.514212200021575e-06,5.00947479054048e-07,35.0,46.99730505511697,0.0,0.0,27.478306903790223,True,3.75,427.17461107106556,427.1746073139595,427.17460355685336,60.0,7.0,[],True,28.478307404737702,28.478307154263963,28.478307154263963,28.478306903790223,robust_miss,6,3,2,M,False
nav_gain_3p75,False,main,0,34.99999999999999,0.0,0.17540983606557378,2.3833954401197843e-05,1.5889303028870927e-06,35.0,49.75312466036115,0.0,0.0,178.24007690258497,True,3.75,2688.601177372729,2688.601165455752,2688.6011535387747,65.0,7.0,[],True,179.24007849151528,179.2400776970501,179.24007769705014,179.24007690258497,robust_miss,6,3,2,M,False
nav_gain_3p75,False,main,0,34.99999999999449,0.0,0.1784841075794621,3.383058265171712e-05,2.2553721805707028e-06,35.0,41.93775439265102,0.0,0.0,311.5139350903458,True,3.75,4687.70906018577,4687.709043270478,4687.709026355187,70.0,7.0,[],True,312.513937345718,312.5139362180319,312.51393621803186,312.5139350903458,robust_miss,6,3,2,O,False
nav_gain_3p75,False,main,0,27.304724908889632,0.0,0.0,6.320757347566541e-05,4.213838224131905e-06,27.370366284742257,27.370366284742257,0.0,0.0,424.4647494534331,True,3.75,6381.97130500907,6381.971273405284,6381.971241801497,75.0,7.0,[],True,425.46475366727134,425.4647515603522,425.4647515603522,425.4647494534331,robust_miss,6,3,2,O,False
nav_gain_3p75,False,main,0,4.676490660584956,0.0,0.0,9.29731513679144e-05,6.198210087404732e-06,6.01399553436623,6.01399553436623,0.0,0.0,458.9147100127482,True,3.75,6898.720743164374,6898.7206966777985,6898.720650191222,80.0,7.0,[],True,459.91471621095826,459.9147131118532,459.9147131118532,459.9147100127482,robust_miss,6,3,2,O,False
nav_gain_3p75,False,main,0,5.742459826075039,0.0,0.0,0.00010685633333196165,7.123755551674549e-06,5.950480261147029,5.950480261147029,0.0,0.0,464.67197856452833,True,3.75,6985.079785324258,6985.079731896091,6985.079678467925,85.0,7.0,[],True,465.6719856882839,465.67198212640614,465.6719821264061,465.67197856452833,robust_miss,6,3,2,O,False
nav_gain_3p75,False,main,0,0.0,0.0,0.0,0.00011414598429837497,7.609732278979209e-06,0.0,0.0,0.0,0.0,465.6705163703354,True,3.75,7000.057859701015,7000.057802628024,7000.057745555031,90.0,7.0,[],True,466.6705239800677,466.67052017520155,466.67052017520155,466.6705163703354,robust_miss,6,3,2,O,False
nav_gain_3p75,False,main,3,1.8014706545557722,0.0,0.0,0.0,0.0,6.124999999999999,6.124999999999999,0.0,0.0,0.9999091858577575,True,3.75,0.0013622121336378274,0.0013622121336378274,0.0013622121336378274,0.0,8.0,[],True,9.081414224252183e-05,9.081414224252183e-05,9.081414224252183e-05,9.081414224252183e-05,robust_hit,3,3,1,N,False
nav_gain_3p75,False,main,6,7.262909596438851,0.0,0.0,2.1620698719151087e-06,1.4413799146100815e-07,7.268464087920247,7.268464087920247,0.0,0.0,0.9999090022202669,True,3.75,0.001364966695996817,0.0013638856610608595,0.001362804626124902,5.0,8.0,[],True,9.099777973312114e-05,9.092571073739064e-05,9.092571073739063e-05,9.085364174166013e-05,robust_hit,6,3,2,N,False
nav_gain_3p75,False,main,6,12.253936571245552,0.0,0.0,3.5337324432432177e-06,2.3558216288288298e-07,12.262716595322859,12.262716595322859,0.0,0.0,0.9999087563055147,True,3.75,0.001368655417279967,0.0013668885510583456,0.0013651216848367237,10.0,8.0,[],True,9.124369448533113e-05,9.112590340388969e-05,9.112590340388969e-05,9.100811232244825e-05,robust_hit,6,3,2,N,False
nav_gain_3p75,False,main,6,16.13221815372996,0.0,0.0,3.2436126417543804e-06,2.1624084278362265e-07,16.144008321256994,16.144008321256994,0.0,0.0,0.9999087974233042,True,3.75,0.0013680386504372134,0.0013664168441163364,0.001364795037795459,15.0,8.0,[],True,9.120257669581423e-05,9.109445627442243e-05,9.109445627442241e-05,9.098633585303061e-05,robust_hit,6,3,2,N,False
nav_gain_3p75,False,main,6,19.641590687955922,0.0,0.0,5.925078794003164e-06,3.9500525293354426e-07,19.655835183931124,19.655835183931124,0.0,0.0,0.9999079397789927,True,3.75,0.001380903315109429,0.0013779407757124275,0.0013749782363154258,20.0,8.0,[],True,9.206022100729527e-05,9.186271838082848e-05,9.186271838082849e-05,9.166521575436172e-05,robust_hit,6,3,2,N,False
nav_gain_3p75,False,main,6,22.921130538069136,0.0,0.0,6.719840881062996e-06,4.479893920708664e-07,22.93734075437983,22.93734075437983,0.0,0.0,0.9999074046333265,True,3.75,0.001388930500102016,0.0013855705796614846,0.001382210659220953,25.0,8.0,[],True,9.259536667346773e-05,9.23713719774323e-05,9.23713719774323e-05,9.214737728139686e-05,robust_hit,6,3,2,N,False
nav_gain_3p75,False,main,6,25.947694966622894,0.0,0.0,7.0709688760582385e-06,4.71397925070542e-07,25.965833368781336,25.965833368781336,0.0,0.0,0.9999068671143392,True,3.75,0.0013969932849126445,0.0013934578004746153,0.0013899223160365863,30.0,8.0,[],True,9.313288566084297e-05,9.28971866983077e-05,9.28971866983077e-05,9.266148773577242e-05,robust_hit,6,3,2,N,False
nav_gain_3p75,False,main,6,28.72212171207216,0.0,0.0,6.737296955858273e-06,4.4915313039055153e-07,28.741875462762717,28.741875462762717,0.0,0.0,0.9999065445873565,True,3.75,0.0014018311896522922,0.001398462541174363,0.001395093892696434,35.0,8.0,[],True,9.345541264348615e-05,9.323083607829087e-05,9.323083607829087e-05,9.30062595130956e-05,robust_hit,6,3,2,N,False
nav_gain_3p75,False,main,6,31.255398188134105,0.0,0.0,5.344547724293446e-06,3.563031816195613e-07,31.275974423006577,31.275974423006577,0.0,0.0,0.999906915324574,True,3.75,0.0013962701313897543,0.0013935978575276076,0.001390925583665461,40.0,8.0,[],True,9.308467542598362e-05,9.290652383517384e-05,9.290652383517384e-05,9.272837224436406e-05,robust_hit,6,3,2,N,False
nav_gain_3p75,False,main,6,33.532198346145385,0.0,0.0,5.097571611246314e-06,3.3983810741641915e-07,33.55432963073802,33.55432963073802,0.0,0.0,0.9999059479160014,True,3.75,0.0014107812599787359,0.0014082324741731128,0.0014056836883674895,45.0,8.0,[],True,9.40520839985824e-05,9.38821649448742e-05,9.388216494487419e-05,9.371224589116598e-05,robust_hit,6,3,2,N,False
nav_gain_3p75,False,main,6,34.999998525412906,0.0,0.05216095380029806,3.2515270519597062e-06,2.1676847013064166e-07,35.0,35.6743108732182,0.0,0.0,0.999906520313464,True,3.75,0.001402195298038751,0.001400569534512771,0.0013989437709867913,50.0,8.0,[],True,9.347968653591673e-05,9.337130230085141e-05,9.337130230085141e-05,9.326291806578609e-05,robust_hit,6,3,2,N,False
nav_gain_3p75,False,main,6,34.99999999999987,0.0,0.10632911392405063,9.275603896129279e-07,6.183735930752852e-08,35.0,38.65592538624173,0.0,0.0,0.999908123519874,True,3.75,0.0013781472018890744,0.001377683421694268,0.0013772196414994615,55.0,8.0,[],True,9.187648012593829e-05,9.184556144628451e-05,9.184556144628452e-05,9.181464276663076e-05,robust_hit,6,3,2,M,False
nav_gain_3p75,False,main,0,34.99999999999998,0.0,0.0966702470461869,5.715136637718388e-06,3.810091087075307e-07,35.0,41.778932324232265,0.0,0.0,17.30994865259965,True,3.75,274.6492355041314,274.6492326465631,274.6492297889948,60.0,8.0,[],True,18.30994903360876,18.309948843104205,18.309948843104205,18.30994865259965,robust_miss,6,3,2,M,False
nav_gain_3p75,False,main,0,34.99999999999989,0.0,0.11596180081855388,2.298218987561995e-05,1.5321460011819e-06,35.0,43.613777542382245,0.0,0.0,190.3544057211971,True,3.75,2870.3161088001466,2870.316097309051,2870.3160858179567,65.0,8.0,[],True,191.3544072533431,191.35440648727013,191.35440648727013,191.3544057211971,robust_miss,6,3,2,M,False
nav_gain_3p75,False,main,0,34.99999830576897,0.0,0.07991360691144708,3.4388168387522455e-05,2.292544536430796e-06,35.0,38.82387870334274,0.0,0.0,360.05612071081083,True,3.75,5415.84184505033,5415.841827856247,5415.841810662162,70.0,8.0,[],True,361.05612300335537,361.0561218570831,361.0561218570831,361.05612071081083,robust_miss,6,3,2,O,False
nav_gain_3p75,False,main,0,26.491586605559398,0.0,0.0,5.9574270380835515e-05,3.9716180140203505e-06,26.678383841318205,26.678383841318205,0.0,0.0,486.5638054649631,True,3.75,7313.457141548716,7313.4571117615815,7313.457081974446,75.0,8.0,[],True,487.5638094365811,487.5638074507721,487.56380745077206,487.5638054649631,robust_miss,6,3,2,O,False
nav_gain_3p75,False,main,0,4.125786662903825,0.0,0.0,9.090967159863794e-05,6.060644750505162e-06,5.794961367776323,5.794961367776323,0.0,0.0,524.7370846725682,True,3.75,7886.0563609981955,7886.056315543359,7886.056270088524,80.0,8.0,[],True,525.737090733213,525.7370877028906,525.7370877028907,525.7370846725682,robust_miss,6,3,2,O,False
nav_gain_3p75,False,main,0,5.670380231356195,0.0,0.0,0.00010596236006676918,7.064157330205489e-06,5.8332567258180665,5.8332567258180665,0.0,0.0,531.2700795936431,True,3.75,7984.051299867007,7984.051246885828,7984.051193904647,85.0,8.0,[],True,532.2700866578004,532.2700831257217,532.2700831257218,532.2700795936431,robust_miss,6,3,2,O,False
nav_gain_3p75,False,main,0,0.0,0.0,0.0,0.0001141462062150822,7.609747058268113e-06,0.0,0.0,0.0,0.0,532.3367013516906,True,3.75,8000.0506344215655,8000.050577348462,8000.050520275359,90.0,8.0,[],True,533.3367089614377,533.3367051565641,533.3367051565642,533.3367013516906,robust_miss,6,3,2,O,False
nav_gain_3p75,False,main,3,1.8014706545557722,0.0,0.0,0.0,0.0,6.124999999999999,6.124999999999999,0.0,0.0,0.9999091858556064,True,3.75,0.001362212165904252,0.001362212165904252,0.001362212165904252,0.0,9.0,[],True,9.08141443936168e-05,9.08141443936168e-05,9.08141443936168e-05,9.08141443936168e-05,robust_hit,3,3,1,N,False
nav_gain_3p75,False,main,6,7.170184705511141,0.0,0.0,1.8247769353536055e-06,1.2165179569023675e-07,7.174993563503055,7.174993563503055,0.0,0.0,0.9999090456588228,True,3.75,0.001364315117658753,0.0013634027291910761,0.0013624903407233994,5.0,9.0,[],True,9.09543411772502e-05,9.089351527940508e-05,9.089351527940508e-05,9.083268938155996e-05,robust_hit,6,3,2,N,False
nav_gain_3p75,False,main,6,12.009205435931598,0.0,0.0,3.827892400009225e-06,2.551928266672889e-07,12.017222086137886,12.017222086137886,0.0,0.0,0.9999086919403674,True,3.75,0.0013696208944891464,0.0013677069482891417,0.0013657930020891372,10.0,9.0,[],True,9.130805963260976e-05,9.11804632192761e-05,9.118046321927612e-05,9.105286680594247e-05,robust_hit,6,3,2,N,False
nav_gain_3p75,False,main,6,15.862058799160527,0.0,0.0,4.204323850610665e-06,2.8028825670738035e-07,15.872269272684179,15.872269272684179,0.0,0.0,0.9999085717205634,True,3.75,0.0013714241915495763,0.001369322029624271,0.0013672198676989657,15.0,9.0,[],True,9.142827943663843e-05,9.128813530828473e-05,9.128813530828473e-05,9.114799117993105e-05,robust_hit,6,3,2,N,False
nav_gain_3p75,False,main,6,19.229160879109784,0.0,0.0,5.280522164755313e-06,3.520348109836848e-07,19.24112581293047,19.24112581293047,0.0,0.0,0.9999081783712632,True,3.75,0.0013773244310517066,0.001374684169969329,0.0013720439088869513,20.0,9.0,[],True,9.182162873678044e-05,9.16456113312886e-05,9.16456113312886e-05,9.146959392579676e-05,robust_hit,6,3,2,N,False
nav_gain_3p75,False,main,6,22.343063351309855,0.0,0.0,6.112495639748168e-06,4.0749970931654004e-07,22.356827615264464,22.356827615264464,0.0,0.0,0.9999076945357308,True,3.75,0.0013845819640373297,0.0013815257162174558,0.0013784694683975816,25.0,9.0,[],True,9.230546426915531e-05,9.210171441449705e-05,9.210171441449705e-05,9.189796455983877e-05,robust_hit,6,3,2,N,False
nav_gain_3p75,False,main,6,25.210502789794617,0.0,0.0,6.4217728605923084e-06,4.281181907061539e-07,25.22638682404377,25.22638682404377,0.0,0.0,0.9999072529269524,True,3.75,0.0013912060957147329,0.0013879952092844367,0.0013847843228541406,30.0,9.0,[],True,9.274707304764886e-05,9.253301395229577e-05,9.253301395229578e-05,9.23189548569427e-05,robust_hit,6,3,2,N,False
nav_gain_3p75,False,main,6,27.841103413274592,0.0,0.0,6.081058158486936e-06,4.0540387723245967e-07,27.85831013487817,27.85831013487817,0.0,0.0,0.9999070079758394,True,3.75,0.001394880362409082,0.0013918398333298387,0.001388799304250595,35.0,9.0,[],True,9.299202416060546e-05,9.278932222198924e-05,9.278932222198924e-05,9.2586620283373e-05,robust_hit,6,3,2,N,False
nav_gain_3p75,False,main,6,30.22060987454464,0.0,0.0,3.304342665324698e-06,2.202895110216366e-07,30.238842282724217,30.238842282724217,0.0,0.0,0.999908283958437,True,3.75,0.0013757406234445673,0.001374088452111905,0.0013724362807792426,40.0,9.0,[],True,9.171604156297115e-05,9.160589680746034e-05,9.160589680746033e-05,9.149575205194951e-05,robust_hit,6,3,2,N,False
nav_gain_3p75,False,main,6,32.346988050731504,0.0,0.0,4.72829457186805e-06,3.1521963812452766e-07,32.36447672437606,32.36447672437606,0.0,0.0,0.9999063310814681,True,3.75,0.0014050337779779867,0.0014026696306920527,0.0014003054834061186,45.0,9.0,[],True,9.366891853186577e-05,9.351130871280352e-05,9.351130871280351e-05,9.335369889374125e-05,robust_hit,6,3,2,N,False
nav_gain_3p75,False,main,6,34.18736241037404,0.0,0.0,3.4990996862879938e-06,2.332733124192014e-07,34.204825060031254,34.204825060031254,0.0,0.0,0.9999059411460455,True,3.75,0.0014108828093182249,0.0014091332594750809,0.0014073837096319369,50.0,9.0,[],True,9.405885395454832e-05,9.394221729833872e-05,9.394221729833872e-05,9.382558064212912e-05,robust_hit,6,3,2,N,False
nav_gain_3p75,False,main,6,34.99999998550573,0.0,0.053156146179401995,1.54031470001037e-06,1.026876466673571e-07,35.0,35.954473325800116,0.0,0.0,0.9999062884756901,True,3.75,0.0014056728646484732,0.0014049027072984682,0.0014041325499484628,55.0,9.0,[],True,9.371152430989822e-05,9.366018048656453e-05,9.366018048656454e-05,9.360883666323086e-05,robust_hit,6,3,2,N,False
nav_gain_3p75,False,main,0,34.999999999981334,0.0,0.06442577030812324,4.908853355800602e-06,3.2725689003143543e-07,35.0,38.0501795790297,0.0,0.0,12.738126351409615,True,3.75,206.07190017999758,206.07189772557092,206.07189527114423,60.0,9.0,[],True,13.738126678666505,13.738126515038061,13.738126515038061,13.738126351409615,robust_miss,6,3,2,M,False
nav_gain_3p75,False,main,0,34.999999999693536,0.0,0.07083825265643448,2.271562470923527e-05,1.5143749578783172e-06,35.0,39.16611820436811,0.0,0.0,206.53659285613395,True,3.75,3113.048915557634,3113.048904199821,3113.048892842009,65.0,9.0,[],True,207.5365943705089,207.53659361332143,207.53659361332143,207.53659285613395,robust_miss,6,3,2,M,False
nav_gain_3p75,False,main,0,34.99892479428997,0.0,0.02982107355864811,3.52017923432868e-05,2.346786175166926e-06,35.0,35.74883645124925,0.0,0.0,413.5645683500374,True,3.75,6218.468560452354,6218.468542851458,6218.4685252505615,70.0,9.0,[],True,414.5645706968236,414.56456952343046,414.56456952343046,414.5645683500374,robust_miss,6,3,2,O,False
nav_gain_3p75,False,main,0,25.96538902013877,0.0,0.0,5.605752448900603e-05,3.7371682992670685e-06,26.225951577381156,26.225951577381156,0.0,0.0,548.6260547886451,True,3.75,8244.390877887201,8244.390849858439,8244.390821829676,75.0,9.0,[],True,549.6260585258134,549.6260566572292,549.6260566572292,549.6260547886451,robust_miss,6,3,2,O,False
nav_gain_3p75,False,main,0,4.6677507760453505,0.0,0.0,8.898270061763469e-05,5.9321799881217885e-06,6.028644507045502,6.028644507045502,0.0,0.0,590.5724457087343,True,3.75,8873.586774613716,8873.586730122364,8873.586685631015,80.0,9.0,[],True,591.5724516409143,591.5724486748244,591.5724486748243,591.5724457087343,robust_miss,6,3,2,O,False
nav_gain_3p75,False,main,0,5.639134179195493,0.0,0.0,0.00010519378156459425,7.012918786131195e-06,5.770989158208359,5.770989158208359,0.0,0.0,597.8701769488483,True,3.75,8983.052759426506,8983.052706829616,8983.052654232724,85.0,9.0,[],True,598.8701839617671,598.8701804553077,598.8701804553077,598.8701769488483,robust_miss,6,3,2,O,False
nav_gain_3p75,False,main,0,0.0,0.0,0.0,0.0001141463599196868,7.6097572900835075e-06,0.0,0.0,0.0,0.0,599.0029933733149,True,3.75,9000.045014746083,9000.044957672902,9000.044900599723,90.0,9.0,[],True,600.0030009830722,600.0029971781936,600.0029971781935,600.0029933733149,robust_miss,6,3,2,O,False
nav_gain_3p75,False,main,3,1.8014706545557722,0.0,0.0,0.0,0.0,6.124999999999999,6.124999999999999,0.0,0.0,0.9999091858533904,True,3.75,0.0013622121991446634,0.0013622121991446634,0.0013622121991446634,0.0,10.0,[],True,9.081414660964423e-05,9.081414660964423e-05,9.081414660964423e-05,9.081414660964423e-05,robust_hit,3,3,1,N,False
nav_gain_3p75,False,main,6,7.10035509798391,0.0,0.0,1.998141632051373e-06,1.3320944213675008e-07,7.104571019505334,7.104571019505334,0.0,0.0,0.9999090240308836,True,3.75,0.0013646395367474364,0.0013636404659314108,0.001362641395115385,5.0,10.0,[],True,9.097596911649575e-05,9.090936439542737e-05,9.090936439542737e-05,9.0842759674359e-05,robust_hit,6,3,2,N,False
nav_gain_3p75,False,main,6,11.836290416182079,0.0,0.0,3.5344327120106697e-06,2.3562884746737166e-07,11.843252662953917,11.843252662953917,0.0,0.0,0.9999087560633556,True,3.75,0.001368659049666515,0.0013668918333105096,0.0013651246169545043,10.0,10.0,[],True,9.124393664443433e-05,9.112612222070065e-05,9.112612222070065e-05,9.100830779696696e-05,robust_hit,6,3,2,N,False
nav_gain_3p75,False,main,6,15.629582422409973,0.0,0.0,2.2407794047986547e-06,1.4938529365323913e-07,15.638789747341976,15.638789747341976,0.0,0.0,0.9999089781679681,True,3.75,0.0013653274804787988,0.0013642070907763995,0.0013630867010740002,15.0,10.0,[],True,9.102183203191992e-05,9.094713938509329e-05,9.09471393850933e-05,9.087244673826668e-05,robust_hit,6,3,2,N,False
nav_gain_3p75,False,main,6,18.872719095471034,0.0,0.0,4.871734913102204e-06,3.247823275401442e-07,18.883216705732835,18.883216705732835,0.0,0.0,0.9999083160982509,True,3.75,0.001375258526235456,0.0013728226587789048,0.0013703867913223537,20.0,10.0,[],True,9.16839017490304e-05,9.152151058526033e-05,9.152151058526033e-05,9.135911942149025e-05,robust_hit,6,3,2,N,False
nav_gain_3p75,False,main,6,21.85046635860231,0.0,0.0,6.243606859868524e-06,4.162404573245746e-07,21.862576551610566,21.862576551610566,0.0,0.0,0.9999076279342075,True,3.75,0.00138558098688813,0.0013824591834581956,0.0013793373800282615,25.0,10.0,[],True,9.2372065792542e-05,9.216394556387972e-05,9.216394556387972e-05,9.195582533521743e-05,robust_hit,6,3,2,N,False
nav_gain_3p75,False,main,6,24.573192357607216,0.0,0.0,5.384203710633636e-06,3.589469140422388e-07,24.586809285542245,24.586809285542245,0.0,0.0,0.9999078027909392,True,3.75,0.0013829581359124036,0.0013802660340570868,0.00137757393220177,30.0,10.0,[],True,9.21972090608269e-05,9.201773560380578e-05,9.201773560380578e-05,9.183826214678466e-05,robust_hit,6,3,2,N,False
nav_gain_3p75,False,main,6,27.065521029225962,0.0,0.0,6.020144017531218e-06,4.01342934502083e-07,27.080138736236247,27.080138736236247,0.0,0.0,0.9999070329276184,True,3.75,0.0013945060857241266,0.001391496013715361,0.0013884859417065954,35.0,10.0,[],True,9.296707238160844e-05,9.27664009143574e-05,9.27664009143574e-05,9.256572944710636e-05,robust_hit,6,3,2,N,False
nav_gain_3p75,False,main,6,29.317187405307607,0.0,0.0,5.78732471628483e-06,3.85821647752322e-07,29.33242662958343,29.33242662958343,0.0,0.0,0.9999064409199577,True,3.75,0.0014033862006347405,0.0014004925382765981,0.0013975988759184557,40.0,10.0,[],True,9.355908004231604e-05,9.336616921843988e-05,9.336616921843988e-05,9.317325839456372e-05,robust_hit,6,3,2,N,False
nav_gain_3p75,False,main,6,31.314190537828377,0.0,0.0,4.774615864965503e-06,3.1830772433103535e-07,31.328919673700213,31.328919673700213,0.0,0.0,0.9999062028322052,True,3.75,0.0014069575169216365,0.0014045702089891538,0.001402182901056671,45.0,10.0,[],True,9.379716779477576e-05,9.363801393261026e-05,9.363801393261025e-05,9.347886007044473e-05,robust_hit,6,3,2,N,False
nav_gain_3p75,False,main,6,33.02347308336704,0.0,0.0,3.4285879438439824e-06,2.2857252958959973e-07,33.037815168429745,33.037815168429745,0.0,0.0,0.9999059254007818,True,3.75,0.001411118988272581,0.001409404694300659,0.001407690400328737,50.0,10.0,[],True,9.407459921817206e-05,9.396031295337727e-05,9.396031295337727e-05,9.384602668858246e-05,robust_hit,6,3,2,N,False
nav_gain_3p75,False,main,6,34.392473790604335,0.0,0.0,1.347807983185633e-06,8.985386554571158e-08,34.40497354301808,34.40497354301808,0.0,0.0,0.9999067434415866,True,3.75,0.0013988483762011137,0.001398174472209521,0.001397500568217928,55.0,10.0,[],True,9.325655841340759e-05,9.321163148063472e-05,9.321163148063474e-05,9.316670454786187e-05,robust_hit,6,3,2,N,False
nav_gain_3p75,False,main,0,34.99999992729159,0.0,0.03468208092485549,4.979435800578358e-06,3.319623864683763e-07,35.0,35.44213370960961,0.0,0.0,12.883294783173962,True,3.75,208.24942672704523,208.24942423732736,208.24942174760943,60.0,10.0,[],True,13.883295115136349,13.883294949155156,13.883294949155156,13.883294783173962,robust_miss,6,3,2,M,False
nav_gain_3p75,False,main,0,34.99999565996444,0.0,0.03167898627243928,2.2989790068095317e-05,1.5326526749959157e-06,35.0,35.975146992022744,0.0,0.0,229.2802244085914,True,3.75,3454.203389118661,3454.203377623766,3454.203366128871,65.0,10.0,[],True,230.28022594124408,230.28022517491775,230.28022517491775,230.2802244085914,robust_miss,6,3,2,M,False
nav_gain_3p75,False,main,0,33.49139350175713,0.0,0.0,3.5929933801526204e-05,2.395328920101747e-06,33.61640109654745,33.61640109654745,0.0,0.0,468.65914681845794,True,3.75,7044.887238206803,7044.887220241836,7044.887202276869,70.0,10.0,[],True,469.65914921378686,469.6591480161224,469.6591480161224,469.65914681845794,robust_miss,6,3,2,O,False
nav_gain_3p75,False,main,0,25.31629362771342,0.0,0.0,5.388696081354283e-05,3.5924640542361885e-06,25.828693865903947,25.828693865903947,0.0,0.0,611.810199216333,True,3.75,9192.153042131955,9192.153015188474,9192.152988244994,75.0,10.0,[],True,612.810202808797,612.810201012565,612.810201012565,612.810199216333,robust_miss,6,3,2,O,False
nav_gain_3p75,False,main,0,4.686571181853276,0.0,0.0,8.715336480236147e-05,5.810224365632166e-06,6.075572651104741,6.075572651104741,0.0,0.0,656.4166834884076,True,3.75,9861.250339479478,9861.250295902797,9861.250252326114,80.0,10.0,[],True,657.4166892986319,657.4166863935197,657.4166863935197,657.4166834884076,robust_miss,6,3,2,O,False
nav_gain_3p75,False,main,0,5.629409145759584,0.0,0.0,0.00010448118518979754,6.965412239878788e-06,5.738935943416778,5.738935943416778,0.0,0.0,664.4725796471895,True,3.75,9982.088799189027,9982.088746948435,9982.088694707842,85.0,10.0,[],True,665.4725866126017,665.4725831298956,665.4725831298956,665.4725796471895,robust_miss,6,3,2,O,False
nav_gain_3p75,False,main,0,0.0,0.0,0.0,0.00011414646724006161,7.609764566041122e-06,0.0,0.0,0.0,0.0,665.6693603234387,True,3.75,10000.040518998048,10000.040461924815,10000.040404851581,90.0,10.0,[],True,666.6693679332033,666.669364128321,666.6693641283209,666.6693603234387,robust_miss,6,3,2,O,False
nav_gain_3p75,False,main,3,1.8014706545557722,0.0,0.0,0.0,0.0,6.124999999999999,6.124999999999999,0.0,0.0,0.9999091858511082,True,3.75,0.0013622122333761795,0.0013622122333761795,0.0013622122333761795,0.0,11.0,[],True,9.08141488917453e-05,9.081414889174529e-05,9.08141488917453e-05,9.08141488917453e-05,robust_hit,3,3,1,N,False
nav_gain_3p75,False,main,6,7.046217156875864,0.0,0.0,1.994705104040647e-06,1.3298034026937647e-07,7.050012932385104,7.050012932385104,0.0,0.0,0.9999090244845188,True,3.75,0.0013646327322188038,0.0013636353796667834,0.0013626380271147631,5.0,11.0,[],True,9.097551548125359e-05,9.09090253111189e-05,9.09090253111189e-05,9.084253514098421e-05,robust_hit,6,3,2,N,False
nav_gain_3p75,False,main,6,11.696500533453728,0.0,0.0,2.5250510849676028e-06,1.6833673899784019e-07,11.70284833392709,11.70284833392709,0.0,0.0,0.9999089431670176,True,3.75,0.0013658524947360792,0.0013645899691935954,0.0013633274436511116,10.0,11.0,[],True,9.105683298240528e-05,9.097266461290636e-05,9.097266461290636e-05,9.088849624340744e-05,robust_hit,6,3,2,N,False
nav_gain_3p75,False,main,6,15.412858881044762,0.0,0.0,3.7425095141031556e-06,2.495006342735428e-07,15.420721025243493,15.420721025243493,0.0,0.0,0.9999086857806163,True,3.75,0.0013697132907547654,0.0013678420359977137,0.0013659707812406622,15.0,11.0,[],True,9.131421938365103e-05,9.118946906651425e-05,9.118946906651427e-05,9.106471874937749e-05,robust_hit,6,3,2,N,False
nav_gain_3p75,False,main,6,18.561694595876467,0.0,0.0,5.518954252466471e-06,3.6793028349776924e-07,18.570906345043717,18.570906345043717,0.0,0.0,0.9999080887018266,True,3.75,0.0013786694726017096,0.0013759099954754764,0.0013731505183492432,20.0,11.0,[],True,9.191129817344731e-05,9.172733303169842e-05,9.172733303169843e-05,9.154336788994954e-05,robust_hit,6,3,2,N,False
nav_gain_3p75,False,main,6,21.411048198642572,0.0,0.0,3.245649538925928e-06,2.1637663592839068e-07,21.42151219924794,21.42151219924794,0.0,0.0,0.9999087203948775,True,3.75,0.0013691940768369361,0.0013675712520674732,0.0013659484272980102,25.0,11.0,[],True,9.127960512246241e-05,9.117141680449822e-05,9.117141680449822e-05,9.106322848653402e-05,robust_hit,6,3,2,N,False
nav_gain_3p75,False,main,6,24.019496691813465,0.0,0.0,4.160599479590766e-06,2.7737329863937986e-07,24.03119766719096,24.03119766719096,0.0,0.0,0.9999083325757568,True,3.75,0.0013750113636466946,0.001372931063906899,0.0013708507641671038,30.0,11.0,[],True,9.166742424311297e-05,9.152873759379329e-05,9.152873759379329e-05,9.139005094447359e-05,robust_hit,6,3,2,N,False
nav_gain_3p75,False,main,6,26.386788129396827,0.0,0.0,6.241550995845016e-06,4.161033997230056e-07,26.39956130833175,26.39956130833175,0.0,0.0,0.9999068561763566,True,3.75,0.0013971573546520306,0.001394036579154108,0.0013909158036561856,35.0,11.0,[],True,9.314382364346871e-05,9.293577194360721e-05,9.29357719436072e-05,9.27277202437457e-05,robust_hit,6,3,2,N,False
nav_gain_3p75,False,main,6,28.516065222454092,0.0,0.0,5.549326348886592e-06,3.699550899257764e-07,28.529302826664864,28.529302826664864,0.0,0.0,0.999906632509163,True,3.75,0.001400512362554491,0.0013977376993800476,0.0013949630362056044,40.0,11.0,[],True,9.336749083696607e-05,9.318251329200318e-05,9.318251329200318e-05,9.29975357470403e-05,robust_hit,6,3,2,N,False
nav_gain_3p75,False,main,6,30.39440328911173,0.0,0.0,4.409542817310772e-06,2.9396952115405236e-07,30.407401433895842,30.407401433895842,0.0,0.0,0.9999065955124986,True,3.75,0.0014010673125213194,0.001398862541112664,0.0013966577697040086,45.0,11.0,[],True,9.340448750142129e-05,9.325750274084425e-05,9.325750274084425e-05,9.311051798026723e-05,robust_hit,6,3,2,N,False
nav_gain_3p75,False,main,6,31.994614783681666,0.0,0.0,2.915097171003484e-06,1.9433981140022866e-07,32.0066202134043,32.0066202134043,0.0,0.0,0.9999067469187882,True,3.75,0.0013987962181771986,0.001397338669591697,0.0013958811210061952,50.0,11.0,[],True,9.325308121181324e-05,9.315591130611313e-05,9.315591130611313e-05,9.305874140041302e-05,robust_hit,6,3,2,N,False
nav_gain_3p75,False,main,6,33.2579036839621,0.0,0.0,7.927872736099122e-07,5.2852484907323864e-08,33.26833729780083,33.26833729780083,0.0,0.0,0.9999082370887713,True,3.75,0.00137644366842965,0.001376047274792845,0.00137565088115604,55.0,11.0,[],True,9.176291122864333e-05,9.173648498618965e-05,9.173648498618967e-05,9.1710058743736e-05,robust_hit,6,3,2,N,False
nav_gain_3p75,False,main,0,34.09219686978964,0.0,0.0,5.914639302773139e-06,3.943092892200184e-07,34.09961328191619,34.09961328191619,0.0,0.0,18.368057943521833,True,3.75,290.5208750674668,290.5208721101472,290.5208691528275,60.0,11.0,[],True,19.368058337831123,19.368058140676478,19.368058140676478,19.368057943521833,robust_miss,6,3,2,M,False
nav_gain_3p75,False,main,0,34.23024511064766,0.0,0.0,2.369557796555455e-05,1.5797051560184627e-06,34.27040123809031,34.27040123809031,0.0,0.0,259.4910627022346,True,3.75,3907.365964229097,3907.3659523813076,3907.365940533519,65.0,11.0,[],True,260.49106428193977,260.4910634920872,260.49106349208716,260.4910627022346,robust_miss,6,3,2,M,False
nav_gain_3p75,False,main,0,31.656032191185574,0.0,0.0,3.6424826248548925e-05,2.4283217499032617e-06,31.795510892755974,31.795510892755974,0.0,0.0,522.4785469485298,True,3.75,7852.178240652774,7852.1782224403605,7852.178204227947,70.0,11.0,[],True,523.4785493768516,523.4785481626907,523.4785481626907,523.4785469485298,robust_miss,6,3,2,O,False
nav_gain_3p75,False,main,0,24.039258022141606,0.0,0.0,5.19617460668087e-05,3.4641163892956683e-06,25.21118613803249,25.21118613803249,0.0,0.0,675.4165737909385,True,3.75,10146.248658825823,10146.24863284495,10146.248606864077,75.0,11.0,[],True,676.4165772550549,676.4165755229967,676.4165755229967,676.4165737909385,robust_miss,6,3,2,O,False
nav_gain_3p75,False,main,0,4.137975751852853,0.0,0.0,8.535507549822796e-05,5.690338412023266e-06,5.958466685530162,5.958466685530162,0.0,0.0,722.2697378968318,True,3.75,10849.046153807552,10849.046111130016,10849.046068452477,80.0,11.0,[],True,723.2697435871702,723.269740742001,723.269740742001,723.2697378968318,robust_miss,6,3,2,O,False
nav_gain_3p75,False,main,0,5.631359845336249,0.0,0.0,0.00010380944513599388,6.9206296302581904e-06,5.724217762261001,5.724217762261001,0.0,0.0,731.077087684716,True,3.75,10981.156419080186,10981.156367175463,10981.15631527074,85.0,11.0,[],True,732.0770946053457,732.0770911450309,732.0770911450309,732.077087684716,robust_miss,6,3,2,O,False
nav_gain_3p75,False,main,0,0.0,0.0,0.0,0.00011414654727559537,7.609769795635657e-06,0.0,0.0,0.0,0.0,732.335781767177,True,3.75,11000.036840654202,11000.036783580928,11000.036726507655,90.0,11.0,[],True,733.3357893769468,733.3357855720619,733.3357855720619,733.335781767177,robust_miss,6,3,2,O,False
nav_gain_3p75,False,main,3,1.8014706545557722,0.0,0.0,0.0,0.0,6.124999999999999,6.124999999999999,0.0,0.0,0.999909185848759,True,3.75,0.0013622122686153253,0.0013622122686153253,0.0013622122686153253,0.0,12.0,[],True,9.081415124102169e-05,9.081415124102169e-05,9.081415124102169e-05,9.081415124102169e-05,robust_hit,3,3,1,N,False
nav_gain_3p75,False,main,6,6.976445184762581,0.0,0.0,1.4259470800179197e-06,9.506313866786944e-08,6.991945093770313,6.991945093770313,0.0,0.0,0.9999090899659523,True,3.75,0.0013636505107160397,0.0013629375371760307,0.0013622245636360217,5.0,12.0,[],True,9.091003404773598e-05,9.086250247840204e-05,9.086250247840205e-05,9.081497090906811e-05,robust_hit,6,3,2,N,False
nav_gain_3p75,False,main,6,11.577856878187681,0.0,0.0,2.5092700960546114e-06,1.6728467307031375e-07,11.583449423241735,11.583449423241735,0.0,0.0,0.9999089456658729,True,3.75,0.0013658150119066391,0.001364560376858612,0.0013633057418105845,10.0,12.0,[],True,9.105433412710928e-05,9.097069179057412e-05,9.097069179057413e-05,9.088704945403897e-05,robust_hit,6,3,2,N,False
nav_gain_3p75,False,main,6,15.207703634861668,0.0,0.0,4.789364968566271e-06,3.1929099790441087e-07,15.214791887273476,15.214791887273476,0.0,0.0,0.9999084077849427,True,3.75,0.0013738832258599174,0.0013714885433756341,0.001369093860891351,15.0,12.0,[],True,9.159221505732782e-05,9.143256955837562e-05,9.143256955837562e-05,9.127292405942341e-05,robust_hit,6,3,2,N,False
nav_gain_3p75,False,main,6,18.28246479018313,0.0,0.0,5.732117091742815e-06,3.821411394495174e-07,18.29115994606089,18.29115994606089,0.0,0.0,0.9999080067242475,True,3.75,0.0013798991362866462,0.0013770330777407747,0.0013741670191949034,20.0,12.0,[],True,9.199327575244308e-05,9.180220518271831e-05,9.180220518271832e-05,9.161113461299356e-05,robust_hit,6,3,2,N,False
nav_gain_3p75,False,main,6,21.026011930250316,0.0,0.0,6.092037952089898e-06,4.061358634726626e-07,21.035500186106066,21.035500186106066,0.0,0.0,0.9999076915708872,True,3.75,0.0013846264366921945,0.0013815804177161495,0.0013785343987401046,25.0,12.0,[],True,9.230842911281296e-05,9.210536118107662e-05,9.210536118107662e-05,9.19022932493403e-05,robust_hit,6,3,2,N,False
nav_gain_3p75,False,main,6,23.517742274621146,0.0,0.0,5.748225622384789e-06,3.8321504149231654e-07,23.528105963298334,23.528105963298334,0.0,0.0,0.9999076043456867,True,3.75,0.0013859348146986446,0.0013830607018874522,0.0013801865890762598,30.0,12.0,[],True,9.239565431324298e-05,9.220404679249683e-05,9.220404679249683e-05,9.201243927175066e-05,robust_hit,6,3,2,N,False
nav_gain_3p75,False,main,6,25.776964017468988,0.0,0.0,4.491212903423103e-06,2.9941419356154745e-07,25.788408590096218,25.788408590096218,0.0,0.0,0.9999079512867689,True,3.75,0.0013807306984663205,0.001378485092014609,0.0013762394855628974,35.0,12.0,[],True,9.204871323108804e-05,9.189900613430726e-05,9.189900613430726e-05,9.174929903752649e-05,robust_hit,6,3,2,N,False
nav_gain_3p75,False,main,6,27.800226467214127,0.0,0.0,5.575385230347472e-06,3.71692348689827e-07,27.81190925304898,27.81190925304898,0.0,0.0,0.9999065792826857,True,3.75,0.0014013107597148848,0.001398523067099711,0.0013957353744845373,40.0,12.0,[],True,9.342071731432565e-05,9.323487113998073e-05,9.323487113998074e-05,9.304902496563582e-05,robust_hit,6,3,2,N,False
nav_gain_3p75,False,main,6,29.580686346188415,0.0,0.0,3.2847855394131306e-06,2.1898570262754294e-07,29.591835371617535,29.591835371617535,0.0,0.0,0.9999077200272096,True,3.75,0.0013841995918550186,0.001382557199085312,0.0013809148063156054,45.0,12.0,[],True,9.227997279033458e-05,9.21704799390208e-05,9.21704799390208e-05,9.206098708770703e-05,robust_hit,6,3,2,N,False
nav_gain_3p75,False,main,6,31.081505224649593,0.0,0.0,3.261835133846038e-06,2.1745567558973766e-07,31.091976777617287,31.091976777617287,0.0,0.0,0.9999059757090156,True,3.75,0.00141036436476626,0.0014087334471993371,0.001407102529632414,50.0,12.0,[],True,9.402429098441734e-05,9.391556314662247e-05,9.391556314662247e-05,9.38068353088276e-05,robust_hit,6,3,2,N,False
nav_gain_3p75,False,main,6,32.24974939971653,0.0,0.0,7.20512031308039e-07,4.803413542053413e-08,32.25816081023707,32.25816081023707,0.0,0.0,0.9999082806683041,True,3.75,0.0013757899754390976,0.0013754297194234436,0.0013750694634077896,55.0,12.0,[],True,9.171933169593985e-05,9.169531462822958e-05,9.169531462822958e-05,9.167129756051931e-05,robust_hit,6,3,2,N,False
nav_gain_3p75,False,main,0,32.99645821802664,0.0,0.0,6.906936334871716e-06,4.6046242019315287e-07,33.00236745237471,33.00236745237471,0.0,0.0,25.252167901809614,True,3.75,393.7825254340805,393.78252198061233,393.7825185271442,60.0,12.0,[],True,26.252168362272034,26.252168132040822,26.252168132040822,26.252167901809614,robust_miss,6,3,2,M,False
nav_gain_3p75,False,main,0,32.87725879391745,0.0,0.0,2.4351465981453657e-05,1.6234310464824375e-06,32.940864543847475,32.940864543847475,0.0,0.0,290.9438968463335,True,3.75,4379.158477046468,4379.158464870735,4379.158452695002,65.0,12.0,[],True,291.9438984697645,291.943897658049,291.94389765804897,291.9438968463335,robust_miss,6,3,2,M,False
nav_gain_3p75,False,main,0,30.040301467491723,0.0,0.0,3.678313260024879e-05,2.4522089461243013e-06,30.192319512992928,30.192319512992928,0.0,0.0,575.1692854713282,True,3.75,8642.539318853056,8642.53930046149,8642.539282069924,70.0,12.0,[],True,576.1692879235371,576.1692866974327,576.1692866974327,576.1692854713282,robust_miss,6,3,2,O,False
nav_gain_3p75,False,main,0,18.335598540425867,0.0,0.0,5.0033100706059486e-05,3.33554010012449e-06,18.46626567006947,18.46626567006947,0.0,0.0,739.1992131860542,True,3.75,11102.988247823914,11102.988222807364,11102.988197790814,75.0,12.0,[],True,740.1992165215943,740.1992148538243,740.1992148538243,740.1992131860542,robust_miss,6,3,2,O,False
nav_gain_3p75,False,main,0,4.158758480983423,0.0,0.0,8.370314208150376e-05,5.5802095175749855e-06,5.9603113548615845,5.9603113548615845,0.0,0.0,788.1334953475964,True,3.75,11837.002513917088,11837.002472065518,11837.002430213946,80.0,12.0,[],True,789.1335009278059,789.1334981377012,789.1334981377012,789.1334953475964,robust_miss,6,3,2,O,False
nav_gain_3p75,False,main,0,5.639691178236958,0.0,0.0,0.00010317101441614795,6.8780676656388096e-06,5.719732467335185,5.719732467335185,0.0,0.0,797.6834549149669,True,3.75,11980.251926895518,11980.25187531001,11980.251823724504,85.0,12.0,[],True,798.6834617930346,798.6834583540008,798.6834583540008,798.6834549149669,robust_miss,6,3,2,O,False
nav_gain_3p75,False,main,0,0.0,0.0,0.0,0.00011414660912123509,7.609773888361815e-06,0.0,0.0,0.0,0.0,799.0022440812146,True,3.75,12000.033775364827,12000.033718291523,12000.033661218218,90.0,12.0,[],True,800.0022516909885,800.0022478861015,800.0022478861015,800.0022440812146,robust_miss,6,3,2,O,False
nav_gain_3p75,False,main,3,1.8014706545557722,0.0,0.0,0.0,0.0,6.124999999999999,6.124999999999999,0.0,0.0,0.9999091858463415,True,3.75,0.00136221230487849,0.00136221230487849,0.00136221230487849,0.0,13.0,[],True,9.0814153658566e-05,9.0814153658566e-05,9.0814153658566e-05,9.0814153658566e-05,robust_hit,3,3,1,N,False
nav_gain_3p75,False,main,6,6.851672793403764,0.0,0.0,1.914457625294859e-06,1.2763050835298698e-07,6.876749800349865,6.876749800349865,0.0,0.0,0.999909034687576,True,3.75,0.0013644796863602614,0.001363522457547614,0.0013625652287349666,5.0,13.0,[],True,9.096531242401742e-05,9.090149716984093e-05,9.090149716984093e-05,9.083768191566444e-05,robust_hit,6,3,2,N,False
nav_gain_3p75,False,main,6,11.469852927780584,0.0,0.0,2.9426644262513495e-06,1.961776284167458e-07,11.475512746013905,11.475512746013905,0.0,0.0,0.99990887199207,True,3.75,0.001366920118949874,0.0013654487867367485,0.0013639774545236227,10.0,13.0,[],True,9.11280079299916e-05,9.102991911578322e-05,9.102991911578322e-05,9.093183030157485e-05,robust_hit,6,3,2,N,False
nav_gain_3p75,False,main,6,15.02235594489763,0.0,0.0,4.640553703653873e-06,3.093702469102519e-07,15.029215181748008,15.029215181748008,0.0,0.0,0.9999084507068037,True,3.75,0.0013732393979452315,0.0013709191210934046,0.0013685988442415776,15.0,13.0,[],True,9.154929319634876e-05,9.139460807289365e-05,9.139460807289365e-05,9.123992294943851e-05,robust_hit,6,3,2,N,False
nav_gain_3p75,False,main,6,18.020090046359872,0.0,0.0,5.546531893453914e-06,3.697687928969339e-07,18.028033241149895,18.028033241149895,0.0,0.0,0.9999080756813553,True,3.75,0.0013788647796697967,0.0013760915137230696,0.0013733182477763427,20.0,13.0,[],True,9.192431864465311e-05,9.173943424820464e-05,9.173943424820464e-05,9.155454985175618e-05,robust_hit,6,3,2,N,False
nav_gain_3p75,False,main,6,20.66764134915724,0.0,0.0,3.0070903957238587e-06,2.0047269304825544e-07,20.676108762547383,20.676108762547383,0.0,0.0,0.9999087780925082,True,3.75,0.0013683286123763775,0.0013668250671785157,0.0013653215219806536,25.0,13.0,[],True,9.12219074917585e-05,9.112167114523437e-05,9.112167114523437e-05,9.102143479871024e-05,robust_hit,6,3,2,N,False
nav_gain_3p75,False,main,6,23.06266235393025,0.0,0.0,4.759489085300267e-06,3.1729927235334934e-07,23.07213803854887,23.07213803854887,0.0,0.0,0.9999080787862805,True,3.75,0.0013788182057916118,0.0013764384612489616,0.0013740587167063115,30.0,13.0,[],True,9.192121371944079e-05,9.176256408326411e-05,9.176256408326411e-05,9.160391444708744e-05,robust_hit,6,3,2,N,False
nav_gain_3p75,False,main,6,25.226158867103155,0.0,0.0,5.95949515498715e-06,3.9729967699914787e-07,25.235836388864683,25.235836388864683,0.0,0.0,0.9999070318855959,True,3.75,0.0013945217160614772,0.0013915419684839836,0.00138856222090649,35.0,13.0,[],True,9.296811440409848e-05,9.276946456559891e-05,9.276946456559891e-05,9.257081472709933e-05,robust_hit,6,3,2,N,False
nav_gain_3p75,False,main,6,27.16099258208098,0.0,0.0,5.475710915739049e-06,3.650473943825951e-07,27.17091749723609,27.17091749723609,0.0,0.0,0.9999066442018708,True,3.75,0.0014003369719374017,0.0013975991164795322,0.0013948612610216627,40.0,13.0,[],True,9.335579812916011e-05,9.31732744319688e-05,9.317327443196882e-05,9.299075073477751e-05,robust_hit,6,3,2,N,False
nav_gain_3p75,False,main,6,28.843586860605576,0.0,0.0,4.555975313945979e-06,3.0373168759638956e-07,28.853332477564717,28.853332477564717,0.0,0.0,0.9999063042661853,True,3.75,0.001405436007220978,0.001403158019564005,0.001400880031907032,45.0,13.0,[],True,9.369573381473187e-05,9.354386797093366e-05,9.354386797093367e-05,9.339200212713548e-05,robust_hit,6,3,2,N,False
nav_gain_3p75,False,main,6,30.25583008674393,0.0,0.0,1.8649156668896095e-06,1.2432771112597758e-07,30.264659131109692,30.264659131109692,0.0,0.0,0.9999081072256467,True,3.75,0.001378391615299976,0.0013774591574665313,0.0013765266996330864,50.0,13.0,[],True,9.189277435333173e-05,9.183061049776875e-05,9.183061049776875e-05,9.176844664220576e-05,robust_hit,6,3,2,N,False
nav_gain_3p75,False,main,6,31.338935828611547,0.0,0.0,6.580804166084371e-07,4.387202777389671e-08,31.34631157736082,31.34631157736082,0.0,0.0,0.9999083039971515,True,3.75,0.0013754400427277015,0.0013751110025193973,0.001374781962311093,55.0,13.0,[],True,9.169600284851343e-05,9.167406683462647e-05,9.167406683462649e-05,9.165213082073953e-05,robust_hit,6,3,2,N,False
nav_gain_3p75,False,main,0,32.00251763937964,0.0,0.0,7.790104461946612e-06,5.193402969894123e-07,32.01512064281449,32.01512064281449,0.0,0.0,32.480043607881825,True,3.75,502.2006619083318,502.20065801327956,502.20065411822736,60.0,13.0,[],True,33.48004412722212,33.48004386755198,33.48004386755197,33.480043607881825,robust_miss,6,3,2,M,False
nav_gain_3p75,False,main,0,31.59718966858287,0.0,0.0,2.4918554117903113e-05,1.6612369790891535e-06,31.68054138690262,31.68054138690262,0.0,0.0,322.5481892965357,True,3.75,4853.22286436659,4853.222851907313,4853.222839448036,65.0,13.0,[],True,323.5481909577727,323.5481901271542,323.5481901271542,323.5481892965357,robust_miss,6,3,2,M,False
nav_gain_3p75,False,main,0,28.58023594675703,0.0,0.0,3.712746001838241e-05,2.4751640239628614e-06,28.74424245406399,28.74424245406399,0.0,0.0,628.6420709698073,True,3.75,9444.63110167457,9444.63108311084,9444.63106454711,70.0,13.0,[],True,629.6420734449713,629.6420722073893,629.6420722073892,629.6420709698073,robust_miss,6,3,2,O,False
nav_gain_3p75,False,main,0,18.01368325438761,0.0,0.0,4.674065166909713e-05,3.1160434446064755e-06,18.123176677105057,18.123176677105057,0.0,0.0,802.0615133543259,True,3.75,12045.922747055542,12045.922723685217,12045.92270031489,75.0,13.0,[],True,803.0615164703694,803.0615149123477,803.0615149123477,803.0615133543259,robust_miss,6,3,2,O,False
nav_gain_3p75,False,main,0,4.298447000376771,0.0,0.0,8.211873137042858e-05,5.4745820534662926e-06,6.010039549451803,6.010039549451803,0.0,0.0,854.0047877543107,True,3.75,12825.07189843339,12825.071857374025,12825.07181631466,80.0,13.0,[],True,855.0047932288927,855.0047904916017,855.0047904916016,855.0047877543107,robust_miss,6,3,2,O,False
nav_gain_3p75,False,main,0,5.651440150434296,0.0,0.0,0.00010255744200549088,6.837162800366059e-06,5.721384227313211,5.721384227313211,0.0,0.0,864.2914625928605,True,3.75,12979.37204145035,12979.37199017163,12979.371938892908,85.0,13.0,[],True,865.2914694300233,865.2914660114419,865.2914660114419,865.2914625928605,robust_miss,6,3,2,O,False
nav_gain_3p75,False,main,0,0.0,0.0,0.0,0.00011414665641495958,7.609777071593271e-06,0.0,0.0,0.0,0.0,865.6687378339954,True,3.75,13000.031181656586,13000.031124583258,13000.03106750993,90.0,13.0,[],True,866.6687454437724,866.668741638884,866.6687416388838,866.6687378339954,robust_miss,6,3,2,O,False
nav_gain_3p75,False,main,3,1.8014706545557722,0.0,0.0,0.0,0.0,6.124999999999999,6.124999999999999,0.0,0.0,0.9999091858438546,True,3.75,0.0013622123421813848,0.0013622123421813848,0.0013622123421813848,0.0,14.0,[],True,9.081415614542565e-05,9.081415614542567e-05,9.081415614542565e-05,9.081415614542565e-05,robust_hit,3,3,1,N,False
nav_gain_3p75,False,main,6,6.695693689439074,0.0,0.0,1.8452663057171633e-06,1.2301775371447213e-07,6.732120433351283,6.732120433351283,0.0,0.0,0.999909043226127,True,3.75,0.0013643516080951905,0.0013634289749423318,0.0013625063417894733,5.0,14.0,[],True,9.09567738730127e-05,9.089526499615546e-05,9.089526499615546e-05,9.083375611929822e-05,robust_hit,6,3,2,N,False
nav_gain_3p75,False,main,6,11.329659031850825,0.0,0.0,1.7109522812645134e-06,1.140634854176261e-07,11.354475030449732,11.354475030449732,0.0,0.0,0.9999090564919711,True,3.75,0.001364152620432333,0.0013632971442917006,0.0013624416681510686,10.0,14.0,[],True,9.09435080288222e-05,9.08864762861134e-05,9.08864762861134e-05,9.082944454340458e-05,robust_hit,6,3,2,N,False
nav_gain_3p75,False,main,6,14.849241574858247,0.0,0.0,4.063376139566222e-06,2.7089174263774903e-07,14.855509713644844,14.855509713644844,0.0,0.0,0.9999086064654967,True,3.75,0.0013709030175490706,0.0013688713294792874,0.0013668396414095044,15.0,14.0,[],True,9.139353450327138e-05,9.125808863195251e-05,9.125808863195251e-05,9.112264276063363e-05,robust_hit,6,3,2,N,False
nav_gain_3p75,False,main,6,17.757254388642323,0.0,0.0,2.926862162317117e-06,1.9512414415447717e-07,17.76427570022671,17.76427570022671,0.0,0.0,0.9999088349868255,True,3.75,0.0013674751976171095,0.0013660117665359507,0.0013645483354547923,20.0,14.0,[],True,9.116501317447396e-05,9.106745110239672e-05,9.106745110239672e-05,9.096988903031948e-05,robust_hit,6,3,2,N,False
nav_gain_3p75,False,main,6,20.33733288159875,0.0,0.0,5.0150281529401895e-06,3.3433521019601354e-07,20.345226956421868,20.345226956421868,0.0,0.0,0.9999081466221059,True,3.75,0.001377800668411401,0.001375293154334931,0.001372785640258461,25.0,14.0,[],True,9.185337789409341e-05,9.168621028899541e-05,9.16862102889954e-05,9.15190426838974e-05,robust_hit,6,3,2,N,False
nav_gain_3p75,False,main,6,22.651532291280294,0.0,0.0,5.9901526258938995e-06,3.9934350839293477e-07,22.659987275649566,22.659987275649566,0.0,0.0,0.9999074606111216,True,3.75,0.0013880908331771363,0.0013850957568641894,0.0013821006805512424,30.0,14.0,[],True,9.253938887847576e-05,9.233971712427928e-05,9.23397171242793e-05,9.214004537008282e-05,robust_hit,6,3,2,N,False
nav_gain_3p75,False,main,6,24.722309476348702,0.0,0.0,3.7462059462409648e-06,2.497470630827319e-07,24.730997132585998,24.730997132585998,0.0,0.0,0.9999083024943174,True,3.75,0.0013754625852393592,0.0013735894822662388,0.0013717163792931182,35.0,14.0,[],True,9.169750568262395e-05,9.157263215108258e-05,9.157263215108259e-05,9.144775861954122e-05,robust_hit,6,3,2,N,False
nav_gain_3p75,False,main,6,26.5721448292611,0.0,0.0,5.309842512101967e-06,3.539895008068005e-07,26.580954967579846,26.580954967579846,0.0,0.0,0.9999067713558852,True,3.75,0.0013984296617215173,0.0013957747404654663,0.0013931198192094153,40.0,14.0,[],True,9.322864411476783e-05,9.305164936436443e-05,9.305164936436442e-05,9.287465461396102e-05,robust_hit,6,3,2,N,False
nav_gain_3p75,False,main,6,28.17257499102295,0.0,0.0,3.673228677511216e-06,2.448819118340811e-07,28.18110394347526,28.18110394347526,0.0,0.0,0.9999072843272236,True,3.75,0.0013907350916457263,0.0013888984773069706,0.001387061862968215,45.0,14.0,[],True,9.271567277638176e-05,9.259323182046472e-05,9.259323182046472e-05,9.247079086454768e-05,robust_hit,6,3,2,N,False
nav_gain_3p75,False,main,6,29.504562388572598,0.0,0.0,3.081295555732713e-06,2.0541970371552322e-07,29.512509000662014,29.512509000662014,0.0,0.0,0.9999060705169404,True,3.75,0.0014089422458945797,0.0014074015981167132,0.001405860950338847,50.0,14.0,[],True,9.392948305963865e-05,9.382677320778089e-05,9.382677320778089e-05,9.372406335592313e-05,robust_hit,6,3,2,N,False
nav_gain_3p75,False,main,6,30.514707327374104,0.0,0.0,1.034444898152841e-06,6.896299321019843e-08,30.520987362884405,30.520987362884405,0.0,0.0,0.9999065436722822,True,3.75,0.0014018449157684428,0.0014013276933193663,0.00140081047087029,55.0,14.0,[],True,9.345632771789619e-05,9.34218462212911e-05,9.342184622129109e-05,9.338736472468599e-05,robust_hit,6,3,2,M,False
nav_gain_3p75,False,main,0,31.043501936062402,0.0,0.0,8.661871333970339e-06,5.774580884576608e-07,31.077509492554384,31.077509492554384,0.0,0.0,40.64643142783303,True,3.75,624.6964800793668,624.6964757484311,624.6964714174954,60.0,14.0,[],True,41.64643200529112,41.64643171656207,41.64643171656208,41.64643142783303,robust_miss,6,3,2,M,False
nav_gain_3p75,False,main,0,30.399505297521234,0.0,0.0,2.5399544028914534e-05,1.6933029201027239e-06,30.49978184424833,30.49978184424833,0.0,0.0,353.6232384333624,True,3.75,5319.34860189998,5319.348589200208,5319.348576500436,65.0,14.0,[],True,354.62324012666534,354.6232392800139,354.6232392800139,354.6232384333624,robust_miss,6,3,2,M,False
nav_gain_3p75,False,main,0,27.251330195803547,0.0,0.0,3.7368343328125775e-05,2.491222971912066e-06,27.42683171372238,27.42683171372238,0.0,0.0,681.1124404139834,True,3.75,10231.686643578096,10231.686624893924,10231.686606209752,70.0,14.0,[],True,682.1124429052064,682.112441659595,682.1124416595949,682.1124404139834,robust_miss,6,3,2,O,False
nav_gain_3p75,False,main,0,17.356834191469705,0.0,0.0,4.3436863052193075e-05,2.89579088530445e-06,17.47966377986353,17.47966377986353,0.0,0.0,865.0066289667734,True,3.75,12990.099477938464,12990.09945622003,12990.0994345016,75.0,14.0,[],True,866.0066318625643,866.0066304146688,866.0066304146688,866.0066289667734,robust_miss,6,3,2,O,False
nav_gain_3p75,False,main,0,4.419920468761232,0.0,0.0,8.058306411840022e-05,5.372204327613872e-06,5.907549815058372,5.907549815058372,0.0,0.0,919.8831489203229,True,3.75,13813.247314387909,13813.247274096377,13813.247233804845,80.0,14.0,[],True,920.8831542925273,920.8831516064251,920.8831516064251,920.8831489203229,robust_miss,6,3,2,O,False
nav_gain_3p75,False,main,0,5.664901219140858,0.0,0.0,0.00010194895912718493,6.796597290303907e-06,5.726726775427852,5.726726775427852,0.0,0.0,930.9009869006409,True,3.75,13978.514905458573,13978.514854484092,13978.514803509614,85.0,14.0,[],True,931.9009936972382,931.9009902989395,931.9009902989395,931.9009869006409,robust_miss,6,3,2,O,False
nav_gain_3p75,False,main,0,0.0,0.0,0.0,0.00011414669279474765,7.609779459016863e-06,0.0,0.0,0.0,0.0,932.3352562886773,True,3.75,14000.028958476852,14000.028901403506,14000.02884433016,90.0,14.0,[],True,933.3352638984568,933.3352600935672,933.3352600935671,933.3352562886773,robust_miss,6,3,2,O,False
nav_gain_3p75,False,main,3,1.8014706545557722,0.0,0.0,0.0,0.0,6.124999999999999,6.124999999999999,0.0,0.0,0.9999091858412974,True,3.75,0.0013622123805395352,0.0013622123805395352,0.0013622123805395352,0.0,15.0,[],True,9.081415870263568e-05,9.081415870263567e-05,9.081415870263568e-05,9.081415870263568e-05,robust_hit,3,3,1,N,False
nav_gain_3p75,False,main,6,6.519201863026067,0.0,0.0,9.410539637418579e-07,6.273693091612476e-08,6.564975959132549,6.564975959132549,0.0,0.0,0.9999091335388383,True,3.75,0.0013629969174262773,0.0013625263904444064,0.0013620558634625354,5.0,15.0,[],True,9.086646116175182e-05,9.083509269629376e-05,9.083509269629375e-05,9.08037242308357e-05,robust_hit,6,3,2,N,False
nav_gain_3p75,False,main,6,11.12819909426665,0.0,0.0,1.468558409553752e-06,9.790389397024743e-08,11.173146130708714,11.173146130708714,0.0,0.0,0.9999090838065696,True,3.75,0.0013637429014556788,0.0013630086222509018,0.001362274343046125,10.0,15.0,[],True,9.091619343037859e-05,9.086724148339346e-05,9.086724148339346e-05,9.081828953640834e-05,robust_hit,6,3,2,N,False
nav_gain_3p75,False,main,6,14.65029012591515,0.0,0.0,4.622714627076831e-06,3.081809751384509e-07,14.65631310623736,14.65631310623736,0.0,0.0,0.9999084553428712,True,3.75,0.0013731698569322704,0.001370858499618732,0.0013685471423051936,15.0,15.0,[],True,9.154465712881802e-05,9.139056664124879e-05,9.139056664124879e-05,9.123647615367957e-05,robust_hit,6,3,2,N,False
nav_gain_3p75,False,main,6,17.510937090684287,0.0,0.0,5.331055942704157e-06,3.5540372951359874e-07,17.517492709151718,17.517492709151718,0.0,0.0,0.9999081527160072,True,3.75,0.0013777092598925467,0.0013750437319211947,0.0013723782039498425,20.0,15.0,[],True,9.184728399283644e-05,9.166958212807963e-05,9.166958212807963e-05,9.149188026332284e-05,robust_hit,6,3,2,N,False
nav_gain_3p75,False,main,6,20.02906398712129,0.0,0.0,5.650001807777942e-06,3.76666787185197e-07,20.036264988888625,20.036264988888625,0.0,0.0,0.999907882812592,True,3.75,0.0013817578111202397,0.0013789328102163509,0.0013761078093124618,25.0,15.0,[],True,9.211718740801598e-05,9.192885401442338e-05,9.192885401442338e-05,9.174052062083079e-05,robust_hit,6,3,2,N,False
nav_gain_3p75,False,main,6,22.263648511633754,0.0,0.0,4.870450127851143e-06,3.246966751900771e-07,22.27175855964258,22.27175855964258,0.0,0.0,0.9999080216191315,True,3.75,0.0013796757130268397,0.001377240487962914,0.0013748052628989886,30.0,15.0,[],True,9.197838086845599e-05,9.181603253086096e-05,9.181603253086094e-05,9.165368419326591e-05,robust_hit,6,3,2,N,False
nav_gain_3p75,False,main,6,24.25707363634067,0.0,0.0,5.0422930960049555e-06,3.3615287306700697e-07,24.26532922404044,24.26532922404044,0.0,0.0,0.999907614802333,True,3.75,0.0013857779650048704,0.0013832568184568678,0.0013807356719088655,35.0,15.0,[],True,9.238519766699137e-05,9.221712123045787e-05,9.221712123045787e-05,9.204904479392436e-05,robust_hit,6,3,2,N,False
nav_gain_3p75,False,main,6,26.02995270731356,0.0,0.0,5.185142708541597e-06,3.4567618056944704e-07,26.0382663979145,26.0382663979145,0.0,0.0,0.9999068601243869,True,3.75,0.0013970981341957828,0.001394505562841512,0.0013919129914872412,40.0,15.0,[],True,9.313987561305219e-05,9.296703752276747e-05,9.296703752276747e-05,9.279419943248274e-05,robust_hit,6,3,2,N,False
nav_gain_3p75,False,main,6,27.556051521676743,0.0,0.0,4.165004391369197e-06,2.776669594246168e-07,27.563897689925568,27.563897689925568,0.0,0.0,0.9999066894958222,True,3.75,0.0013996575626672033,0.001397575060471519,0.0013954925582758341,45.0,15.0,[],True,9.331050417781355e-05,9.317167069810124e-05,9.317167069810124e-05,9.303283721838894e-05,robust_hit,6,3,2,N,False
nav_gain_3p75,False,main,6,28.815867989434636,0.0,0.0,1.5315304258728575e-06,1.0210202839152022e-07,28.822827357784558,28.822827357784558,0.0,0.0,0.999908393740085,True,3.75,0.0013740938987247518,0.0013733281335118154,0.001372562368298879,50.0,15.0,[],True,9.160625991498345e-05,9.155520890078769e-05,9.155520890078769e-05,9.150415788659193e-05,robust_hit,6,3,2,N,False
nav_gain_3p75,False,main,6,29.757726508458607,0.0,0.0,1.0018060297789858e-06,6.678706865193419e-08,29.763673293351328,29.763673293351328,0.0,0.0,0.9999061942520197,True,3.75,0.0014070862197056665,0.001406585316690777,0.0014060844136758875,55.0,15.0,[],True,9.380574798037776e-05,9.377235444605178e-05,9.37723544460518e-05,9.373896091172583e-05,robust_hit,6,3,2,M,False
nav_gain_3p75,False,main,0,30.114374259928095,0.0,0.0,9.46248644595471e-06,6.308324316250946e-07,30.16705834010579,30.16705834010579,0.0,0.0,49.21537597885048,True,3.75,753.2306491452437,753.2306444140004,753.2306396827572,60.0,15.0,[],True,50.21537660968291,50.2153762942667,50.2153762942667,50.21537597885048,robust_miss,6,3,2,M,False
nav_gain_3p75,False,main,0,29.28100534473633,0.0,0.0,2.5815832486841828e-05,1.7210554688062984e-06,29.396407518512028,29.396407518512028,0.0,0.0,384.3959049182267,True,3.75,5780.938599589233,5780.938586681316,5780.9385737734,65.0,15.0,[],True,385.39590663928215,385.3959057787544,385.3959057787544,385.3959049182267,robust_miss,6,3,2,M,False
nav_gain_3p75,False,main,0,26.033933822884567,0.0,0.0,3.757270678761415e-05,2.5048472025446245e-06,26.220306860515162,26.220306860515162,0.0,0.0,733.5265960843269,True,3.75,11017.898978837611,11017.898960051258,11017.898941264904,70.0,15.0,[],True,734.5265985891741,734.5265973367505,734.5265973367505,734.5265960843269,robust_miss,6,3,2,O,False
nav_gain_3p75,False,main,0,16.534332064977438,0.0,0.0,4.3029087464674376e-05,2.868605861294782e-06,16.61070589925053,16.61070589925053,0.0,0.0,928.1137590560306,True,3.75,13936.706428869547,13936.706407355005,13936.70638584046,75.0,15.0,[],True,929.1137619246365,929.1137604903337,929.1137604903336,929.1137590560306,robust_miss,6,3,2,O,False
nav_gain_3p75,False,main,0,4.526135931540669,0.0,0.0,7.91373986430699e-05,5.2758265383090475e-06,6.065831038980308,6.065831038980308,0.0,0.0,985.7702212921542,True,3.75,14801.553398519713,14801.553358951014,14801.553319382314,80.0,15.0,[],True,986.7702265679808,986.7702239300675,986.7702239300675,986.7702212921542,robust_miss,6,3,2,O,False
nav_gain_3p75,False,main,0,5.679074798005032,0.0,0.0,0.00010138016114069615,6.7586773866423755e-06,5.734258817781589,5.734258817781589,0.0,0.0,997.5118285481003,True,3.75,14977.677529601666,14977.677478911586,14977.677428221505,85.0,15.0,[],True,998.5118353067777,998.511831927439,998.5118319274391,998.5118285481003,robust_miss,6,3,2,O,False
nav_gain_3p75,False,main,0,0.0,0.0,0.0,0.00011414672371756751,7.609781505379942e-06,0.0,0.0,0.0,0.0,999.0017945049,True,3.75,15000.027031720223,15000.026974646862,15000.0269175735,90.0,15.0,[],True,1000.0018021146815,1000.0017983097908,1000.0017983097907,1000.0017945049,robust_miss,6,3,2,O,False
nav_gain_3p75,False,main,3,1.8014706545557722,0.0,0.0,0.0,0.0,6.124999999999999,6.124999999999999,0.0,0.0,0.9999091858386688,True,3.75,0.0013622124199678543,0.0013622124199678543,0.0013622124199678543,0.0,16.0,[],True,9.081416133119028e-05,9.081416133119027e-05,9.081416133119028e-05,9.081416133119028e-05,robust_hit,3,3,1,N,False
nav_gain_3p75,False,main,6,6.333168947244433,0.0,0.0,1.7456795951646936e-06,1.1637863967764624e-07,6.381661424889665,6.381661424889665,0.0,0.0,0.9999090551158082,True,3.75,0.0013641732628776031,0.001363300423080021,0.0013624275832824384,5.0,16.0,[],True,9.09448841918402e-05,9.088669487200138e-05,9.088669487200138e-05,9.082850555216256e-05,robust_hit,6,3,2,N,False
nav_gain_3p75,False,main,6,10.893613220687936,0.0,0.0,3.0359246045927324e-06,2.0239497363952453e-07,10.945789442142159,10.945789442142159,0.0,0.0,0.9999088548683,True,3.75,0.0013671769755002501,0.0013656590131979538,0.0013641410508956574,10.0,16.0,[],True,9.114513170001668e-05,9.104393421319693e-05,9.104393421319692e-05,9.094273672637715e-05,robust_hit,6,3,2,N,False
nav_gain_3p75,False,main,6,14.47672889863196,0.0,0.0,3.8757625629892885e-06,2.5838417086594624e-07,14.492208740382129,14.492208740382129,0.0,0.0,0.9999086528792825,True,3.75,0.0013702068107616205,0.001368268929480126,0.0013663310481986312,15.0,16.0,[],True,9.134712071744136e-05,9.12179286320084e-05,9.121792863200838e-05,9.108873654657542e-05,robust_hit,6,3,2,N,False
nav_gain_3p75,False,main,6,17.277617841021367,0.0,0.0,4.53740461116639e-06,3.024936407444224e-07,17.28406850108188,17.28406850108188,0.0,0.0,0.9999084174333864,True,3.75,0.0013737384992034665,0.0013714697968978836,0.0013692010945923002,20.0,16.0,[],True,9.158256661356444e-05,9.143131979319221e-05,9.143131979319222e-05,9.128007297282001e-05,robust_hit,6,3,2,N,False
nav_gain_3p75,False,main,6,19.72772278282648,0.0,0.0,4.254890871921999e-06,2.8365939146146027e-07,19.73476057783941,19.73476057783941,0.0,0.0,0.9999084172948319,True,3.75,0.0013737405775215547,0.0013716131320855938,0.0013694856866496327,25.0,16.0,[],True,9.158270516810364e-05,9.14408754723729e-05,9.14408754723729e-05,9.129904577664218e-05,robust_hit,6,3,2,N,False
nav_gain_3p75,False,main,6,21.89611980235602,0.0,0.0,4.902693955826385e-06,3.268462637217608e-07,21.903351688199756,21.903351688199756,0.0,0.0,0.9999080033856995,True,3.75,0.001379949214507825,0.0013774978675299117,0.0013750465205519986,30.0,16.0,[],True,9.199661430052167e-05,9.183319116866079e-05,9.183319116866079e-05,9.166976803679991e-05,robust_hit,6,3,2,N,False
nav_gain_3p75,False,main,6,23.824174921189066,0.0,0.0,5.768463953382185e-06,3.8456426355881236e-07,23.831514648153654,23.831514648153654,0.0,0.0,0.999907130525122,True,3.75,0.0013930421231689487,0.0013901578911922575,0.0013872736592155665,35.0,16.0,[],True,9.286947487792992e-05,9.267719274615051e-05,9.267719274615051e-05,9.24849106143711e-05,robust_hit,6,3,2,N,False
nav_gain_3p75,False,main,6,25.522976040709402,0.0,0.0,5.095993974150266e-06,3.3973293161002765e-07,25.530276726841862,25.530276726841862,0.0,0.0,0.9999069174488976,True,3.75,0.0013962382665366332,0.0013936902695495582,0.001391142272562483,40.0,16.0,[],True,9.308255110244222e-05,9.291268463663721e-05,9.291268463663721e-05,9.274281817083219e-05,robust_hit,6,3,2,N,False
nav_gain_3p75,False,main,6,26.98575510105115,0.0,0.0,2.913776681443773e-06,1.9425177876291006e-07,26.99276025340895,26.99276025340895,0.0,0.0,0.9999079391192475,True,3.75,0.0013809132112872556,0.0013794563229465337,0.0013779994346058118,45.0,16.0,[],True,9.20608807524837e-05,9.196375486310224e-05,9.196375486310226e-05,9.18666289737208e-05,robust_hit,6,3,2,N,False
nav_gain_3p75,False,main,6,28.18028054599953,0.0,0.0,2.19512073942516e-06,1.4634138262835123e-07,28.18653033550417,28.18653033550417,0.0,0.0,0.9999074838210638,True,3.75,0.0013877426840439354,0.0013866451236742227,0.0013855475633045102,50.0,16.0,[],True,9.251617893626237e-05,9.244300824494819e-05,9.244300824494819e-05,9.236983755363401e-05,robust_hit,6,3,2,N,False
nav_gain_3p75,False,main,6,29.02989917945171,0.0,0.0,8.89035059694742e-07,5.9269003979648565e-08,29.053253090821638,29.053253090821638,0.0,0.0,0.9999062813264225,True,3.75,0.0014057801036630971,0.0014053355861332495,0.0014048910686034024,55.0,16.0,[],True,9.371867357753981e-05,9.368903907554998e-05,9.368903907555e-05,9.365940457356017e-05,robust_hit,6,3,2,M,False
nav_gain_3p75,False,main,0,29.22102262329877,0.0,0.0,1.0246032275063044e-05,6.830688192849266e-07,29.290507386026214,29.290507386026214,0.0,0.0,58.5373401719334,True,3.75,893.0601128250333,893.0601077020173,893.0601025790011,60.0,16.0,[],True,59.53734085500222,59.537340513467804,59.53734051346781,59.5373401719334,robust_miss,6,3,2,M,False
nav_gain_3p75,False,main,0,28.23219414945078,0.0,0.0,2.619023962324718e-05,1.7460159824622679e-06,28.361580497275625,28.361580497275625,0.0,0.0,415.26694721167615,True,3.75,6244.004234365382,6244.004221270262,6244.004208175143,65.0,16.0,[],True,416.26694895769214,416.26694808468415,416.26694808468415,416.26694721167615,robust_miss,6,3,2,O,False
nav_gain_3p75,False,main,0,24.91247291468507,0.0,0.0,3.779232065426186e-05,2.5194880208800896e-06,25.108921745680636,25.108921745680636,0.0,0.0,786.8202416451654,True,3.75,11817.303662469802,11817.303643573641,11817.303624677481,70.0,16.0,[],True,787.8202441646534,787.8202429049094,787.8202429049095,787.8202416451654,robust_miss,6,3,2,O,False
nav_gain_3p75,False,main,0,15.651016524697022,0.0,0.0,4.30901454819832e-05,2.8726763048325665e-06,15.734403217020468,15.734403217020468,0.0,0.0,991.3009009335053,True,3.75,14884.513557092725,14884.513535547652,14884.51351400258,75.0,16.0,[],True,992.3009038061816,992.3009023698436,992.3009023698435,992.3009009335053,robust_miss,6,3,2,O,False
nav_gain_3p75,False,main,0,4.61942213380054,0.0,0.0,7.76662454882171e-05,5.177749699214473e-06,6.0352618895343575,6.0352618895343575,0.0,0.0,1051.6618550731773,True,3.75,15789.927903763904,15789.927864930782,15789.927826097659,80.0,16.0,[],True,1052.661860250927,1052.6618576620522,1052.6618576620522,1052.6618550731773,robust_miss,6,3,2,O,False
nav_gain_3p75,False,main,0,5.693370597626554,0.0,0.0,0.00010081886648549698,6.721257705066819e-06,5.743039925172454,5.743039925172454,0.0,0.0,1064.1239305083727,True,3.75,15976.859058444457,15976.859008035024,15976.85895762559,85.0,16.0,[],True,1065.1239372296304,1065.1239338690016,1065.1239338690016,1065.1239305083727,robust_miss,6,3,2,O,False
nav_gain_3p75,False,main,0,0.0,0.0,0.0,0.00011414674918341916,7.609783324369346e-06,0.0,0.0,0.0,0.0,1065.6683487773873,True,3.75,16000.02534580756,16000.025288734185,16000.025231660811,90.0,16.0,[],True,1066.6683563871707,1066.6683525822789,1066.668352582279,1066.6683487773873,robust_miss,6,3,2,O,False
nav_gain_3p75,False,holdout,6,4.509322570808099,0.0,0.0,7.245302675951484e-07,4.830201783967566e-08,6.1082660822080035,6.1082660822080035,0.0,0.0,0.9999091429073346,True,3.75,0.0013628563899812094,0.0013624941248474118,0.0013621318597136142,2.5,4.5,[],True,9.085709266541396e-05,9.083294165649411e-05,9.083294165649413e-05,9.080879064757428e-05,robust_hit,6,3,2,,False
nav_gain_3p75,False,holdout,6,11.137560233463647,0.0,0.0,3.1738185945514967e-06,2.1158790630343492e-07,11.151867030243748,11.151867030243748,0.0,0.0,0.99990894977792,True,3.75,0.0013657533312007902,0.0013641664219035145,0.0013625795126062388,7.5,4.5,[],True,9.105022208005269e-05,9.094442812690097e-05,9.094442812690097e-05,9.083863417374925e-05,robust_hit,6,3,2,,False
nav_gain_3p75,False,holdout,6,15.948953949017488,0.0,0.0,4.348526260451171e-06,2.8990175069674746e-07,15.970369439112558,15.970369439112558,0.0,0.0,0.999908790724503,True,3.75,0.0013681391324543788,0.0013659648693241534,0.0013637906061939277,12.5,4.5,[],True,9.12092754969586e-05,9.106432462161021e-05,9.106432462161021e-05,9.091937374626185e-05,robust_hit,6,3,2,,False
nav_gain_3p75,False,holdout,6,20.340369836711965,0.0,0.0,9.87909003349408e-07,6.586060022329386e-08,20.366822541878985,20.366822541878985,0.0,0.0,0.9999091312836558,True,3.75,0.00136303074516295,0.0013625367906612753,0.0013620428361596005,17.5,4.5,[],True,9.086871634419666e-05,9.083578604408501e-05,9.083578604408501e-05,9.080285574397337e-05,robust_hit,6,3,2,,False
nav_gain_3p75,False,holdout,6,24.49726445609174,0.0,0.0,4.538137056744971e-06,3.02542470449662e-07,24.530213814672326,24.530213814672326,0.0,0.0,0.9999086912248555,True,3.75,0.0013696316271670401,0.0013673625586386677,0.0013650934901102952,22.5,4.5,[],True,9.130877514446934e-05,9.11575039092445e-05,9.115750390924451e-05,9.100623267401967e-05,robust_hit,6,3,2,,False
nav_gain_3p75,False,holdout,6,28.42477908981863,0.0,0.0,8.2567862809582e-06,5.504524187305439e-07,28.462941605783197,28.462941605783197,0.0,0.0,0.9999075097473309,True,3.75,0.00138735379003739,0.0013832253968969106,0.0013790970037564317,27.5,4.5,[],True,9.249025266915932e-05,9.221502645979404e-05,9.221502645979406e-05,9.193980025042878e-05,robust_hit,6,3,2,,False
nav_gain_3p75,False,holdout,6,32.10874691692503,0.0,0.0,8.807060706661918e-06,5.871373804441243e-07,32.15226784747634,32.15226784747634,0.0,0.0,0.9999067809616019,True,3.75,0.0013982855759721174,0.0013938820456187865,0.0013894785152654555,32.5,4.5,[],True,9.321903839814116e-05,9.29254697079191e-05,9.29254697079191e-05,9.263190101769703e-05,robust_hit,6,3,2,,False
nav_gain_3p75,False,holdout,6,34.999835452837374,0.0,0.08778625954198473,1.0606592615846613e-05,7.071061743897742e-07,35.0,35.66952703234053,0.0,0.0,0.9999042695683037,True,3.75,0.001435956475444989,0.001430653179137066,0.0014253498828291425,37.5,4.5,[],True,9.57304316963326e-05,9.537687860913773e-05,9.537687860913772e-05,9.502332552194283e-05,robust_hit,6,3,2,,False
nav_gain_3p75,False,holdout,6,34.99999999998206,0.0,0.24912280701754386,7.428034488973388e-06,4.952022992648925e-07,35.0,41.0333714186938,0.0,0.0,0.9999048424501157,True,3.75,0.0014273632482654788,0.0014236492310209922,0.0014199352137765054,42.5,4.5,[],True,9.515754988436525e-05,9.49099487347328e-05,9.49099487347328e-05,9.466234758510036e-05,robust_hit,6,3,2,,False
nav_gain_3p75,False,holdout,6,34.99999999999999,0.0,0.34534534534534533,4.663156367635656e-06,3.1087709117571854e-07,35.0,48.69769391467498,0.0,0.0,0.9999048730173123,True,3.75,0.0014269047403150654,0.0014245731621312476,0.0014222415839474298,47.5,4.5,[],True,9.512698268767103e-05,9.497154414208318e-05,9.497154414208318e-05,9.481610559649531e-05,robust_hit,6,3,2,,False
nav_gain_3p75,False,holdout,6,34.99999999999999,0.0,0.375609756097561,1.2576083099592131e-06,8.384055399727455e-08,35.00000000000001,59.32193116835323,0.0,0.0,0.9999056462447622,True,3.75,0.0014153063285670742,0.0014146775244120947,0.001414048720257115,52.5,4.5,[],True,9.435375523780495e-05,9.43118349608063e-05,9.43118349608063e-05,9.426991468380767e-05,robust_hit,6,3,2,,False
nav_gain_3p75,False,holdout,0,34.99999999999999,0.0,0.39285714285714285,1.0079392779971386e-05,6.719595191384542e-07,35.0,74.83601759991598,0.0,0.0,32.26408346197504,True,3.75,498.96126200901836,498.961256969322,498.9612519296256,57.5,4.5,[],True,33.26408413393456,33.264083797954804,33.2640837979548,33.26408346197504,robust_miss,6,3,2,,False
nav_gain_3p75,False,holdout,0,34.99999999999999,0.0,0.4206128133704735,2.214882420048525e-05,1.4765882809797404e-06,35.0,81.4717559008988,0.0,0.0,102.50925958451062,True,3.75,1552.6389159164835,1552.6389048420715,1552.6388937676593,62.5,4.5,[],True,103.5092610610989,103.50926032280476,103.50926032280475,103.50925958451062,robust_miss,6,3,2,,False
nav_gain_3p75,False,holdout,0,34.99999999999999,0.0,0.3741258741258741,3.1085286082088714e-05,2.0723524016830197e-06,35.0,79.51735433495175,0.0,0.0,164.56812049702856,True,3.75,2483.5218385407143,2483.5218229980715,2483.521807455428,67.5,4.5,[],True,165.56812256938096,165.56812153320476,165.56812153320476,165.56812049702856,robust_miss,6,3,2,,False
nav_gain_3p75,False,holdout,0,34.9999968953094,0.0,0.205607476635514,5.319971387507394e-05,3.5466476049350604e-06,35.0,53.513417739414805,0.0,0.0,233.8653931800787,True,3.75,3522.9809509008946,3522.9809243010372,3522.9808977011808,72.5,4.5,[],True,234.86539672672632,234.86539495340253,234.86539495340253,234.8653931800787,robust_miss,6,3,2,,False
nav_gain_3p75,False,holdout,0,9.659758394789254,0.0,0.0,9.050552853295812e-05,6.033701879459841e-06,11.249045956998417,11.249045956998417,0.0,0.0,288.7718781155097,True,3.75,4346.578262238174,4346.578216985409,4346.578171732645,77.5,4.5,[],True,289.7718841492116,289.77188113236065,289.77188113236065,289.7718781155097,robust_miss,6,3,2,,False
nav_gain_3p75,False,holdout,0,3.869145569336704,0.0,0.0,0.00010411866787762847,6.94124452138567e-06,4.153221267774386,4.153221267774386,0.0,0.0,296.97224371523924,True,3.75,4469.583759847256,4469.583707787922,4469.583655728588,82.5,4.5,[],True,297.97225065648377,297.9722471858615,297.97224718586153,297.97224371523924,robust_miss,6,3,2,,False
nav_gain_3p75,False,holdout,0,5.621883101735113,0.0,0.0,0.00011155341962876264,7.436894634338387e-06,5.975783700428751,5.975783700428751,0.0,0.0,298.7948684739883,True,3.75,4496.923138663244,4496.923082886534,4496.923027109824,87.5,4.5,[],True,299.7948759108829,299.7948721924356,299.7948721924356,299.7948684739883,robust_miss,6,3,2,,False
nav_gain_3p75,False,holdout,6,4.623052557709387,0.0,0.0,1.1957127065132227e-06,7.97141804342031e-08,6.107905458176091,6.107905458176091,0.0,0.0,0.9999091178323012,True,3.75,0.0013632325154829214,0.0013626346591296646,0.0013620368027764081,2.5,5.5,[],True,9.088216769886142e-05,9.084231060864432e-05,9.084231060864432e-05,9.080245351842721e-05,robust_hit,6,3,2,,False
nav_gain_3p75,False,holdout,6,10.583392000817488,0.0,0.0,4.348146017821904e-06,2.8987640118812244e-07,10.594802208940447,10.594802208940447,0.0,0.0,0.9999087338976,True,3.75,0.00136899153599973,0.0013668174629908193,0.0013646433899819081,7.5,5.5,[],True,9.1266102399982e-05,9.112116419938793e-05,9.112116419938794e-05,9.097622599879388e-05,robust_hit,6,3,2,,False
nav_gain_3p75,False,holdout,6,15.191728603141089,0.0,0.0,4.363626594914259e-06,2.909084396609515e-07,15.208271112073511,15.208271112073511,0.0,0.0,0.9999087059406039,True,3.75,0.0013694108909424795,0.0013672290776450223,0.0013650472643475652,12.5,5.5,[],True,9.12940593961653e-05,9.114860517633481e-05,9.114860517633481e-05,9.100315095650435e-05,robust_hit,6,3,2,,False
nav_gain_3p75,False,holdout,6,19.326066362912382,0.0,0.0,6.082543246987027e-06,4.055028831324685e-07,19.347272425590823,19.347272425590823,0.0,0.0,0.999908251435922,True,3.75,0.0013762284611708404,0.0013731871895473469,0.0013701459179238534,17.5,5.5,[],True,9.174856407805602e-05,9.154581263648979e-05,9.154581263648979e-05,9.134306119492355e-05,robust_hit,6,3,2,,False
nav_gain_3p75,False,holdout,6,23.19434337012125,0.0,0.0,7.958327244721739e-06,5.305551496481177e-07,23.219497606038587,23.219497606038587,0.0,0.0,0.9999073876611582,True,3.75,0.0013891850826268312,0.0013852059190044702,0.0013812267553821094,22.5,5.5,[],True,9.261233884178875e-05,9.234706126696469e-05,9.234706126696469e-05,9.208178369214063e-05,robust_hit,6,3,2,,False
nav_gain_3p75,False,holdout,6,26.83309359450525,0.0,0.0,8.779454676545104e-06,5.852969784363312e-07,26.861382546848954,26.861382546848954,0.0,0.0,0.9999064149692141,True,3.75,0.0014037754617885864,0.0013993857344503137,0.0013949960071120413,27.5,5.5,[],True,9.358503078590576e-05,9.32923822966876e-05,9.32923822966876e-05,9.299973380746943e-05,robust_hit,6,3,2,,False
nav_gain_3p75,False,holdout,6,30.235247067306275,0.0,0.0,8.154164043662785e-06,5.436109362441785e-07,30.267380868609237,30.267380868609237,0.0,0.0,0.9999058658052175,True,3.75,0.0014120129217388903,0.0014079358397170588,0.0014038587576952275,32.5,5.5,[],True,9.413419478259269e-05,9.38623893144706e-05,9.38623893144706e-05,9.359058384634851e-05,robust_hit,6,3,2,,False
nav_gain_3p75,False,holdout,6,33.394212377355274,0.0,0.0,6.173870691822186e-06,4.115913794548124e-07,33.42971776789048,33.42971776789048,0.0,0.0,0.9999067458676972,True,3.75,0.0013988119845419428,0.0013957250491960316,0.0013926381138501206,37.5,5.5,[],True,9.325413230279619e-05,9.304833661306878e-05,9.304833661306878e-05,9.284254092334137e-05,robust_hit,6,3,2,,False
nav_gain_3p75,False,holdout,6,34.999999749682814,0.0,0.11898016997167139,6.367351590383721e-06,4.244901060255823e-07,35.0,36.748323068254955,0.0,0.0,0.9999054741698309,True,3.75,0.0014178874525361776,0.0014147037767409858,0.001411520100945794,42.5,5.5,[],True,9.452583016907851e-05,9.431358511606572e-05,9.431358511606571e-05,9.410134006305293e-05,robust_hit,6,3,2,,False
nav_gain_3p75,False,holdout,6,34.99999999999996,0.0,0.21674876847290642,4.7783110662172595e-06,3.1855407108114973e-07,35.0,41.870132295814436,0.0,0.0,0.9999052781278897,True,3.75,0.0014208280816553462,0.0014184389261222374,0.001416049770589129,47.5,5.5,[],True,9.472187211035641e-05,9.456259507481583e-05,9.456259507481583e-05,9.440331803927526e-05,robust_hit,6,3,2,,False
nav_gain_3p75,False,holdout,6,34.99999999999999,0.0,0.2556237218813906,1.3819973011138225e-06,9.21331534075963e-08,35.0,48.51027354281719,0.0,0.0,0.9999078541202033,True,3.75,0.0013821881969502546,0.0013814971982996976,0.0013808061996491408,52.5,5.5,[],True,9.214587979668365e-05,9.209981321997985e-05,9.209981321997985e-05,9.205374664327605e-05,robust_hit,6,3,2,,False
nav_gain_3p75,False,holdout,0,34.99999999999999,0.0,0.24027072758037224,3.2562129206326063e-06,2.1708086173077845e-07,35.0,56.471696882852946,0.0,0.0,6.159852995221232,True,3.75,107.39779818453141,107.39779655642495,107.39779492831849,57.5,5.5,[],True,7.159853212302094,7.159853103761663,7.159853103761663,7.159852995221232,robust_miss,6,3,2,,False
nav_gain_3p75,False,holdout,0,34.99999999999999,0.0,0.29025844930417494,1.965849719454127e-05,1.310566474899133e-06,35.00000000000001,63.90571898294544,0.0,0.0,105.4706091563245,True,3.75,1597.0591570033646,1597.059147174116,1597.0591373448674,62.5,5.5,[],True,106.47061046689097,106.47060981160774,106.47060981160774,106.4706091563245,robust_miss,6,3,2,,False
nav_gain_3p75,False,holdout,0,34.99999999999999,0.0,0.3106267029972752,2.9508610623452114e-05,1.9672407063353603e-06,35.00000000000001,59.636104018835674,0.0,0.0,200.2412205948535,True,3.75,3018.618338431413,3018.618323677108,3018.6183089228025,67.5,5.5,[],True,201.2412225620942,201.24122157847387,201.24122157847387,201.2412205948535,robust_miss,6,3,2,,False
nav_gain_3p75,False,holdout,0,34.99983355479064,0.0,0.1016260162601626,4.813066789211007e-05,3.2087112344925117e-06,35.0,44.49498629198182,0.0,0.0,289.46075958874854,True,3.75,4356.911441961896,4356.911417896562,4356.911393831228,72.5,5.5,[],True,290.4607627974598,290.46076119310413,290.4607611931042,290.46075958874854,robust_miss,6,3,2,,False
nav_gain_3p75,False,holdout,0,9.79211515054512,0.0,0.0,8.709227950021159e-05,5.806151932574721e-06,11.369208545685117,11.369208545685117,0.0,0.0,353.4135277772126,True,3.75,5316.203003750468,5316.2029602043285,5316.202916658189,77.5,5.5,[],True,354.41353358336454,354.4135306802886,354.41353068028855,354.4135277772126,robust_miss,6,3,2,,False
nav_gain_3p75,False,holdout,0,3.948229819886124,0.0,0.0,0.00010244831901218276,6.829887922776834e-06,4.126375019146504,4.126375019146504,0.0,0.0,363.3216919373163,True,3.75,5464.825481508064,5464.825430283904,5464.825379059745,82.5,5.5,[],True,364.3216987672042,364.3216953522603,364.32169535226024,364.3216919373163,robust_miss,6,3,2,,False
nav_gain_3p75,False,holdout,0,5.806759617774252,0.0,0.0,0.00011127255675091874,7.4181704690090555e-06,6.063175723061773,6.063175723061773,0.0,0.0,365.4380466674274,True,3.75,5496.5708112839675,5496.570755647689,5496.570700011411,87.5,5.5,[],True,366.43805408559786,366.4380503765126,366.4380503765126,366.4380466674274,robust_miss,6,3,2,,False
nav_gain_3p75,False,holdout,6,4.822247485159694,0.0,0.0,1.179651745484428e-06,7.864344969895373e-08,6.1074880501602316,6.1074880501602316,0.0,0.0,0.9999091154019908,True,3.75,0.0013632689701386959,0.0013626791442659537,0.0013620893183932115,2.5,6.5,[],True,9.088459800924639e-05,9.084527628439692e-05,9.08452762843969e-05,9.080595455954744e-05,robust_hit,6,3,2,,False
nav_gain_3p75,False,holdout,6,10.23376525336198,0.0,0.0,3.3849457431688306e-06,2.2566304954459594e-07,10.243177591350602,10.243177591350602,0.0,0.0,0.999908808890985,True,3.75,0.0013678666352256689,0.0013661741623540846,0.0013644816894825,7.5,6.5,[],True,9.119110901504459e-05,9.107827749027231e-05,9.10782774902723e-05,9.09654459655e-05,robust_hit,6,3,2,,False
nav_gain_3p75,False,holdout,6,14.729034906530831,0.0,0.0,2.1531719477359615e-06,1.4354479651572263e-07,14.742072378474477,14.742072378474477,0.0,0.0,0.9999089971656633,True,3.75,0.0013650425150510829,0.001363965929077215,0.0013628893431033469,12.5,6.5,[],True,9.100283433673885e-05,9.093106193848098e-05,9.0931061938481e-05,9.085928954022313e-05,robust_hit,6,3,2,,False
nav_gain_3p75,False,holdout,6,18.62343281433639,0.0,0.0,6.227706015661657e-06,4.1518040104410777e-07,18.640236374120477,18.640236374120477,0.0,0.0,0.9999078823040354,True,3.75,0.001381765439469146,0.0013786515864613151,0.0013755377334534844,17.5,6.5,[],True,9.211769596460974e-05,9.191010576408769e-05,9.191010576408768e-05,9.170251556356563e-05,robust_hit,6,3,2,,False
nav_gain_3p75,False,holdout,6,22.297511215791676,0.0,0.0,7.273379885237548e-06,4.84891992349169e-07,22.317063479099307,22.317063479099307,0.0,0.0,0.9999072525666712,True,3.75,0.0013912114999306646,0.001387574809988046,0.001383938120045427,22.5,6.5,[],True,9.274743332871098e-05,9.25049873325364e-05,9.25049873325364e-05,9.226254133636181e-05,robust_hit,6,3,2,,False
nav_gain_3p75,False,holdout,6,25.70678800536514,0.0,0.0,6.409222220608206e-06,4.272814813738822e-07,25.729636595806372,25.729636595806372,0.0,0.0,0.9999074492080398,True,3.75,0.0013882618794028522,0.0013850572682925482,0.001381852657182244,27.5,6.5,[],True,9.255079196019015e-05,9.23371512195032e-05,9.233715121950321e-05,9.212351047881627e-05,robust_hit,6,3,2,,False
nav_gain_3p75,False,holdout,6,28.879576171124647,0.0,0.0,7.023599891920742e-06,4.6823999279471706e-07,28.904975731665253,28.904975731665253,0.0,0.0,0.9999066869844657,True,3.75,0.0013996952330134116,0.0013961834330674513,0.0013926716331214908,32.5,6.5,[],True,9.331301553422743e-05,9.307889553783007e-05,9.307889553783008e-05,9.284477554143272e-05,robust_hit,6,3,2,,False
nav_gain_3p75,False,holdout,6,31.812474442575347,0.0,0.0,6.584062134485508e-06,4.389374756323726e-07,31.83971644445281,31.83971644445281,0.0,0.0,0.9999063477909536,True,3.75,0.0014047831356974016,0.0014014911046301589,0.001398199073562916,37.5,6.5,[],True,9.365220904649344e-05,9.343274030867726e-05,9.343274030867726e-05,9.321327157086107e-05,robust_hit,6,3,2,,False
nav_gain_3p75,False,holdout,6,34.49502804803307,0.0,0.0,5.488091542673506e-06,3.6587276951156975e-07,34.52423898248209,34.52423898248209,0.0,0.0,0.9999063719531387,True,3.75,0.0014044207029191276,0.001401676657147791,0.001398932611376454,42.5,6.5,[],True,9.362804686127517e-05,9.344511047651938e-05,9.34451104765194e-05,9.32621740917636e-05,robust_hit,6,3,2,,False
nav_gain_3p75,False,holdout,6,34.99999999967009,0.0,0.12474437627811862,4.363764678681119e-06,2.9091764524540704e-07,35.0,37.85027692144436,0.0,0.0,0.999906060375948,True,3.75,0.001409094360780605,0.0014069124784412647,0.001404730596101924,47.5,6.5,[],True,9.393962405204035e-05,9.379416522941764e-05,9.379416522941765e-05,9.364870640679494e-05,robust_hit,6,3,2,,False
nav_gain_3p75,False,holdout,6,34.99999999999999,0.0,0.18166089965397925,2.3549993894899854e-06,1.569999592993405e-07,35.0,42.50042657449585,0.0,0.0,0.9999062925607111,True,3.75,0.0014056115893335726,0.0014044340896388278,0.0014032565899440826,52.5,6.5,[],True,9.370743928890484e-05,9.362893930925517e-05,9.362893930925517e-05,9.35504393296055e-05,robust_hit,6,3,2,,False
nav_gain_3p75,False,holdout,6,34.99999999999999,0.0,0.16809116809116809,6.651160881819898e-09,4.4341072545465987e-10,35.0,47.81033569426119,0.0,0.0,0.9999058873869061,True,3.75,0.0014116891964078733,0.0014116858708274323,0.0014116825452469915,57.5,6.5,[],True,9.411261309385822e-05,9.411239138849549e-05,9.411239138849549e-05,9.411216968313276e-05,robust_hit,6,3,2,,False
nav_gain_3p75,False,holdout,0,34.99999999999999,0.0,0.19040247678018576,1.7463978792875423e-05,1.1642652566479228e-06,35.0,52.82668114887227,0.0,0.0,102.61000790567763,True,3.75,1554.1501360491434,1554.150127317154,1554.1501185851646,62.5,6.5,[],True,103.61000906994289,103.61000848781026,103.61000848781026,103.61000790567763,robust_miss,6,3,2,,False
nav_gain_3p75,False,holdout,0,34.99999999999999,0.0,0.22746781115879827,2.9225449907244183e-05,1.9483633195704897e-06,35.0,51.35056782865811,0.0,0.0,231.19392401508824,True,3.75,3482.9088894517736,3482.908874839048,3482.9088602263237,67.5,6.5,[],True,232.19392596345156,232.1939249892699,232.1939249892699,232.19392401508824,robust_miss,6,3,2,,False
nav_gain_3p75,False,holdout,0,34.99441015583886,0.0,0.0498220640569395,4.205259301670594e-05,2.8035062200615357e-06,35.0,35.34018046583083,0.0,0.0,346.28059712143033,True,3.75,5209.208998874048,5209.208977847752,5209.208956821455,72.5,6.5,[],True,347.28059992493655,347.28059852318347,347.28059852318347,347.28059712143033,robust_miss,6,3,2,,False
nav_gain_3p75,False,holdout,0,10.148145344025565,0.0,0.0,8.381508177990327e-05,5.587672092133289e-06,11.76779946663778,11.76779946663778,0.0,0.0,417.96457711834375,True,3.75,6284.468740590238,6284.468698682696,6284.468656775156,77.5,6.5,[],True,418.96458270601585,418.9645799121798,418.96457991217983,418.96457711834375,robust_miss,6,3,2,,False
nav_gain_3p75,False,holdout,0,4.096904233063672,0.0,0.0,0.00010089573515870143,6.726382366650796e-06,4.217793328965008,4.217793328965008,0.0,0.0,429.68084255343905,True,3.75,6460.212739197321,6460.212688749453,6460.212638301586,82.5,6.5,[],True,430.6808492798214,430.68084591663023,430.68084591663023,430.68084255343905,robust_miss,6,3,2,,False
nav_gain_3p75,False,holdout,0,5.856637560257899,0.0,0.0,0.00011095787886006292,7.3971919505311234e-06,6.058890046663636,6.058890046663636,0.0,0.0,432.08528784727633,True,3.75,6496.279428667024,6496.279373188085,6496.279317709145,87.5,6.5,[],True,433.0852952444683,433.0852915458723,433.08529154587234,433.08528784727633,robust_miss,6,3,2,,False
nav_gain_3p75,False,holdout,6,4.970596665812033,0.0,0.0,1.0849072081613956e-06,7.232714721075158e-08,6.1071368633335315,6.1071368633335315,0.0,0.0,0.9999091219553583,True,3.75,0.001363170669625257,0.0013626282160211763,0.0013620857624170957,2.5,7.5,[],True,9.08780446416838e-05,9.084188106807843e-05,9.084188106807842e-05,9.080571749447305e-05,robust_hit,6,3,2,,False
nav_gain_3p75,False,holdout,6,9.993129791993246,0.0,0.0,1.7384273192841675e-06,1.1589515461894902e-07,10.001156605918716,10.001156605918716,0.0,0.0,0.9999090547990085,True,3.75,0.0013641780148724526,0.0013633088012128104,0.0013624395875531685,7.5,7.5,[],True,9.094520099149685e-05,9.088725341418737e-05,9.088725341418737e-05,9.08293058368779e-05,robust_hit,6,3,2,,False
nav_gain_3p75,False,holdout,6,14.41832615570001,0.0,0.0,3.371650406738076e-06,2.2477669378253478e-07,14.429650617809582,14.429650617809582,0.0,0.0,0.9999087813525503,True,3.75,0.001368279711744087,0.001366593886540718,0.001364908061337349,12.5,7.5,[],True,9.12186474496058e-05,9.110625910271454e-05,9.110625910271454e-05,9.099387075582327e-05,robust_hit,6,3,2,,False
nav_gain_3p75,False,holdout,6,18.12302560546625,0.0,0.0,2.8924246466229854e-06,1.928283097748693e-07,18.136990076829104,18.136990076829104,0.0,0.0,0.9999088572959447,True,3.75,0.0013671405608298918,0.0013656943485065803,0.0013642481361832689,17.5,7.5,[],True,9.114270405532613e-05,9.104628990043869e-05,9.104628990043869e-05,9.094987574555126e-05,robust_hit,6,3,2,,False
nav_gain_3p75,False,holdout,6,21.6072548673882,0.0,0.0,6.928340936157573e-06,4.618893957438418e-07,21.62394743064732,21.62394743064732,0.0,0.0,0.9999074183785265,True,3.75,0.001388724322103345,0.0013852601516352661,0.0013817959811671873,22.5,7.5,[],True,9.258162147355633e-05,9.235067677568441e-05,9.235067677568441e-05,9.211973207781249e-05,robust_hit,6,3,2,,False
nav_gain_3p75,False,holdout,6,24.84015613472906,0.0,0.0,7.1296625979841086e-06,4.7531083986560453e-07,24.859438740362492,24.859438740362492,0.0,0.0,0.999907036605572,True,3.75,0.0013944509164195943,0.0013908860851206022,0.0013873212538216102,27.5,7.5,[],True,9.296339442797295e-05,9.272573900804014e-05,9.272573900804014e-05,9.248808358810734e-05,robust_hit,6,3,2,,False
nav_gain_3p75,False,holdout,6,27.81993750251739,0.0,0.0,6.691995433744623e-06,4.461330289163082e-07,27.840547527789038,27.840547527789038,0.0,0.0,0.9999068887838461,True,3.75,0.0013966682423084415,0.0013933222445915692,0.001389976246874697,32.5,7.5,[],True,9.31112161538961e-05,9.288814963943795e-05,9.288814963943795e-05,9.26650831249798e-05,robust_hit,6,3,2,,False
nav_gain_3p75,False,holdout,6,30.560366565053112,0.0,0.0,6.203906522208409e-06,4.1359376814722364e-07,30.58312483918002,30.58312483918002,0.0,0.0,0.9999066206958783,True,3.75,0.0014006895618255892,0.0013975876085644849,0.0013944856553033808,37.5,7.5,[],True,9.337930412170594e-05,9.317250723763234e-05,9.317250723763233e-05,9.296571035355872e-05,robust_hit,6,3,2,,False
nav_gain_3p75,False,holdout,6,33.052851366496405,0.0,0.0,3.2426402849651103e-06,2.1617601899767583e-07,33.077126668811694,33.077126668811694,0.0,0.0,0.9999081633402422,True,3.75,0.0013775498963658156,0.0013759285762233332,0.0013743072560808505,42.5,7.5,[],True,9.183665975772104e-05,9.17285717482222e-05,9.17285717482222e-05,9.162048373872336e-05,robust_hit,6,3,2,,False
nav_gain_3p75,False,holdout,6,34.999919936234974,0.0,0.039723661485319514,2.2537087618682266e-06,1.502472507912151e-07,35.0,35.341899407459074,0.0,0.0,0.9999083428219596,True,3.75,0.0013748576706055949,0.0013737308162246609,0.0013726039618437266,47.5,7.5,[],True,9.165717804037299e-05,9.158205441497738e-05,9.158205441497738e-05,9.150693078958178e-05,robust_hit,6,3,2,,False
nav_gain_3p75,False,holdout,6,34.999999999999424,0.0,0.11869436201780416,2.5333357201904553e-06,1.6888904801268798e-07,35.0,38.56493291511847,0.0,0.0,0.9999061881091594,True,3.75,0.0014071783626081287,0.0014059116947480335,0.0014046450268879382,52.5,7.5,[],True,9.38118908405419e-05,9.372744631653557e-05,9.372744631653556e-05,9.364300179252922e-05,robust_hit,6,3,2,,False
nav_gain_3p75,False,holdout,6,34.99999999999999,0.0,0.12083847102342787,2.5765321157080606e-07,1.717688077137894e-08,35.0,42.32680731361207,0.0,0.0,0.999907257974625,True,3.75,0.0013911303806253183,0.001391001554019533,0.0013908727274137475,57.5,7.5,[],True,9.274202537502122e-05,9.273343693463552e-05,9.273343693463553e-05,9.272484849424984e-05,robust_hit,6,3,2,,False
nav_gain_3p75,False,holdout,0,34.99999999999999,0.0,0.1264222503160556,1.5709162198618287e-05,1.0472774789604955e-06,35.0,45.75810393840005,0.0,0.0,97.87776025695945,True,3.75,1483.166419563554,1483.1664117089729,1483.1664038543918,62.5,7.5,[],True,98.87776130423693,98.87776078059818,98.87776078059818,98.87776025695945,robust_miss,6,3,2,,False
nav_gain_3p75,False,holdout,0,34.99999999999948,0.0,0.145985401459854,2.9397784601314925e-05,1.9598523408603796e-06,35.0,45.42759832019243,0.0,0.0,264.74549999214173,True,3.75,3986.182529279911,3986.1825145810185,3986.182499882126,67.5,7.5,[],True,265.7455019519941,265.7455009720679,265.74550097206793,265.74549999214173,robust_miss,6,3,2,,False
nav_gain_3p75,False,holdout,0,32.926162856092105,0.0,0.0,3.8758448681619484e-05,2.583896559826826e-06,33.11773154234821,33.11773154234821,0.0,0.0,405.54607644579755,True,3.75,6098.191185445412,6098.191166066187,6098.191146686963,72.5,7.5,[],True,406.5460790296941,406.54607773774586,406.5460777377458,406.54607644579755,robust_miss,6,3,2,,False
nav_gain_3p75,False,holdout,0,10.546190805833023,0.0,0.0,8.069501200225204e-05,5.379667470606364e-06,11.99531136460212,11.99531136460212,0.0,0.0,482.4557594697929,True,3.75,7251.836472741906,7251.8364323944,7251.836392046894,77.5,7.5,[],True,483.45576484946037,483.4557621596266,483.4557621596266,483.4557594697929,robust_miss,6,3,2,,False
nav_gain_3p75,False,holdout,0,4.2521850912936,0.0,0.0,9.943997611117084e-05,6.629331778640335e-06,4.338811981645792,4.338811981645792,0.0,0.0,496.047526415042,True,3.75,7455.712995665606,7455.712945945618,7455.71289622563,82.5,7.5,[],True,497.0475330443738,497.04752972970783,497.0475297297079,497.047526415042,robust_miss,6,3,2,,False
nav_gain_3p75,False,holdout,0,5.903778777250458,0.0,0.0,0.0001107329208025476,7.382194723959401e-06,6.06923874824094,6.06923874824094,0.0,0.0,498.73562491183174,True,3.75,7496.0344844103965,7496.034429043936,7496.034373677476,87.5,7.5,[],True,499.73563229402646,499.7356286029291,499.73562860292907,499.73562491183174,robust_miss,6,3,2,,False
nav_gain_3p75,False,holdout,6,5.07892213852785,0.0,0.0,1.0597399850190928e-06,7.06493323346098e-08,6.106800205727363,6.106800205727363,0.0,0.0,0.9999091240713764,True,3.75,0.0013631389293536735,0.001362609059361164,0.0013620791893686544,2.5,8.5,[],True,9.087592862357823e-05,9.084060395741094e-05,9.084060395741093e-05,9.080527929124362e-05,robust_hit,6,3,2,,False
nav_gain_3p75,False,holdout,6,9.82256669236917,0.0,0.0,2.9043292694565064e-06,1.9362195129710765e-07,9.82945142126274,9.82945142126274,0.0,0.0,0.9999088838399612,True,3.75,0.001366742400581651,0.0013652902359469227,0.0013638380713121945,7.5,8.5,[],True,9.111616003877673e-05,9.101934906312818e-05,9.101934906312818e-05,9.092253808747962e-05,robust_hit,6,3,2,,False
nav_gain_3p75,False,holdout,6,14.180187073176567,0.0,0.0,4.1614672088188635e-06,2.774311472545873e-07,14.189909284607332,14.189909284607332,0.0,0.0,0.9999086001423254,True,3.75,0.001370997865118978,0.0013689171315145684,0.0013668363979101592,12.5,8.5,[],True,9.139985767459853e-05,9.126114210097125e-05,9.126114210097124e-05,9.112242652734395e-05,robust_hit,6,3,2,,False
nav_gain_3p75,False,holdout,6,17.744325867496872,0.0,0.0,2.6335604652837075e-06,1.755706976855787e-07,17.75611095235321,17.75611095235321,0.0,0.0,0.9999089057125343,True,3.75,0.0013664143119847285,0.0013650975317520866,0.0013637807515194447,17.5,8.5,[],True,9.109428746564857e-05,9.100650211680578e-05,9.100650211680578e-05,9.091871676796299e-05,robust_hit,6,3,2,,False
nav_gain_3p75,False,holdout,6,21.04835752648802,0.0,0.0,4.882495056007146e-06,3.2549967040046825e-07,21.062547068628255,21.062547068628255,0.0,0.0,0.9999082686359413,True,3.75,0.0013759704608810267,0.001373529213353023,0.0013710879658250196,22.5,8.5,[],True,9.173136405873511e-05,9.156861422353487e-05,9.156861422353487e-05,9.140586438833464e-05,robust_hit,6,3,2,,False
nav_gain_3p75,False,holdout,6,24.122733292295603,0.0,0.0,6.033191716305715e-06,4.0221278108704855e-07,24.13873727849854,24.13873727849854,0.0,0.0,0.9999076211194048,True,3.75,0.0013856832089279966,0.0013826666130698436,0.001379650017211691,27.5,8.5,[],True,9.237888059519978e-05,9.217777420465626e-05,9.217777420465626e-05,9.197666781411273e-05,robust_hit,6,3,2,,False
nav_gain_3p75,False,holdout,6,26.947233257481994,0.0,0.0,4.486221558820929e-06,2.990814372547313e-07,26.964611474183766,26.964611474183766,0.0,0.0,0.9999081157048667,True,3.75,0.0013782644269995927,0.0013760213162201825,0.0013737782054407718,32.5,8.5,[],True,9.188429513330618e-05,9.173475441467883e-05,9.173475441467881e-05,9.158521369605145e-05,robust_hit,6,3,2,,False
nav_gain_3p75,False,holdout,6,29.52190620525349,0.0,0.0,4.088686918986067e-06,2.725791279324045e-07,29.54109213254836,29.54109213254836,0.0,0.0,0.9999080360817272,True,3.75,0.0013794587740918619,0.0013774144306323687,0.0013753700871728758,37.5,8.5,[],True,9.196391827279079e-05,9.182762870882459e-05,9.182762870882459e-05,9.169133914485838e-05,robust_hit,6,3,2,,False
nav_gain_3p75,False,holdout,6,31.85090492279502,0.0,0.0,4.915257655984089e-06,3.2768384373227713e-07,31.870863676766536,31.870863676766536,0.0,0.0,0.9999068130410173,True,3.75,0.0013978043847414597,0.0013953467559134677,0.0013928891270854756,42.5,8.5,[],True,9.318695898276398e-05,9.302311706089783e-05,9.302311706089783e-05,9.28592751390317e-05,robust_hit,6,3,2,,False
nav_gain_3p75,False,holdout,6,33.912287371352605,0.0,0.0,4.329245921696166e-06,2.8861639477974893e-07,33.931562281755554,33.931562281755554,0.0,0.0,0.9999059541742913,True,3.75,0.0014106873856298994,0.0014085227626690511,0.0014063581397082033,47.5,8.5,[],True,9.404582570865996e-05,9.390151751127008e-05,9.390151751127008e-05,9.375720931388021e-05,robust_hit,6,3,2,,False
nav_gain_3p75,False,holdout,6,34.99999990660359,0.0,0.055341055341055344,2.183706249737948e-06,1.4558041664919743e-07,35.0,35.894039076739595,0.0,0.0,0.999907011749129,True,3.75,0.0013948237630658548,0.0013937319099409859,0.0013926400568161168,52.5,8.5,[],True,9.298825087105699e-05,9.29154606627324e-05,9.291546066273238e-05,9.284267045440779e-05,robust_hit,6,3,2,,False
nav_gain_3p75,False,holdout,6,34.999999999999346,0.0,0.08503767491926803,4.7533416549041564e-07,3.1688944366034034e-08,35.0,38.503847159021404,0.0,0.0,0.9999057725057742,True,3.75,0.0014134124133868221,0.001413174746304077,0.0014129370792213317,57.5,8.5,[],True,9.422749422578815e-05,9.421164975360512e-05,9.421164975360514e-05,9.419580528142211e-05,robust_hit,6,3,2,,False
nav_gain_3p75,False,holdout,0,34.99999999999909,0.0,0.08387096774193549,1.4798951724515064e-05,9.865967882660698e-07,35.0,40.82826755974112,0.0,0.0,96.92370990452068,True,3.75,1468.855663366762,1468.855655967286,1468.8556485678102,62.5,8.5,[],True,97.92371089111747,97.92371039781908,97.92371039781906,97.92370990452068,robust_miss,6,3,2,,False
nav_gain_3p75,False,holdout,0,34.999999999671125,0.0,0.0947867298578199,2.9512636501749512e-05,1.9675090925375116e-06,35.0,40.24033194858082,0.0,0.0,298.05069532542626,True,3.75,4485.7604593940305,4485.760444637713,4485.760429881394,67.5,8.5,[],True,299.05069729293535,299.0506963091808,299.0506963091808,299.05069532542626,robust_miss,6,3,2,,False
nav_gain_3p75,False,holdout,0,30.685168896812122,0.0,0.0,3.929496597265825e-05,2.6196644284937065e-06,30.944002516510437,30.944002516510437,0.0,0.0,464.8534508461444,True,3.75,6987.801801987132,6987.8017823396485,6987.801762692166,72.5,8.5,[],True,465.85345346580885,465.85345215597664,465.85345215597664,465.8534508461444,robust_miss,6,3,2,,False
nav_gain_3p75,False,holdout,0,10.697730447105993,0.0,0.0,7.783673572703265e-05,5.189115768189367e-06,12.039700543665692,12.039700543665692,0.0,0.0,546.9770769636199,True,3.75,8219.656232291034,8219.656193372666,8219.656154454298,77.5,8.5,[],True,547.9770821527356,547.9770795581777,547.9770795581778,547.9770769636199,robust_miss,6,3,2,,False
nav_gain_3p75,False,holdout,0,4.396292134499814,0.0,0.0,9.806838897929993e-05,6.537892545566137e-06,4.460874409778189,4.460874409778189,0.0,0.0,562.4205420015657,True,3.75,8451.308228091873,8451.308179057678,8451.308130023484,82.5,8.5,[],True,563.4205485394582,563.420545270512,563.4205452705119,563.4205420015657,robust_miss,6,3,2,,False
nav_gain_3p75,False,holdout,0,5.945869842241182,0.0,0.0,0.00011059342432417907,7.372894970103516e-06,6.085288188699968,6.085288188699968,0.0,0.0,565.3883296044972,True,3.75,8495.825054660883,8495.824999364171,8495.824944067459,87.5,8.5,[],True,566.3883369773922,566.3883332909447,566.3883332909447,566.3883296044972,robust_miss,6,3,2,,False
nav_gain_3p75,False,holdout,6,5.143249600910803,0.0,0.0,1.0133485114560345e-06,6.755656743040591e-08,6.106416593081378,6.106416593081378,0.0,0.0,0.9999091278906771,True,3.75,0.001363081639843142,0.001362574965587414,0.001362068291331686,2.5,9.5,[],True,9.087210932287613e-05,9.083833103916093e-05,9.083833103916093e-05,9.080455275544572e-05,robust_hit,6,3,2,,False
nav_gain_3p75,False,holdout,6,9.686793862152017,0.0,0.0,2.4677261608067533e-06,1.645150773871214e-07,9.692757987983736,9.692757987983736,0.0,0.0,0.9999089556991205,True,3.75,0.001365664513192126,0.0013644306501117227,0.0013631967870313194,7.5,9.5,[],True,9.104430087947508e-05,9.096204334078153e-05,9.096204334078153e-05,9.087978580208796e-05,robust_hit,6,3,2,,False
nav_gain_3p75,False,holdout,6,13.939718014569458,0.0,0.0,3.965669065057785e-06,2.6437793767052173e-07,13.948106149668316,13.948106149668316,0.0,0.0,0.9999086479088803,True,3.75,0.001370281366794074,0.0013682985322615452,0.0013663156977290162,12.5,9.5,[],True,9.135209111960493e-05,9.121990215076968e-05,9.121990215076967e-05,9.108771318193441e-05,robust_hit,6,3,2,,False
nav_gain_3p75,False,holdout,6,17.42584146765948,0.0,0.0,5.668648485310061e-06,3.7790989902067166e-07,17.436197705038147,17.436197705038147,0.0,0.0,0.999908086777484,True,3.75,0.0013786983377394584,0.0013758640134968034,0.0013730296892541483,17.5,9.5,[],True,9.191322251596389e-05,9.172426756645355e-05,9.172426756645356e-05,9.153531261694322e-05,robust_hit,6,3,2,,False
nav_gain_3p75,False,holdout,6,20.589698920208566,0.0,0.0,3.850458712251464e-06,2.566972474834291e-07,20.601850353201915,20.601850353201915,0.0,0.0,0.9999085902477676,True,3.75,0.001371146283486148,0.0013692210541300222,0.0013672958247738965,22.5,9.5,[],True,9.140975223240986e-05,9.128140360866814e-05,9.128140360866814e-05,9.115305498492643e-05,robust_hit,6,3,2,,False
nav_gain_3p75,False,holdout,6,23.510154950027452,0.0,0.0,6.2684656956400655e-06,4.1789771304267555e-07,23.52395559046253,23.52395559046253,0.0,0.0,0.9999074944919261,True,3.75,0.001387582621108393,0.001384448388260573,0.001381314155412753,27.5,9.5,[],True,9.250550807389288e-05,9.229655921737153e-05,9.229655921737153e-05,9.20876103608502e-05,robust_hit,6,3,2,,False
nav_gain_3p75,False,holdout,6,26.188986313384707,0.0,0.0,3.758397330221432e-06,2.505598220147603e-07,26.204367308882453,26.204367308882453,0.0,0.0,0.9999084141598079,True,3.75,0.0013737876028812447,0.0013719084042161341,0.0013700292055510233,32.5,9.5,[],True,9.158584019208298e-05,9.146056028107561e-05,9.14605602810756e-05,9.133528037006822e-05,robust_hit,6,3,2,,False
nav_gain_3p75,False,holdout,6,28.630533567945335,0.0,0.0,4.499209122273574e-06,2.9994727481824277e-07,28.646496179300794,28.646496179300794,0.0,0.0,0.9999077871422026,True,3.75,0.001383192866960377,0.0013809432623992403,0.0013786936578381035,37.5,9.5,[],True,9.221285779735847e-05,9.206288415994936e-05,9.206288415994934e-05,9.191291052254023e-05,robust_hit,6,3,2,,False
nav_gain_3p75,False,holdout,6,30.819230959419745,0.0,0.0,5.1865198381173365e-06,3.457679892078161e-07,30.83601699893142,30.83601699893142,0.0,0.0,0.9999064898832875,True,3.75,0.0014026517506883186,0.0014000584907692601,0.0013974652308502012,42.5,9.5,[],True,9.351011671255457e-05,9.333723271795067e-05,9.333723271795065e-05,9.316434872334675e-05,robust_hit,6,3,2,,False
nav_gain_3p75,False,holdout,6,32.740492281565686,0.0,0.0,3.755977595088899e-06,2.5039850633926173e-07,32.75629903933509,32.75629903933509,0.0,0.0,0.999906683177137,True,3.75,0.0013997523429442288,0.0013978743541466843,0.0013959963653491399,47.5,9.5,[],True,9.331682286294858e-05,9.319162360977895e-05,9.319162360977895e-05,9.306642435660932e-05,robust_hit,6,3,2,,False
nav_gain_3p75,False,holdout,6,34.35126634984028,0.0,0.0,1.8939831859649241e-06,1.2626554573099856e-07,34.36562820987837,34.36562820987837,0.0,0.0,0.9999074593572327,True,3.75,0.001388109641510313,0.0013871626499173306,0.001386215658324348,52.5,9.5,[],True,9.25406427673542e-05,9.24775099944887e-05,9.24775099944887e-05,9.24143772216232e-05,robust_hit,6,3,2,,False
nav_gain_3p75,False,holdout,6,34.99999999309127,0.0,0.04743833017077799,3.530754866848569e-07,2.3538365778995882e-08,35.0,35.808507215229355,0.0,0.0,0.9999075106669265,True,3.75,0.0013873399961029,0.0013871634583595578,0.0013869869206162152,57.5,9.5,[],True,9.248933307352667e-05,9.247756389063718e-05,9.247756389063718e-05,9.246579470774768e-05,robust_hit,6,3,2,,False
nav_gain_3p75,False,holdout,0,34.99999999831542,0.0,0.051837888784165884,1.4598104144170065e-05,9.732069372603291e-07,35.0,37.25502969680389,0.0,0.0,101.50040446430101,True,3.75,1537.5060815626193,1537.5060742635671,1537.5060669645152,62.5,9.5,[],True,102.50040543750795,102.5004049509045,102.50040495090448,102.50040446430101,robust_miss,6,3,2,,False
nav_gain_3p75,False,holdout,0,34.99999382808965,0.0,0.04231311706629055,2.9879034627811052e-05,1.9919356191167026e-06,35.0,36.51222190268633,0.0,0.0,335.27145770450045,True,3.75,5044.071895446541,5044.071880507024,5044.071865567506,67.5,9.5,[],True,336.27145969643607,336.27145870046826,336.27145870046826,336.27145770450045,robust_miss,6,3,2,,False
nav_gain_3p75,False,holdout,0,29.520969826602418,0.0,0.0,3.975980962422909e-05,2.6506539825277287e-06,29.728792545745303,29.728792545745303,0.0,0.0,524.7767401227599,True,3.75,7886.651141601208,7886.651121721304,7886.6511018413985,72.5,9.5,[],True,525.7767427734138,525.7767414480869,525.7767414480868,525.7767401227599,robust_miss,6,3,2,,False
nav_gain_3p75,False,holdout,0,10.89001034164141,0.0,0.0,7.510169962188229e-05,5.0067799293174176e-06,11.986226462782842,11.986226462782842,0.0,0.0,611.5151558626304,True,3.75,9187.727413041155,9187.727375490305,9187.727337939456,77.5,9.5,[],True,612.5151608694104,612.5151583660204,612.5151583660204,612.5151558626304,robust_miss,6,3,2,,False
nav_gain_3p75,False,holdout,0,4.525111188425074,0.0,0.0,9.676604349806439e-05,6.451069566537626e-06,4.574718450155444,4.574718450155444,0.0,0.0,628.7990805500939,True,3.75,9446.986305017452,9446.986256634429,9446.986208251408,82.5,9.5,[],True,629.7990870011635,629.7990837756287,629.7990837756287,629.7990805500939,robust_miss,6,3,2,,False
nav_gain_3p75,False,holdout,0,5.9326923780110725,0.0,0.0,0.00011035885836463422,7.35725723188807e-06,6.053317219751336,6.053317219751336,0.0,0.0,632.0429155633901,True,3.75,9495.64384380971,9495.643788630281,9495.643733450852,87.5,9.5,[],True,633.0429229206474,633.0429192420187,633.0429192420188,633.0429155633901,robust_miss,6,3,2,,False
nav_gain_3p75,False,holdout,6,5.143987117679527,0.0,0.0,8.9986960705884e-07,5.999130713726865e-08,6.106114225654283,6.106114225654283,0.0,0.0,0.9999091367999635,True,3.75,0.0013629480005477523,0.0013624980657442227,0.0013620481309406934,2.5,10.5,[],True,9.086320003651682e-05,9.083320438294819e-05,9.083320438294819e-05,9.080320872937956e-05,robust_hit,6,3,2,,False
nav_gain_3p75,False,holdout,6,9.581407488140528,0.0,0.0,2.7422847396357548e-06,1.8281898264238365e-07,9.58666488862561,9.58666488862561,0.0,0.0,0.9999089116131409,True,3.75,0.0013663258028861283,0.0013649546605163105,0.0013635835181464925,7.5,10.5,[],True,9.108838685907522e-05,9.099697736775402e-05,9.099697736775402e-05,9.090556787643283e-05,robust_hit,6,3,2,,False
nav_gain_3p75,False,holdout,6,13.738816394992151,0.0,0.0,4.344278634835783e-06,2.896185756557279e-07,13.746394504066782,13.746394504066782,0.0,0.0,0.999908553053871,True,3.75,0.0013717041919347585,0.0013695320526173407,0.0013673599132999227,12.5,10.5,[],True,9.14469461289839e-05,9.130213684115604e-05,9.130213684115604e-05,9.115732755332818e-05,robust_hit,6,3,2,,False
nav_gain_3p75,False,holdout,6,17.15445146012371,0.0,0.0,5.572570958542944e-06,3.715047305695413e-07,17.163648385563604,17.163648385563604,0.0,0.0,0.9999081198577271,True,3.75,0.0013782021340940445,0.001375415848614773,0.0013726295631355015,17.5,10.5,[],True,9.18801422729363e-05,9.169438990765154e-05,9.169438990765154e-05,9.150863754236676e-05,robust_hit,6,3,2,,False
nav_gain_3p75,False,holdout,6,20.195991274260663,0.0,0.0,5.255319261432195e-06,3.503546174288139e-07,20.206926640171208,20.206926640171208,0.0,0.0,0.9999081293982371,True,3.75,0.00137805902644298,0.0013754313668122638,0.0013728037071815478,22.5,10.5,[],True,9.187060176286534e-05,9.169542445415094e-05,9.169542445415093e-05,9.152024714543653e-05,robust_hit,6,3,2,,False
nav_gain_3p75,False,holdout,6,22.985473063123063,0.0,0.0,6.50960176074326e-06,4.3397345071622187e-07,22.997398796794204,22.997398796794204,0.0,0.0,0.9999073597233412,True,3.75,0.0013896041498825784,0.0013863493490022067,0.001383094548121835,27.5,10.5,[],True,9.264027665883856e-05,9.242328993348044e-05,9.242328993348044e-05,9.220630320812234e-05,robust_hit,6,3,2,,False
nav_gain_3p75,False,holdout,6,25.52840933887927,0.0,0.0,5.988680076265225e-06,3.9924533841767984e-07,25.541289240628355,25.541289240628355,0.0,0.0,0.9999072965237297,True,3.75,0.0013905521440543843,0.0013875578040162516,0.001384563463978119,32.5,10.5,[],True,9.270347627029228e-05,9.250385360108344e-05,9.250385360108344e-05,9.23042309318746e-05,robust_hit,6,3,2,,False
nav_gain_3p75,False,holdout,6,27.84037913840434,0.0,0.0,5.0645244298456234e-06,3.3763496198971907e-07,27.85437729730787,27.85437729730787,0.0,0.0,0.9999074064937566,True,3.75,0.0013889025936499,0.0013863703314349772,0.0013838380692200545,37.5,10.5,[],True,9.259350624332668e-05,9.242468876233182e-05,9.242468876233182e-05,9.225587128133696e-05,robust_hit,6,3,2,,False
nav_gain_3p75,False,holdout,6,29.906766499446704,0.0,0.0,3.296226406364214e-06,2.1974842709095123e-07,29.920625241461334,29.920625241461334,0.0,0.0,0.9999080700114602,True,3.75,0.0013789498280963736,0.0013773017148931916,0.0013756536016900094,42.5,10.5,[],True,9.192998853975824e-05,9.182011432621276e-05,9.182011432621276e-05,9.171024011266729e-05,robust_hit,6,3,2,,False
nav_gain_3p75,False,holdout,6,31.706070960503524,0.0,0.0,4.043240726540713e-06,2.6954938176937274e-07,31.71959347261367,31.71959347261367,0.0,0.0,0.9999061867776794,True,3.75,0.0014071983348085322,0.0014051767144452618,0.0014031550940819914,47.5,10.5,[],True,9.38132223205688e-05,9.367844762968411e-05,9.367844762968411e-05,9.354367293879943e-05,robust_hit,6,3,2,,False
nav_gain_3p75,False,holdout,6,33.19774548512885,0.0,0.0,2.511010240526055e-06,1.674006827017397e-07,33.209635223557164,33.209635223557164,0.0,0.0,0.9999058751055205,True,3.75,0.0014118734171925144,0.0014106179120722514,0.0014093624069519883,52.5,10.5,[],True,9.412489447950096e-05,9.40411941381501e-05,9.404119413815008e-05,9.395749379679922e-05,robust_hit,6,3,2,,False
nav_gain_3p75,False,holdout,6,34.31222279017506,0.0,0.0,3.3999164786692807e-07,2.2666109857790687e-08,34.32203019762415,34.32203019762415,0.0,0.0,0.9999066635076514,True,3.75,0.0014000473852290502,0.0013998773894051168,0.0013997073935811833,57.5,10.5,[],True,9.333649234860335e-05,9.332515929367445e-05,9.332515929367445e-05,9.331382623874556e-05,robust_hit,6,3,2,,False
nav_gain_3p75,False,holdout,0,34.91829563062092,0.0,0.0,1.5012254607427167e-05,1.0008169795128197e-06,34.92442817325286,34.92442817325286,0.0,0.0,113.0977217067366,True,3.75,1711.4658406133037,1711.4658331071762,1711.4658256010491,62.5,10.5,[],True,114.09772270755359,114.09772220714508,114.0977222071451,114.0977217067366,robust_miss,6,3,2,,False
nav_gain_3p75,False,holdout,0,34.31553311888601,0.0,0.0,3.0444469302892685e-05,2.0296313323342474e-06,34.39460417533547,34.39460417533547,0.0,0.0,377.2383843116772,True,3.75,5673.575795119627,5673.575779897393,5673.575764675158,67.5,10.5,[],True,378.2383863413085,378.23838532649285,378.23838532649285,378.2383843116772,robust_miss,6,3,2,,False
nav_gain_3p75,False,holdout,0,28.51092784207116,0.0,0.0,4.0149760025087744e-05,2.676650638022693e-06,28.68264379689026,28.68264379689026,0.0,0.0,584.7286119334087,True,3.75,8785.92921915089,8785.92919907601,8785.92917900113,72.5,10.5,[],True,585.7286146100594,585.728613271734,585.728613271734,585.7286119334087,robust_miss,6,3,2,,False
nav_gain_3p75,False,holdout,0,10.944926956569194,0.0,0.0,7.24949459254276e-05,4.832996296499914e-06,11.973031459937944,11.973031459937944,0.0,0.0,676.0955713451015,True,3.75,10156.433642671467,10156.433606423994,10156.433570176521,77.5,10.5,[],True,677.0955761780978,677.0955737615997,677.0955737615996,677.0955713451015,robust_miss,6,3,2,,False
nav_gain_3p75,False,holdout,0,4.638881202613283,0.0,0.0,9.553102790960111e-05,6.36873517123604e-06,4.700894712310074,4.700894712310074,0.0,0.0,695.1825440020581,True,3.75,10442.738255561899,10442.738207796385,10442.73816003087,82.5,10.5,[],True,696.1825503707933,696.1825471864257,696.1825471864256,696.1825440020581,robust_miss,6,3,2,,False
nav_gain_3p75,False,holdout,0,5.971112043738681,0.0,0.0,0.00011015277777914889,7.343518518609926e-06,6.0765618991633294,6.0765618991633294,0.0,0.0,698.6992570406975,True,3.75,10495.48896576324,10495.48891068685,10495.488855610462,87.5,10.5,[],True,699.699264384216,699.6992607124567,699.6992607124567,699.6992570406975,robust_miss,6,3,2,,False
nav_gain_3p75,False,holdout,6,5.100423896747422,0.0,0.0,6.840369266233621e-07,4.560246177490255e-08,6.105824193167677,6.105824193167677,0.0,0.0,0.9999091520613285,True,3.75,0.0013627190800725138,0.001362377061609202,0.0013620350431458904,2.5,11.5,[],True,9.084793867150093e-05,9.082513744061347e-05,9.082513744061347e-05,9.080233620972602e-05,robust_hit,6,3,2,,False
nav_gain_3p75,False,holdout,6,9.495255480786916,0.0,0.0,2.8567492028940336e-06,1.904499468595932e-07,9.500151030442302,9.500151030442302,0.0,0.0,0.999908892138526,True,3.75,0.0013666179221109634,0.0013651895475095164,0.0013637611729080694,7.5,11.5,[],True,9.110786147406422e-05,9.101263650063443e-05,9.101263650063443e-05,9.091741152720463e-05,robust_hit,6,3,2,,False
nav_gain_3p75,False,holdout,6,13.568383603593773,0.0,0.0,4.33698386409628e-06,2.8913225760642046e-07,13.57509236249384,13.57509236249384,0.0,0.0,0.9999085547735624,True,3.75,0.0013716783965632144,0.0013695099046311663,0.0013673414126991182,12.5,11.5,[],True,9.144522643754763e-05,9.130066030874442e-05,9.130066030874442e-05,9.115609417994121e-05,robust_hit,6,3,2,,False
nav_gain_3p75,False,holdout,6,16.914999892878033,0.0,0.0,5.424558159527679e-06,3.6163721063517406e-07,16.923219439486683,16.923219439486683,0.0,0.0,0.9999081706564785,True,3.75,0.0013774401528221121,0.0013747278737423483,0.0013720155946625844,17.5,11.5,[],True,9.182934352147414e-05,9.164852491615655e-05,9.164852491615655e-05,9.146770631083897e-05,robust_hit,6,3,2,,False
nav_gain_3p75,False,holdout,6,19.847314606342398,0.0,0.0,6.0016780987061456e-06,4.0011187324707185e-07,19.856660602051424,19.856660602051424,0.0,0.0,0.9999078276757687,True,3.75,0.001382584863470333,0.0013795840244209799,0.001376583185371627,22.5,11.5,[],True,9.217232423135553e-05,9.197226829473199e-05,9.1972268294732e-05,9.177221235810846e-05,robust_hit,6,3,2,,False
nav_gain_3p75,False,holdout,6,22.521629519745684,0.0,0.0,5.647673023976077e-06,3.765115349317475e-07,22.532588172178897,22.532588172178897,0.0,0.0,0.9999077907391195,True,3.75,0.0013831389132079991,0.0013803150766960113,0.001377491240184023,27.5,11.5,[],True,9.220926088053328e-05,9.202100511306742e-05,9.20210051130674e-05,9.183274934560153e-05,robust_hit,6,3,2,,False
nav_gain_3p75,False,holdout,6,24.94838626555129,0.0,0.0,6.190349944520512e-06,4.126899963013557e-07,24.959913769568942,24.959913769568942,0.0,0.0,0.9999071586501403,True,3.75,0.0013926202478943466,0.0013895250729220865,0.001386429897949826,32.5,11.5,[],True,9.28413498596231e-05,9.263500486147243e-05,9.263500486147243e-05,9.242865986332174e-05,robust_hit,6,3,2,,False
nav_gain_3p75,False,holdout,6,27.13863332879111,0.0,0.0,5.578781112154565e-06,3.719187408103043e-07,27.150939189227756,27.150939189227756,0.0,0.0,0.9999070137107324,True,3.75,0.001394794339013057,0.0013920049484569795,0.0013892155579009024,37.5,11.5,[],True,9.298628926753714e-05,9.280032989713198e-05,9.280032989713198e-05,9.261437052672683e-05,robust_hit,6,3,2,,False
nav_gain_3p75,False,holdout,6,29.094349048471592,0.0,0.0,4.280695960381725e-06,2.8537973069210957e-07,29.106448857978815,29.106448857978815,0.0,0.0,0.9999072922296511,True,3.75,0.0013906165552331447,0.001388476207252954,0.001386335859272763,42.5,11.5,[],True,9.270777034887631e-05,9.256508048353025e-05,9.256508048353026e-05,9.24223906181842e-05,robust_hit,6,3,2,,False
nav_gain_3p75,False,holdout,6,30.786862865379355,0.0,0.0,3.876971703587915e-06,2.5846478023919435e-07,30.798156661827974,30.798156661827974,0.0,0.0,0.9999063544271004,True,3.75,0.0014046835934934444,0.0014027451076416503,0.0014008066217898565,47.5,11.5,[],True,9.364557289956296e-05,9.351634050944336e-05,9.351634050944336e-05,9.338710811932376e-05,robust_hit,6,3,2,,False
nav_gain_3p75,False,holdout,6,32.17960729297181,0.0,0.0,2.339599695087933e-06,1.559733130058631e-07,32.19005862149516,32.19005862149516,0.0,0.0,0.9999061132088065,True,3.75,0.0014083018679022466,0.0014071320680547027,0.0014059622682071587,52.5,11.5,[],True,9.388679119348311e-05,9.380880453698019e-05,9.380880453698019e-05,9.373081788047725e-05,robust_hit,6,3,2,,False
nav_gain_3p75,False,holdout,6,33.19633620216656,0.0,0.0,2.2442549201082303e-07,1.4961699467379167e-08,33.20450136080103,33.20450136080103,0.0,0.0,0.9999068341039458,True,3.75,0.0013974884408128854,0.0013973762280668801,0.0013972640153208746,57.5,11.5,[],True,9.316589605419236e-05,9.315841520445867e-05,9.315841520445867e-05,9.315093435472498e-05,robust_hit,6,3,2,,False
nav_gain_3p75,False,holdout,0,33.71613001415562,0.0,0.0,1.5853065633564256e-05,1.056871042237617e-06,33.726215879022405,33.726215879022405,0.0,0.0,131.41954964632748,True,3.75,1986.293260547978,1986.2932526214452,1986.2932446949123,62.5,11.5,[],True,132.41955070319852,132.419550174763,132.419550174763,132.41954964632748,robust_miss,6,3,2,,False
nav_gain_3p75,False,holdout,0,32.720860647891385,0.0,0.0,3.107456086581806e-05,2.0716374251605885e-06,32.82025538757631,32.82025538757631,0.0,0.0,421.8637296861164,True,3.75,6342.955976366307,6342.9559608290265,6342.9559452917465,67.5,11.5,[],True,422.86373175775384,422.8637307219351,422.8637307219351,422.8637296861164,robust_miss,6,3,2,,False
nav_gain_3p75,False,holdout,0,27.03372766621787,0.0,0.0,4.042925502290018e-05,2.6952836833515903e-06,27.207078166914474,27.207078166914474,0.0,0.0,644.2699535503157,True,3.75,9679.04934368399,9679.049323469362,9679.049303254735,72.5,11.5,[],True,645.2699562455994,645.2699548979575,645.2699548979575,645.2699535503157,robust_miss,6,3,2,,False
nav_gain_3p75,False,holdout,0,10.803771115051164,0.0,0.0,7.001254743954632e-05,4.667503162636422e-06,11.907152301477089,11.907152301477089,0.0,0.0,740.7102138890892,True,3.75,11125.653278348886,11125.653243342611,11125.653208336338,77.5,11.5,[],True,741.7102185565924,741.7102162228408,741.7102162228408,741.7102138890892,robust_miss,6,3,2,,False
nav_gain_3p75,False,holdout,0,4.739139762982999,0.0,0.0,9.434813728148583e-05,6.28987584150309e-06,4.822439686900604,4.822439686900604,0.0,0.0,761.5704415806683,True,3.75,11438.556718058162,11438.556670884092,11438.556623710025,82.5,11.5,[],True,762.5704478705442,762.5704447256062,762.5704447256062,762.5704415806683,robust_miss,6,3,2,,False
nav_gain_3p75,False,holdout,0,5.965188438238725,0.0,0.0,0.00011011748392775189,7.3411656558164395e-06,6.059080984533062,6.059080984533062,0.0,0.0,765.3566453568353,True,3.75,11495.349790470014,11495.349735411271,11495.34968035253,87.5,11.5,[],True,766.356652698001,766.3566490274183,766.3566490274181,766.3566453568353,robust_miss,6,3,2,,False
nav_gain_3p75,False,holdout,6,5.068453745889265,0.0,0.0,9.261236133719774e-07,6.174157422479578e-08,6.105543715320857,6.105543715320857,0.0,0.0,0.9999091347966885,True,3.75,0.0013629780496716096,0.0013625149878649238,0.0013620519260582377,2.5,12.5,[],True,9.086520331144065e-05,9.083433252432825e-05,9.083433252432825e-05,9.080346173721585e-05,robust_hit,6,3,2,,False
nav_gain_3p75,False,holdout,6,9.40938493675545,0.0,0.0,2.2312678316120313e-06,1.487511887741336e-07,9.422751331699754,9.422751331699754,0.0,0.0,0.999908990703659,True,3.75,0.0013651394451154027,0.0013640238111995967,0.0013629081772837906,7.5,12.5,[],True,9.100929634102684e-05,9.093492074663977e-05,9.093492074663977e-05,9.086054515225271e-05,robust_hit,6,3,2,,False
nav_gain_3p75,False,holdout,6,13.38095232671809,0.0,0.0,3.6247483271942965e-06,2.4164988847961977e-07,13.387237232039585,13.387237232039585,0.0,0.0,0.9999087262641327,True,3.75,0.001369106038008325,0.0013672936638447278,0.0013654812896811306,12.5,12.5,[],True,9.127373586722167e-05,9.115291092298186e-05,9.115291092298186e-05,9.103208597874205e-05,robust_hit,6,3,2,,False
nav_gain_3p75,False,holdout,6,16.675638907201574,0.0,0.0,4.813066559217769e-06,3.208711039478422e-07,16.683188279360753,16.683188279360753,0.0,0.0,0.9999083702773733,True,3.75,0.0013744458394005891,0.0013720393061209804,0.0013696327728413714,17.5,12.5,[],True,9.162972262670594e-05,9.146928707473203e-05,9.146928707473202e-05,9.13088515227581e-05,robust_hit,6,3,2,,False
nav_gain_3p75,False,holdout,6,19.53109505896047,0.0,0.0,4.305327829707195e-06,2.8702185531380214e-07,19.539605168005465,19.539605168005465,0.0,0.0,0.9999084521769844,True,3.75,0.001373217345233339,0.0013710646813184853,0.0013689120174036318,22.5,12.5,[],True,9.154782301555593e-05,9.140431208789903e-05,9.140431208789903e-05,9.126080116024213e-05,robust_hit,6,3,2,,False
nav_gain_3p75,False,holdout,6,22.095594831893827,0.0,0.0,6.0480617854199135e-06,4.0320411902799785e-07,22.105235778887863,22.105235778887863,0.0,0.0,0.9999075906530258,True,3.75,0.0013861402046129539,0.001383116173720244,0.001380092142827534,27.5,12.5,[],True,9.240934697419692e-05,9.220774491468292e-05,9.220774491468292e-05,9.200614285516892e-05,robust_hit,6,3,2,,False
nav_gain_3p75,False,holdout,6,24.42034555973037,0.0,0.0,5.22635591707326e-06,3.4842372780488217e-07,24.430368041954456,24.430368041954456,0.0,0.0,0.9999077195720703,True,3.75,0.0013842064189462842,0.0013815932409877475,0.001378980063029211,32.5,12.5,[],True,9.228042792975228e-05,9.210621606584984e-05,9.210621606584984e-05,9.19320042019474e-05,robust_hit,6,3,2,,False
nav_gain_3p75,False,holdout,6,26.516356331590373,0.0,0.0,5.857677147002921e-06,3.905118098001902e-07,26.52674431709618,26.52674431709618,0.0,0.0,0.9999067719212703,True,3.75,0.0013984211809460168,0.0013954923423725155,0.0013925635037990139,37.5,12.5,[],True,9.322807872973445e-05,9.303282282483436e-05,9.303282282483436e-05,9.283756691993426e-05,robust_hit,6,3,2,,False
nav_gain_3p75,False,holdout,6,28.372457254378762,0.0,0.0,4.827690760380752e-06,3.2184605069205557e-07,28.382956114557498,28.382956114557498,0.0,0.0,0.999906742161813,True,3.75,0.001398867572805821,0.0013964537274256308,0.0013940398820454403,42.5,12.5,[],True,9.325783818705474e-05,9.309691516170871e-05,9.309691516170871e-05,9.293599213636268e-05,robust_hit,6,3,2,,False
nav_gain_3p75,False,holdout,6,29.96875855392812,0.0,0.0,3.200508869066537e-06,2.1336725793777184e-07,29.9787081832331,29.9787081832331,0.0,0.0,0.9999072129598922,True,3.75,0.0013918056016182442,0.0013902053471837109,0.0013886050927491777,47.5,12.5,[],True,9.278704010788295e-05,9.268035647891407e-05,9.268035647891406e-05,9.257367284994518e-05,robust_hit,6,3,2,,False
nav_gain_3p75,False,holdout,6,31.265241433544805,0.0,0.0,2.3018008790630633e-06,1.5345339193754298e-07,31.274035919268933,31.274035919268933,0.0,0.0,0.9999059884912407,True,3.75,0.0014101726313899326,0.001409021730950401,0.0014078708305108696,52.5,12.5,[],True,9.401150875932885e-05,9.393478206336007e-05,9.393478206336007e-05,9.38580553673913e-05,robust_hit,6,3,2,,False
nav_gain_3p75,False,holdout,6,32.19538906602328,0.0,0.0,1.3488086641599145e-07,8.992057761071518e-09,32.20221578294657,32.20221578294657,0.0,0.0,0.99990638471495,True,3.75,0.0014042292757504263,0.0014041618353172183,0.0014040943948840103,57.5,12.5,[],True,9.361528505002843e-05,9.361078902114789e-05,9.361078902114789e-05,9.360629299226735e-05,robust_hit,6,3,2,,False
nav_gain_3p75,False,holdout,0,32.56788271180663,0.0,0.0,1.6583096567046596e-05,1.1055397806103429e-06,32.60283249736305,32.60283249736305,0.0,0.0,149.80067354691496,True,3.75,2262.010119786821,2262.0101114952727,2262.0101032037246,62.5,12.5,[],True,150.80067465245475,150.80067409968487,150.80067409968484,150.80067354691496,robust_miss,6,3,2,,False
nav_gain_3p75,False,holdout,0,31.252304400654946,0.0,0.0,3.158774688927224e-05,2.105849830513762e-06,31.368722157801685,31.368722157801685,0.0,0.0,466.1213675570218,True,3.75,7006.820544943074,7006.820529149201,7006.820513355327,67.5,12.5,[],True,467.12136966287164,467.1213686099467,467.1213686099467,467.1213675570218,robust_miss,6,3,2,,False
nav_gain_3p75,False,holdout,0,25.593814086589244,0.0,0.0,4.065181019541342e-05,2.7101206114821252e-06,25.77649556106224,25.77649556106224,0.0,0.0,703.722573988354,True,3.75,10570.83865047712,10570.838630151216,10570.83860982531,72.5,12.5,[],True,704.7225766984747,704.7225753434144,704.7225753434143,704.722573988354,robust_miss,6,3,2,,False
nav_gain_3p75,False,holdout,0,8.161249317330231,0.0,0.0,7.072706648614258e-05,4.715137833954941e-06,8.171227397487888,8.171227397487888,0.0,0.0,806.1118298292007,True,3.75,12106.677518165077,12106.677482801542,12106.67744743801,77.5,12.5,[],True,807.1118345443385,807.1118321867697,807.1118321867696,807.1118298292007,robust_miss,6,3,2,,False
nav_gain_3p75,False,holdout,0,4.827670903099397,0.0,0.0,9.321503239334561e-05,6.214335485310585e-06,4.924874987852412,4.924874987852412,0.0,0.0,827.9623667708427,True,3.75,12434.435594777673,12434.435548170157,12434.43550156264,82.5,12.5,[],True,828.9623729851781,828.9623698780105,828.9623698780103,828.9623667708427,robust_miss,6,3,2,,False
nav_gain_3p75,False,holdout,0,5.997958377219451,0.0,0.0,0.00010988157191604842,7.3254381049991935e-06,6.082229550531186,6.082229550531186,0.0,0.0,832.0152416374797,True,3.75,12495.228734443766,12495.22867950298,12495.228624562194,87.5,12.5,[],True,833.0152489629178,833.0152453001988,833.0152453001988,833.0152416374797,robust_miss,6,3,2,,False
nav_gain_3p75,False,holdout,6,4.964113930078485,0.0,0.0,7.516639790898158e-07,5.011093193932196e-08,6.10520330420188,6.10520330420188,0.0,0.0,0.999909147517204,True,3.75,0.0013627872419385903,0.0013624114099490454,0.0013620355779595005,2.5,13.5,[],True,9.085248279590603e-05,9.082742732993637e-05,9.082742732993636e-05,9.08023718639667e-05,robust_hit,6,3,2,,False
nav_gain_3p75,False,holdout,6,9.268524662089266,0.0,0.0,2.646118045132942e-06,1.7640786967552675e-07,9.298016900147703,9.298016900147703,0.0,0.0,0.9999089275051783,True,3.75,0.0013660874223252483,0.0013647643633026816,0.0013634413042801154,7.5,13.5,[],True,9.107249482168322e-05,9.098429088684545e-05,9.098429088684546e-05,9.089608695200769e-05,robust_hit,6,3,2,,False
nav_gain_3p75,False,holdout,6,13.238266721033519,0.0,0.0,4.15493616457395e-06,2.769957443049309e-07,13.244018331968846,13.244018331968846,0.0,0.0,0.9999086010129552,True,3.75,0.0013709848056719421,0.0013689073375896552,0.0013668298695073682,12.5,13.5,[],True,9.139898704479614e-05,9.126048917264367e-05,9.126048917264368e-05,9.112199130049121e-05,robust_hit,6,3,2,,False
nav_gain_3p75,False,holdout,6,16.449167226024915,0.0,0.0,3.284591028937479e-06,2.189727352625004e-07,16.45613902977382,16.45613902977382,0.0,0.0,0.9999087738266954,True,3.75,0.0013683925995690827,0.0013667503040546139,0.0013651080085401452,17.5,13.5,[],True,9.122617330460551e-05,9.111668693697428e-05,9.111668693697426e-05,9.100720056934301e-05,robust_hit,6,3,2,,False
nav_gain_3p75,False,holdout,6,19.233219990416618,0.0,0.0,3.872456060704859e-06,2.5816373738032667e-07,19.241041599142168,19.241041599142168,0.0,0.0,0.9999085799374275,True,3.75,0.0013713009385869473,0.001369364710556595,0.0013674284825262424,22.5,13.5,[],True,9.142006257246315e-05,9.129098070377298e-05,9.1290980703773e-05,9.116189883508282e-05,robust_hit,6,3,2,,False
nav_gain_3p75,False,holdout,6,21.706060824800396,0.0,0.0,5.977725874758413e-06,3.98515058317223e-07,21.714639561210547,21.714639561210547,0.0,0.0,0.999907621677246,True,3.75,0.0013856748413104672,0.001382685978373088,0.0013796971154357088,27.5,13.5,[],True,9.237832275403115e-05,9.217906522487254e-05,9.217906522487253e-05,9.197980769571392e-05,robust_hit,6,3,2,,False
nav_gain_3p75,False,holdout,6,23.939232924743035,0.0,0.0,3.1581948617843275e-06,2.1054632411895968e-07,23.94839426775464,23.94839426775464,0.0,0.0,0.9999086164258058,True,3.75,0.001370753612914356,0.0013691745154834638,0.0013675954180525716,32.5,13.5,[],True,9.13835741942904e-05,9.127830103223091e-05,9.127830103223091e-05,9.117302787017144e-05,robust_hit,6,3,2,,False
nav_gain_3p75,False,holdout,6,25.944841060974884,0.0,0.0,5.617701020136983e-06,3.745134013424556e-07,25.954358637824058,25.954358637824058,0.0,0.0,0.9999069469090368,True,3.75,0.0013957963644476226,0.001392987513937554,0.0013901786634274856,37.5,13.5,[],True,9.305309096317484e-05,9.286583426250362e-05,9.286583426250362e-05,9.267857756183238e-05,robust_hit,6,3,2,,False
nav_gain_3p75,False,holdout,6,27.7129281826678,0.0,0.0,2.5336296216075475e-06,1.6890864144050678e-07,27.72222740228407,27.72222740228407,0.0,0.0,0.9999084867978203,True,3.75,0.001372698032694761,0.0013714312178839574,0.0013701644030731535,42.5,13.5,[],True,9.151320217965074e-05,9.142874785893048e-05,9.142874785893048e-05,9.134429353821023e-05,robust_hit,6,3,2,,False
nav_gain_3p75,False,holdout,6,29.22367771024318,0.0,0.0,3.876433586460452e-06,2.584289057640238e-07,29.232555756005475,29.232555756005475,0.0,0.0,0.9999061890311169,True,3.75,0.001407164533246533,0.0014052263164533027,0.0014032880996600724,47.5,13.5,[],True,9.381096888310219e-05,9.368175443022019e-05,9.368175443022017e-05,9.355253997733817e-05,robust_hit,6,3,2,,False
nav_gain_3p75,False,holdout,6,30.44106457418972,0.0,0.0,2.0156163943706173e-06,1.3437442629137268e-07,30.44882859817724,30.44882859817724,0.0,0.0,0.9999065683208207,True,3.75,0.0014014751876902716,0.0014004673794930863,0.001399459571295901,52.5,13.5,[],True,9.343167917935144e-05,9.336449196620575e-05,9.336449196620575e-05,9.329730475306007e-05,robust_hit,6,3,2,,False
nav_gain_3p75,False,holdout,6,31.294085244429443,0.0,0.0,1.3612933759616155e-08,9.075289173176822e-10,31.299566361466706,31.299566361466706,0.0,0.0,0.9999076471444311,True,3.75,0.0013852928335333586,0.0013852860270664787,0.001385279220599599,57.5,13.5,[],True,9.235285556889058e-05,9.235240180443193e-05,9.235240180443193e-05,9.235194803997326e-05,robust_hit,6,3,2,,False
nav_gain_3p75,False,holdout,0,31.461510547043243,0.0,0.0,1.72763784576091e-05,1.1517585676301678e-06,31.51725426691331,31.51725426691331,0.0,0.0,168.8226591726536,True,3.75,2547.3399048661827,2547.3398962279934,2547.339887589804,62.5,13.5,[],True,169.82266032441217,169.82265974853289,169.82265974853289,169.8226591726536,robust_miss,6,3,2,,False
nav_gain_3p75,False,holdout,0,29.91277390976263,0.0,0.0,3.192717758793151e-05,2.128478513441223e-06,30.04393852892983,30.04393852892983,0.0,0.0,508.3286822577251,True,3.75,7639.930265793055,7639.930249829466,7639.930233865877,67.5,13.5,[],True,509.32868438620363,509.3286833219643,509.3286833219644,509.3286822577251,robust_miss,6,3,2,,False
nav_gain_3p75,False,holdout,0,24.296904051218853,0.0,0.0,4.08337582484819e-05,2.7222505423196708e-06,24.488700693905177,24.488700693905177,0.0,0.0,763.1199994402007,True,3.75,11461.800032436768,11461.80001201989,11461.79999160301,72.5,13.5,[],True,764.1200021624512,764.120000801326,764.1200008013259,764.1199994402007,robust_miss,6,3,2,,False
nav_gain_3p75,False,holdout,0,8.090239209348958,0.0,0.0,6.890497024869546e-05,4.593664698404609e-06,8.099317109906501,8.099317109906501,0.0,0.0,870.9626574647668,True,3.75,13079.439930876473,13079.439896423988,13079.439861971503,77.5,13.5,[],True,871.9626620584315,871.9626597615992,871.9626597615992,871.9626574647668,robust_miss,6,3,2,,False
nav_gain_3p75,False,holdout,0,4.906149167824501,0.0,0.0,9.212188706442248e-05,6.14145915278641e-06,5.012377685379578,5.012377685379578,0.0,0.0,894.3579855497668,True,3.75,13430.36987536839,13430.369829307447,13430.369783246502,82.5,13.5,[],True,895.357991691226,895.3579886204965,895.3579886204964,895.3579855497668,robust_miss,6,3,2,,False
nav_gain_3p75,False,holdout,0,5.994580076154284,0.0,0.0,0.00010987780842697248,7.3251873118351796e-06,6.0710080157380215,6.0710080157380215,0.0,0.0,898.6745435988402,True,3.75,13495.118263860411,13495.118208921507,13495.118153982603,87.5,13.5,[],True,899.6745509240275,899.6745472614339,899.6745472614339,899.6745435988402,robust_miss,6,3,2,,False
nav_gain_3p75,False,holdout,6,4.860043671879304,0.0,0.0,9.493203716117067e-07,6.32880247741183e-08,6.10493087459854,6.10493087459854,0.0,0.0,0.9999091330009675,True,3.75,0.0013630049854866557,0.00136253032530085,0.001362055665115044,2.5,14.5,[],True,9.086699903244372e-05,9.083535502005665e-05,9.083535502005667e-05,9.08037110076696e-05,robust_hit,6,3,2,,False
nav_gain_3p75,False,holdout,6,9.079672934533043,0.0,0.0,2.425240903824793e-06,1.616827269216556e-07,9.12181555948732,9.12181555948732,0.0,0.0,0.999908962224577,True,3.75,0.0013655666313438764,0.0013643540108919641,0.0013631413904400516,7.5,14.5,[],True,9.103777542292509e-05,9.095693405946427e-05,9.095693405946427e-05,9.087609269600344e-05,robust_hit,6,3,2,,False
nav_gain_3p75,False,holdout,6,13.096671725078664,0.0,0.0,4.086824900240062e-06,2.724549933493393e-07,13.108134365590114,13.108134365590114,0.0,0.0,0.9999086178344028,True,3.75,0.0013707324839580858,0.0013686890715079658,0.0013666456590578457,12.5,14.5,[],True,9.138216559720572e-05,9.124593810053105e-05,9.124593810053105e-05,9.110971060385638e-05,robust_hit,6,3,2,,False
nav_gain_3p75,False,holdout,6,16.237717290027383,0.0,0.0,5.080742540927588e-06,3.3871616939517256e-07,16.244459384726635,16.244459384726635,0.0,0.0,0.9999082842043063,True,3.75,0.0013757369354043417,0.0013731965641338778,0.001370656192863414,17.5,14.5,[],True,9.171579569362278e-05,9.154643760892519e-05,9.154643760892519e-05,9.13770795242276e-05,robust_hit,6,3,2,,False
nav_gain_3p75,False,holdout,6,18.949725803662076,0.0,0.0,5.260359794049575e-06,3.5069065293663745e-07,18.956911795417557,18.956911795417557,0.0,0.0,0.9999081205708157,True,3.75,0.0013781914377645295,0.0013755612578675049,0.0013729310779704799,22.5,14.5,[],True,9.187942918430197e-05,9.170408385783366e-05,9.170408385783364e-05,9.152873853136533e-05,robust_hit,6,3,2,,False
nav_gain_3p75,False,holdout,6,21.345783845164533,0.0,0.0,3.0956325502090945e-06,2.0637550334726574e-07,21.35373979166642,21.35373979166642,0.0,0.0,0.9999087248261662,True,3.75,0.0013691276075075342,0.00136757979123243,0.0013660319749573251,27.5,14.5,[],True,9.127517383383561e-05,9.117198608216198e-05,9.117198608216198e-05,9.106879833048835e-05,robust_hit,6,3,2,,False
nav_gain_3p75,False,holdout,6,23.496479288281332,0.0,0.0,4.476307339987447e-06,2.9842048933249735e-07,23.504747480807872,23.504747480807872,0.0,0.0,0.9999080861207978,True,3.75,0.0013787081880318425,0.0013764700343618487,0.001374231880691855,32.5,14.5,[],True,9.191387920212283e-05,9.176466895745658e-05,9.176466895745658e-05,9.161545871279034e-05,robust_hit,6,3,2,,False
nav_gain_3p75,False,holdout,6,25.420621382892804,0.0,0.0,5.038824909938278e-06,3.3592166066254646e-07,25.429110635907552,25.429110635907552,0.0,0.0,0.9999073659903358,True,3.75,0.0013895101449632953,0.0013869907325083262,0.001384471320053357,37.5,14.5,[],True,9.263400966421968e-05,9.246604883388841e-05,9.246604883388841e-05,9.229808800355714e-05,robust_hit,6,3,2,,False
nav_gain_3p75,False,holdout,6,27.10917192198914,0.0,0.0,4.973322630558684e-06,3.315548420372447e-07,27.117451302852707,27.117451302852707,0.0,0.0,0.99990651763787,True,3.75,0.001402235431949649,0.0013997487706343696,0.0013972621093190903,42.5,14.5,[],True,9.34823621299766e-05,9.331658470895798e-05,9.331658470895798e-05,9.315080728793935e-05,robust_hit,6,3,2,,False
nav_gain_3p75,False,holdout,6,28.5426052693411,0.0,0.0,3.5773632761635418e-06,2.384908850775613e-07,28.550561152332786,28.550561152332786,0.0,0.0,0.999906570618887,True,3.75,0.0014014407166947054,0.0013996520350566238,0.0013978633534185419,47.5,14.5,[],True,9.342938111298036e-05,9.331013567044157e-05,9.331013567044158e-05,9.31908902279028e-05,robust_hit,6,3,2,,False
nav_gain_3p75,False,holdout,6,29.68576564918364,0.0,0.0,1.1174929351012892e-06,7.449952900675442e-08,29.692195733364162,29.692195733364162,0.0,0.0,0.9999083331306665,True,3.75,0.0013750030400028444,0.0013744442935352938,0.0013738855470677431,52.5,14.5,[],True,9.166686933352296e-05,9.162961956901958e-05,9.162961956901958e-05,9.15923698045162e-05,robust_hit,6,3,2,,False
nav_gain_3p75,False,holdout,6,30.454202488940975,0.0,0.0,1.0125673061134322e-07,6.750448706960288e-09,30.47144550996813,30.47144550996813,0.0,0.0,0.9753759172375885,True,3.75,0.3693612414361713,0.369361190807806,0.36936114017944066,57.5,14.5,[],True,0.024624082762411417,0.024624079387187064,0.024624079387187064,0.02462407601196271,robust_hit,6,3,2,,False
nav_gain_3p75,False,holdout,0,30.40500429394327,0.0,0.0,1.7901028058986412e-05,1.1934018573356298e-06,30.4790472545725,30.4790472545725,0.0,0.0,188.24466283423408,True,3.75,2838.669960414539,2838.6699514640254,2838.669942513511,62.5,14.5,[],True,189.24466402763593,189.24466343093502,189.24466343093502,189.24466283423408,robust_miss,6,3,2,,False
nav_gain_3p75,False,holdout,0,28.675663494517185,0.0,0.0,3.2279471270157956e-05,2.1519647361856187e-06,28.820484178831297,28.820484178831297,0.0,0.0,551.5655295201016,True,3.75,8288.482975080995,8288.48295894126,8288.482942801524,67.5,14.5,[],True,552.5655316720663,552.5655305960839,552.5655305960839,552.5655295201016,robust_miss,6,3,2,,False
nav_gain_3p75,False,holdout,0,23.11900162679635,0.0,0.0,4.0986673411680385e-05,2.732444841058168e-06,23.319233584592503,23.319233584592503,0.0,0.0,822.4880706831552,True,3.75,12352.321101234002,12352.321080740665,12352.321060247328,72.5,14.5,[],True,823.4880734156001,823.4880720493776,823.4880720493777,823.4880706831552,robust_miss,6,3,2,,False
nav_gain_3p75,False,holdout,0,8.024513698012106,0.0,0.0,6.68264565319987e-05,4.455097155187104e-06,8.033265442964895,8.033265442964895,0.0,0.0,935.785199419081,True,3.75,14051.778058112672,14051.778024699444,14051.777991286215,77.5,14.5,[],True,936.7852038741781,936.7852016466295,936.7852016466295,936.785199419081,robust_miss,6,3,2,,False
nav_gain_3p75,False,holdout,0,4.97603707420099,0.0,0.0,9.10737016965868e-05,6.071580060051929e-06,5.087990428623595,5.087990428623595,0.0,0.0,960.7569877301684,True,3.75,14426.354907026227,14426.354861489375,14426.354815952525,82.5,14.5,[],True,961.7569938017484,961.7569907659584,961.7569907659583,961.7569877301684,robust_miss,6,3,2,,False
nav_gain_3p75,False,holdout,0,6.02236747975505,0.0,0.0,0.00010977120109600946,7.318080065488175e-06,6.092408779800603,6.092408779800603,0.0,0.0,965.334825070036,True,3.75,14495.02248582174,14495.022430936142,14495.02237605054,87.5,14.5,[],True,966.3348323881161,966.334828729076,966.334828729076,966.334825070036,robust_miss,6,3,2,,False
nav_gain_3p75,False,holdout,6,4.709463148249113,0.0,0.0,8.34711262821114e-07,5.5647417521406694e-08,6.104664377163382,6.104664377163382,0.0,0.0,0.9999091416439906,True,3.75,0.0013628753401414846,0.001362457984510074,0.0013620406288786635,2.5,15.5,[],True,9.08583560094323e-05,9.083053230067161e-05,9.083053230067161e-05,9.08027085919109e-05,robust_hit,6,3,2,,False
nav_gain_3p75,False,holdout,6,8.865628499206984,0.0,0.0,2.633365409001817e-06,1.7555769393345086e-07,8.919325554475508,8.919325554475508,0.0,0.0,0.9999089296040473,True,3.75,0.0013660559392899938,0.0013647392565854929,0.001363422573880992,7.5,15.5,[],True,9.107039595266625e-05,9.098261710569953e-05,9.098261710569953e-05,9.08948382587328e-05,robust_hit,6,3,2,,False
nav_gain_3p75,False,holdout,6,12.90297242938227,0.0,0.0,3.227182787082306e-06,2.151455191388231e-07,12.933013239166733,12.933013239166733,0.0,0.0,0.9999088100950473,True,3.75,0.0013678485742907472,0.0013662349828972061,0.0013646213915036649,12.5,15.5,[],True,9.118990495271648e-05,9.108233219314706e-05,9.108233219314707e-05,9.097475943357766e-05,robust_hit,6,3,2,,False
nav_gain_3p75,False,holdout,6,16.038915384834322,0.0,0.0,2.8956388371497842e-06,1.9304258914331534e-07,16.045168138980895,16.045168138980895,0.0,0.0,0.9999088545681758,True,3.75,0.001367181477363307,0.001365733657944732,0.0013642858385261572,17.5,15.5,[],True,9.114543182422046e-05,9.10489105296488e-05,9.10489105296488e-05,9.095238923507715e-05,robust_hit,6,3,2,,False
nav_gain_3p75,False,holdout,6,18.67147476299992,0.0,0.0,4.416915215624999e-06,2.9446101437499814e-07,18.67846770110546,18.67846770110546,0.0,0.0,0.9999084139441008,True,3.75,0.0013737908384886391,0.0013715823808808265,0.0013693739232730141,22.5,15.5,[],True,9.15860558992426e-05,9.14388253920551e-05,9.14388253920551e-05,9.129159488486761e-05,robust_hit,6,3,2,,False
nav_gain_3p75,False,holdout,6,21.00905817306488,0.0,0.0,6.00727118261991e-06,4.0048474550799854e-07,21.016503579585354,21.016503579585354,0.0,0.0,0.99990759872695,True,3.75,0.0013860190957491094,0.0013830154601577995,0.0013800118245664895,27.5,15.5,[],True,9.240127304994063e-05,9.220103067718663e-05,9.220103067718663e-05,9.200078830443264e-05,robust_hit,6,3,2,,False
nav_gain_3p75,False,holdout,6,23.084873795579878,0.0,0.0,5.024778013672541e-06,3.349852009114937e-07,23.09278400800054,23.09278400800054,0.0,0.0,0.9999078083463782,True,3.75,0.0013828748043280493,0.001380362415321213,0.0013778500263143768,32.5,15.5,[],True,9.219165362186995e-05,9.20241610214142e-05,9.20241610214142e-05,9.185666842095846e-05,robust_hit,6,3,2,,False
nav_gain_3p75,False,holdout,6,24.935192666818175,0.0,0.0,4.653319495131819e-06,3.1022129967544555e-07,24.943208381539147,24.943208381539147,0.0,0.0,0.9999076173224155,True,3.75,0.0013857401637672343,0.0013834135040196682,0.0013810868442721024,37.5,15.5,[],True,9.238267758448228e-05,9.222756693464454e-05,9.222756693464456e-05,9.207245628480684e-05,robust_hit,6,3,2,,False
nav_gain_3p75,False,holdout,6,26.55165459609245,0.0,0.0,4.717481033891758e-06,3.1449873559277937e-07,26.559456099300416,26.559456099300416,0.0,0.0,0.9999067539571638,True,3.75,0.0013986906425441166,0.0013963319020271706,0.0013939731615102249,42.5,15.5,[],True,9.324604283627444e-05,9.308879346847806e-05,9.308879346847806e-05,9.293154410068166e-05,robust_hit,6,3,2,,False
nav_gain_3p75,False,holdout,6,27.91541054047362,0.0,0.0,3.1335359754085853e-06,2.0890239836058048e-07,27.922300443078242,27.922300443078242,0.0,0.0,0.9999071292560208,True,3.75,0.0013930611596880051,0.0013914943917003007,0.0013899276237125965,47.5,15.5,[],True,9.287074397920035e-05,9.276629278002005e-05,9.276629278002005e-05,9.266184158083977e-05,robust_hit,6,3,2,,False
nav_gain_3p75,False,holdout,6,28.99172200828203,0.0,0.0,1.0636942483451591e-06,7.091294988968179e-08,28.99746172249418,28.99746172249418,0.0,0.0,0.999908350693746,True,3.75,0.0013747395938101105,0.0013742077466859378,0.0013736758995617653,52.5,15.5,[],True,9.164930625400737e-05,9.161384977906254e-05,9.161384977906254e-05,9.157839330411769e-05,robust_hit,6,3,2,,False
nav_gain_3p75,False,holdout,6,29.634103168757065,0.0,0.0,8.060108518392894e-07,5.373405681519117e-08,29.67008776592796,29.67008776592796,0.0,0.0,0.6499182423284718,True,3.75,5.251226365072922,5.251225962067497,5.25122555906207,57.5,15.5,[],True,0.35008175767152816,0.3500817308044997,0.3500817308044998,0.35008170393747134,robust_hit,6,3,2,,False
nav_gain_3p75,False,holdout,0,29.403111490923312,0.0,0.0,1.8437117887515342e-05,1.2291411906062422e-06,29.493297838503235,29.493297838503235,0.0,0.0,207.07008584069905,True,3.75,3121.0513060476037,3121.0512968290445,3121.051287610486,62.5,15.5,[],True,208.07008706984024,208.07008645526966,208.07008645526963,208.07008584069905,robust_miss,6,3,2,,False
nav_gain_3p75,False,holdout,0,27.528811681854627,0.0,0.0,3.253239447076339e-05,2.168826313209138e-06,27.68640938171807,27.68640938171807,0.0,0.0,593.6584901738569,True,3.75,8919.877385140247,8919.87736887405,8919.877352607853,67.5,15.5,[],True,594.6584923426832,594.65849125827,594.65849125827,594.6584901738569,robust_miss,6,3,2,,False
nav_gain_3p75,False,holdout,0,22.04216348432926,0.0,0.0,4.1116218199022114e-05,2.7410811753725284e-06,22.249857206400105,22.249857206400105,0.0,0.0,881.8416658146265,True,3.75,13242.625028335615,13242.625007777506,13242.624987219397,72.5,15.5,[],True,882.8416685557077,882.841667185167,882.8416671851671,882.8416658146265,robust_miss,6,3,2,,False
nav_gain_3p75,False,holdout,0,7.963760982669015,0.0,0.0,6.48688310320722e-05,4.324588644522009e-06,7.971814786920129,7.971814786920129,0.0,0.0,1000.6707513353625,True,3.75,15025.061334899268,15025.061302464854,15025.061270030437,77.5,15.5,[],True,1001.6707556599512,1001.6707534976568,1001.6707534976568,1001.6707513353625,robust_miss,6,3,2,,False
nav_gain_3p75,False,holdout,0,5.038575039221533,0.0,0.0,9.00571612874046e-05,6.003810767651885e-06,5.153981989053238,5.153981989053238,0.0,0.0,1027.159123849652,True,3.75,15422.38694780194,15422.38690277336,15422.38685774478,82.5,15.5,[],True,1028.1591298534627,1028.1591268515574,1028.1591268515572,1028.159123849652,robust_miss,6,3,2,,False
nav_gain_3p75,False,holdout,0,6.019915665978637,0.0,0.0,0.00010963929707941134,7.309286502277246e-06,6.08425900306221,6.08425900306221,0.0,0.0,1031.9954614660376,True,3.75,15494.93203162986,15494.931976810212,15494.931921990563,87.5,15.5,[],True,1032.995468775324,1032.9954651206808,1032.9954651206808,1032.9954614660376,robust_miss,6,3,2,,False
nav_gain_4,False,main,3,1.8014706545557722,0.0,0.0,0.0,0.0,6.124999999999999,6.124999999999999,0.0,0.0,0.999909169338077,True,4.0,0.0013624599288445817,0.0013624599288445817,0.0013624599288445817,0.0,4.0,[],True,9.08306619229721e-05,9.083066192297209e-05,9.08306619229721e-05,9.08306619229721e-05,robust_hit,3,3,1,N,False
nav_gain_4,False,main,6,8.45262287019296,0.0,0.0,2.061874341008482e-05,1.3745828940056636e-06,8.465838418090964,8.465838418090964,0.0,0.0,0.9999038983398167,True,4.0,0.0014415249027493933,0.001431215531044351,0.0014209061593393084,5.0,4.0,[],True,9.610166018329289e-05,9.541436873629007e-05,9.541436873629006e-05,9.472707728928722e-05,robust_hit,6,3,2,N,False
nav_gain_4,False,main,6,14.10794152943415,0.0,0.0,1.1830100505557436e-06,7.886733670371443e-08,14.129855780725865,14.129855780725865,0.0,0.0,0.9999091171742642,True,4.0,0.0013632423860364385,0.0013626508810111607,0.0013620593759858827,10.0,4.0,[],True,9.088282573576256e-05,9.084339206741071e-05,9.084339206741071e-05,9.080395839905885e-05,robust_hit,6,3,2,N,False
nav_gain_4,False,main,6,18.815106284839796,0.0,0.0,3.151077267465061e-06,2.1007181783100587e-07,18.845888267034333,18.845888267034333,0.0,0.0,0.9999089542796322,True,4.0,0.00136568580551642,0.0013641102668826876,0.001362534728248955,15.0,4.0,[],True,9.104572036776134e-05,9.094068445884584e-05,9.094068445884584e-05,9.083564854993033e-05,robust_hit,6,3,2,N,False
nav_gain_4,False,main,6,23.311195865547845,0.0,0.0,4.368882566962258e-05,2.9125883779748294e-06,23.349109484679385,23.349109484679385,0.0,0.0,0.9998643990894719,True,4.0,0.002034013657922231,0.00201216924508742,0.0019903248322526083,20.0,4.0,[],True,0.00013560091052814872,0.00013414461633916132,0.0001341446163391613,0.0001326883221501739,robust_hit,6,3,2,N,False
nav_gain_4,False,main,6,27.59043372587877,0.0,0.0,3.2643896654520766e-05,2.1762597769680583e-06,27.63677369372507,27.63677369372507,0.0,0.0,0.9998860480949463,True,4.0,0.0017092785758054483,0.001692956627478188,0.0016766346791509275,25.0,4.0,[],True,0.00011395190505369656,0.00011286377516521252,0.00011286377516521253,0.0001117756452767285,robust_hit,6,3,2,N,False
nav_gain_4,False,main,6,31.63095446593127,0.0,0.0,3.3433934077708224e-06,2.2289289385138454e-07,31.683548893786497,31.683548893786497,0.0,0.0,0.9999088647557063,True,4.0,0.0013670286644062591,0.0013653569677023738,0.0013636852709984883,30.0,4.0,[],True,9.113524429375061e-05,9.102379784682492e-05,9.102379784682492e-05,9.091235139989922e-05,robust_hit,6,3,2,N,False
nav_gain_4,False,main,6,34.99899960289609,0.0,0.07860262008733625,9.509588928710263e-06,6.339725952473599e-07,35.0,35.531434818658575,0.0,0.0,0.9999066140032723,True,4.0,0.001400789950916351,0.0013960351564519958,0.0013912803619876408,35.0,4.0,[],True,9.338599672775674e-05,9.306901043013305e-05,9.306901043013306e-05,9.275202413250938e-05,robust_hit,6,3,2,N,False
nav_gain_4,False,main,6,34.999999999673044,0.0,0.2644628099173554,1.0650548556385281e-05,7.100365704256818e-07,35.0,41.22320542234637,0.0,0.0,0.9999044212859378,True,4.0,0.0014336807109334372,0.0014283554366552448,0.001423030162377052,40.0,4.0,[],True,9.557871406222914e-05,9.52236957770163e-05,9.52236957770163e-05,9.486867749180346e-05,robust_hit,6,3,2,N,False
nav_gain_4,False,main,6,34.99999999999999,0.0,0.38721804511278196,4.060943236164913e-06,2.707295490776663e-07,35.0,49.44966667643102,0.0,0.0,0.9999077759835077,True,4.0,0.0013833602473852615,0.0013813297757671792,0.0013792993041490966,45.0,4.0,[],True,9.222401649235077e-05,9.208865171781194e-05,9.208865171781194e-05,9.19532869432731e-05,robust_hit,6,3,2,N,False
nav_gain_4,False,main,6,34.99999999999999,0.0,0.4660493827160494,2.8779499163210376e-06,1.9186332775472951e-07,35.0,61.20472297622285,0.0,0.0,0.9999054254487107,True,4.0,0.0014186182693386178,0.0014171792943804575,0.0014157403194222967,50.0,4.0,[],True,9.457455128924118e-05,9.447861962536382e-05,9.447861962536382e-05,9.438268796148645e-05,robust_hit,6,3,2,M,False
nav_gain_4,False,main,0,34.99999999999999,0.0,0.48484848484848486,3.093555932309755e-06,2.062370629829502e-07,35.00000000000001,81.57202276693913,0.0,0.0,6.796226049982699,True,4.0,116.94339384329642,116.94339229651844,116.94339074974049,55.0,4.0,[],True,7.796226256219762,7.79622615310123,7.79622615310123,7.796226049982699,robust_miss,6,3,2,M,False
nav_gain_4,False,main,0,34.99999999999999,0.0,0.5014836795252225,1.7467148381911102e-05,1.1644765578466831e-06,35.0,100.71960588695082,0.0,0.0,62.67502697921895,True,4.0,955.1254221554326,955.1254134218584,955.1254046882842,60.0,4.0,[],True,63.675028143695506,63.67502756145723,63.67502756145723,63.67502697921895,robust_miss,6,3,2,M,False
nav_gain_4,False,main,0,34.99999999999999,0.0,0.4558303886925795,2.6719997777036042e-05,1.7813331822935652e-06,35.0,103.99203001494223,0.0,0.0,113.33086865671537,True,4.0,1714.9630565707282,1714.9630432107294,1714.9630298507304,65.0,4.0,[],True,114.33087043804855,114.33086954738195,114.33086954738195,114.33086865671537,robust_miss,6,3,2,O,False
nav_gain_4,False,main,0,34.99999999999993,0.0,0.38362068965517243,4.22975003857573e-05,2.8198333552609256e-06,35.0,80.6885522577238,0.0,0.0,168.90992303990666,True,4.0,2548.6488878961004,2548.64886674735,2548.6488455986,70.0,4.0,[],True,169.90992585974,169.90992444982334,169.90992444982334,169.90992303990666,robust_miss,6,3,2,O,False
nav_gain_4,False,main,0,34.99980774600611,0.0,0.18181818181818182,6.813613481426728e-05,4.542408987617819e-06,35.0,39.707590682896786,0.0,0.0,233.34666312768613,True,4.0,3515.200015051427,3515.1999809833596,3515.199946915292,75.0,4.0,[],True,234.34666767009512,234.34666539889062,234.34666539889062,234.34666312768613,robust_miss,6,3,2,O,False
nav_gain_4,False,main,0,5.179878550298427,0.0,0.0,9.979632659451454e-05,6.653088405528251e-06,5.999588332360402,5.999588332360402,0.0,0.0,261.3425350444806,True,4.0,3935.1381254635353,3935.1380755653718,3935.1380256672087,80.0,4.0,[],True,262.342541697569,262.3425383710248,262.34253837102483,262.3425350444806,robust_miss,6,3,2,O,False
nav_gain_4,False,main,0,5.571064432101943,0.0,0.0,0.00010893618127738591,7.262412054842571e-06,6.031522123942849,6.031522123942849,0.0,0.0,264.9135367747827,True,4.0,3988.7031605579214,3988.703106089831,3988.70305162174,85.0,4.0,[],True,265.91354403719475,265.9135404059887,265.9135404059887,265.9135367747827,robust_miss,6,3,2,O,False
nav_gain_4,False,main,0,0.0,0.0,0.0,0.00011414404070819728,7.609602675984206e-06,0.0,0.0,0.0,0.0,265.67340644437695,True,4.0,4000.1012108096947,4000.1011537376744,4000.101096665654,90.0,4.0,[],True,266.6734140539796,266.6734102491783,266.6734102491783,266.67340644437695,robust_miss,6,3,2,O,False
nav_gain_4,False,main,3,1.8014706545557722,0.0,0.0,0.0,0.0,6.124999999999999,6.124999999999999,0.0,0.0,0.9999091760511896,True,4.0,0.0013623592321568034,0.0013623592321568036,0.0013623592321568034,0.0,5.0,[],True,9.082394881045355e-05,9.082394881045355e-05,9.082394881045355e-05,9.082394881045355e-05,robust_hit,3,3,1,N,False
nav_gain_4,False,main,6,7.833507675255385,0.0,0.0,2.868283282384367e-06,1.9121888549229022e-07,7.843131707534181,7.843131707534181,0.0,0.0,0.9999089724822466,True,4.0,0.001365412766299662,0.00136397862465847,0.0013625444830172777,5.0,5.0,[],True,9.10275177533108e-05,9.093190831056466e-05,9.093190831056466e-05,9.083629886781851e-05,robust_hit,6,3,2,N,False
nav_gain_4,False,main,6,13.22855279024358,0.0,0.0,2.924948642997775e-06,1.9499657619985076e-07,13.245211701282958,13.245211701282958,0.0,0.0,0.9999089604935412,True,4.0,0.0013655925968826979,0.001364130122561199,0.0013626676482397001,10.0,5.0,[],True,9.103950645884652e-05,9.094200817074659e-05,9.09420081707466e-05,9.084450988264667e-05,robust_hit,6,3,2,N,False
nav_gain_4,False,main,6,17.594494741363196,0.0,0.0,7.94021330303399e-06,5.293475535355876e-07,17.616846361014346,17.616846361014346,0.0,0.0,0.9999079336631119,True,4.0,0.0013809950533217213,0.0013770249466702042,0.0013730548400186873,15.0,5.0,[],True,9.206633688811474e-05,9.180166311134694e-05,9.180166311134694e-05,9.153698933457916e-05,robust_hit,6,3,2,N,False
nav_gain_4,False,main,6,21.736233832133568,0.0,0.0,4.902956530813962e-06,3.268637687209335e-07,21.76383501150098,21.76383501150098,0.0,0.0,0.9999085971130248,True,4.0,0.001371043304628426,0.0013685918263630192,0.001366140348097612,20.0,5.0,[],True,9.14028869752284e-05,9.123945509086794e-05,9.123945509086794e-05,9.107602320650747e-05,robust_hit,6,3,2,N,False
nav_gain_4,False,main,6,25.671145590006628,0.0,0.0,9.75791168784045e-06,6.505274458560364e-07,25.703928559250667,25.703928559250667,0.0,0.0,0.9999068152646156,True,4.0,0.0013977710307664438,0.0013928920749225237,0.0013880131190786033,25.0,5.0,[],True,9.318473538442959e-05,9.285947166150156e-05,9.285947166150156e-05,9.253420793857355e-05,robust_hit,6,3,2,N,False
nav_gain_4,False,main,6,29.383723166258086,0.0,0.0,6.996580319145818e-06,4.6643868794305995e-07,29.420976492037898,29.420976492037898,0.0,0.0,0.9999076225388519,True,4.0,0.0013856619172206727,0.0013821636270610997,0.001378665336901527,30.0,5.0,[],True,9.237746114804485e-05,9.214424180407331e-05,9.214424180407332e-05,9.19110224601018e-05,robust_hit,6,3,2,N,False
nav_gain_4,False,main,6,32.8622456636043,0.0,0.0,9.12527720658236e-06,6.083518137721573e-07,32.904638442347924,32.904638442347924,0.0,0.0,0.9999056557216465,True,4.0,0.0014151641753026992,0.001410601536699408,0.0014060388980961169,35.0,5.0,[],True,9.434427835351328e-05,9.404010244662719e-05,9.40401024466272e-05,9.373592653974113e-05,robust_hit,6,3,2,N,False
nav_gain_4,False,main,6,34.99999590822026,0.0,0.11564625850340136,4.340164044842193e-06,2.893442696561417e-07,35.0,36.40928273247215,0.0,0.0,0.9999079408540517,True,4.0,0.0013808871892258684,0.0013787171072034473,0.0013765470251810262,40.0,5.0,[],True,9.205914594839122e-05,9.191447381356316e-05,9.191447381356316e-05,9.176980167873508e-05,robust_hit,6,3,2,N,False
nav_gain_4,False,main,6,34.999999999998025,0.0,0.23853211009174313,5.8290015380265976e-06,3.8860010253509837e-07,35.0,41.78450920894118,0.0,0.0,0.9999054990788542,True,4.0,0.001417513817187801,0.0014145993164187878,0.0014116848156497744,45.0,5.0,[],True,9.45009211458534e-05,9.430662109458585e-05,9.430662109458584e-05,9.41123210433183e-05,robust_hit,6,3,2,N,False
nav_gain_4,False,main,6,34.99999999999999,0.0,0.3059125964010283,3.6966311142032967e-06,2.4644207428021526e-07,35.0,49.024972642113504,0.0,0.0,0.9999057110929346,True,4.0,0.0014143336059816271,0.0014124852904245254,0.0014106369748674238,50.0,5.0,[],True,9.42889070654418e-05,9.41656860283017e-05,9.416568602830169e-05,9.404246499116159e-05,robust_hit,6,3,2,M,False
nav_gain_4,False,main,6,34.99999999999999,0.0,0.3117154811715481,9.148054055949442e-07,6.098702703967289e-08,35.0,58.322755428172,0.0,0.0,0.9999060012602948,True,4.0,0.001409981095577601,0.0014095236928748035,0.001409066290172006,55.0,5.0,[],True,9.39987397051734e-05,9.396824619165358e-05,9.396824619165356e-05,9.393775267813373e-05,robust_hit,6,3,2,M,False
nav_gain_4,False,main,0,34.99999999999999,0.0,0.3260437375745527,1.2092547876818571e-05,8.061698579808763e-07,35.0,69.95368101619069,0.0,0.0,47.24479711631534,True,4.0,723.671968837278,723.6719627910039,723.6719567447301,60.0,5.0,[],True,48.2447979224852,48.244797519400265,48.244797519400265,48.24479711631534,robust_miss,6,3,2,M,False
nav_gain_4,False,main,0,34.99999999999999,0.0,0.3697916666666667,2.4258816893052426e-05,1.6172544405890221e-06,35.00000000000001,74.01484154089042,0.0,0.0,134.4187278617793,True,4.0,2031.2809421855063,2031.2809300560978,2031.2809179266894,65.0,5.0,[],True,135.41872947903374,135.41872867040652,135.41872867040652,135.4187278617793,robust_miss,6,3,2,O,False
nav_gain_4,False,main,0,34.999999999999986,0.0,0.3217993079584775,3.3346696454827907e-05,2.2231130856198433e-06,35.00000000000001,70.10449776743695,0.0,0.0,209.53829340228847,True,4.0,3158.0744343810234,3158.0744177076754,3158.074401034327,70.0,5.0,[],True,210.53829562540156,210.53829451384502,210.53829451384502,210.53829340228847,robust_miss,6,3,2,O,False
nav_gain_4,False,main,0,34.99969799896637,0.0,0.1497326203208556,6.41901451672311e-05,4.279343045254791e-06,35.0,37.06012177845972,0.0,0.0,293.0429320785881,True,4.0,4410.6440453689665,4410.644013273894,4410.643981178821,75.0,5.0,[],True,294.0429363579311,294.04293421825963,294.0429342182596,294.0429320785881,robust_miss,6,3,2,O,False
nav_gain_4,False,main,0,4.914008786652066,0.0,0.0,9.712476366985356e-05,6.4749842181299755e-06,5.873573261845959,5.873573261845959,0.0,0.0,327.08070461855783,True,4.0,4921.210666403131,4921.210617840749,4921.210569278367,80.0,5.0,[],True,328.08071109354205,328.08070785604997,328.0807078560499,328.08070461855783,robust_miss,6,3,2,O,False
nav_gain_4,False,main,0,5.557229297421774,0.0,0.0,0.00010822611602634424,7.215074390387599e-06,5.890218724082525,5.890218724082525,0.0,0.0,331.4811559216379,True,4.0,4987.217447050684,4987.217392937627,4987.217338824568,85.0,5.0,[],True,332.48116313671227,332.48115952917505,332.4811595291751,332.4811559216379,robust_miss,6,3,2,O,False
nav_gain_4,False,main,0,0.0,0.0,0.0,0.00011414508026064141,7.609672024955216e-06,0.0,0.0,0.0,0.0,332.3387244190632,True,4.0,5000.080980431028,5000.080923358489,5000.080866285948,90.0,5.0,[],True,333.33873202873525,333.33872822389924,333.33872822389924,333.3387244190632,robust_miss,6,3,2,O,False
nav_gain_4,False,main,3,1.8014706545557722,0.0,0.0,0.0,0.0,6.124999999999999,6.124999999999999,0.0,0.0,0.999909182027017,True,4.0,0.0013622695947458168,0.0013622695947458168,0.0013622695947458168,0.0,6.0,[],True,9.081797298305444e-05,9.081797298305444e-05,9.081797298305444e-05,9.081797298305444e-05,robust_hit,3,3,1,N,False
nav_gain_4,False,main,6,7.510835407273689,0.0,0.0,2.137656531011776e-06,1.425104354007878e-07,7.518806187699465,7.518806187699465,0.0,0.0,0.9999090276679703,True,4.0,0.001364584980445488,0.0013635161521799823,0.0013624473239144763,5.0,6.0,[],True,9.097233202969921e-05,9.090107681199882e-05,9.090107681199882e-05,9.082982159429842e-05,robust_hit,6,3,2,N,False
nav_gain_4,False,main,6,12.699782363700184,0.0,0.0,4.304001822803957e-06,2.869334548535917e-07,12.713043809982207,12.713043809982207,0.0,0.0,0.9999086755813087,True,4.0,0.0013698662803702684,0.0013677142794588665,0.0013655622785474645,10.0,6.0,[],True,9.132441869135122e-05,9.118095196392443e-05,9.118095196392443e-05,9.103748523649763e-05,robust_hit,6,3,2,N,False
nav_gain_4,False,main,6,16.823244363865644,0.0,0.0,6.125533842870354e-06,4.083689228580155e-07,16.840359777497067,16.840359777497067,0.0,0.0,0.9999081558735649,True,4.0,0.001377661896527432,0.0013745991296059967,0.0013715363626845617,15.0,6.0,[],True,9.184412643516213e-05,9.163994197373313e-05,9.163994197373311e-05,9.143575751230411e-05,robust_hit,6,3,2,N,False
nav_gain_4,False,main,6,20.7416145146229,0.0,0.0,5.458936030772925e-06,3.63929068718195e-07,20.763652434798555,20.763652434798555,0.0,0.0,0.999908241969891,True,4.0,0.0013763704516337163,0.0013736409836183298,0.0013709115156029434,20.0,6.0,[],True,9.175803010891442e-05,9.157606557455533e-05,9.157606557455533e-05,9.139410104019623e-05,robust_hit,6,3,2,N,False
nav_gain_4,False,main,6,24.423594344853736,0.0,0.0,5.688014717844352e-06,3.7920098118962163e-07,24.449825116017355,24.449825116017355,0.0,0.0,0.999907929074237,True,4.0,0.0013810638864446615,0.0013782198790857393,0.0013753758717268171,25.0,6.0,[],True,9.207092576297743e-05,9.188132527238262e-05,9.188132527238262e-05,9.169172478178781e-05,robust_hit,6,3,2,N,False
nav_gain_4,False,main,6,27.88480022795089,0.0,0.0,5.237845570538885e-06,3.491897047025824e-07,27.91513520987501,27.91513520987501,0.0,0.0,0.9999079379555565,True,4.0,0.0013809306666519587,0.0013783117438666895,0.0013756928210814198,30.0,6.0,[],True,9.206204444346391e-05,9.188744959111263e-05,9.188744959111263e-05,9.171285473876133e-05,robust_hit,6,3,2,N,False
nav_gain_4,False,main,6,31.11935219536935,0.0,0.0,5.07235250164122e-06,3.3815683344275344e-07,31.151966484211513,31.151966484211513,0.0,0.0,0.999907766922133,True,4.0,0.0013834961680042781,0.0013809599917534575,0.001378423815502637,35.0,6.0,[],True,9.223307786695188e-05,9.20639994502305e-05,9.20639994502305e-05,9.189492103350913e-05,robust_hit,6,3,2,N,False
nav_gain_4,False,main,6,34.116240504938354,0.0,0.0,4.820338273929916e-06,3.2135588492866285e-07,34.15287400016503,34.15287400016503,0.0,0.0,0.9999075187694988,True,4.0,0.0013872184575173087,0.0013848082883803437,0.0013823981192433788,40.0,6.0,[],True,9.248123050115391e-05,9.232055255868958e-05,9.232055255868958e-05,9.215987461622525e-05,robust_hit,6,3,2,N,False
nav_gain_4,False,main,6,34.99999999372176,0.0,0.13216957605985039,5.605035441104585e-06,3.73669029406966e-07,35.0,37.65395397448867,0.0,0.0,0.9999058294360499,True,4.0,0.0014125584592523102,0.001409755941531758,0.0014069534238112056,45.0,6.0,[],True,9.4170563950154e-05,9.398372943545053e-05,9.398372943545053e-05,9.379689492074704e-05,robust_hit,6,3,2,N,False
nav_gain_4,False,main,6,34.99999999999999,0.0,0.202991452991453,3.6750799598589054e-06,2.4500533065725675e-07,35.0,42.77149191169158,0.0,0.0,0.9999062458484295,True,4.0,0.0014063122735584563,0.0014044747335785269,0.0014026371935985974,50.0,6.0,[],True,9.375415157056376e-05,9.363164890523511e-05,9.363164890523513e-05,9.35091462399065e-05,robust_hit,6,3,2,N,False
nav_gain_4,False,main,6,34.99999999999999,0.0,0.22300884955752212,1.387556273962703e-06,9.250375159752257e-08,35.0,49.045959620479735,0.0,0.0,0.9999068723551421,True,4.0,0.0013969146728684387,0.0013962208947314574,0.001395527116594476,55.0,6.0,[],True,9.312764485789591e-05,9.308139298209717e-05,9.308139298209715e-05,9.303514110629839e-05,robust_hit,6,3,2,M,False
nav_gain_4,False,main,0,34.99999999999999,0.0,0.2106060606060606,6.963739508591971e-06,4.6424930033595047e-07,35.0,56.042229306193626,0.0,0.0,23.198889058530384,True,4.0,362.9833428416953,362.98333935982555,362.98333587795577,60.0,6.0,[],True,24.198889522779684,24.198889290655032,24.198889290655032,24.198889058530384,robust_miss,6,3,2,M,False
nav_gain_4,False,main,0,34.99999999999999,0.0,0.26499032882011603,2.2796283246862004e-05,1.519752231615712e-06,35.0,61.49982569983285,0.0,0.0,146.37210671886643,True,4.0,2210.58162357928,2210.581612181138,2210.5816007829967,65.0,6.0,[],True,147.37210823861867,147.37210747874255,147.37210747874255,147.37210671886643,robust_miss,6,3,2,O,False
nav_gain_4,False,main,0,34.99999999999999,0.0,0.2681564245810056,3.218323035980575e-05,2.145548677390252e-06,35.0,54.11134820312667,0.0,0.0,252.8577152167052,True,4.0,3807.865760433808,3807.865744342193,3807.865728250578,70.0,6.0,[],True,253.85771736225388,253.85771628947953,253.85771628947953,253.8577152167052,robust_miss,6,3,2,O,False
nav_gain_4,False,main,0,33.699252863333975,0.0,0.0,6.09882163189468e-05,4.0658810576132964e-06,34.115640675466366,34.115640675466366,0.0,0.0,353.78398067957966,True,4.0,5321.759771181911,5321.759740687802,5321.759710193694,75.0,6.0,[],True,354.7839847454607,354.7839827125202,354.7839827125202,354.78398067957966,robust_miss,6,3,2,O,False
nav_gain_4,False,main,0,4.790783642880051,0.0,0.0,9.468324969930109e-05,6.31221666935744e-06,5.775786812293772,5.775786812293772,0.0,0.0,392.83291438557194,True,4.0,5907.493810466829,5907.493763125204,5907.493715783579,80.0,6.0,[],True,393.8329206977886,393.8329175416803,393.8329175416803,393.83291438557194,robust_miss,6,3,2,O,False
nav_gain_4,False,main,0,5.733979451497007,0.0,0.0,0.00010760931854747469,7.173954600148136e-06,6.011951853450661,6.011951853450661,0.0,0.0,398.06710720214244,True,4.0,5986.006715641455,5986.006661836796,5986.006608032137,85.0,6.0,[],True,399.06711437609704,399.0671107891197,399.06711078911974,399.06710720214244,robust_miss,6,3,2,O,False
nav_gain_4,False,main,0,0.0,0.0,0.0,0.0001141456441473565,7.609709598455083e-06,0.0,0.0,0.0,0.0,399.00449194839973,True,4.0,6000.06749337164,6000.0674362988175,6000.067379225996,90.0,6.0,[],True,400.00449955810933,400.00449575325456,400.00449575325456,400.00449194839973,robust_miss,6,3,2,O,False
nav_gain_4,False,main,3,1.8014706545557722,0.0,0.0,0.0,0.0,6.124999999999999,6.124999999999999,0.0,0.0,0.9999091858598448,True,4.0,0.0013622121023282364,0.0013622121023282366,0.0013622121023282364,0.0,7.0,[],True,9.081414015521576e-05,9.081414015521576e-05,9.081414015521576e-05,9.081414015521576e-05,robust_hit,3,3,1,N,False
nav_gain_4,False,main,6,7.2905432521892815,0.0,0.0,1.9877154183133017e-06,1.3251436122089762e-07,7.2969557447097575,7.2969557447097575,0.0,0.0,0.9999090254068702,True,4.0,0.001364618896947051,0.0013636250392378944,0.0013626311815287378,5.0,7.0,[],True,9.097459312980341e-05,9.090833594919296e-05,9.090833594919296e-05,9.084207876858251e-05,robust_hit,6,3,2,N,False
nav_gain_4,False,main,6,12.36139741290292,0.0,0.0,3.630924246124205e-06,2.4206161640828033e-07,12.372363928431088,12.372363928431088,0.0,0.0,0.9999087364558624,True,4.0,0.001368953162063585,0.001367137699940523,0.0013653222378174608,10.0,7.0,[],True,9.126354413757233e-05,9.11425133293682e-05,9.114251332936819e-05,9.102148252116405e-05,robust_hit,6,3,2,N,False
nav_gain_4,False,main,6,16.305338054285578,0.0,0.0,4.85687165901116e-06,3.237914439340882e-07,16.31997621282843,16.31997621282843,0.0,0.0,0.999908394305804,True,4.0,0.0013740854129390971,0.0013716569771095915,0.001369228541280086,15.0,7.0,[],True,9.160569419593981e-05,9.144379847397277e-05,9.144379847397277e-05,9.128190275200573e-05,robust_hit,6,3,2,N,False
nav_gain_4,False,main,6,20.035316548833492,0.0,0.0,5.264503654875451e-06,3.509669103250355e-07,20.053462543348015,20.053462543348015,0.0,0.0,0.9999081965860785,True,4.0,0.0013770512088218075,0.0013744189569943697,0.001371786705166932,20.0,7.0,[],True,9.180341392145384e-05,9.162793046629132e-05,9.162793046629132e-05,9.14524470111288e-05,robust_hit,6,3,2,N,False
nav_gain_4,False,main,6,23.526697905006326,0.0,0.0,6.657440447547331e-06,4.438293631698248e-07,23.54766931113074,23.54766931113074,0.0,0.0,0.9999074700089363,True,4.0,0.0013879498659545204,0.0013846211457307469,0.001381292425506973,25.0,7.0,[],True,9.252999106363469e-05,9.230807638204977e-05,9.230807638204979e-05,9.208616170046487e-05,robust_hit,6,3,2,N,False
nav_gain_4,False,main,6,26.782535591519974,0.0,0.0,4.030042295162951e-06,2.6866948634420213e-07,26.806168909843976,26.806168909843976,0.0,0.0,0.9999084168118212,True,4.0,0.0013737478226824183,0.0013717328015348366,0.0013697177803872554,30.0,7.0,[],True,9.158318817882789e-05,9.144885343565579e-05,9.144885343565579e-05,9.131451869248369e-05,robust_hit,6,3,2,N,False
nav_gain_4,False,main,6,29.81127587881648,0.0,0.0,4.332853007814243e-06,2.8885686718761803e-07,29.83772776123431,29.83772776123431,0.0,0.0,0.9999081224206168,True,4.0,0.0013781636907480425,0.0013759972642441354,0.0013738308377402282,35.0,7.0,[],True,9.187757938320283e-05,9.173315094960902e-05,9.173315094960902e-05,9.158872251601522e-05,robust_hit,6,3,2,N,False
nav_gain_4,False,main,6,32.6058634683003,0.0,0.0,5.73516148980849e-06,3.823440993205678e-07,32.6351222261771,32.6351222261771,0.0,0.0,0.999906782860047,True,4.0,0.0013982570992952686,0.0013953895185503645,0.00139252193780546,40.0,7.0,[],True,9.321713995301791e-05,9.302596790335763e-05,9.302596790335763e-05,9.283479585369734e-05,robust_hit,6,3,2,N,False
nav_gain_4,False,main,6,34.998912068788385,0.0,0.030991735537190084,3.459277308540641e-06,2.3061848723605178e-07,35.0,35.19687898111214,0.0,0.0,0.9999078882093669,True,4.0,0.0013816768594967525,0.001379947220842482,0.0013782175821882119,45.0,7.0,[],True,9.211179063311684e-05,9.199648138949881e-05,9.199648138949881e-05,9.188117214588079e-05,robust_hit,6,3,2,N,False
nav_gain_4,False,main,6,34.99999999999079,0.0,0.12972972972972974,2.5447696881402034e-06,1.6965131254266757e-07,35.0,38.811500167218774,0.0,0.0,0.9999078535211723,True,4.0,0.0013821971824163816,0.0013809247975723115,0.0013796524127282414,50.0,7.0,[],True,9.214647882775877e-05,9.206165317148744e-05,9.206165317148744e-05,9.19768275152161e-05,robust_hit,6,3,2,N,False
nav_gain_4,False,main,6,34.99999999999999,0.0,0.16163141993957703,1.9057597691980385e-06,1.2705065127987646e-07,35.0,43.3740558107148,0.0,0.0,0.9999060816723518,True,4.0,0.0014087749147220871,0.0014078220348374881,0.001406869154952889,55.0,7.0,[],True,9.391832764813915e-05,9.385480232249921e-05,9.385480232249921e-05,9.379127699685927e-05,robust_hit,6,3,2,M,False
nav_gain_4,False,main,0,34.99999999999999,0.0,0.14588528678304238,3.1125476880333736e-06,2.0750317908380111e-07,35.0,48.2565273008816,0.0,0.0,5.25405426200076,True,4.0,93.81081704255908,93.81081548628522,93.81081393001139,60.0,7.0,[],True,6.254054469503939,6.254054365752349,6.254054365752349,6.25405426200076,robust_miss,6,3,2,M,False
nav_gain_4,False,main,0,34.99999999999999,0.0,0.17846153846153845,2.13819412238081e-05,1.4254627558329958e-06,35.0,52.13266712387717,0.0,0.0,153.43084774304242,True,4.0,2316.4627375275777,2316.462726836607,2316.4627161456365,65.0,7.0,[],True,154.43084916850518,154.4308484557738,154.4308484557738,154.43084774304242,robust_miss,6,3,2,M,False
nav_gain_4,False,main,0,34.99999999999997,0.0,0.20594965675057209,3.2390399610449094e-05,2.159360008135991e-06,35.0,46.270577346519616,0.0,0.0,294.22707639749405,True,4.0,4428.4061783528105,4428.40616215761,4428.406145962411,70.0,7.0,[],True,295.22707855685405,295.2270774771741,295.227077477174,295.22707639749405,robust_miss,6,3,2,O,False
nav_gain_4,False,main,0,31.580539469165803,0.0,0.0,5.7826559896057006e-05,3.855104012018273e-06,32.624929275591,32.624929275591,0.0,0.0,415.5939935856568,True,4.0,6248.909961611412,6248.909932698131,6248.909903784852,75.0,7.0,[],True,416.5939974407608,416.59399551320877,416.5939955132088,416.5939935856568,robust_miss,6,3,2,O,False
nav_gain_4,False,main,0,5.088659650509717,0.0,0.0,9.248951118934201e-05,6.165967363358504e-06,5.989076188941956,5.989076188941956,0.0,0.0,458.60024155819025,True,4.0,6894.0037158623645,6894.003669617609,6894.003623372853,80.0,7.0,[],True,459.6002477241576,459.60024464117396,459.60024464117396,459.60024155819025,robust_miss,6,3,2,O,False
nav_gain_4,False,main,0,5.698449807776909,0.0,0.0,0.00010673860469978536,7.1159069534587616e-06,5.918186779867976,5.918186779867976,0.0,0.0,464.663834428442,True,4.0,6984.9576231652345,6984.957569795933,6984.95751642663,85.0,7.0,[],True,465.66384154434894,465.6638379863955,465.6638379863955,465.663834428442,robust_miss,6,3,2,O,False
nav_gain_4,False,main,0,0.0,0.0,0.0,0.00011414598429837497,7.609732278979209e-06,0.0,0.0,0.0,0.0,465.6705163703354,True,4.0,7000.057859701015,7000.057802628024,7000.057745555031,90.0,7.0,[],True,466.6705239800677,466.67052017520155,466.67052017520155,466.6705163703354,robust_miss,6,3,2,O,False
nav_gain_4,False,main,3,1.8014706545557722,0.0,0.0,0.0,0.0,6.124999999999999,6.124999999999999,0.0,0.0,0.9999091858577575,True,4.0,0.0013622121336378274,0.0013622121336378274,0.0013622121336378274,0.0,8.0,[],True,9.081414224252183e-05,9.081414224252183e-05,9.081414224252183e-05,9.081414224252183e-05,robust_hit,3,3,1,N,False
nav_gain_4,False,main,6,7.1468156891184424,0.0,0.0,1.5079304553280038e-06,1.0052869702187415e-07,7.152460268934289,7.152460268934289,0.0,0.0,0.9999090814961361,True,4.0,0.0013637775579588183,0.0013630235927311544,0.0013622696275034903,5.0,8.0,[],True,9.091850386392122e-05,9.086823951541028e-05,9.086823951541028e-05,9.081797516689935e-05,robust_hit,6,3,2,N,False
nav_gain_4,False,main,6,12.09644613907449,0.0,0.0,3.2693062005167365e-06,2.179537467011239e-07,12.10582745214883,12.10582745214883,0.0,0.0,0.9999088109755345,True,4.0,0.0013678353669823835,0.001366200713882125,0.0013645660607818667,10.0,8.0,[],True,9.118902446549224e-05,9.108004759214167e-05,9.108004759214168e-05,9.097107071879111e-05,robust_hit,6,3,2,N,False
nav_gain_4,False,main,6,15.942403693208234,0.0,0.0,5.075930115997244e-06,3.3839534106647933e-07,15.95442078356677,15.95442078356677,0.0,0.0,0.999908327355857,True,4.0,0.0013750896621449982,0.0013725516970869997,0.001370013732029001,15.0,8.0,[],True,9.167264414299988e-05,9.150344647246664e-05,9.150344647246664e-05,9.13342488019334e-05,robust_hit,6,3,2,N,False
nav_gain_4,False,main,6,19.490321978227765,0.0,0.0,4.4562579269869645e-06,2.9708386179912465e-07,19.505770101676497,19.505770101676497,0.0,0.0,0.9999084556471597,True,4.0,0.001373165292605246,0.0013709371636417527,0.001368709034678259,20.0,8.0,[],True,9.154435284034973e-05,9.139581090945017e-05,9.139581090945016e-05,9.12472689785506e-05,robust_hit,6,3,2,N,False
nav_gain_4,False,main,6,22.829832874596665,0.0,0.0,3.0737694628282276e-06,2.049179641885494e-07,22.846887028438392,22.846887028438392,0.0,0.0,0.9999087722724043,True,4.0,0.0013684159139359235,0.0013668790292045094,0.0013653421444730952,25.0,8.0,[],True,9.122772759572823e-05,9.112526861363395e-05,9.112526861363395e-05,9.102280963153968e-05,robust_hit,6,3,2,N,False
nav_gain_4,False,main,6,25.912721001014877,0.0,0.0,4.317772473404246e-06,2.878514982269416e-07,25.93258143133526,25.93258143133526,0.0,0.0,0.999908305676756,True,4.0,0.0013754148486591084,0.0013732559624224062,0.0013710970761857042,30.0,8.0,[],True,9.169432324394056e-05,9.155039749482708e-05,9.15503974948271e-05,9.140647174571362e-05,robust_hit,6,3,2,N,False
nav_gain_4,False,main,6,28.76529691939372,0.0,0.0,5.32418200426335e-06,3.549454669508819e-07,28.787607645260522,28.787607645260522,0.0,0.0,0.99990758881198,True,4.0,0.0013861678202995928,0.0013835057292974611,0.0013808436382953294,35.0,8.0,[],True,9.241118801997285e-05,9.22337152864974e-05,9.22337152864974e-05,9.205624255302197e-05,robust_hit,6,3,2,N,False
nav_gain_4,False,main,6,31.38539053785853,0.0,0.0,3.825884848053388e-06,2.550589898702159e-07,31.409247493834382,31.409247493834382,0.0,0.0,0.9999080791386682,True,4.0,0.0013788129199765434,0.0013768999775525166,0.00137498703512849,40.0,8.0,[],True,9.192086133176955e-05,9.179333183683444e-05,9.179333183683444e-05,9.166580234189934e-05,robust_hit,6,3,2,N,False
nav_gain_4,False,main,6,33.75860870362005,0.0,0.0,3.8374349009798366e-06,2.558289933986567e-07,33.78243357251539,33.78243357251539,0.0,0.0,0.9999075485543741,True,4.0,0.0013867716843872682,0.0013848529669367785,0.0013829342494862883,45.0,8.0,[],True,9.245144562581788e-05,9.232353112911855e-05,9.232353112911855e-05,9.219561663241922e-05,robust_hit,6,3,2,N,False
nav_gain_4,False,main,6,34.99999983828345,0.0,0.06461538461538462,3.5792038574429443e-06,2.386135904961954e-07,35.0,36.144948410852564,0.0,0.0,0.9999065417915491,True,4.0,0.001401873126763279,0.0014000835248345576,0.001398293922905836,50.0,8.0,[],True,9.345820845088527e-05,9.333890165563718e-05,9.333890165563716e-05,9.321959486038907e-05,robust_hit,6,3,2,N,False
nav_gain_4,False,main,6,34.99999999999998,0.0,0.11618798955613577,2.007493074313851e-06,1.338328716209207e-07,35.0,39.47147794684679,0.0,0.0,0.9999062000997171,True,4.0,0.0014069985042435285,0.0014059947577063714,0.0014049910111692146,55.0,8.0,[],True,9.37999002829019e-05,9.373298384709143e-05,9.373298384709143e-05,9.366606741128098e-05,robust_hit,6,3,2,M,False
nav_gain_4,False,main,6,34.99999999999999,0.0,0.10407725321888411,2.31544762141489e-07,1.5436317474248895e-08,35.0,43.01473223082927,0.0,0.0,0.9568311239528231,True,4.0,0.6475331407076538,0.6475330249352728,0.6475329091628916,60.0,8.0,[],True,0.04316887604717692,0.04316886832901818,0.04316886832901818,0.04316886061085944,robust_hit,6,3,2,M,False
nav_gain_4,False,main,0,34.99999999999999,0.0,0.12101910828025478,2.0336040506663267e-05,1.3557360318827705e-06,35.0,45.713965867228914,0.0,0.0,159.26889441683136,True,4.0,2404.033436588511,2404.0334264204907,2404.0334162524705,65.0,8.0,[],True,160.2688957725674,160.2688950946994,160.26889509469936,160.26889441683136,robust_miss,6,3,2,M,False
nav_gain_4,False,main,0,34.99999999985611,0.0,0.1272365805168986,3.275674043834442e-05,2.1837826693626994e-06,35.0,42.53427826911719,0.0,0.0,337.6474609487949,True,4.0,5079.711946988664,5079.711930610293,5079.711914231923,70.0,8.0,[],True,338.64746313257757,338.6474620406862,338.64746204068626,338.6474609487949,robust_miss,6,3,2,O,False
nav_gain_4,False,main,0,29.775874868598905,0.0,0.0,5.4504795116372406e-05,3.6336530229164055e-06,31.012493869394653,31.012493869394653,0.0,0.0,477.9701340416113,True,4.0,7184.552065128964,7184.552037876568,7184.552010624169,75.0,8.0,[],True,478.9701376752643,478.9701358584378,478.9701358584378,478.9701340416113,robust_miss,6,3,2,O,False
nav_gain_4,False,main,0,5.1130309703652905,0.0,0.0,9.03787549759727e-05,6.025250399943616e-06,6.000186414688935,6.000186414688935,0.0,0.0,524.3764652212428,True,4.0,7880.647068697398,7880.6470235080205,7880.646978318643,80.0,8.0,[],True,525.3764712464932,525.376468233868,525.3764682338681,525.3764652212428,robust_miss,6,3,2,O,False
nav_gain_4,False,main,0,5.625701332296016,0.0,0.0,0.00010587536417006049,7.058357596179121e-06,5.7977116390596,5.7977116390596,0.0,0.0,531.2609735651071,True,4.0,7983.9147093519705,7983.914656414289,7983.914603476606,85.0,8.0,[],True,532.2609806234647,532.2609770942859,532.2609770942859,532.2609735651071,robust_miss,6,3,2,O,False
nav_gain_4,False,main,0,0.0,0.0,0.0,0.0001141462062150822,7.609747058268113e-06,0.0,0.0,0.0,0.0,532.3367013516906,True,4.0,8000.0506344215655,8000.050577348462,8000.050520275359,90.0,8.0,[],True,533.3367089614377,533.3367051565641,533.3367051565642,533.3367013516906,robust_miss,6,3,2,O,False
nav_gain_4,False,main,3,1.8014706545557722,0.0,0.0,0.0,0.0,6.124999999999999,6.124999999999999,0.0,0.0,0.9999091858556064,True,4.0,0.001362212165904252,0.001362212165904252,0.001362212165904252,0.0,9.0,[],True,9.08141443936168e-05,9.08141443936168e-05,9.08141443936168e-05,9.08141443936168e-05,robust_hit,3,3,1,N,False
nav_gain_4,False,main,6,7.0417081869101095,0.0,0.0,1.744631181298988e-06,1.1630874541993343e-07,7.046561161160232,7.046561161160232,0.0,0.0,0.9999090552163933,True,4.0,0.001364171754100277,0.0013632994385096274,0.001362427122918978,5.0,9.0,[],True,9.094478360668513e-05,9.088662923397517e-05,9.088662923397516e-05,9.08284748612652e-05,robust_hit,6,3,2,N,False
nav_gain_4,False,main,6,11.870364695248144,0.0,0.0,2.080360975274852e-06,1.3869073168498833e-07,11.878711907613834,11.878711907613834,0.0,0.0,0.9999090094832886,True,4.0,0.0013648577506701425,0.0013638175701825052,0.0013627773896948676,10.0,9.0,[],True,9.099051671134283e-05,9.092117134550033e-05,9.092117134550033e-05,9.085182597965784e-05,robust_hit,6,3,2,N,False
nav_gain_4,False,main,6,15.667326212980129,0.0,0.0,3.2308504426094634e-06,2.1539002950729123e-07,15.678185211997139,15.678185211997139,0.0,0.0,0.9999088012988814,True,4.0,0.0013679805167798244,0.0013663650915585197,0.001364749666337215,15.0,9.0,[],True,9.119870111865496e-05,9.10910061039013e-05,9.10910061039013e-05,9.098331108914767e-05,robust_hit,6,3,2,N,False
nav_gain_4,False,main,6,19.062690581317934,0.0,0.0,3.1455568750080997e-06,2.0970379166720845e-07,19.07552337832162,19.07552337832162,0.0,0.0,0.9999087931225661,True,4.0,0.0013681031615085301,0.001366530383071026,0.001364957604633522,20.0,9.0,[],True,9.1206877433902e-05,9.110202553806839e-05,9.11020255380684e-05,9.09971736422348e-05,robust_hit,6,3,2,N,False
nav_gain_4,False,main,6,22.241956366607038,0.0,0.0,5.617176283891643e-06,3.74478418926105e-07,22.25677796102171,22.25677796102171,0.0,0.0,0.9999079346018732,True,4.0,0.0013809809719015625,0.0013781723837596165,0.0013753637956176708,25.0,9.0,[],True,9.206539812677083e-05,9.187815891730778e-05,9.187815891730777e-05,9.169091970784472e-05,robust_hit,6,3,2,N,False
nav_gain_4,False,main,6,25.191386685281476,0.0,0.0,6.4406366177744735e-06,4.293757745182919e-07,25.208172191965073,25.208172191965073,0.0,0.0,0.9999072909031829,True,4.0,0.001390636452257424,0.0013874161339485368,0.0013841958156396495,30.0,9.0,[],True,9.27090968171616e-05,9.249440892990246e-05,9.249440892990246e-05,9.22797210426433e-05,robust_hit,6,3,2,N,False
nav_gain_4,False,main,6,27.89222330928192,0.0,0.0,5.795803522281109e-06,3.863869014854109e-07,27.91067026486416,27.91067026486416,0.0,0.0,0.999907284075167,True,4.0,0.0013907388724941994,0.0013878409707330588,0.0013849430689719183,35.0,9.0,[],True,9.271592483294663e-05,9.252273138220392e-05,9.252273138220392e-05,9.232953793146122e-05,robust_hit,6,3,2,N,False
nav_gain_4,False,main,6,30.359758169754844,0.0,0.0,5.681316178285812e-06,3.787544118857199e-07,30.379087445156234,30.379087445156234,0.0,0.0,0.9999067480238037,True,4.0,0.0013987796429441371,0.0013959389848549944,0.0013930983267658513,40.0,9.0,[],True,9.325197619627581e-05,9.306259899033296e-05,9.306259899033296e-05,9.287322178439009e-05,robust_hit,6,3,2,N,False
nav_gain_4,False,main,6,32.58082087170669,0.0,0.0,2.6609289143510705e-06,1.773952609567317e-07,32.6013597586603,32.6013597586603,0.0,0.0,0.9999083673474836,True,4.0,0.0013744897877462673,0.0013731593232890916,0.0013718288588319162,45.0,9.0,[],True,9.163265251641782e-05,9.154395488593944e-05,9.154395488593944e-05,9.145525725546109e-05,robust_hit,6,3,2,N,False
nav_gain_4,False,main,6,34.5268372247847,0.0,0.0,3.4173836138504544e-06,2.2782557425669967e-07,34.54677467539767,34.54677467539767,0.0,0.0,0.9999067002752552,True,4.0,0.001399495871172235,0.0013977871793653099,0.0013960784875583845,50.0,9.0,[],True,9.329972474481566e-05,9.318581195768731e-05,9.318581195768731e-05,9.307189917055896e-05,robust_hit,6,3,2,N,False
nav_gain_4,False,main,6,34.99999999964125,0.0,0.0684931506849315,1.654793663860999e-06,1.1031957759073327e-07,35.0,36.682138064033886,0.0,0.0,0.999907258025686,True,4.0,0.0013911296147099807,0.0013903022178780502,0.0013894748210461197,55.0,9.0,[],True,9.274197431399871e-05,9.268681452520335e-05,9.268681452520335e-05,9.263165473640798e-05,robust_hit,6,3,2,N,False
nav_gain_4,False,main,6,34.99999999999926,0.0,0.07525870178739416,5.187621725049295e-08,3.4584144833680035e-09,35.0,128.1846647406908,0.0,0.0,0.9998943679083725,True,4.0,0.0015844813744120502,0.001584455436303425,0.0015844294981947997,60.0,9.0,[],True,0.00010563209162747001,0.00010563036242022833,0.00010563036242022833,0.00010562863321298664,robust_hit,6,3,2,M,False
nav_gain_4,False,main,0,34.999999999996845,0.0,0.08087431693989071,1.9698665710166097e-05,1.3132443825725204e-06,35.0,41.029373150968276,0.0,0.0,166.60913463280093,True,4.0,2514.13703919068,2514.137029341347,2514.137019492014,65.0,9.0,[],True,167.6091359460453,167.6091352894231,167.60913528942314,167.60913463280093,robust_miss,6,3,2,M,False
nav_gain_4,False,main,0,34.99999989823183,0.0,0.07678571428571429,3.3306851946690585e-05,2.2204567926564778e-06,35.0,38.43846166959335,0.0,0.0,384.5841400069093,True,4.0,5783.7621334104915,5783.762116757065,5783.76210010364,70.0,9.0,[],True,385.5841422273661,385.58414111713773,385.58414111713773,385.5841400069093,robust_miss,6,3,2,O,False
nav_gain_4,False,main,0,28.18938331754143,0.0,0.0,5.099658210383495e-05,3.3997721402556635e-06,29.365740932782565,29.365740932782565,0.0,0.0,539.9757020447701,True,4.0,8114.635581668133,8114.635556169843,8114.635530671551,75.0,9.0,[],True,540.9757054445422,540.9757037446561,540.9757037446561,540.9757020447701,robust_miss,6,3,2,O,False
nav_gain_4,False,main,0,5.062591158568107,0.0,0.0,8.840849113767035e-05,5.893899356124166e-06,5.914480965045911,5.914480965045911,0.0,0.0,590.1679553251087,True,4.0,8867.519418285121,8867.519374080875,8867.51932987663,80.0,9.0,[],True,591.167961219008,591.1679582720584,591.1679582720583,591.1679553251087,robust_miss,6,3,2,O,False
nav_gain_4,False,main,0,5.595332543170203,0.0,0.0,0.00010512162225495558,7.008108127593005e-06,5.734578630111382,5.734578630111382,0.0,0.0,597.8603763011722,True,4.0,8982.905749639205,8982.905697078395,8982.905644517583,85.0,9.0,[],True,598.8603833092803,598.8603798052262,598.8603798052263,598.8603763011722,robust_miss,6,3,2,O,False
nav_gain_4,False,main,0,0.0,0.0,0.0,0.0001141463599196868,7.6097572900835075e-06,0.0,0.0,0.0,0.0,599.0029933733149,True,4.0,9000.045014746083,9000.044957672902,9000.044900599723,90.0,9.0,[],True,600.0030009830722,600.0029971781936,600.0029971781935,600.0029933733149,robust_miss,6,3,2,O,False
nav_gain_4,False,main,3,1.8014706545557722,0.0,0.0,0.0,0.0,6.124999999999999,6.124999999999999,0.0,0.0,0.9999091858533904,True,4.0,0.0013622121991446634,0.0013622121991446634,0.0013622121991446634,0.0,10.0,[],True,9.081414660964423e-05,9.081414660964423e-05,9.081414660964423e-05,9.081414660964423e-05,robust_hit,3,3,1,N,False
nav_gain_4,False,main,6,6.962792336549865,0.0,0.0,1.2791225813242948e-06,8.52748387549548e-08,6.967179491118151,6.967179491118151,0.0,0.0,0.9999091043585623,True,4.0,0.0013634346215653137,0.0013627950602746516,0.0013621554989839894,5.0,10.0,[],True,9.089564143768758e-05,9.08530040183101e-05,9.08530040183101e-05,9.081036659893263e-05,robust_hit,6,3,2,N,False
nav_gain_4,False,main,6,11.66099044679938,0.0,0.0,3.3445659400270066e-06,2.229710626684662e-07,11.668030796554856,11.668030796554856,0.0,0.0,0.999908795932059,True,4.0,0.0013680610191165125,0.001366388736146499,0.0013647164531764855,10.0,10.0,[],True,9.120406794110083e-05,9.10925824097666e-05,9.10925824097666e-05,9.098109687843236e-05,robust_hit,6,3,2,N,False
nav_gain_4,False,main,6,15.43602783572591,0.0,0.0,4.487036872011805e-06,2.9913579146745816e-07,15.44558551727246,15.44558551727246,0.0,0.0,0.9999084982267183,True,4.0,0.001372526599225644,0.001370283080789638,0.0013680395623536321,15.0,10.0,[],True,9.15017732817096e-05,9.135220538597586e-05,9.135220538597586e-05,9.120263749024214e-05,robust_hit,6,3,2,N,False
nav_gain_4,False,main,6,18.722292604780915,0.0,0.0,4.177283906859567e-06,2.7848559379062786e-07,18.733866285647043,18.733866285647043,0.0,0.0,0.9999085342837315,True,4.0,0.0013719857440269644,0.0013698971020735346,0.0013678084601201049,20.0,10.0,[],True,9.146571626846429e-05,9.132647347156898e-05,9.132647347156897e-05,9.118723067467366e-05,robust_hit,6,3,2,N,False
nav_gain_4,False,main,6,21.752894166426344,0.0,0.0,4.248813884388152e-06,2.8325425895922096e-07,21.76580374871403,21.76580374871403,0.0,0.0,0.9999084395180288,True,4.0,0.0013734072295692836,0.0013712828226270894,0.0013691584156848955,25.0,10.0,[],True,9.156048197128558e-05,9.141885484180597e-05,9.141885484180597e-05,9.127722771232636e-05,robust_hit,6,3,2,N,False
nav_gain_4,False,main,6,24.561470362112825,0.0,0.0,5.8347061891780155e-06,3.889804126118641e-07,24.57613650306194,24.57613650306194,0.0,0.0,0.9999076126878286,True,4.0,0.0013858096825720683,0.0013828923294774793,0.0013799749763828903,30.0,10.0,[],True,9.238731217147122e-05,9.21928219651653e-05,9.219282196516529e-05,9.199833175885935e-05,robust_hit,6,3,2,N,False
nav_gain_4,False,main,6,27.13615151630248,0.0,0.0,4.919666440315624e-06,3.2797776268770826e-07,27.152505277470638,27.152505277470638,0.0,0.0,0.9999077916724806,True,4.0,0.0013831249127912988,0.001380665079571141,0.0013782052463509832,35.0,10.0,[],True,9.220832751941992e-05,9.204433863807606e-05,9.204433863807606e-05,9.188034975673221e-05,robust_hit,6,3,2,N,False
nav_gain_4,False,main,6,29.47290967664508,0.0,0.0,4.565246840506146e-06,3.043497893670836e-07,29.490055929202065,29.490055929202065,0.0,0.0,0.9999075836920935,True,4.0,0.0013862446185967305,0.0013839619951764774,0.0013816793717562244,40.0,10.0,[],True,9.24163079064487e-05,9.226413301176516e-05,9.226413301176516e-05,9.211195811708162e-05,robust_hit,6,3,2,N,False
nav_gain_4,False,main,6,31.5616979865243,0.0,0.0,3.7470040717482722e-06,2.4980027144987397e-07,31.578464089171558,31.578464089171558,0.0,0.0,0.9999075534626203,True,4.0,0.0013866980606961116,0.0013848245586602374,0.0013829510566243633,45.0,10.0,[],True,9.244653737974077e-05,9.232163724401583e-05,9.232163724401583e-05,9.219673710829089e-05,robust_hit,6,3,2,N,False
nav_gain_4,False,main,6,33.37583443715228,0.0,0.0,3.1673121409960935e-06,2.111541427330711e-07,33.39267878978766,33.39267878978766,0.0,0.0,0.9999069708628279,True,4.0,0.0013954370575824492,0.001393853401511951,0.0013922697454414532,50.0,10.0,[],True,9.302913717216328e-05,9.292356010079675e-05,9.292356010079675e-05,9.281798302943021e-05,robust_hit,6,3,2,N,False
nav_gain_4,False,main,6,34.86078922136488,0.0,0.0,1.5268656159651492e-06,1.017910410643487e-07,34.875667161783085,34.875667161783085,0.0,0.0,0.9999074687413069,True,4.0,0.001387968880397365,0.0013872054475893823,0.0013864420147814,55.0,10.0,[],True,9.253125869315767e-05,9.248036317262551e-05,9.24803631726255e-05,9.242946765209333e-05,robust_hit,6,3,2,N,False
nav_gain_4,False,main,6,34.99999999951703,0.0,0.04837364470391994,3.0984193244432134e-07,2.0656128828233644e-08,35.0,36.41477434612422,0.0,0.0,0.945025257543976,True,4.0,0.8246211368403595,0.8246209819193933,0.8246208269984271,60.0,10.0,[],True,0.05497474245602397,0.05497473212795956,0.05497473212795956,0.05497472179989514,robust_hit,6,3,2,M,False
nav_gain_4,False,main,0,34.99999999462047,0.0,0.04918032786885246,1.9629128019005293e-05,1.3086085459690366e-06,35.0,37.53378791405112,0.0,0.0,179.4960266226127,True,4.0,2707.4404189683187,2707.440409153755,2707.4403993391907,65.0,10.0,[],True,180.49602793122125,180.49602727691698,180.49602727691698,180.4960266226127,robust_miss,6,3,2,M,False
nav_gain_4,False,main,0,34.990093787725954,0.0,0.013071895424836602,3.3896693821589e-05,2.2597795918954944e-06,35.0,35.32881177752056,0.0,0.0,433.99711418261745,True,4.0,6524.956746635956,6524.9567296876085,6524.956712739262,70.0,10.0,[],True,434.99711644239704,434.9971153125073,434.9971153125073,434.99711418261745,robust_miss,6,3,2,O,False
nav_gain_4,False,main,0,26.73643880216699,0.0,0.0,4.821796937903855e-05,3.2145312616194133e-06,27.726394797862977,27.726394797862977,0.0,0.0,602.5678427100605,True,4.0,9053.517688868877,9053.517664759891,9053.517640650907,75.0,10.0,[],True,603.5678459245918,603.5678443173261,603.5678443173261,603.5678427100605,robust_miss,6,3,2,O,False
nav_gain_4,False,main,0,5.087016836972995,0.0,0.0,8.653827171656303e-05,5.769218091700168e-06,5.933783651979507,5.933783651979507,0.0,0.0,655.9678360292146,True,4.0,9854.51762697649,9854.517583707355,9854.517540438219,80.0,10.0,[],True,656.9678417984327,656.9678389138236,656.9678389138237,656.9678360292146,robust_miss,6,3,2,O,False
nav_gain_4,False,main,0,5.587144442520973,0.0,0.0,0.00010440965706948191,6.960643759157392e-06,5.702824192156776,5.702824192156776,0.0,0.0,664.4621752167094,True,4.0,9981.932732660298,9981.93268045547,9981.93262825064,85.0,10.0,[],True,665.4621821773532,665.4621786970313,665.4621786970313,665.4621752167094,robust_miss,6,3,2,O,False
nav_gain_4,False,main,0,0.0,0.0,0.0,0.00011414646724006161,7.609764566041122e-06,0.0,0.0,0.0,0.0,665.6693603234387,True,4.0,10000.040518998048,10000.040461924815,10000.040404851581,90.0,10.0,[],True,666.6693679332033,666.669364128321,666.6693641283209,666.6693603234387,robust_miss,6,3,2,O,False
nav_gain_4,False,main,3,1.8014706545557722,0.0,0.0,0.0,0.0,6.124999999999999,6.124999999999999,0.0,0.0,0.9999091858511082,True,4.0,0.0013622122333761795,0.0013622122333761795,0.0013622122333761795,0.0,11.0,[],True,9.08141488917453e-05,9.081414889174529e-05,9.08141488917453e-05,9.08141488917453e-05,robust_hit,3,3,1,N,False
nav_gain_4,False,main,6,6.902129423253662,0.0,0.0,1.4186106808056122e-06,9.457404538703359e-08,6.906095410807831,6.906095410807831,0.0,0.0,0.9999090907302041,True,4.0,0.0013636390469384024,0.0013629297415979997,0.0013622204362575968,5.0,11.0,[],True,9.090926979589349e-05,9.086198277319997e-05,9.086198277319997e-05,9.081469575050646e-05,robust_hit,6,3,2,N,False
nav_gain_4,False,main,6,11.515345152765567,0.0,0.0,2.2912844443009808e-06,1.527522962867429e-07,11.521696416573231,11.521696416573231,0.0,0.0,0.9999089794463707,True,4.0,0.0013653083044391995,0.001364162662217049,0.0013630170199948985,10.0,11.0,[],True,9.102055362927997e-05,9.09441774811366e-05,9.09441774811366e-05,9.086780133299323e-05,robust_hit,6,3,2,N,False
nav_gain_4,False,main,6,15.241427243651065,0.0,0.0,3.8009927511347547e-06,2.533995167423197e-07,15.249763699639978,15.249763699639978,0.0,0.0,0.9999086741076225,True,4.0,0.0013698883856628433,0.001367987889287276,0.0013660873929117086,15.0,11.0,[],True,9.13258923775229e-05,9.119919261915173e-05,9.119919261915173e-05,9.107249286078057e-05,robust_hit,6,3,2,N,False
nav_gain_4,False,main,6,18.410428009909403,0.0,0.0,4.44713113930263e-06,2.9647540928684653e-07,18.420690133762037,18.420690133762037,0.0,0.0,0.9999084550563982,True,4.0,0.001373174154026551,0.0013709505884568996,0.0013687270228872484,20.0,11.0,[],True,9.154494360177007e-05,9.139670589712666e-05,9.139670589712666e-05,9.124846819248323e-05,robust_hit,6,3,2,N,False
nav_gain_4,False,main,6,21.332994922570297,0.0,0.0,4.374388969617714e-06,2.91625931307844e-07,21.344677050728706,21.344677050728706,0.0,0.0,0.999908396597003,True,4.0,0.0013740510449550805,0.0013718638504702715,0.0013696766559854628,25.0,11.0,[],True,9.160340299700537e-05,9.145759003135144e-05,9.145759003135144e-05,9.131177706569752e-05,robust_hit,6,3,2,N,False
nav_gain_4,False,main,6,24.00862332310059,0.0,0.0,4.4854778524106714e-06,2.990318568273754e-07,24.021391538521076,24.021391538521076,0.0,0.0,0.9999082273843759,True,4.0,0.0013765892343617426,0.0013743464954355372,0.001372103756509332,30.0,11.0,[],True,9.177261562411617e-05,9.162309969570247e-05,9.162309969570247e-05,9.147358376728879e-05,robust_hit,6,3,2,N,False
nav_gain_4,False,main,6,26.46082799301271,0.0,0.0,5.538620793657393e-06,3.6924138624382075e-07,26.474764499064754,26.474764499064754,0.0,0.0,0.999907420103333,True,4.0,0.001388698450004669,0.0013859291396078402,0.0013831598292110116,35.0,11.0,[],True,9.257989666697793e-05,9.239527597385602e-05,9.239527597385602e-05,9.22106552807341e-05,robust_hit,6,3,2,N,False
nav_gain_4,False,main,6,28.684060213766255,0.0,0.0,5.482073593247178e-06,3.65471572883147e-07,28.698681655892162,28.698681655892162,0.0,0.0,0.9999068608373218,True,4.0,0.0013970874401720724,0.0013943464033754488,0.0013916053665788252,40.0,11.0,[],True,9.313916267813816e-05,9.295642689169659e-05,9.295642689169659e-05,9.277369110525502e-05,robust_hit,6,3,2,N,False
nav_gain_4,False,main,6,30.655720664243628,0.0,0.0,4.5058320785815176e-06,3.0038880523877145e-07,30.670431609536795,30.670431609536795,0.0,0.0,0.9999067819780114,True,4.0,0.0013982703298294542,0.0013960174137901636,0.0013937644977508727,45.0,11.0,[],True,9.321802198863028e-05,9.306782758601089e-05,9.306782758601089e-05,9.29176331833915e-05,robust_hit,6,3,2,N,False
nav_gain_4,False,main,6,32.35528370689533,0.0,0.0,2.2746002067890268e-06,1.5164001378593873e-07,32.36901378476219,32.36901378476219,0.0,0.0,0.9999080064296543,True,4.0,0.0013799035551867323,0.001378766255083338,0.0013776289549799433,50.0,11.0,[],True,9.199357034578216e-05,9.191775033888919e-05,9.191775033888919e-05,9.184193033199622e-05,robust_hit,6,3,2,N,False
nav_gain_4,False,main,6,33.72850112512538,0.0,0.0,1.319895594275016e-06,8.799303961833712e-08,33.740836625087425,33.740836625087425,0.0,0.0,0.9999077832714771,True,4.0,0.0013832509278440717,0.0013825909800469344,0.0013819310322497967,55.0,11.0,[],True,9.221672852293812e-05,9.217273200312895e-05,9.217273200312894e-05,9.212873548331978e-05,robust_hit,6,3,2,N,False
nav_gain_4,False,main,6,34.686249190222505,0.0,0.0,2.0234855514040737e-08,1.3489903675991018e-09,34.69557420398521,34.69557420398521,0.0,0.0,0.999908265704791,True,4.0,0.0013760144281355464,0.0013760043107077895,0.0013759941932800323,60.0,11.0,[],True,9.173429520903643e-05,9.173362071385263e-05,9.173362071385263e-05,9.173294621866883e-05,robust_hit,6,3,2,M,False
nav_gain_4,False,main,0,34.999317652077885,0.0,0.011343804537521814,2.0041870357090374e-05,1.3361246828935691e-06,35.0,35.09933138154569,0.0,0.0,199.29280876285205,True,4.0,3004.392151484651,3004.3921414637157,3004.3921314427807,65.0,11.0,[],True,200.29281009897673,200.2928094309144,200.2928094309144,200.29280876285205,robust_miss,6,3,2,M,False
nav_gain_4,False,main,0,33.39578792535595,0.0,0.0,3.454131001490168e-05,2.3027540123621293e-06,33.515206901554976,33.515206901554976,0.0,0.0,486.38535580028605,True,4.0,7310.780371545601,7310.780354274946,7310.780337004291,70.0,11.0,[],True,487.38535810304006,487.385356951663,487.3853569516631,487.38535580028605,robust_miss,6,3,2,O,False
nav_gain_4,False,main,0,24.27899514661682,0.0,0.0,4.590411845128983e-05,3.0602745937358122e-06,26.39011102734682,26.39011102734682,0.0,0.0,665.793321580001,True,4.0,10001.899869604134,10001.899846652075,10001.899823700016,75.0,11.0,[],True,666.7933246402756,666.7933231101383,666.7933231101383,666.793321580001,robust_miss,6,3,2,O,False
nav_gain_4,False,main,0,5.165179337035397,0.0,0.0,8.475593858747743e-05,5.650395905831829e-06,6.02821863011554,6.02821863011554,0.0,0.0,721.7758357037765,True,4.0,10841.637620312586,10841.637577934616,10841.637535556647,80.0,11.0,[],True,722.7758413541724,722.7758385289744,722.7758385289744,722.7758357037765,robust_miss,6,3,2,O,False
nav_gain_4,False,main,0,5.590881463966293,0.0,0.0,0.00010373623445047997,6.915748940627964e-06,5.688976499987049,5.688976499987049,0.0,0.0,731.0661163212204,True,4.0,10980.99184855454,10980.991796686423,10980.991744818306,85.0,11.0,[],True,732.0661232369694,732.066119779095,732.0661197790948,732.0661163212204,robust_miss,6,3,2,O,False
nav_gain_4,False,main,0,0.0,0.0,0.0,0.00011414654727559537,7.609769795635657e-06,0.0,0.0,0.0,0.0,732.335781767177,True,4.0,11000.036840654202,11000.036783580928,11000.036726507655,90.0,11.0,[],True,733.3357893769468,733.3357855720619,733.3357855720619,733.335781767177,robust_miss,6,3,2,O,False
nav_gain_4,False,main,3,1.8014706545557722,0.0,0.0,0.0,0.0,6.124999999999999,6.124999999999999,0.0,0.0,0.999909185848759,True,4.0,0.0013622122686153253,0.0013622122686153253,0.0013622122686153253,0.0,12.0,[],True,9.081415124102169e-05,9.081415124102169e-05,9.081415124102169e-05,9.081415124102169e-05,robust_hit,3,3,1,N,False
nav_gain_4,False,main,6,6.853927913690308,0.0,0.0,1.19199059715378e-06,7.946603981025561e-08,6.857614951905661,6.857614951905661,0.0,0.0,0.9999091124082365,True,4.0,0.0013633138764518715,0.0013627178811532947,0.0013621218858547177,5.0,12.0,[],True,9.08875917634581e-05,9.084785874355297e-05,9.084785874355297e-05,9.080812572364784e-05,robust_hit,6,3,2,N,False
nav_gain_4,False,main,6,11.395546452986943,0.0,0.0,3.108437214131149e-06,2.0722914760873152e-07,11.401493716085252,11.401493716085252,0.0,0.0,0.9999088419283787,True,4.0,0.0013673710743199383,0.0013658168557128727,0.0013642626371058071,10.0,12.0,[],True,9.115807162132921e-05,9.105445704752485e-05,9.105445704752485e-05,9.095084247372048e-05,robust_hit,6,3,2,N,False
nav_gain_4,False,main,6,15.038248554808535,0.0,0.0,1.9559301622817157e-06,1.3039534415210986e-07,15.045668924578175,15.045668924578175,0.0,0.0,0.9999090201357811,True,4.0,0.001364697963284071,0.0013637199982029303,0.0013627420331217893,15.0,12.0,[],True,9.097986421893807e-05,9.091466654686202e-05,9.091466654686202e-05,9.084946887478596e-05,robust_hit,6,3,2,N,False
nav_gain_4,False,main,6,18.14358327956271,0.0,0.0,2.451071837775631e-06,1.6340478918504568e-07,18.152611620453182,18.152611620453182,0.0,0.0,0.9999089297545006,True,4.0,0.0013660536824897456,0.0013648281465708579,0.00136360261065197,20.0,12.0,[],True,9.107024549931637e-05,9.098854310472385e-05,9.098854310472385e-05,9.090684071013133e-05,robust_hit,6,3,2,N,False
nav_gain_4,False,main,6,20.95203611412967,0.0,0.0,5.841791945057845e-06,3.8945279633718064e-07,20.962332214971607,20.962332214971607,0.0,0.0,0.9999078280232241,True,4.0,0.0013825796516379358,0.0013796587556654067,0.001376737859692878,25.0,12.0,[],True,9.217197677586238e-05,9.19772503776938e-05,9.197725037769379e-05,9.17825239795252e-05,robust_hit,6,3,2,N,False
nav_gain_4,False,main,6,23.527093443923988,0.0,0.0,4.27355983391442e-06,2.849039889276316e-07,23.538285714002534,23.538285714002534,0.0,0.0,0.9999083072549668,True,4.0,0.001375391175497799,0.0013732543955808417,0.0013711176156638845,30.0,12.0,[],True,9.16927450331866e-05,9.155029303872278e-05,9.155029303872278e-05,9.140784104425896e-05,robust_hit,6,3,2,N,False
nav_gain_4,False,main,6,25.867628990385843,0.0,0.0,5.4880514297915226e-06,3.658700953194303e-07,25.880320187658516,25.880320187658516,0.0,0.0,0.9999074406515679,True,4.0,0.0013883902264814315,0.0013856462007665355,0.00138290217505164,35.0,12.0,[],True,9.255934843209542e-05,9.23764133844357e-05,9.23764133844357e-05,9.2193478336776e-05,robust_hit,6,3,2,N,False
nav_gain_4,False,main,6,27.97739125704329,0.0,0.0,5.088936243128261e-06,3.3926241620855255e-07,27.990437115988403,27.990437115988403,0.0,0.0,0.9999071606295513,True,4.0,0.0013925905567308688,0.0013900460886093046,0.0013875016204877406,40.0,12.0,[],True,9.283937044872459e-05,9.266973924062031e-05,9.266973924062031e-05,9.250010803251604e-05,robust_hit,6,3,2,N,False
nav_gain_4,False,main,6,29.844250693234063,0.0,0.0,4.109661752600821e-06,2.7397745017338805e-07,29.85662905592292,29.85662905592292,0.0,0.0,0.9999071537945677,True,4.0,0.001392693081484153,0.0013906382506078526,0.0013885834197315521,45.0,12.0,[],True,9.284620543227686e-05,9.270921670719017e-05,9.270921670719017e-05,9.257222798210347e-05,robust_hit,6,3,2,N,False
nav_gain_4,False,main,6,31.443316193890197,0.0,0.0,2.9902414923151013e-06,1.993494328210194e-07,31.455181849979095,31.455181849979095,0.0,0.0,0.9999070746478784,True,4.0,0.0013938802818236195,0.0013923851610774618,0.0013908900403313044,50.0,12.0,[],True,9.292535212157464e-05,9.282567740516413e-05,9.282567740516413e-05,9.272600268875362e-05,robust_hit,6,3,2,N,False
nav_gain_4,False,main,6,32.719413116138355,0.0,0.0,1.1979222423773913e-06,7.986148282515038e-08,32.72972877126876,32.72972877126876,0.0,0.0,0.9999079230351396,True,4.0,0.0013811544729051895,0.001380555511784001,0.0013799565506628121,55.0,12.0,[],True,9.207696486034596e-05,9.203703411893339e-05,9.203703411893339e-05,9.199710337752081e-05,robust_hit,6,3,2,N,False
nav_gain_4,False,main,6,33.587949797499526,0.0,0.0,5.7903479862460305e-09,3.860231990830687e-10,33.59534742180291,33.59534742180291,0.0,0.0,0.9999087957334158,True,4.0,0.0013680639987631057,0.0013680611035891126,0.0013680582084151195,60.0,12.0,[],True,9.120426658420705e-05,9.12040735726075e-05,9.120407357260751e-05,9.120388056100797e-05,robust_hit,6,3,2,M,False
nav_gain_4,False,main,0,33.83229517479236,0.0,0.0,2.0720647626149002e-05,1.3813765065151529e-06,33.86626205032165,33.86626205032165,0.0,0.0,224.8195292210968,True,4.0,3387.2929590370995,3387.2929486767757,3387.292938316452,65.0,12.0,[],True,225.8195306024733,225.81952991178503,225.81952991178503,225.8195292210968,robust_miss,6,3,2,M,False
nav_gain_4,False,main,0,31.745544923303957,0.0,0.0,3.498220667097485e-05,2.3321471189774456e-06,31.881062831496905,31.881062831496905,0.0,0.0,537.297540221627,True,4.0,8074.463138306611,8074.463120815508,8074.463103324404,70.0,12.0,[],True,538.2975425537741,538.2975413877006,538.2975413877004,538.297540221627,robust_miss,6,3,2,O,False
nav_gain_4,False,main,0,21.280365505166706,0.0,0.0,4.30006784881698e-05,2.8667119522651774e-06,21.4646747974829,21.4646747974829,0.0,0.0,728.6886497756443,True,4.0,10945.329789635343,10945.329768135003,10945.329746634665,75.0,12.0,[],True,729.6886526423563,729.6886512090003,729.6886512090002,729.6886497756443,robust_miss,6,3,2,O,False
nav_gain_4,False,main,0,5.149175538411823,0.0,0.0,8.307074131153058e-05,5.5380494359269505e-06,5.996815966487961,5.996815966487961,0.0,0.0,787.5977190143948,True,4.0,11828.965868286663,11828.965826751293,11828.965785215922,80.0,12.0,[],True,788.5977245524442,788.5977217834194,788.5977217834195,788.5977190143948,robust_miss,6,3,2,O,False
nav_gain_4,False,main,0,5.60105213990772,0.0,0.0,0.00010306916919944342,6.8712779466295615e-06,5.685630931487502,5.685630931487502,0.0,0.0,797.6719667525529,True,4.0,11980.079604357463,11980.079552822877,11980.079501288294,85.0,12.0,[],True,798.6719736238308,798.6719701881917,798.6719701881918,798.6719667525529,robust_miss,6,3,2,O,False
nav_gain_4,False,main,0,0.0,0.0,0.0,0.00011414660912123509,7.609773888361815e-06,0.0,0.0,0.0,0.0,799.0022440812146,True,4.0,12000.033775364827,12000.033718291523,12000.033661218218,90.0,12.0,[],True,800.0022516909885,800.0022478861015,800.0022478861015,800.0022440812146,robust_miss,6,3,2,O,False
nav_gain_4,False,main,3,1.8014706545557722,0.0,0.0,0.0,0.0,6.124999999999999,6.124999999999999,0.0,0.0,0.9999091858463415,True,4.0,0.00136221230487849,0.00136221230487849,0.00136221230487849,0.0,13.0,[],True,9.0814153658566e-05,9.0814153658566e-05,9.0814153658566e-05,9.0814153658566e-05,robust_hit,3,3,1,N,False
nav_gain_4,False,main,6,6.786694112261594,0.0,0.0,1.3766047759565091e-06,9.177365173043033e-08,6.80102791191582,6.80102791191582,0.0,0.0,0.9999090949436166,True,4.0,0.0013635758457505975,0.0013628875433626191,0.001362199240974641,5.0,13.0,[],True,9.090505638337316e-05,9.085916955750795e-05,9.085916955750795e-05,9.081328273164273e-05,robust_hit,6,3,2,N,False
nav_gain_4,False,main,6,11.292180094286671,0.0,0.0,1.9192759400535418e-06,1.279517293369082e-07,11.297653004638983,11.297653004638983,0.0,0.0,0.9999090308812884,True,4.0,0.001364536780675392,0.0013635771427053653,0.0013626175047353384,10.0,13.0,[],True,9.09691187116928e-05,9.090514284702435e-05,9.090514284702434e-05,9.084116698235589e-05,robust_hit,6,3,2,N,False
nav_gain_4,False,main,6,14.859887161679257,0.0,0.0,3.0440675231223e-06,2.029378348748182e-07,14.866926939774062,14.866926939774062,0.0,0.0,0.9999088382386874,True,4.0,0.0013674264196896538,0.0013659043859280927,0.0013643823521665315,15.0,13.0,[],True,9.116176131264359e-05,9.106029239520619e-05,9.106029239520618e-05,9.095882347776877e-05,robust_hit,6,3,2,N,False
nav_gain_4,False,main,6,17.893803023317737,0.0,0.0,3.6798153202493872e-06,2.4532102134996005e-07,17.902022591096795,17.902022591096795,0.0,0.0,0.9999086651760505,True,4.0,0.0013700223592431123,0.0013681824515829877,0.001366342543922863,20.0,13.0,[],True,9.133482394954081e-05,9.121216343886583e-05,9.121216343886584e-05,9.108950292819085e-05,robust_hit,6,3,2,N,False
nav_gain_4,False,main,6,20.61509629511494,0.0,0.0,5.2843211789822125e-06,3.522880785988169e-07,20.62470850024675,20.62470850024675,0.0,0.0,0.9999080596538689,True,4.0,0.0013791051919671287,0.0013764630313776373,0.0013738208707881464,25.0,13.0,[],True,9.194034613114191e-05,9.17642020918425e-05,9.176420209184251e-05,9.15880580525431e-05,robust_hit,6,3,2,N,False
nav_gain_4,False,main,6,23.08472661001156,0.0,0.0,3.916490837189545e-06,2.610993891459778e-07,23.095293609049182,23.095293609049182,0.0,0.0,0.99990843671466,True,4.0,0.0013734492801006804,0.0013714910346820854,0.0013695327892634908,30.0,13.0,[],True,9.156328534004536e-05,9.143273564547238e-05,9.143273564547237e-05,9.130218595089939e-05,robust_hit,6,3,2,N,False
nav_gain_4,False,main,6,25.32855395787746,0.0,0.0,5.767506234077933e-06,3.845004156051955e-07,25.33945226993436,25.33945226993436,0.0,0.0,0.9999072517931779,True,4.0,0.0013912231023321935,0.0013883393492151546,0.0013854555960981156,35.0,13.0,[],True,9.274820682214623e-05,9.255595661434363e-05,9.255595661434363e-05,9.236370640654103e-05,robust_hit,6,3,2,N,False
nav_gain_4,False,main,6,27.342096423656695,0.0,0.0,4.114658885422074e-06,2.7431059236147253e-07,27.35347189617447,27.35347189617447,0.0,0.0,0.99990783912253,True,4.0,0.0013824131620495405,0.0013803558326068296,0.0013782985031641185,40.0,13.0,[],True,9.216087746996936e-05,9.202372217378863e-05,9.202372217378862e-05,9.188656687760789e-05,robust_hit,6,3,2,N,False
nav_gain_4,False,main,6,29.114683341570974,0.0,0.0,4.25744106997538e-06,2.8382940466502174e-07,29.126040014352625,29.126040014352625,0.0,0.0,0.9999069679610941,True,4.0,0.0013954805835888076,0.0013933518630538197,0.0013912231425188323,45.0,13.0,[],True,9.30320389059205e-05,9.2890124203588e-05,9.2890124203588e-05,9.274820950125548e-05,robust_hit,6,3,2,N,False
nav_gain_4,False,main,6,30.62329708899527,0.0,0.0,2.822936637991323e-06,1.881957758660918e-07,30.63382369266175,30.63382369266175,0.0,0.0,0.9999072413882933,True,4.0,0.0013913791756002933,0.0013899677072812975,0.001388556238962302,50.0,13.0,[],True,9.275861170668622e-05,9.266451381875318e-05,9.266451381875318e-05,9.257041593082013e-05,robust_hit,6,3,2,N,False
nav_gain_4,False,main,6,31.812058171865566,0.0,0.0,1.2356240722262261e-06,8.237493814841688e-08,31.82090060679511,31.82090060679511,0.0,0.0,0.9999077030677826,True,4.0,0.0013844539832595167,0.0013838361712234036,0.0013832183591872904,55.0,13.0,[],True,9.229693221730111e-05,9.22557447482269e-05,9.22557447482269e-05,9.22145572791527e-05,robust_hit,6,3,2,N,False
nav_gain_4,False,main,6,32.59923269378748,0.0,0.0,2.0434058803321317e-08,1.3622705868898948e-09,32.605358044023454,32.605358044023454,0.0,0.0,0.9999083267608325,True,4.0,0.0013750985875118041,0.0013750883704824026,0.0013750781534530008,60.0,13.0,[],True,9.167323916745361e-05,9.167255803216015e-05,9.167255803216017e-05,9.167187689686672e-05,robust_hit,6,3,2,M,False
nav_gain_4,False,main,0,32.62718741770985,0.0,0.0,2.136035982402973e-05,1.4240239920582098e-06,32.684239461437485,32.684239461437485,0.0,0.0,251.1758596199165,True,4.0,3782.6379156591074,3782.637904978927,3782.6378942987476,65.0,13.0,[],True,252.1758610439405,252.17586033192848,252.1758603319285,252.1758596199165,robust_miss,6,3,2,M,False
nav_gain_4,False,main,0,30.261923284647402,0.0,0.0,3.537342126946896e-05,2.3582281301059993e-06,30.411227957112477,30.411227957112477,0.0,0.0,588.275797333672,True,4.0,8839.136995378502,8839.13697769179,8839.13696000508,70.0,13.0,[],True,589.2757996919001,589.2757985127861,589.2757985127861,589.275797333672,robust_miss,6,3,2,O,False
nav_gain_4,False,main,0,20.840460189532756,0.0,0.0,4.244685078447219e-05,2.829789991665166e-06,20.99750582436779,20.99750582436779,0.0,0.0,791.3252091312114,True,4.0,11884.878179415022,11884.878158191597,11884.878136968171,75.0,13.0,[],True,792.3252119610014,792.3252105461064,792.3252105461064,792.3252091312114,robust_miss,6,3,2,O,False
nav_gain_4,False,main,0,5.174485770637535,0.0,0.0,8.14533414086327e-05,5.430222813629371e-06,6.0227139649319215,6.0227139649319215,0.0,0.0,853.4267576982114,True,4.0,12816.401446926513,12816.40140619984,12816.401365473172,80.0,13.0,[],True,854.4267631284342,854.4267604133229,854.4267604133229,854.4267576982114,robust_miss,6,3,2,O,False
nav_gain_4,False,main,0,5.614599070114391,0.0,0.0,0.00010245614430459682,6.8304095748317195e-06,5.688531930903668,5.688531930903668,0.0,0.0,864.2794984932714,True,4.0,12979.192579855215,12979.192528627143,12979.19247739907,85.0,13.0,[],True,865.279505323681,865.2795019084762,865.2795019084762,865.2794984932714,robust_miss,6,3,2,O,False
nav_gain_4,False,main,0,0.0,0.0,0.0,0.00011414665641495958,7.609777071593271e-06,0.0,0.0,0.0,0.0,865.6687378339954,True,4.0,13000.031181656586,13000.031124583258,13000.03106750993,90.0,13.0,[],True,866.6687454437724,866.668741638884,866.6687416388838,866.6687378339954,robust_miss,6,3,2,O,False
nav_gain_4,False,main,3,1.8014706545557722,0.0,0.0,0.0,0.0,6.124999999999999,6.124999999999999,0.0,0.0,0.9999091858438546,True,4.0,0.0013622123421813848,0.0013622123421813848,0.0013622123421813848,0.0,14.0,[],True,9.081415614542565e-05,9.081415614542567e-05,9.081415614542565e-05,9.081415614542565e-05,robust_hit,3,3,1,N,False
nav_gain_4,False,main,6,6.676306155935525,0.0,0.0,1.3138528985384354e-06,8.759019323589118e-08,6.702661712779684,6.702661712779684,0.0,0.0,0.999909101069102,True,4.0,0.0013634839634694904,0.0013628270370202214,0.001362170110570952,5.0,14.0,[],True,9.089893089796602e-05,9.085513580134807e-05,9.085513580134807e-05,9.081134070473013e-05,robust_hit,6,3,2,N,False
nav_gain_4,False,main,6,11.197755586342874,0.0,0.0,3.1458108329751686e-06,2.0972072219835e-07,11.20303545905218,11.20303545905218,0.0,0.0,0.9999088348074882,True,4.0,0.0013674778876783056,0.0013659049822618181,0.0013643320768453304,10.0,14.0,[],True,9.116519251188705e-05,9.106033215078786e-05,9.106033215078787e-05,9.09554717896887e-05,robust_hit,6,3,2,N,False
nav_gain_4,False,main,6,14.697716325594362,0.0,0.0,3.3391090325592294e-06,2.2260726883727925e-07,14.704220568628278,14.704220568628278,0.0,0.0,0.9999087777125357,True,4.0,0.0013683343119642263,0.0013666647574479467,0.001364995202931667,15.0,14.0,[],True,9.122228746428175e-05,9.11109838298631e-05,9.11109838298631e-05,9.099968019544447e-05,robust_hit,6,3,2,N,False
nav_gain_4,False,main,6,17.6642786997114,0.0,0.0,4.5126129825947235e-06,3.00840865506314e-07,17.671907874527843,17.671907874527843,0.0,0.0,0.9999084329593165,True,4.0,0.0013735056102519867,0.0013712493037606893,0.001368992997269392,20.0,14.0,[],True,9.156704068346578e-05,9.141662025071263e-05,9.141662025071261e-05,9.126619981795946e-05,robust_hit,6,3,2,N,False
nav_gain_4,False,main,6,20.298426148624372,0.0,0.0,3.867377175739272e-06,2.578251450492875e-07,20.30695775330888,20.30695775330888,0.0,0.0,0.9999085523914776,True,4.0,0.0013717141278365317,0.001369780439248662,0.0013678467506607925,25.0,14.0,[],True,9.144760852243545e-05,9.131869594991081e-05,9.13186959499108e-05,9.118978337738616e-05,robust_hit,6,3,2,N,False
nav_gain_4,False,main,6,22.680308936897845,0.0,0.0,5.667651632894344e-06,3.778434421929463e-07,22.68987475904242,22.68987475904242,0.0,0.0,0.9999076763174563,True,4.0,0.0013848552381564739,0.0013820214123400267,0.0013791875865235795,30.0,14.0,[],True,9.232368254376492e-05,9.213476082266844e-05,9.213476082266844e-05,9.194583910157197e-05,robust_hit,6,3,2,N,False
nav_gain_4,False,main,6,24.83656429112915,0.0,0.0,5.119392997362344e-06,3.41292866490813e-07,24.846401072404923,24.846401072404923,0.0,0.0,0.9999076444886109,True,4.0,0.0013853326708363615,0.0013827729743376802,0.0013802132778389991,35.0,14.0,[],True,9.235551138909076e-05,9.218486495584536e-05,9.218486495584535e-05,9.201421852259995e-05,robust_hit,6,3,2,N,False
nav_gain_4,False,main,6,26.76391105705487,0.0,0.0,3.6751983443137053e-06,2.450132229542479e-07,26.774123141140223,26.774123141140223,0.0,0.0,0.9999080942948432,True,4.0,0.001378585577352991,0.0013767479781808343,0.0013749103790086773,40.0,14.0,[],True,9.190570515686607e-05,9.178319854538895e-05,9.178319854538894e-05,9.166069193391182e-05,robust_hit,6,3,2,N,False
nav_gain_4,False,main,6,28.452214373473872,0.0,0.0,3.962117660486321e-06,2.641411773657466e-07,28.462310212441192,28.462310212441192,0.0,0.0,0.9999072340069445,True,4.0,0.0013914898958334136,0.0013895088370031704,0.0013875277781729273,45.0,14.0,[],True,9.27659930555609e-05,9.263392246687802e-05,9.263392246687804e-05,9.250185187819516e-05,robust_hit,6,3,2,N,False
nav_gain_4,False,main,6,29.878800787921712,0.0,0.0,3.294912854028085e-06,2.1966085693520747e-07,29.8880326486278,29.8880326486278,0.0,0.0,0.9999064284556186,True,4.0,0.0014035731657215283,0.0014019257092945144,0.0014002782528675002,50.0,14.0,[],True,9.357154438143522e-05,9.346171395296762e-05,9.346171395296762e-05,9.335188352450002e-05,robust_hit,6,3,2,N,False
nav_gain_4,False,main,6,30.991272605407097,0.0,0.0,1.553756065207244e-06,1.0358373768048926e-07,30.99896123489255,30.99896123489255,0.0,0.0,0.9999065553555435,True,4.0,0.0014016696668471048,0.0014008927888145013,0.0014001159107818976,55.0,14.0,[],True,9.344464445647365e-05,9.33928525876334e-05,9.339285258763342e-05,9.334106071879317e-05,robust_hit,6,3,2,M,False
nav_gain_4,False,main,6,31.704068306113317,0.0,0.0,1.0471913531873156e-06,6.981275690876032e-08,31.710962074520577,31.710962074520577,0.0,0.0,0.4722118516793382,True,4.0,7.916822224809926,7.91682170121425,7.916821177618573,60.0,14.0,[],True,0.5277881483206618,0.5277881134142833,0.5277881134142833,0.5277880785079049,robust_hit,6,3,2,M,False
nav_gain_4,False,main,0,31.475887882711316,0.0,0.0,2.1974341507302597e-05,1.4649561421720136e-06,31.552549730891407,31.552549730891407,0.0,0.0,278.4268668655616,True,4.0,4191.403024957765,4191.403013970595,4191.403002983424,65.0,14.0,[],True,279.4268683305177,279.4268675980397,279.4268675980396,279.4268668655616,robust_miss,6,3,2,M,False
nav_gain_4,False,main,0,28.904150502647333,0.0,0.0,3.564596045180224e-05,2.3763973331369925e-06,29.06628251494858,29.06628251494858,0.0,0.0,638.055835027801,True,4.0,9585.837561062976,9585.837543239995,9585.837525417015,70.0,14.0,[],True,639.0558374041983,639.0558362159996,639.0558362159996,639.055835027801,robust_miss,6,3,2,O,False
nav_gain_4,False,main,0,19.873684650813342,0.0,0.0,4.255323619872797e-05,2.836882345036429e-06,20.04140015745766,20.04140015745766,0.0,0.0,854.0228035933553,True,4.0,12825.342096453565,12825.342075176946,12825.34205390033,75.0,14.0,[],True,855.0228064302377,855.0228050117965,855.0228050117964,855.0228035933553,robust_miss,6,3,2,O,False
nav_gain_4,False,main,0,4.873393076078424,0.0,0.0,7.987498429429252e-05,5.324999051481427e-06,5.868639129817018,5.868639129817018,0.0,0.0,919.2625862177163,True,4.0,13803.938873140729,13803.938833203238,13803.938793265745,80.0,14.0,[],True,920.2625915427153,920.2625888802158,920.2625888802158,920.2625862177163,robust_miss,6,3,2,O,False
nav_gain_4,False,main,0,5.629772973764953,0.0,0.0,0.00010185355495195836,6.790236966480734e-06,5.695147411829227,5.695147411829227,0.0,0.0,930.8885161488407,True,4.0,13978.327844086165,13978.327793159386,13978.32774223261,85.0,14.0,[],True,931.8885229390777,931.8885195439592,931.8885195439592,931.8885161488407,robust_miss,6,3,2,O,False
nav_gain_4,False,main,0,0.0,0.0,0.0,0.00011414669279474765,7.609779459016863e-06,0.0,0.0,0.0,0.0,932.3352562886773,True,4.0,14000.028958476852,14000.028901403506,14000.02884433016,90.0,14.0,[],True,933.3352638984568,933.3352600935672,933.3352600935671,933.3352562886773,robust_miss,6,3,2,O,False
nav_gain_4,False,main,3,1.8014706545557722,0.0,0.0,0.0,0.0,6.124999999999999,6.124999999999999,0.0,0.0,0.9999091858412974,True,4.0,0.0013622123805395352,0.0013622123805395352,0.0013622123805395352,0.0,15.0,[],True,9.081415870263568e-05,9.081415870263567e-05,9.081415870263568e-05,9.081415870263568e-05,robust_hit,3,3,1,N,False
nav_gain_4,False,main,6,6.540138574981591,0.0,0.0,1.2807297557863861e-06,8.538198371909331e-08,6.576588961625336,6.576588961625336,0.0,0.0,0.999909104228227,True,4.0,0.0013634365765950935,0.0013627962117172003,0.001362155846839307,5.0,15.0,[],True,9.089577177300624e-05,9.08530807811467e-05,9.08530807811467e-05,9.081038978928714e-05,robust_hit,6,3,2,N,False
nav_gain_4,False,main,6,11.069381203064363,0.0,0.0,3.0810929558373022e-06,2.054061970558111e-07,11.093941771985236,11.093941771985236,0.0,0.0,0.9999088470514181,True,4.0,0.0013672942287271325,0.0013657536822492139,0.0013642131357712952,10.0,15.0,[],True,9.115294858180883e-05,9.105024548328092e-05,9.105024548328092e-05,9.094754238475302e-05,robust_hit,6,3,2,N,False
nav_gain_4,False,main,6,14.545114384155147,0.0,0.0,4.160751607134184e-06,2.773834404756168e-07,14.551442931719086,14.551442931719086,0.0,0.0,0.9999085840329586,True,4.0,0.001371239505621171,0.001369159129817604,0.0013670787540140368,15.0,15.0,[],True,9.14159670414114e-05,9.127727532117359e-05,9.127727532117359e-05,9.113858360093579e-05,robust_hit,6,3,2,N,False
nav_gain_4,False,main,6,17.43060480900151,0.0,0.0,2.6033770631958813e-06,1.7355847087972994e-07,17.437814900196898,17.437814900196898,0.0,0.0,0.9999089012952488,True,4.0,0.00136648057126798,0.0013651788827363821,0.001363877194204784,20.0,15.0,[],True,9.109870475119867e-05,9.101192551575881e-05,9.101192551575881e-05,9.092514628031894e-05,robust_hit,6,3,2,N,False
nav_gain_4,False,main,6,20.004395490470706,0.0,0.0,5.480067508962811e-06,3.6533783393084775e-07,20.012432454575162,20.012432454575162,0.0,0.0,0.9999079756392432,True,4.0,0.0013803654113532617,0.00137762537759878,0.001374885343844299,25.0,15.0,[],True,9.202436075688411e-05,9.184169183991869e-05,9.184169183991869e-05,9.165902292295326e-05,robust_hit,6,3,2,N,False
nav_gain_4,False,main,6,22.306760354091352,0.0,0.0,5.12173955579732e-06,3.4144930371982855e-07,22.31530169176873,22.31530169176873,0.0,0.0,0.9999079381685714,True,4.0,0.0013809274714290819,0.0013783666016511833,0.0013758057318732845,30.0,15.0,[],True,9.206183142860546e-05,9.189110677674556e-05,9.189110677674555e-05,9.172038212488563e-05,robust_hit,6,3,2,N,False
nav_gain_4,False,main,6,24.383248952445165,0.0,0.0,3.4515577026000485e-06,2.3010384683999781e-07,24.392419781573896,24.392419781573896,0.0,0.0,0.9999084554432243,True,4.0,0.0013731683516353477,0.0013714425727840475,0.0013697167939327477,35.0,15.0,[],True,9.154455677568985e-05,9.142950485226983e-05,9.142950485226985e-05,9.131445292884985e-05,robust_hit,6,3,2,N,False
nav_gain_4,False,main,6,26.232790096100043,0.0,0.0,5.168598633668951e-06,3.4457324224460213e-07,26.24197375783673,26.24197375783673,0.0,0.0,0.9999070393863049,True,4.0,0.0013944092054271485,0.001391824906110314,0.0013892406067934795,40.0,15.0,[],True,9.296061369514324e-05,9.278832707402094e-05,9.278832707402094e-05,9.261604045289864e-05,robust_hit,6,3,2,N,False
nav_gain_4,False,main,6,27.84495042250388,0.0,0.0,4.211134954116083e-06,2.8074233027440283e-07,27.85371474719381,27.85371474719381,0.0,0.0,0.9999069445227072,True,4.0,0.0013958321593907802,0.001393726591913722,0.001391621024436664,45.0,15.0,[],True,9.305547729271868e-05,9.291510612758148e-05,9.291510612758147e-05,9.277473496244427e-05,robust_hit,6,3,2,N,False
nav_gain_4,False,main,6,29.196495453304333,0.0,0.0,2.301427720569158e-06,1.5342851470461958e-07,29.20478641556321,29.20478641556321,0.0,0.0,0.9999078058919412,True,4.0,0.001382911620882042,0.0013817609070217575,0.001380610193161473,50.0,15.0,[],True,9.219410805880281e-05,9.21173938014505e-05,9.21173938014505e-05,9.204067954409819e-05,robust_hit,6,3,2,N,False
nav_gain_4,False,main,6,30.237306185916704,0.0,0.0,1.407721966415398e-06,9.3848131094368e-08,30.243883961412227,30.243883961412227,0.0,0.0,0.9999067949349023,True,4.0,0.0013980759764658257,0.001397372115482618,0.0013966682544994103,55.0,15.0,[],True,9.320506509772171e-05,9.315814103217452e-05,9.315814103217452e-05,9.311121696662735e-05,robust_hit,6,3,2,M,False
nav_gain_4,False,main,0,30.842580066289198,0.0,0.0,3.817225206148578e-06,2.544816801730576e-07,30.869782580182537,30.869782580182537,0.0,0.0,5.8509842569766395,True,4.0,102.7647676718748,102.76476576326219,102.76476385464959,60.0,15.0,[],True,6.85098451145832,6.85098438421748,6.85098438421748,6.8509842569766395,robust_miss,6,3,2,M,False
nav_gain_4,False,main,0,30.385927297295087,0.0,0.0,2.2465994334197603e-05,1.4977329669818573e-06,30.479633990842302,30.479633990842302,0.0,0.0,304.66831695092714,True,4.0,4585.0247767299015,4585.024765496904,4585.024754263907,65.0,15.0,[],True,305.6683184486601,305.6683176997936,305.66831769979365,305.66831695092714,robust_miss,6,3,2,M,False
nav_gain_4,False,main,0,27.655422330940073,0.0,0.0,3.59310106432531e-05,2.395400770183187e-06,27.82961453208586,27.82961453208586,0.0,0.0,688.822284328397,True,4.0,10347.334300856966,10347.334282891461,10347.334264925956,70.0,15.0,[],True,689.8222867237978,689.8222855260974,689.8222855260974,689.822284328397,robust_miss,6,3,2,O,False
nav_gain_4,False,main,0,18.978824867261565,0.0,0.0,4.264236122253351e-05,2.8428240739231114e-06,19.155292187544415,19.155292187544415,0.0,0.0,916.7285204976156,True,4.0,13765.927850106595,13765.927828785416,13765.927807464233,75.0,15.0,[],True,917.7285233404397,917.7285219190276,917.7285219190276,917.7285204976156,robust_miss,6,3,2,O,False
nav_gain_4,False,main,0,5.195922102829403,0.0,0.0,7.841269143682439e-05,5.227512701821979e-06,6.03802366870658,6.03802366870658,0.0,0.0,985.1106012991252,True,4.0,14791.659097899568,14791.659058693222,14791.659019486877,80.0,15.0,[],True,986.1106065266379,986.1106039128814,986.1106039128815,986.1106012991252,robust_miss,6,3,2,O,False
nav_gain_4,False,main,0,5.64555636769493,0.0,0.0,0.0001012767734209774,6.751784894731827e-06,5.703930024436688,5.703930024436688,0.0,0.0,997.4989300703849,True,4.0,14977.484052332546,14977.48400169416,14977.483951055772,85.0,15.0,[],True,998.4989368221698,998.4989334462774,998.4989334462773,998.4989300703849,robust_miss,6,3,2,O,False
nav_gain_4,False,main,0,0.0,0.0,0.0,0.00011414672371756751,7.609781505379942e-06,0.0,0.0,0.0,0.0,999.0017945049,True,4.0,15000.027031720223,15000.026974646862,15000.0269175735,90.0,15.0,[],True,1000.0018021146815,1000.0017983097908,1000.0017983097907,1000.0017945049,robust_miss,6,3,2,O,False
nav_gain_4,False,main,3,1.8014706545557722,0.0,0.0,0.0,0.0,6.124999999999999,6.124999999999999,0.0,0.0,0.9999091858386688,True,4.0,0.0013622124199678543,0.0013622124199678543,0.0013622124199678543,0.0,16.0,[],True,9.081416133119028e-05,9.081416133119027e-05,9.081416133119028e-05,9.081416133119028e-05,robust_hit,3,3,1,N,False
nav_gain_4,False,main,6,6.385278303047714,0.0,0.0,1.1709143803229679e-06,7.806095868819244e-08,6.4301644569465735,6.4301644569465735,0.0,0.0,0.9999091143135269,True,4.0,0.0013632852970958294,0.0013626998399056678,0.0013621143827155064,5.0,16.0,[],True,9.088568647305529e-05,9.084665599371119e-05,9.084665599371119e-05,9.08076255143671e-05,robust_hit,6,3,2,N,False
nav_gain_4,False,main,6,10.899599416234352,0.0,0.0,1.8837176361998637e-06,1.2558117574665035e-07,10.931258217248015,10.931258217248015,0.0,0.0,0.9999090354310777,True,4.0,0.0013644685338343927,0.0013635266750162925,0.0013625848161981928,10.0,16.0,[],True,9.096456892229284e-05,9.090177833441953e-05,9.090177833441951e-05,9.083898774654619e-05,robust_hit,6,3,2,N,False
nav_gain_4,False,main,6,14.399456404788008,0.0,0.0,3.6707995265986785e-06,2.447199684399074e-07,14.405327994175003,14.405327994175003,0.0,0.0,0.9999087037973148,True,4.0,0.0013694430402786811,0.001367607640515382,0.0013657722407520825,15.0,16.0,[],True,9.12962026852454e-05,9.117384270102545e-05,9.117384270102545e-05,9.10514827168055e-05,robust_hit,6,3,2,N,False
nav_gain_4,False,main,6,17.210967467379614,0.0,0.0,4.351566734951164e-06,2.9010444899674605e-07,17.217481416240624,17.217481416240624,0.0,0.0,0.9999084801170331,True,4.0,0.001372798244502213,0.0013706224611347373,0.0013684466777672617,20.0,16.0,[],True,9.15198829668142e-05,9.137483074231582e-05,9.137483074231582e-05,9.122977851781745e-05,robust_hit,6,3,2,N,False
nav_gain_4,False,main,6,19.728740570157733,0.0,0.0,3.651022957665848e-06,2.4340153051106105e-07,19.735983682074128,19.735983682074128,0.0,0.0,0.9999086135180555,True,4.0,0.0013707972291672318,0.001368971717688399,0.001367146206209566,25.0,16.0,[],True,9.138648194448212e-05,9.126478117922658e-05,9.126478117922658e-05,9.114308041397106e-05,robust_hit,6,3,2,N,False
nav_gain_4,False,main,6,21.958152381109997,0.0,0.0,3.928754146305348e-06,2.6191694308701414e-07,21.96623077120544,21.96623077120544,0.0,0.0,0.9999084259043086,True,4.0,0.0013736114353700213,0.0013716470582968686,0.001369682681223716,30.0,16.0,[],True,9.157409569133475e-05,9.144313721979123e-05,9.144313721979125e-05,9.131217874824774e-05,robust_hit,6,3,2,N,False
nav_gain_4,False,main,6,23.957211386659445,0.0,0.0,5.133333615142286e-06,3.4222224100948124e-07,23.96551160290833,23.96551160290833,0.0,0.0,0.9999076211535807,True,4.0,0.0013856826962906062,0.0013831160294830351,0.001380549362675464,35.0,16.0,[],True,9.237884641937375e-05,9.220773529886901e-05,9.220773529886901e-05,9.203662417836427e-05,robust_hit,6,3,2,N,False
nav_gain_4,False,main,6,25.74075800139556,0.0,0.0,4.080992947668588e-06,2.720661965112446e-07,25.74926098378564,25.74926098378564,0.0,0.0,0.9999078256114283,True,4.0,0.0013826158285750016,0.0013805753321011673,0.001378534835627333,40.0,16.0,[],True,9.217438857166677e-05,9.203835547341115e-05,9.203835547341115e-05,9.190232237515553e-05,robust_hit,6,3,2,N,False
nav_gain_4,False,main,6,27.283198017849077,0.0,0.0,4.127249814780661e-06,2.7514998765203864e-07,27.291454504201997,27.291454504201997,0.0,0.0,0.9999069976861467,True,4.0,0.0013950347077996464,0.0013929710828922562,0.0013909074579848658,45.0,16.0,[],True,9.300231385330976e-05,9.286473885948374e-05,9.286473885948374e-05,9.272716386565772e-05,robust_hit,6,3,2,N,False
nav_gain_4,False,main,6,28.567010394419466,0.0,0.0,3.05987007428901e-06,2.0399133828594032e-07,28.574139669027126,28.574139669027126,0.0,0.0,0.9999066429942238,True,4.0,0.0014003550866419497,0.0013988251516048053,0.0013972952165676607,50.0,16.0,[],True,9.335700577612999e-05,9.325501010698701e-05,9.325501010698701e-05,9.315301443784405e-05,robust_hit,6,3,2,N,False
nav_gain_4,False,main,6,29.543168510318715,0.0,0.0,1.2769584410710078e-06,8.513056273806718e-08,29.548813206581215,29.548813206581215,0.0,0.0,0.9999069907240057,True,4.0,0.0013951391399147084,0.0013945006606941729,0.0013938621814736374,55.0,16.0,[],True,9.300927599431389e-05,9.296671071294485e-05,9.296671071294485e-05,9.292414543157582e-05,robust_hit,6,3,2,M,False
nav_gain_4,False,main,0,30.00211062059919,0.0,0.0,4.821221750717086e-06,3.2141478278902014e-07,30.047651963669338,30.047651963669338,0.0,0.0,10.15356234105539,True,4.0,167.3034399370526,167.3034375264417,167.30343511583084,60.0,16.0,[],True,11.153562662470172,11.15356250176278,11.153562501762782,11.15356234105539,robust_miss,6,3,2,M,False
nav_gain_4,False,main,0,29.358353314118073,0.0,0.0,2.2909920517122373e-05,1.5273280382643861e-06,29.46728894771726,29.46728894771726,0.0,0.0,330.7499505128145,True,4.0,4976.249280602138,4976.249269147178,4976.249257692218,65.0,16.0,[],True,331.74995204014255,331.7499512764785,331.74995127647855,331.7499505128145,robust_miss,6,3,2,O,False
nav_gain_4,False,main,0,26.50152983990351,0.0,0.0,3.6129775253357366e-05,2.4086516532406677e-06,26.687008364898663,26.687008364898663,0.0,0.0,738.4640184626023,True,4.0,11091.96031306881,11091.96029500392,11091.960276939035,70.0,16.0,[],True,739.464020871254,739.4640196669283,739.4640196669282,739.4640184626023,robust_miss,6,3,2,O,False
nav_gain_4,False,main,0,18.153792413693466,0.0,0.0,4.27054528699955e-05,2.8470302595451358e-06,18.332514253388496,18.332514253388496,0.0,0.0,979.1862372793805,True,4.0,14702.79360189616,14702.793580543434,14702.793559190708,75.0,16.0,[],True,980.1862401264108,980.1862387028956,980.1862387028957,980.1862372793805,robust_miss,6,3,2,O,False
nav_gain_4,False,main,0,4.944739460289817,0.0,0.0,7.689232006669044e-05,5.1261547469039215e-06,5.970357259067313,5.970357259067313,0.0,0.0,1050.9595600581904,True,4.0,15779.393477765176,15779.393439319016,15779.393400872856,80.0,16.0,[],True,1051.9595651843451,1051.9595626212679,1051.9595626212677,1051.9595600581904,robust_miss,6,3,2,O,False
nav_gain_4,False,main,0,5.661354371926029,0.0,0.0,0.00010070485586766154,6.713657057844102e-06,5.713915292028579,5.713915292028579,0.0,0.0,1064.1105663608114,True,4.0,15976.658596117028,15976.6585457646,15976.658495412172,85.0,16.0,[],True,1065.1105730744684,1065.11056971764,1065.11056971764,1065.1105663608114,robust_miss,6,3,2,O,False
nav_gain_4,False,main,0,0.0,0.0,0.0,0.00011414674918341916,7.609783324369346e-06,0.0,0.0,0.0,0.0,1065.6683487773873,True,4.0,16000.02534580756,16000.025288734185,16000.025231660811,90.0,16.0,[],True,1066.6683563871707,1066.6683525822789,1066.668352582279,1066.6683487773873,robust_miss,6,3,2,O,False
nav_gain_4,False,holdout,6,4.507881398526341,0.0,0.0,7.503929211755134e-07,5.0026194745036935e-08,6.1090122575015515,6.1090122575015515,0.0,0.0,0.9999091416108532,True,4.0,0.0013628758372018035,0.0013625006407412155,0.001362125444280628,2.5,4.5,[],True,9.08583891467869e-05,9.083337604941439e-05,9.083337604941439e-05,9.080836295204186e-05,robust_hit,6,3,2,,False
nav_gain_4,False,holdout,6,11.12856367608083,0.0,0.0,1.8953327452031574e-06,1.2635551634687626e-07,11.143997888259346,11.143997888259346,0.0,0.0,0.9999090686958915,True,4.0,0.0013639695616273534,0.001363021895254752,0.0013620742288821502,7.5,4.5,[],True,9.093130410849022e-05,9.086812635031679e-05,9.086812635031679e-05,9.080494859214335e-05,robust_hit,6,3,2,,False
nav_gain_4,False,holdout,6,15.896776116065322,0.0,0.0,5.877830361671185e-06,3.9185535744474837e-07,15.919231314341047,15.919231314341047,0.0,0.0,0.9999085423573639,True,4.0,0.0013718646395413112,0.0013689257243604755,0.00136598680917964,12.5,4.5,[],True,9.145764263608741e-05,9.126171495736505e-05,9.126171495736505e-05,9.106578727864266e-05,robust_hit,6,3,2,,False
nav_gain_4,False,holdout,6,20.29699063234613,0.0,0.0,9.253777199979586e-06,6.169184799986364e-07,20.325115160023806,20.325115160023806,0.0,0.0,0.9999076517423102,True,4.0,0.001385223865346627,0.0013805969767466371,0.0013759700881466473,17.5,4.5,[],True,9.234825768977512e-05,9.20397984497758e-05,9.203979844977581e-05,9.173133920977649e-05,robust_hit,6,3,2,,False
nav_gain_4,False,holdout,6,24.495203248854736,0.0,0.0,8.757158419679363e-06,5.83810561311963e-07,24.53112922978152,24.53112922978152,0.0,0.0,0.9999076329018791,True,4.0,0.0013855064718126537,0.001381127892602814,0.0013767493133929744,22.5,4.5,[],True,9.236709812084358e-05,9.20751928401876e-05,9.20751928401876e-05,9.178328755953162e-05,robust_hit,6,3,2,,False
nav_gain_4,False,holdout,6,28.474294474176013,0.0,0.0,9.980769241947629e-06,6.653846161298329e-07,28.516920070879117,28.516920070879117,0.0,0.0,0.9999068579135635,True,4.0,0.0013971312965481081,0.0013921409119271343,0.0013871505273061605,27.5,4.5,[],True,9.314208643654054e-05,9.280939412847562e-05,9.280939412847562e-05,9.24767018204107e-05,robust_hit,6,3,2,,False
nav_gain_4,False,holdout,6,32.219219435267576,0.0,0.0,8.16845204553232e-06,5.445634697021583e-07,32.266428072437954,32.266428072437954,0.0,0.0,0.999907201330276,True,4.0,0.001391980045860253,0.0013878958198374868,0.0013838115938147207,32.5,4.5,[],True,9.279866972401687e-05,9.25263879891658e-05,9.25263879891658e-05,9.225410625431472e-05,robust_hit,6,3,2,,False
nav_gain_4,False,holdout,6,34.999915644775776,0.0,0.09689922480620156,1.0281444960159002e-05,6.854296640105992e-07,35.0,35.88998837258835,0.0,0.0,0.9999049213412486,True,4.0,0.0014261798812697497,0.0014210391587896702,0.0014158984363095907,37.5,4.5,[],True,9.507865875131665e-05,9.473594391931135e-05,9.473594391931135e-05,9.439322908730605e-05,robust_hit,6,3,2,,False
nav_gain_4,False,holdout,6,34.999999999974186,0.0,0.2517985611510791,8.205664358262475e-06,5.470442905508344e-07,35.0,41.36952503951819,0.0,0.0,0.9999045740087269,True,4.0,0.0014313898690965154,0.0014272870369173843,0.001423184204738253,42.5,4.5,[],True,9.542599127310103e-05,9.51524691278256e-05,9.51524691278256e-05,9.487894698255019e-05,robust_hit,6,3,2,,False
nav_gain_4,False,holdout,6,34.99999999999999,0.0,0.346875,2.375317315317241e-06,1.5835448768781427e-07,35.0,49.042550683745496,0.0,0.0,0.9999082651897924,True,4.0,0.001376022153114722,0.0013748344944570633,0.0013736468357994048,47.5,4.5,[],True,9.173481020764814e-05,9.165563296380422e-05,9.165563296380423e-05,9.157645571996032e-05,robust_hit,6,3,2,,False
nav_gain_4,False,holdout,6,34.99999999999999,0.0,0.383248730964467,1.8385978233089687e-06,1.2257318822059791e-07,35.0,59.463354800639706,0.0,0.0,0.9999059458109973,True,4.0,0.001410812835040178,0.0014098935361285235,0.001408974237216869,52.5,4.5,[],True,9.405418900267854e-05,9.399290240856826e-05,9.399290240856824e-05,9.393161581445795e-05,robust_hit,6,3,2,,False
nav_gain_4,False,holdout,0,34.99999999999999,0.0,0.38562091503267976,6.9311140009631345e-06,4.620742650729426e-07,35.00000000000001,74.39455485349703,0.0,0.0,19.648581680134953,True,4.0,309.7287321331383,309.72872866758127,309.7287252020243,57.5,4.5,[],True,20.648582142209218,20.648581911172084,20.648581911172087,20.648581680134953,robust_miss,6,3,2,,False
nav_gain_4,False,holdout,0,34.99999999999999,0.0,0.4297297297297297,2.045893415925093e-05,1.3639289448974523e-06,35.0,85.03311271588824,0.0,0.0,92.19184092650137,True,4.0,1397.8776343564548,1397.8776241269877,1397.8776138975206,62.5,4.5,[],True,93.19184229043032,93.19184160846584,93.19184160846584,93.19184092650137,robust_miss,6,3,2,,False
nav_gain_4,False,holdout,0,34.99999999999999,0.0,0.3890784982935154,2.8851231036242098e-05,1.923415396731798e-06,35.0,85.75088572987933,0.0,0.0,155.85893455561686,True,4.0,2352.8840471854837,2352.884032759868,2352.8840183342527,67.5,4.5,[],True,156.85893647903225,156.85893551732457,156.85893551732454,156.85893455561686,robust_miss,6,3,2,,False
nav_gain_4,False,holdout,0,34.99999999970223,0.0,0.2857142857142857,4.947424213241902e-05,3.2982828201966186e-06,35.0,61.095088110237455,0.0,0.0,224.44964749046088,True,4.0,3381.7447618311553,3381.744737094034,3381.744712356913,72.5,4.5,[],True,225.4496507887437,225.44964913960226,225.4496491396023,225.44964749046088,robust_miss,6,3,2,,False
nav_gain_4,False,holdout,0,13.038599347625611,0.0,0.0,8.802499996818369e-05,5.868333346370491e-06,14.512293303678025,14.512293303678025,0.0,0.0,287.5020290436626,True,4.0,4327.5305236799395,4327.53047966744,4327.5304356549395,77.5,4.5,[],True,288.50203491199596,288.5020319778293,288.5020319778293,288.5020290436626,robust_miss,6,3,2,,False
nav_gain_4,False,holdout,0,3.6354330372812202,0.0,0.0,0.00010393925458629383,6.9292836428758164e-06,3.9262355540748004,3.9262355540748004,0.0,0.0,296.9288606400267,True,4.0,4468.933013539655,4468.932961570027,4468.9329096004,82.5,4.5,[],True,297.92886756931034,297.92886410466855,297.9288641046685,297.9288606400267,robust_miss,6,3,2,,False
nav_gain_4,False,holdout,0,5.594017474518813,0.0,0.0,0.00011155341962876264,7.436894634338387e-06,5.961564510364866,5.961564510364866,0.0,0.0,298.7943860978,True,4.0,4496.915903020419,4496.915847243709,4496.9157914669995,87.5,4.5,[],True,299.7943935346946,299.7943898162473,299.7943898162473,299.7943860978,robust_miss,6,3,2,,False
nav_gain_4,False,holdout,6,4.543057387325897,0.0,0.0,1.062228174666252e-06,7.081521164442313e-08,6.108694563652069,6.108694563652069,0.0,0.0,0.9999091268345218,True,4.0,0.0013630974821731451,0.001362566368085812,0.0013620352539984789,2.5,5.5,[],True,9.087316547820968e-05,9.083775787238747e-05,9.083775787238746e-05,9.080235026656525e-05,robust_hit,6,3,2,,False
nav_gain_4,False,holdout,6,10.5409018644014,0.0,0.0,3.982115954463076e-06,2.6547439696420145e-07,10.553044396636112,10.553044396636112,0.0,0.0,0.999908795506966,True,4.0,0.001368067395509799,0.0013660763375325676,0.0013640852795553358,7.5,5.5,[],True,9.120449303398659e-05,9.107175583550449e-05,9.107175583550449e-05,9.093901863702239e-05,robust_hit,6,3,2,,False
nav_gain_4,False,holdout,6,15.061795235820176,0.0,0.0,5.3393662654737176e-06,3.5595775103157846e-07,15.07897553945391,15.07897553945391,0.0,0.0,0.9999085113487248,True,4.0,0.0013723297691268991,0.0013696600859941623,0.0013669904028614254,12.5,5.5,[],True,9.14886512751266e-05,9.131067239961081e-05,9.131067239961081e-05,9.113269352409503e-05,robust_hit,6,3,2,,False
nav_gain_4,False,holdout,6,19.21024462856754,0.0,0.0,5.235632671412357e-06,3.490421780941535e-07,19.231728227965228,19.231728227965228,0.0,0.0,0.9999084771871201,True,4.0,0.0013728421931992138,0.0013702243768635078,0.0013676065605278014,17.5,5.5,[],True,9.152281287994758e-05,9.13482917909005e-05,9.13482917909005e-05,9.117377070185343e-05,robust_hit,6,3,2,,False
nav_gain_4,False,holdout,6,23.11668372583933,0.0,0.0,7.077340627779753e-06,4.718227085186502e-07,23.142880729229432,23.142880729229432,0.0,0.0,0.9999077912104848,True,4.0,0.001383131842728986,0.0013795931724150962,0.0013760545021012064,22.5,5.5,[],True,9.220878951526574e-05,9.197287816100642e-05,9.197287816100642e-05,9.173696680674709e-05,robust_hit,6,3,2,,False
nav_gain_4,False,holdout,6,26.807900912347886,0.0,0.0,5.165213357507343e-06,3.4434755716716435e-07,26.838904148787705,26.838904148787705,0.0,0.0,0.9999082302554461,True,4.0,0.001376546168309827,0.0013739635616310732,0.0013713809549523196,27.5,5.5,[],True,9.176974455398847e-05,9.159757077540488e-05,9.15975707754049e-05,9.142539699682131e-05,robust_hit,6,3,2,,False
nav_gain_4,False,holdout,6,30.27412875127766,0.0,0.0,7.690540155208406e-06,5.127026770138901e-07,30.30941117076134,30.30941117076134,0.0,0.0,0.9999064492993467,True,4.0,0.0014032605098001456,0.0013994152397225415,0.0013955699696449372,32.5,5.5,[],True,9.355070065334304e-05,9.329434931483608e-05,9.32943493148361e-05,9.303799797632915e-05,robust_hit,6,3,2,,False
nav_gain_4,False,holdout,6,33.50587187593431,0.0,0.0,6.1851801530649064e-06,4.1234534353767037e-07,33.54564575885417,33.54564575885417,0.0,0.0,0.9999068479198577,True,4.0,0.0013972812021342859,0.0013941886120577534,0.001391096021981221,37.5,5.5,[],True,9.315208014228573e-05,9.29459074705169e-05,9.29459074705169e-05,9.273973479874806e-05,robust_hit,6,3,2,,False
nav_gain_4,False,holdout,6,34.9999998117257,0.0,0.12573099415204678,6.049660586458089e-06,4.0331070576386807e-07,35.0,37.01643100453762,0.0,0.0,0.9999060927332977,True,4.0,0.0014086090005355845,0.0014055841702423555,0.0014025593399491264,42.5,5.5,[],True,9.39072667023723e-05,9.370561134949037e-05,9.370561134949037e-05,9.350395599660843e-05,robust_hit,6,3,2,,False
nav_gain_4,False,holdout,6,34.99999999999989,0.0,0.21994884910485935,3.878176001962481e-06,2.585450667974933e-07,35.0,42.28606052858833,0.0,0.0,0.9999069944736256,True,4.0,0.0013950828956152256,0.0013931438076142443,0.0013912047196132631,47.5,5.5,[],True,9.300552637434837e-05,9.287625384094961e-05,9.287625384094963e-05,9.274698130755088e-05,robust_hit,6,3,2,,False
nav_gain_4,False,holdout,6,34.99999999999999,0.0,0.2653927813163482,2.205511236416397e-06,1.470340824277544e-07,35.0,49.077431733825115,0.0,0.0,0.9999069243234676,True,4.0,0.0013961351479856643,0.001395032392367456,0.0013939296367492479,52.5,5.5,[],True,9.307567653237762e-05,9.300215949116374e-05,9.300215949116374e-05,9.292864244994986e-05,robust_hit,6,3,2,,False
nav_gain_4,False,holdout,6,34.99999999999999,0.0,0.2504317789291883,2.0939552725649305e-08,1.3959701817081466e-09,35.0,57.26857565022412,0.0,0.0,0.9999053590989294,True,4.0,0.001419613516058328,0.0014196030462819652,0.0014195925765056023,57.5,5.5,[],True,9.46409010705552e-05,9.464020308546434e-05,9.464020308546434e-05,9.463950510037349e-05,robust_hit,6,3,2,,False
nav_gain_4,False,holdout,0,34.99999999999999,0.0,0.29063097514340347,1.746220004861243e-05,1.1641466670653244e-06,35.0,65.94584025220807,0.0,0.0,89.569597461279,True,4.0,1358.543979381385,1358.543970650285,1358.543961919185,62.5,5.5,[],True,90.56959862542567,90.56959804335234,90.56959804335233,90.569597461279,robust_miss,6,3,2,,False
nav_gain_4,False,holdout,0,34.99999999999999,0.0,0.3219895287958115,2.808085901051527e-05,1.8720572541042202e-06,35.0,64.28675629118429,0.0,0.0,187.47915504538094,True,4.0,2827.187353761573,2827.1873397211434,2827.187325680714,67.5,5.5,[],True,188.4791569174382,188.47915598140958,188.47915598140958,188.47915504538094,robust_miss,6,3,2,,False
nav_gain_4,False,holdout,0,34.99999999959264,0.0,0.2339622641509434,4.2580984882079065e-05,2.838732314103254e-06,35.0,51.11312974224409,0.0,0.0,275.8404324015438,True,4.0,4152.606528604142,4152.60650731365,4152.606486023157,72.5,5.5,[],True,276.8404352402761,276.84043382090994,276.84043382091,276.8404324015438,robust_miss,6,3,2,,False
nav_gain_4,False,holdout,0,13.164403581094268,0.0,0.0,8.439817975158803e-05,5.6265453167725354e-06,14.544222800205787,14.544222800205787,0.0,0.0,351.80838759211287,True,4.0,5292.125898279873,5292.125856080783,5292.125813881693,77.5,5.5,[],True,352.8083932186582,352.8083904053855,352.8083904053855,352.80838759211287,robust_miss,6,3,2,,False
nav_gain_4,False,holdout,0,3.7465373706937175,0.0,0.0,0.00010224681682302617,6.816454458657972e-06,3.928160936364317,3.928160936364317,0.0,0.0,363.27049818238396,True,4.0,5464.057574982577,5464.057523859167,5464.05747273576,82.5,5.5,[],True,364.2705049988384,364.2705015906112,364.27050159061116,364.27049818238396,robust_miss,6,3,2,,False
nav_gain_4,False,holdout,0,5.787036353518567,0.0,0.0,0.00011125570654257899,7.417047129365528e-06,6.055365324971606,6.055365324971606,0.0,0.0,365.43752310161057,True,4.0,5496.562957779865,5496.562902152012,5496.562846524159,87.5,5.5,[],True,366.4375305186577,366.43752681013416,366.43752681013416,366.43752310161057,robust_miss,6,3,2,,False
nav_gain_4,False,holdout,6,4.750106804079334,0.0,0.0,1.0700777680679608e-06,7.133851787119829e-08,6.108321346396179,6.108321346396179,0.0,0.0,0.9999091243970418,True,4.0,0.0013631340443732878,0.001362599005489254,0.0013620639666052199,2.5,6.5,[],True,9.087560295821919e-05,9.083993369928358e-05,9.083993369928358e-05,9.080426444034799e-05,robust_hit,6,3,2,,False
nav_gain_4,False,holdout,6,10.137302384036834,0.0,0.0,2.667357992858048e-06,1.7782386619054195e-07,10.14679566678806,10.14679566678806,0.0,0.0,0.999908933698122,True,4.0,0.0013659945281701761,0.0013646608491737471,0.001363327170177318,7.5,6.5,[],True,9.106630187801175e-05,9.097738994491648e-05,9.097738994491648e-05,9.088847801182121e-05,robust_hit,6,3,2,,False
nav_gain_4,False,holdout,6,14.558403450635312,0.0,0.0,4.017934769467166e-06,2.678623179644868e-07,14.571946193794817,14.571946193794817,0.0,0.0,0.9999086451312078,True,4.0,0.0013703230318823315,0.001368314064497598,0.0013663050971128644,12.5,6.5,[],True,9.135486879215544e-05,9.12209376331732e-05,9.12209376331732e-05,9.108700647419095e-05,robust_hit,6,3,2,,False
nav_gain_4,False,holdout,6,18.48069578714257,0.0,0.0,5.413603622898095e-06,3.6090690819320004e-07,18.49825072027743,18.49825072027743,0.0,0.0,0.9999081873740088,True,4.0,0.0013771893898691912,0.001374482588057742,0.001371775786246293,17.5,6.5,[],True,9.181262599127941e-05,9.16321725371828e-05,9.16321725371828e-05,9.145171908308621e-05,robust_hit,6,3,2,,False
nav_gain_4,False,holdout,6,22.182220545856445,0.0,0.0,4.754121154506826e-06,3.1694141030045144e-07,22.204067008658736,22.204067008658736,0.0,0.0,0.9999083271643674,True,4.0,0.001375092534489773,0.0013727154739125195,0.0013703384133352662,22.5,6.5,[],True,9.167283563265153e-05,9.151436492750131e-05,9.151436492750131e-05,9.135589422235108e-05,robust_hit,6,3,2,,False
nav_gain_4,False,holdout,6,25.64836398336078,0.0,0.0,6.593070835021059e-06,4.3953805566806787e-07,25.672894822727134,25.672894822727134,0.0,0.0,0.9999073859806512,True,4.0,0.0013892102902314139,0.0013859137548139033,0.0013826172193963928,27.5,6.5,[],True,9.261401934876092e-05,9.239425032092689e-05,9.239425032092689e-05,9.217448129309285e-05,robust_hit,6,3,2,,False
nav_gain_4,False,holdout,6,28.889739155137146,0.0,0.0,3.1631643739717195e-06,2.108776249314543e-07,28.917070682633653,28.917070682633653,0.0,0.0,0.9999086533614735,True,4.0,0.001370199577898109,0.001368617995711123,0.0013670364135241373,32.5,6.5,[],True,9.13466385265406e-05,9.124119971407487e-05,9.124119971407488e-05,9.113576090160915e-05,robust_hit,6,3,2,,False
nav_gain_4,False,holdout,6,31.900830546140487,0.0,0.0,4.6069942997266355e-06,3.0713295331511446e-07,31.93113010415915,31.93113010415915,0.0,0.0,0.9999078465703911,True,4.0,0.0013823014441341228,0.0013799979469842594,0.0013776944498343961,37.5,6.5,[],True,9.215342960894152e-05,9.199986313228396e-05,9.199986313228396e-05,9.18462966556264e-05,robust_hit,6,3,2,,False
nav_gain_4,False,holdout,6,34.670840093459375,0.0,0.0,4.29139008283866e-06,2.8609267218924854e-07,34.70353824953682,34.70353824953682,0.0,0.0,0.9999075945489568,True,4.0,0.0013860817656476548,0.0013839360706062356,0.0013817903755648162,42.5,6.5,[],True,9.240545104317699e-05,9.226240470708237e-05,9.226240470708237e-05,9.211935837098774e-05,robust_hit,6,3,2,,False
nav_gain_4,False,holdout,6,34.99999999977475,0.0,0.13347457627118645,4.742128986444643e-06,3.1614193242963744e-07,35.0,38.269011859989234,0.0,0.0,0.9999059741951403,True,4.0,0.0014103870728953039,0.0014080160084020815,0.0014056449439088592,47.5,6.5,[],True,9.402580485968692e-05,9.38677338934721e-05,9.38677338934721e-05,9.370966292725729e-05,robust_hit,6,3,2,,False
nav_gain_4,False,holdout,6,34.99999999999999,0.0,0.1881720430107527,2.769051392649156e-06,1.8460342617661763e-07,35.0,43.15817408604,0.0,0.0,0.9999063103556326,True,4.0,0.0014053446655102545,0.0014039601398139299,0.0014025756141176054,52.5,6.5,[],True,9.368964436735031e-05,9.3597342654262e-05,9.3597342654262e-05,9.350504094117369e-05,robust_hit,6,3,2,,False
nav_gain_4,False,holdout,6,34.99999999999999,0.0,0.18020679468242246,5.40646499640543e-07,3.6043099976032587e-08,35.0,48.805924063703955,0.0,0.0,0.999906485073462,True,4.0,0.0014027238980688862,0.001402453574819066,0.0014021832515692457,57.5,6.5,[],True,9.351492653792574e-05,9.349690498793773e-05,9.349690498793773e-05,9.347888343794971e-05,robust_hit,6,3,2,,False
nav_gain_4,False,holdout,0,34.99999999999999,0.0,0.18998527245949925,1.4546111287927488e-05,9.697407534758895e-07,35.0,54.46668963670615,0.0,0.0,78.8748087424498,True,4.0,1198.1221456828582,1198.1221384098026,1198.122131136747,62.5,6.5,[],True,79.87480971219055,79.87480922732017,79.87480922732018,79.8748087424498,robust_miss,6,3,2,,False
nav_gain_4,False,holdout,0,34.99999999999999,0.0,0.24081632653061225,2.768041986200842e-05,1.8453613108704303e-06,35.0,55.312254482771806,0.0,0.0,214.56616106930403,True,4.0,3233.49244371998,3233.4924298797705,3233.4924160395603,67.5,6.5,[],True,215.56616291466534,215.5661619919847,215.5661619919847,215.56616106930403,robust_miss,6,3,2,,False
nav_gain_4,False,holdout,0,34.99999302724649,0.0,0.1498371335504886,3.649402060545981e-05,2.432934707030654e-06,35.0,40.8549343414681,0.0,0.0,329.99385807225264,True,4.0,4964.90790757781,4964.9078893308,4964.907871083789,72.5,6.5,[],True,330.99386050518734,330.99385928872,330.99385928872,330.99385807225264,robust_miss,6,3,2,,False
nav_gain_4,False,holdout,0,13.185687510913633,0.0,0.0,8.104507651296444e-05,5.403005104653857e-06,14.52994398933486,14.52994398933486,0.0,0.0,416.1982339200628,True,4.0,6257.9735898460185,6257.97354932348,6257.973508800942,77.5,6.5,[],True,417.1982393230679,417.1982366215654,417.19823662156534,417.1982339200628,robust_miss,6,3,2,,False
nav_gain_4,False,holdout,0,3.920959135617481,0.0,0.0,0.00010067342645925237,6.711561752581474e-06,4.04381815748111,4.04381815748111,0.0,0.0,429.62203281214556,True,4.0,6459.33059285561,6459.330542518896,6459.330492182184,82.5,6.5,[],True,430.6220395237073,430.6220361679264,430.62203616792647,430.62203281214556,robust_miss,6,3,2,,False
nav_gain_4,False,holdout,0,5.839441838905966,0.0,0.0,0.00011093907687609317,7.395938439458405e-06,6.051492582831096,6.051492582831096,0.0,0.0,432.0847138306214,True,4.0,6496.270818398398,6496.27076292886,6496.270707459321,87.5,6.5,[],True,433.08472122655985,433.0847175285906,433.08471752859066,433.0847138306214,robust_miss,6,3,2,,False
nav_gain_4,False,holdout,6,4.907818426333828,0.0,0.0,9.210988044750998e-07,6.140658696499491e-08,6.108002126662977,6.108002126662977,0.0,0.0,0.9999091351775309,True,4.0,0.0013629723370369626,0.001362511787634725,0.0013620512382324875,2.5,7.5,[],True,9.086482246913084e-05,9.083411917564833e-05,9.083411917564833e-05,9.080341588216584e-05,robust_hit,6,3,2,,False
nav_gain_4,False,holdout,6,9.86803522476693,0.0,0.0,2.7289841960729654e-06,1.8193227973819408e-07,9.876343589245806,9.876343589245806,0.0,0.0,0.9999089140885007,True,4.0,0.0013662886724899158,0.0013649241803918794,0.0013635596882938428,7.5,7.5,[],True,9.108591149932772e-05,9.099494535945862e-05,9.099494535945862e-05,9.090397921958952e-05,robust_hit,6,3,2,,False
nav_gain_4,False,holdout,6,14.213932347428202,0.0,0.0,2.5924555618042546e-06,1.7283037078695302e-07,14.225585301159482,14.225585301159482,0.0,0.0,0.9999089281298601,True,4.0,0.0013660780520978104,0.0013647818243169082,0.0013634855965360061,12.5,7.5,[],True,9.107187013985403e-05,9.098545495446056e-05,9.098545495446055e-05,9.089903976906708e-05,robust_hit,6,3,2,,False
nav_gain_4,False,holdout,6,17.954413409490282,0.0,0.0,4.408399387811034e-06,2.938932925207428e-07,17.969587536652263,17.969587536652263,0.0,0.0,0.9999084985212799,True,4.0,0.0013725221808011528,0.0013703179811072475,0.0013681137814133418,17.5,7.5,[],True,9.150147872007686e-05,9.135453207381648e-05,9.135453207381649e-05,9.120758542755612e-05,robust_hit,6,3,2,,False
nav_gain_4,False,holdout,6,21.487436023365436,0.0,0.0,6.492982988873328e-06,4.328655325915471e-07,21.504996369087028,21.504996369087028,0.0,0.0,0.9999076424137566,True,4.0,0.0013853637936503333,0.0013821173021558969,0.00137887081066146,22.5,7.5,[],True,9.235758624335555e-05,9.214115347705978e-05,9.214115347705977e-05,9.1924720710764e-05,robust_hit,6,3,2,,False
nav_gain_4,False,holdout,6,24.770653112296607,0.0,0.0,6.667638942288532e-06,4.4450926281923637e-07,24.79089635622742,24.79089635622742,0.0,0.0,0.9999073354768244,True,4.0,0.00138996784763378,0.0013866340281626357,0.0013833002086914915,27.5,7.5,[],True,9.266452317558534e-05,9.244226854417571e-05,9.244226854417573e-05,9.22200139127661e-05,robust_hit,6,3,2,,False
nav_gain_4,False,holdout,6,27.822094338763087,0.0,0.0,5.586507508547039e-06,3.7243383390314405e-07,27.84528110705527,27.84528110705527,0.0,0.0,0.9999076201616373,True,4.0,0.0013856975754407183,0.0013829043216864447,0.0013801110679321712,32.5,7.5,[],True,9.237983836271455e-05,9.219362144576298e-05,9.219362144576298e-05,9.200740452881141e-05,robust_hit,6,3,2,,False
nav_gain_4,False,holdout,6,30.644179313909508,0.0,0.0,5.0608072419584815e-06,3.373871494639024e-07,30.66969843733689,30.66969843733689,0.0,0.0,0.9999075539787665,True,4.0,0.0013866903185026842,0.0013841599148817052,0.0013816295112607257,37.5,7.5,[],True,9.244602123351228e-05,9.227732765878034e-05,9.227732765878033e-05,9.210863408404838e-05,robust_hit,6,3,2,,False
nav_gain_4,False,holdout,6,33.22760885794912,0.0,0.0,5.136158915664251e-06,3.424105943776077e-07,33.25414526087493,33.25414526087493,0.0,0.0,0.9999068564231888,True,4.0,0.0013971536521683182,0.001394585572710486,0.001392017493252654,42.5,7.5,[],True,9.314357681122121e-05,9.29723715140324e-05,9.29723715140324e-05,9.28011662168436e-05,robust_hit,6,3,2,,False
nav_gain_4,False,holdout,6,34.999993736627644,0.0,0.05525846702317291,4.523416335236886e-06,3.0156108901578064e-07,35.0,35.69612702819568,0.0,0.0,0.9999062464084978,True,4.0,0.0014063038725324987,0.0014040421643648803,0.0014017804561972619,47.5,7.5,[],True,9.375359150216658e-05,9.36028109576587e-05,9.36028109576587e-05,9.34520304131508e-05,robust_hit,6,3,2,,False
nav_gain_4,False,holdout,6,34.99999999999969,0.0,0.12557427258805512,2.6835069711632527e-06,1.7890046474421594e-07,35.0,39.228943767424866,0.0,0.0,0.9999067103686843,True,4.0,0.0013993444697363798,0.0013980027162507982,0.0013966609627652166,52.5,7.5,[],True,9.328963131575866e-05,9.320018108338656e-05,9.320018108338656e-05,9.311073085101444e-05,robust_hit,6,3,2,,False
nav_gain_4,False,holdout,6,34.99999999999999,0.0,0.13248407643312102,5.606996212651448e-07,3.737997475100423e-08,35.0,43.349008035673045,0.0,0.0,0.9999079450280102,True,4.0,0.0013808245798466242,0.0013805442300359918,0.001380263880225359,57.5,7.5,[],True,9.205497198977495e-05,9.203628200239944e-05,9.203628200239944e-05,9.201759201502394e-05,robust_hit,6,3,2,,False
nav_gain_4,False,holdout,0,34.99999999999999,0.0,0.12965186074429771,1.2324059525781195e-05,8.216039759645355e-07,35.00000000000001,47.30050634721152,0.0,0.0,67.30512844178571,True,4.0,1024.5769389508453,1024.5769327888154,1024.5769266267857,62.5,7.5,[],True,68.30512926338969,68.3051288525877,68.3051288525877,68.30512844178571,robust_miss,6,3,2,,False
nav_gain_4,False,holdout,0,34.99999999999999,0.0,0.16040955631399317,2.74950148195785e-05,1.833000993656242e-06,35.00000000000001,48.408945487651046,0.0,0.0,241.70607706472148,True,4.0,3640.5911834658373,3640.5911697183296,3640.5911559708225,67.5,7.5,[],True,242.70607889772248,242.70607798122197,242.706077981222,242.70607706472148,robust_miss,6,3,2,,False
nav_gain_4,False,holdout,0,34.9904885515699,0.0,0.04843304843304843,3.719439155247528e-05,2.4796260618131782e-06,35.0,36.00315653849457,0.0,0.0,386.15537222420306,True,4.0,5807.330620557437,5807.330601960241,5807.330583363046,72.5,7.5,[],True,387.1553747038291,387.15537346401607,387.15537346401607,387.15537222420306,robust_miss,6,3,2,,False
nav_gain_4,False,holdout,0,13.311494735869644,0.0,0.0,7.772897151880898e-05,5.1819314421663876e-06,14.539881831111854,14.539881831111854,0.0,0.0,480.3719299437581,True,4.0,7220.579026885343,7220.578988020858,7220.578949156372,77.5,7.5,[],True,481.37193512568956,481.37193253472384,481.37193253472384,481.3719299437581,robust_miss,6,3,2,,False
nav_gain_4,False,holdout,0,4.096707608581417,0.0,0.0,9.919930926116649e-05,6.613287268919521e-06,4.184512420186298,4.184512420186298,0.0,0.0,495.98127412739075,True,4.0,7454.71921111017,7454.719161510516,7454.719111910861,82.5,7.5,[],True,496.981280740678,496.9812774340344,496.9812774340344,496.98127412739075,robust_miss,6,3,2,,False
nav_gain_4,False,holdout,0,5.889187806633,0.0,0.0,0.00011071241897298023,7.380827923952893e-06,6.063052005900189,6.063052005900189,0.0,0.0,498.7350329525649,True,4.0,7496.025605000892,7496.025549644682,7496.025494288473,87.5,7.5,[],True,499.7350403333928,499.73503664297886,499.73503664297886,499.7350329525649,robust_miss,6,3,2,,False
nav_gain_4,False,holdout,6,5.028508219506045,0.0,0.0,8.575541819123237e-07,5.7170278794160334e-08,6.107692940488905,6.107692940488905,0.0,0.0,0.9999091399647786,True,4.0,0.0013629005283218854,0.0013624717512309293,0.001362042974139973,2.5,8.5,[],True,9.086003522145903e-05,9.083145008206195e-05,9.083145008206195e-05,9.080286494266487e-05,robust_hit,6,3,2,,False
nav_gain_4,False,holdout,6,9.677216892015133,0.0,0.0,2.644938158081816e-06,1.7632921053878684e-07,9.684501027090201,9.684501027090201,0.0,0.0,0.9999089279050988,True,4.0,0.0013660814235189325,0.0013647589544398915,0.0013634364853608507,7.5,8.5,[],True,9.107209490126217e-05,9.098393029599278e-05,9.098393029599277e-05,9.089576569072338e-05,robust_hit,6,3,2,,False
nav_gain_4,False,holdout,6,13.967242602715833,0.0,0.0,2.997355496420521e-06,1.9982369976136898e-07,13.97769268149995,13.97769268149995,0.0,0.0,0.9999088562499431,True,4.0,0.0013671562508535138,0.0013656575731053036,0.0013641588953570932,12.5,8.5,[],True,9.114375005690091e-05,9.104383820702023e-05,9.104383820702022e-05,9.094392635713954e-05,robust_hit,6,3,2,,False
nav_gain_4,False,holdout,6,17.554578721122887,0.0,0.0,3.0646421257014573e-06,2.0430947504677195e-07,17.56756842996212,17.56756842996212,0.0,0.0,0.9999088242511789,True,4.0,0.00136763623231736,0.0013661039112545092,0.0013645715901916585,17.5,8.5,[],True,9.117574882115734e-05,9.107359408363396e-05,9.107359408363396e-05,9.097143934611057e-05,robust_hit,6,3,2,,False
nav_gain_4,False,holdout,6,20.923163070224955,0.0,0.0,3.6621489336113e-06,2.4414326224075423e-07,20.938321144408484,20.938321144408484,0.0,0.0,0.9999086485432919,True,4.0,0.0013702718506221608,0.001368440776155355,0.0013666097016885495,22.5,8.5,[],True,9.135145670814405e-05,9.122938507702367e-05,9.122938507702367e-05,9.11073134459033e-05,robust_hit,6,3,2,,False
nav_gain_4,False,holdout,6,24.06398771735187,0.0,0.0,6.310052921724551e-06,4.2067019478164215e-07,24.08084270138219,24.08084270138219,0.0,0.0,0.9999075136064082,True,4.0,0.0013872959038771413,0.001384140877416279,0.0013809858509554167,27.5,8.5,[],True,9.248639359180942e-05,9.22760584944186e-05,9.22760584944186e-05,9.206572339702778e-05,robust_hit,6,3,2,,False
nav_gain_4,False,holdout,6,26.95251150026917,0.0,0.0,6.201095166742275e-06,4.1340634444947324e-07,26.972317304164072,26.972317304164072,0.0,0.0,0.9999072532770148,True,4.0,0.0013912008447774064,0.0013881002971940354,0.0013849997496106642,32.5,8.5,[],True,9.274672298516042e-05,9.25400198129357e-05,9.25400198129357e-05,9.233331664071095e-05,robust_hit,6,3,2,,False
nav_gain_4,False,holdout,6,29.6115278102818,0.0,0.0,3.4041364258357264e-06,2.2694242838905204e-07,29.63208612204015,29.63208612204015,0.0,0.0,0.9999084135722028,True,4.0,0.0013737964169575516,0.0013720943487446338,0.001370392280531716,37.5,8.5,[],True,9.158642779717011e-05,9.147295658297559e-05,9.147295658297559e-05,9.135948536878106e-05,robust_hit,6,3,2,,False
nav_gain_4,False,holdout,6,32.032066460224655,0.0,0.0,5.395179304185918e-06,3.5967862027905847e-07,32.053556904437805,32.053556904437805,0.0,0.0,0.9999065602041641,True,4.0,0.0014015969375386279,0.001398899347886535,0.001396201758234442,42.5,8.5,[],True,9.343979583590852e-05,9.3259956525769e-05,9.325995652576899e-05,9.308011721562947e-05,robust_hit,6,3,2,,False
nav_gain_4,False,holdout,6,34.193467134261255,0.0,0.0,2.4049737472092887e-06,1.6033158314729043e-07,34.21526014564505,34.21526014564505,0.0,0.0,0.9999083255719948,True,4.0,0.001375116420077114,0.0013739139332035093,0.0013727114463299047,47.5,8.5,[],True,9.167442800514094e-05,9.159426221356728e-05,9.159426221356728e-05,9.151409642199364e-05,robust_hit,6,3,2,,False
nav_gain_4,False,holdout,6,34.99999999380998,0.0,0.06896551724137931,2.9299819268755693e-06,1.9533212845836948e-07,35.0,36.48983833113033,0.0,0.0,0.9999062700693141,True,4.0,0.0014059489602882536,0.0014044839693248157,0.001403018978361378,52.5,8.5,[],True,9.372993068588357e-05,9.363226462165437e-05,9.363226462165438e-05,9.35345985574252e-05,robust_hit,6,3,2,,False
nav_gain_4,False,holdout,6,34.999999999999936,0.0,0.09555555555555556,7.971982268508131e-07,5.314654845671365e-08,35.0,39.486778316176135,0.0,0.0,0.9999072846475806,True,4.0,0.0013907302862913558,0.0013903316871779305,0.001389933088064505,57.5,8.5,[],True,9.271535241942372e-05,9.268877914519536e-05,9.268877914519536e-05,9.2662205870967e-05,robust_hit,6,3,2,,False
nav_gain_4,False,holdout,0,34.999999999999964,0.0,0.08943089430894309,1.0980971183016663e-05,7.320647483766152e-07,35.0,42.296727827197344,0.0,0.0,59.43972048731087,True,4.0,906.5958182906343,906.5958128001488,906.5958073096631,62.5,8.5,[],True,60.43972121937562,60.43972085334324,60.439720853343246,60.43972048731087,robust_miss,6,3,2,,False
nav_gain_4,False,holdout,0,34.999999999998174,0.0,0.11030478955007257,2.7233083528699353e-05,1.8155389511775866e-06,35.0,42.823660324586385,0.0,0.0,266.8712714259576,True,4.0,4018.069098622448,4018.069085005906,4018.0690713893646,67.5,8.5,[],True,267.87127324149657,267.87127233372706,267.8712723337271,267.8712714259576,robust_miss,6,3,2,,False
nav_gain_4,False,holdout,0,33.78257015518805,0.0,0.0,3.788777394220233e-05,2.525851584778138e-06,34.0233230735509,34.0233230735509,0.0,0.0,444.6081207013757,True,4.0,6684.121848408409,6684.121829464522,6684.121810520635,72.5,8.5,[],True,445.6081232272273,445.6081219643015,445.6081219643015,445.6081207013757,robust_miss,6,3,2,,False
nav_gain_4,False,holdout,0,13.606838491226936,0.0,0.0,7.480856947950087e-05,4.987237957720936e-06,14.682726679587248,14.682726679587248,0.0,0.0,544.553893127977,True,4.0,8183.308471728224,8183.308434323939,8183.308396919654,77.5,8.5,[],True,545.5538981152149,545.5538956215959,545.553895621596,545.553893127977,robust_miss,6,3,2,,False
nav_gain_4,False,holdout,0,4.2572649419789235,0.0,0.0,9.781049993762281e-05,6.520699912471173e-06,4.322571972135773,4.322571972135773,0.0,0.0,562.3470140931506,True,4.0,8450.205309207759,8450.20526030251,8450.205211397259,82.5,8.5,[],True,563.3470206138505,563.3470173535005,563.3470173535006,563.3470140931506,robust_miss,6,3,2,,False
nav_gain_4,False,holdout,0,5.933738157325978,0.0,0.0,0.0001105714327422902,7.371428864644258e-06,6.080577549847058,6.080577549847058,0.0,0.0,565.3877476492715,True,4.0,8495.816325310507,8495.81627002479,8495.816214739074,87.5,8.5,[],True,566.3877550207004,566.387751334986,566.387751334986,566.3877476492715,robust_miss,6,3,2,,False
nav_gain_4,False,holdout,6,5.096383235085503,0.0,0.0,9.861953755498521e-07,6.574635836999827e-08,6.107397817310949,6.107397817310949,0.0,0.0,0.9999091300799916,True,4.0,0.0013630488001252134,0.0013625557024374386,0.0013620626047496636,2.5,9.5,[],True,9.086992000834757e-05,9.083704682916258e-05,9.083704682916256e-05,9.080417364997757e-05,robust_hit,6,3,2,,False
nav_gain_4,False,holdout,6,9.526090599845764,0.0,0.0,2.430864467680696e-06,1.6205763117870854e-07,9.532463287776467,9.532463287776467,0.0,0.0,0.9999089615353584,True,4.0,0.0013655769696241517,0.0013643615373903114,0.001363146105156471,7.5,9.5,[],True,9.10384646416101e-05,9.095743582602074e-05,9.095743582602074e-05,9.08764070104314e-05,robust_hit,6,3,2,,False
nav_gain_4,False,holdout,6,13.764800067612027,0.0,0.0,2.0129107191121237e-06,1.3419404794081096e-07,13.77365270909267,13.77365270909267,0.0,0.0,0.9999090158609338,True,4.0,0.0013647620859922392,0.0013637556306326834,0.001362749175273127,12.5,9.5,[],True,9.098413906614928e-05,9.091704204217887e-05,9.091704204217889e-05,9.084994501820847e-05,robust_hit,6,3,2,,False
nav_gain_4,False,holdout,6,17.248614127061565,0.0,0.0,4.01253020332012e-06,2.6750201355467103e-07,17.259945580291383,17.259945580291383,0.0,0.0,0.9999086039908359,True,4.0,0.0013709401374607615,0.0013689338723591015,0.0013669276072574414,17.5,9.5,[],True,9.139600916405076e-05,9.126225815727343e-05,9.126225815727343e-05,9.112850715049609e-05,robust_hit,6,3,2,,False
nav_gain_4,False,holdout,6,20.465242287647815,0.0,0.0,5.141585912317968e-06,3.427723941545267e-07,20.478014744244867,20.478014744244867,0.0,0.0,0.9999081853918901,True,4.0,0.001377219121648626,0.0013746483286924671,0.001372077535736308,22.5,9.5,[],True,9.181460810990839e-05,9.164322191283113e-05,9.164322191283113e-05,9.147183571575386e-05,robust_hit,6,3,2,,False
nav_gain_4,False,holdout,6,23.45607332616213,0.0,0.0,6.18835179624108e-06,4.1255678641608103e-07,23.471164637439013,23.471164637439013,0.0,0.0,0.9999075684772011,True,4.0,0.0013864728419831919,0.0013833786660850712,0.0013802844901869508,27.5,9.5,[],True,9.243152279887946e-05,9.222524440567142e-05,9.222524440567142e-05,9.201896601246338e-05,robust_hit,6,3,2,,False
nav_gain_4,False,holdout,6,26.214316788970788,0.0,0.0,4.393318702647928e-06,2.9288791350986457e-07,26.230987518526856,26.230987518526856,0.0,0.0,0.9999081816624391,True,4.0,0.001377275063412735,0.0013750784040614111,0.001372881744710087,32.5,9.5,[],True,9.1818337560849e-05,9.167189360409408e-05,9.167189360409408e-05,9.152544964733914e-05,robust_hit,6,3,2,,False
nav_gain_4,False,holdout,6,28.73193605930605,0.0,0.0,5.461720600809716e-06,3.641147067206423e-07,28.749441461705757,28.749441461705757,0.0,0.0,0.9999072460009563,True,4.0,0.0013913099856558443,0.0013885791253554396,0.0013858482650550346,37.5,9.5,[],True,9.275399904372295e-05,9.257194169036263e-05,9.257194169036263e-05,9.238988433700231e-05,robust_hit,6,3,2,,False
nav_gain_4,False,holdout,6,31.010040595916383,0.0,0.0,5.1595859743339655e-06,3.4397239828893103e-07,31.028225142061682,31.028225142061682,0.0,0.0,0.999906742910371,True,4.0,0.001398856344435005,0.001396276551447838,0.001393696758460671,42.5,9.5,[],True,9.325708962900034e-05,9.308510342985589e-05,9.308510342985587e-05,9.291311723071141e-05,robust_hit,6,3,2,,False
nav_gain_4,False,holdout,6,33.03034851458691,0.0,0.0,4.249454723825007e-06,2.832969815883392e-07,33.04863703749838,33.04863703749838,0.0,0.0,0.9999064345866916,True,4.0,0.0014034811996260544,0.001401356472264142,0.0013992317449022294,47.5,9.5,[],True,9.356541330840363e-05,9.342376481760946e-05,9.342376481760946e-05,9.328211632681529e-05,robust_hit,6,3,2,,False
nav_gain_4,False,holdout,6,34.752920806141226,0.0,0.0,2.4452804459412173e-06,1.6301869639608025e-07,34.77024038783224,34.77024038783224,0.0,0.0,0.9999070992595258,True,4.0,0.0013935111071130704,0.0013922884668900997,0.0013910658266671292,52.5,9.5,[],True,9.290074047420469e-05,9.281923112600665e-05,9.281923112600666e-05,9.273772177780861e-05,robust_hit,6,3,2,,False
nav_gain_4,False,holdout,6,34.99999999995055,0.0,0.06360078277886497,1.0337683094474234e-06,6.89178872964976e-08,35.0,36.67384874349354,0.0,0.0,0.9999061614697947,True,4.0,0.0014075779530788755,0.0014070610689241516,0.001406544184769428,57.5,9.5,[],True,9.383853020525837e-05,9.380407126161012e-05,9.380407126161012e-05,9.376961231796187e-05,robust_hit,6,3,2,,False
nav_gain_4,False,holdout,0,34.99999999997847,0.0,0.06017699115044248,1.0422334753457108e-05,6.948223187919211e-07,35.0,38.59203187000933,0.0,0.0,56.6573107626666,True,4.0,864.8596718623337,864.8596666511663,864.859661439999,62.5,9.5,[],True,57.657311457488916,57.65731111007776,57.65731111007776,57.6573107626666,robust_miss,6,3,2,,False
nav_gain_4,False,holdout,0,34.99999999340129,0.0,0.06496815286624204,2.7230559680901933e-05,1.8153706378143397e-06,35.0,38.657122846381576,0.0,0.0,294.7065736868405,True,4.0,4435.598632533167,4435.598618917887,4435.598605302607,67.5,9.5,[],True,295.70657550221114,295.7065745945258,295.7065745945258,295.7065736868405,robust_miss,6,3,2,,False
nav_gain_4,False,holdout,0,32.38357999532925,0.0,0.0,3.851365363516379e-05,2.567576871115307e-06,32.579548968600506,32.579548968600506,0.0,0.0,504.17082026900954,True,4.0,7577.562342548797,7577.562323291971,7577.562304035143,72.5,9.5,[],True,505.1708228365864,505.17082155279803,505.170821552798,505.17082026900954,robust_miss,6,3,2,,False
nav_gain_4,False,holdout,0,13.57085017510897,0.0,0.0,7.214666584332008e-05,4.809777806258353e-06,14.475788691989099,14.475788691989099,0.0,0.0,608.8310721154711,True,4.0,9147.466153878733,9147.4661178054,9147.466081732067,77.5,9.5,[],True,609.8310769252489,609.83107452036,609.8310745203601,609.8310721154711,robust_miss,6,3,2,,False
nav_gain_4,False,holdout,0,4.399512414443145,0.0,0.0,9.64957052929094e-05,6.433047019527294e-06,4.449635615503642,4.449635615503642,0.0,0.0,628.718438113208,True,4.0,9445.776668193825,9445.776619945971,9445.77657169812,82.5,9.5,[],True,629.718444546255,629.7184413297315,629.7184413297315,629.718438113208,robust_miss,6,3,2,,False
nav_gain_4,False,holdout,0,5.920029647568495,0.0,0.0,0.00011035885836463422,7.35725723188807e-06,6.046885390612401,6.046885390612401,0.0,0.0,632.0423132482953,True,4.0,9495.634809083287,9495.634753903858,9495.634698724429,87.5,9.5,[],True,633.0423206055525,633.042316926924,633.0423169269238,633.0423132482953,robust_miss,6,3,2,,False
nav_gain_4,False,holdout,6,5.139201331466566,0.0,0.0,5.39493536226782e-07,3.5966235748444e-08,6.107035250100766,6.107035250100766,0.0,0.0,0.9999091610510902,True,4.0,0.001362584233648145,0.0013623144868800316,0.0013620447401119181,2.5,10.5,[],True,9.083894890987632e-05,9.08209657920021e-05,9.082096579200209e-05,9.080298267412788e-05,robust_hit,6,3,2,,False
nav_gain_4,False,holdout,6,9.412959985386355,0.0,0.0,2.673160379798546e-06,1.7821069198655979e-07,9.41853700141205,9.41853700141205,0.0,0.0,0.9999089233124194,True,4.0,0.0013661503137091073,0.0013648137335192081,0.0013634771533293088,7.5,10.5,[],True,9.107668758060715e-05,9.098758223461388e-05,9.098758223461388e-05,9.089847688862059e-05,robust_hit,6,3,2,,False
nav_gain_4,False,holdout,6,13.55539600362356,0.0,0.0,2.7053521560920293e-06,1.8035681040613348e-07,13.563236609135677,13.563236609135677,0.0,0.0,0.9999089087083457,True,4.0,0.0013663693748137114,0.0013650166987356656,0.0013636640226576194,12.5,10.5,[],True,9.109129165424742e-05,9.100111324904436e-05,9.100111324904436e-05,9.091093484384129e-05,robust_hit,6,3,2,,False
nav_gain_4,False,holdout,6,16.98278720740581,0.0,0.0,3.0591066798172414e-06,2.03940445321144e-07,16.99247095099005,16.99247095099005,0.0,0.0,0.999908824682994,True,4.0,0.0013676297550903299,0.0013661002017504214,0.0013645706484105126,17.5,10.5,[],True,9.117531700602198e-05,9.107334678336141e-05,9.107334678336141e-05,9.097137656070084e-05,robust_hit,6,3,2,,False
nav_gain_4,False,holdout,6,20.0793490852581,0.0,0.0,3.1937820581216803e-06,2.129188038747841e-07,20.090700642518208,20.090700642518208,0.0,0.0,0.9999087632136444,True,4.0,0.001368551795333377,0.0013669549043043162,0.0013653580132752554,22.5,10.5,[],True,9.123678635555847e-05,9.113032695362107e-05,9.113032695362108e-05,9.102386755168369e-05,robust_hit,6,3,2,,False
nav_gain_4,False,holdout,6,22.929895544380813,0.0,0.0,6.122411044905043e-06,4.0816073632699923e-07,22.942771769798885,22.942771769798885,0.0,0.0,0.9999075959484721,True,4.0,0.0013860607729178141,0.0013829995673953616,0.001379938361872909,27.5,10.5,[],True,9.240405152785427e-05,9.219997115969077e-05,9.219997115969077e-05,9.199589079152727e-05,robust_hit,6,3,2,,False
nav_gain_4,False,holdout,6,25.561779859599913,0.0,0.0,4.2096132561095494e-06,2.806408837406258e-07,25.576117987742766,25.576117987742766,0.0,0.0,0.9999082545752553,True,4.0,0.0013761813711697466,0.001374076564541692,0.001371971757913637,32.5,10.5,[],True,9.174542474464977e-05,9.160510430277945e-05,9.160510430277945e-05,9.146478386090914e-05,robust_hit,6,3,2,,False
nav_gain_4,False,holdout,6,27.95657486010482,0.0,0.0,5.110290518179402e-06,3.406860345452935e-07,27.972280352170582,27.972280352170582,0.0,0.0,0.9999074675485342,True,4.0,0.001387986771986051,0.0013854316267269612,0.0013828764814678715,37.5,10.5,[],True,9.253245146573673e-05,9.236210844846408e-05,9.236210844846408e-05,9.219176543119144e-05,robust_hit,6,3,2,,False
nav_gain_4,False,holdout,6,30.114104686605657,0.0,0.0,4.430625991251819e-06,2.953750660834528e-07,30.129959359027737,30.129959359027737,0.0,0.0,0.9999073551002873,True,4.0,0.0013896734956904615,0.0013874581826948354,0.0013852428696992096,42.5,10.5,[],True,9.264489971269743e-05,9.24972121796557e-05,9.24972121796557e-05,9.234952464661397e-05,robust_hit,6,3,2,,False
nav_gain_4,False,holdout,6,32.01067056615782,0.0,0.0,3.5431221337587845e-06,2.3620814225058925e-07,32.0262761832915,32.0262761832915,0.0,0.0,0.9999072300216573,True,4.0,0.0013915496751417732,0.0013897781140748938,0.0013880065530080144,47.5,10.5,[],True,9.276997834278488e-05,9.265187427165959e-05,9.265187427165959e-05,9.25337702005343e-05,robust_hit,6,3,2,,False
nav_gain_4,False,holdout,6,33.60933063447732,0.0,0.0,2.637906227792022e-06,1.758604151861384e-07,33.62407270741879,33.62407270741879,0.0,0.0,0.9999066107487562,True,4.0,0.0014008387686573142,0.0013995198155434183,0.0013982008624295222,52.5,10.5,[],True,9.338925124382095e-05,9.330132103622788e-05,9.330132103622788e-05,9.321339082863481e-05,robust_hit,6,3,2,,False
nav_gain_4,False,holdout,6,34.84036089135534,0.0,0.0,6.379297311683019e-07,4.2528648744555265e-08,34.852407665309514,34.852407665309514,0.0,0.0,0.999907946836155,True,4.0,0.0013807974576744608,0.001380478492808877,0.0013801595279432925,57.5,10.5,[],True,9.205316384496405e-05,9.203189952059178e-05,9.203189952059178e-05,9.20106351962195e-05,robust_hit,6,3,2,,False
nav_gain_4,False,holdout,0,34.999999946107515,0.0,0.03461841070023604,1.0541522783569235e-05,7.027681832028065e-07,35.0,35.88394030894238,0.0,0.0,59.88547027716425,True,4.0,913.2820646989866,913.2820594282252,913.2820541574638,62.5,10.5,[],True,60.885470979932435,60.88547062854835,60.88547062854835,60.88547027716425,robust_miss,6,3,2,,False
nav_gain_4,False,holdout,0,34.99987013250412,0.0,0.02306805074971165,2.761973792075878e-05,1.8413159068586538e-06,35.0,35.68386014092937,0.0,0.0,328.5542937616759,True,4.0,4943.314434044877,4943.314420235008,4943.314406425139,67.5,10.5,[],True,329.55429560299183,329.5542946823339,329.5542946823339,329.5542937616759,robust_miss,6,3,2,,False
nav_gain_4,False,holdout,0,31.132541835021524,0.0,0.0,3.901445779774804e-05,2.6009638531832024e-06,31.29759403771453,31.29759403771453,0.0,0.0,563.7483848320862,True,4.0,8471.225811495751,8471.225791988521,8471.225772481293,72.5,10.5,[],True,564.7483874330501,564.7483861325682,564.7483861325682,564.7483848320862,robust_miss,6,3,2,,False
nav_gain_4,False,holdout,0,13.733880329445071,0.0,0.0,6.9537967647193e-05,4.635864456759009e-06,14.562982888021413,14.562982888021413,0.0,0.0,673.129912907739,True,4.0,10111.948763154052,10111.948728385069,10111.948693616085,77.5,10.5,[],True,674.1299175436035,674.1299152256712,674.1299152256713,674.129912907739,robust_miss,6,3,2,,False
nav_gain_4,False,holdout,0,4.524414968878903,0.0,0.0,9.524269080429804e-05,6.349512773340393e-06,4.605954359797412,4.605954359797412,0.0,0.0,695.0949396436416,True,4.0,10441.424189897316,10441.424142275971,10441.424094654625,82.5,10.5,[],True,696.0949459931544,696.0949428183981,696.0949428183981,696.0949396436416,robust_miss,6,3,2,,False
nav_gain_4,False,holdout,0,5.960738438243922,0.0,0.0,0.00011012868526449893,7.341912350966595e-06,6.071929383624477,6.071929383624477,0.0,0.0,698.6986352733345,True,4.0,10495.479639228703,10495.479584164359,10495.479529100017,87.5,10.5,[],True,699.6986426152469,699.6986389442906,699.6986389442907,699.6986352733345,robust_miss,6,3,2,,False
nav_gain_4,False,holdout,6,5.160203422472721,0.0,0.0,5.143102586888191e-07,3.428735057925099e-08,6.106760312798189,6.106760312798189,0.0,0.0,0.9999091625154243,True,4.0,0.0013625622686355614,0.0013623051135062169,0.0013620479583768726,2.5,11.5,[],True,9.083748457570409e-05,9.082034090041447e-05,9.082034090041447e-05,9.080319722512484e-05,robust_hit,6,3,2,,False
nav_gain_4,False,holdout,6,9.32335318843483,0.0,0.0,2.0995555852199553e-06,1.3997037234800606e-07,9.328396186909606,9.328396186909606,0.0,0.0,0.9999090091431301,True,4.0,0.0013648628530486767,0.0013638130752560665,0.0013627632974634568,7.5,11.5,[],True,9.099085686991178e-05,9.09208716837378e-05,9.092087168373778e-05,9.085088649756378e-05,robust_hit,6,3,2,,False
nav_gain_4,False,holdout,6,13.385004939574602,0.0,0.0,4.016182412810683e-06,2.677454941873807e-07,13.392346791436358,13.392346791436358,0.0,0.0,0.9999086370786192,True,4.0,0.0013704438207114919,0.0013684357295050866,0.0013664276382986812,12.5,11.5,[],True,9.136292138076613e-05,9.122904863367242e-05,9.122904863367244e-05,9.109517588657875e-05,robust_hit,6,3,2,,False
nav_gain_4,False,holdout,6,16.74292862117592,0.0,0.0,3.691221190545591e-06,2.460814127030331e-07,16.751519236890516,16.751519236890516,0.0,0.0,0.9999086834480402,True,4.0,0.001369748279397018,0.001367902668801745,0.0013660570582064724,17.5,11.5,[],True,9.131655195980119e-05,9.119351125344967e-05,9.119351125344967e-05,9.107047054709816e-05,robust_hit,6,3,2,,False
nav_gain_4,False,holdout,6,19.741380704893878,0.0,0.0,5.435061671606439e-06,3.623374447737644e-07,19.75188696346955,19.75188696346955,0.0,0.0,0.9999080721498556,True,4.0,0.0013789177521665076,0.0013762002213307041,0.0013734826904949011,22.5,11.5,[],True,9.192785014443384e-05,9.174668142204696e-05,9.174668142204696e-05,9.156551269966008e-05,robust_hit,6,3,2,,False
nav_gain_4,False,holdout,6,22.477808133247255,0.0,0.0,5.379714340996529e-06,3.5864762273310914e-07,22.489518863030053,22.489518863030053,0.0,0.0,0.99990793926984,True,4.0,0.0013809109524006802,0.001378221095230182,0.0013755312380596837,27.5,11.5,[],True,9.206073016004535e-05,9.18814063486788e-05,9.18814063486788e-05,9.170208253731224e-05,robust_hit,6,3,2,,False
nav_gain_4,False,holdout,6,24.984210226357384,0.0,0.0,5.872756619821565e-06,3.9151710798810617e-07,24.996885792903687,24.996885792903687,0.0,0.0,0.9999074169702509,True,4.0,0.001388745446237116,0.0013858090679272053,0.0013828726896172945,32.5,11.5,[],True,9.258302974914108e-05,9.238727119514701e-05,9.238727119514702e-05,9.219151264115297e-05,robust_hit,6,3,2,,False
nav_gain_4,False,holdout,6,27.266906586514207,0.0,0.0,5.539881827541695e-06,3.6932545516945626e-07,27.28068347457639,27.28068347457639,0.0,0.0,0.999907156315016,True,4.0,0.0013926552747587932,0.0013898853338450224,0.0013871153929312515,37.5,11.5,[],True,9.284368498391955e-05,9.265902225633483e-05,9.265902225633483e-05,9.24743595287501e-05,robust_hit,6,3,2,,False
nav_gain_4,False,holdout,6,29.312307491270836,0.0,0.0,4.46700271105791e-06,2.978001807371958e-07,29.325926581866643,29.325926581866643,0.0,0.0,0.9999073008064754,True,4.0,0.0013904879028693335,0.0013882544015138044,0.0013860209001582756,42.5,11.5,[],True,9.269919352462223e-05,9.255029343425363e-05,9.255029343425363e-05,9.240139334388504e-05,robust_hit,6,3,2,,False
nav_gain_4,False,holdout,6,31.099822388513314,0.0,0.0,3.1175788503976995e-06,2.078385900265142e-07,31.113186666216748,31.113186666216748,0.0,0.0,0.9999076352860015,True,4.0,0.0013854707099779386,0.0013839119205527398,0.001382353131127541,47.5,11.5,[],True,9.236471399852924e-05,9.226079470351598e-05,9.226079470351598e-05,9.215687540850273e-05,robust_hit,6,3,2,,False
nav_gain_4,False,holdout,6,32.59181808791189,0.0,0.0,2.2504681544666637e-06,1.5003121029777758e-07,32.60395073229618,32.60395073229618,0.0,0.0,0.9999072223031841,True,4.0,0.0013916654522390332,0.0013905402181617996,0.0013894149840845665,52.5,11.5,[],True,9.277769681593554e-05,9.270268121078667e-05,9.270268121078665e-05,9.262766560563776e-05,robust_hit,6,3,2,,False
nav_gain_4,False,holdout,6,33.724778564733285,0.0,0.0,8.425393316290834e-07,5.616928877527313e-08,33.734838881581794,33.734838881581794,0.0,0.0,0.9999063997234524,True,4.0,0.0014040041482137095,0.0014035828785478948,0.0014031616088820804,57.5,11.5,[],True,9.360027654758064e-05,9.3572191903193e-05,9.357219190319301e-05,9.354410725880536e-05,robust_hit,6,3,2,,False
nav_gain_4,False,holdout,0,34.3804462136476,0.0,0.0,1.1308252624075976e-05,7.538834978504383e-07,34.386833518831736,34.386833518831736,0.0,0.0,70.52069727513724,True,4.0,1072.8104704353111,1072.810464781185,1072.8104591270585,62.5,11.5,[],True,71.52069802902074,71.520697652079,71.52069765207898,71.52069727513724,robust_miss,6,3,2,,False
nav_gain_4,False,holdout,0,33.987825172119585,0.0,0.0,2.8283971914788708e-05,1.8855981238630193e-06,34.0603090272219,34.0603090272219,0.0,0.0,368.4776805183102,True,4.0,5542.165236058625,5542.165221916639,5542.165207774653,67.5,11.5,[],True,369.4776824039083,369.4776814611093,369.4776814611092,369.4776805183102,robust_miss,6,3,2,,False
nav_gain_4,False,holdout,0,29.376538943327986,0.0,0.0,3.938545341952704e-05,2.625696879476891e-06,29.5509244479662,29.5509244479662,0.0,0.0,622.6532322370587,True,4.0,9354.798522941333,9354.798503248607,9354.79848355588,72.5,11.5,[],True,623.6532348627555,623.6532335499071,623.6532335499071,623.6532322370587,robust_miss,6,3,2,,False
nav_gain_4,False,holdout,0,13.620982543146182,0.0,0.0,6.701546044496354e-05,4.467697408472304e-06,14.482897922010524,14.482897922010524,0.0,0.0,737.5361630435406,True,4.0,11078.04251266857,11078.042479160838,11078.04244565311,77.5,11.5,[],True,738.536167511238,738.5361652773894,738.5361652773893,738.5361630435406,robust_miss,6,3,2,,False
nav_gain_4,False,holdout,0,4.634034386597324,0.0,0.0,9.404630691278726e-05,6.269753839660552e-06,4.735602332693977,4.735602332693977,0.0,0.0,761.4760193678256,True,4.0,11437.140384563692,11437.14033754054,11437.140290517385,82.5,11.5,[],True,762.4760256375795,762.4760225027026,762.4760225027026,762.4760193678256,robust_miss,6,3,2,,False
nav_gain_4,False,holdout,0,5.954641897721586,0.0,0.0,0.0001101174857467413,7.3411656558164395e-06,6.053543296638262,6.053543296638262,0.0,0.0,765.3560624402429,True,4.0,11495.341046721129,11495.340991662386,11495.340936603643,87.5,11.5,[],True,766.3560697814086,766.3560661108257,766.3560661108257,766.3560624402429,robust_miss,6,3,2,,False
nav_gain_4,False,holdout,6,5.089895902205156,0.0,0.0,5.610026946082595e-07,3.740017964055063e-08,6.106476886249176,6.106476886249176,0.0,0.0,0.999909159774117,True,4.0,0.0013626033882447126,0.0013623228868974086,0.0013620423855501044,2.5,12.5,[],True,9.084022588298084e-05,9.082152579316056e-05,9.082152579316056e-05,9.080282570334028e-05,robust_hit,6,3,2,,False
nav_gain_4,False,holdout,6,9.247822528227172,0.0,0.0,2.4348007571467316e-06,1.6232005047643974e-07,9.252704402167517,9.252704402167517,0.0,0.0,0.9999089609581132,True,4.0,0.001365585628301221,0.001364368227922648,0.0013631508275440743,7.5,12.5,[],True,9.103904188674806e-05,9.095788186150984e-05,9.095788186150984e-05,9.087672183627163e-05,robust_hit,6,3,2,,False
nav_gain_4,False,holdout,6,13.237930270920602,0.0,0.0,3.516157710236863e-06,2.3441051401579087e-07,13.244524809672992,13.244524809672992,0.0,0.0,0.9999087512829622,True,4.0,0.0013687307555675442,0.0013669726767124258,0.0013652145978573073,12.5,12.5,[],True,9.124871703783628e-05,9.113151178082839e-05,9.113151178082839e-05,9.101430652382049e-05,robust_hit,6,3,2,,False
nav_gain_4,False,holdout,6,16.537200474403782,0.0,0.0,2.354498504397685e-06,1.5696656695984206e-07,16.545307882447066,16.545307882447066,0.0,0.0,0.9999089545385254,True,4.0,0.0013656819221201254,0.0013645046728679264,0.0013633274236157277,17.5,12.5,[],True,9.104546147467502e-05,9.09669781911951e-05,9.09669781911951e-05,9.088849490771518e-05,robust_hit,6,3,2,,False
nav_gain_4,False,holdout,6,19.429784318157477,0.0,0.0,5.1787222839772e-06,3.4524815226514574e-07,19.439214327586015,19.439214327586015,0.0,0.0,0.9999081665178837,True,4.0,0.001377502231744545,0.0013749128706025567,0.0013723235094605679,22.5,12.5,[],True,9.1833482116303e-05,9.166085804017042e-05,9.166085804017044e-05,9.148823396403786e-05,robust_hit,6,3,2,,False
nav_gain_4,False,holdout,6,22.065270629175938,0.0,0.0,4.141863226016966e-06,2.761242150678059e-07,22.075476301385205,22.075476301385205,0.0,0.0,0.9999084194712423,True,4.0,0.0013737079313653837,0.0013716369997523754,0.0013695660681393668,27.5,12.5,[],True,9.158052875769225e-05,9.144246665015836e-05,9.144246665015836e-05,9.130440454262445e-05,robust_hit,6,3,2,,False
nav_gain_4,False,holdout,6,24.468306461157628,0.0,0.0,5.464436968743037e-06,3.6429579791620245e-07,24.479490427266065,24.479490427266065,0.0,0.0,0.9999076402341066,True,4.0,0.0013853964884010827,0.0013826642699167112,0.0013799320514323397,32.5,12.5,[],True,9.235976589340551e-05,9.217761799444741e-05,9.217761799444741e-05,9.199547009548931e-05,robust_hit,6,3,2,,False
nav_gain_4,False,holdout,6,26.64855261990019,0.0,0.0,3.7658082078526143e-06,2.510538805235049e-07,26.660141845663258,26.660141845663258,0.0,0.0,0.9999082188620664,True,4.0,0.0013767170690038107,0.0013748341648998845,0.001372951260795958,37.5,12.5,[],True,9.178113793358737e-05,9.165561099332561e-05,9.165561099332562e-05,9.153008405306387e-05,robust_hit,6,3,2,,False
nav_gain_4,False,holdout,6,28.593284565316367,0.0,0.0,4.440267703539327e-06,2.960178469026245e-07,28.605401444878083,28.605401444878083,0.0,0.0,0.9999072995490578,True,4.0,0.0013905067641335853,0.0013882866302818155,0.001386066496430046,42.5,12.5,[],True,9.270045094223902e-05,9.25524420187877e-05,9.25524420187877e-05,9.24044330953364e-05,robust_hit,6,3,2,,False
nav_gain_4,False,holdout,6,30.283490223153983,0.0,0.0,2.9700189268773523e-06,1.9800126179181897e-07,30.29526650612507,30.29526650612507,0.0,0.0,0.9999077449770267,True,4.0,0.0013838253445994746,0.001382340335136036,0.0013808553256725972,47.5,12.5,[],True,9.22550229732983e-05,9.215602234240239e-05,9.21560223424024e-05,9.205702171150648e-05,robust_hit,6,3,2,,False
nav_gain_4,False,holdout,6,31.68159614772734,0.0,0.0,2.6401349123698382e-06,1.7600899415797747e-07,31.692066802448384,31.692066802448384,0.0,0.0,0.999906312087019,True,4.0,0.0014053186947155494,0.0014039986272593645,0.0014026785598031796,52.5,12.5,[],True,9.368791298103662e-05,9.359990848395764e-05,9.359990848395764e-05,9.351190398687865e-05,robust_hit,6,3,2,,False
nav_gain_4,False,holdout,6,32.7248547201533,0.0,0.0,7.165341466227639e-07,4.776894310818335e-08,32.73302317746358,32.73302317746358,0.0,0.0,0.9999066122446244,True,4.0,0.0014008163306340263,0.001400458063560715,0.0014000997964874035,57.5,12.5,[],True,9.338775537560176e-05,9.336387090404767e-05,9.336387090404767e-05,9.333998643249357e-05,robust_hit,6,3,2,,False
nav_gain_4,False,holdout,0,33.30151107121313,0.0,0.0,1.2162735401943792e-05,8.10849030585814e-07,33.30715986671378,33.30715986671378,0.0,0.0,83.48307919985731,True,4.0,1267.2462001605952,1267.2461940792275,1267.2461879978598,62.5,12.5,[],True,84.48308001070635,84.48307960528183,84.48307960528183,84.48307919985731,robust_miss,6,3,2,,False
nav_gain_4,False,holdout,0,32.566724475435585,0.0,0.0,2.8830182600358967e-05,1.9220121885155095e-06,32.65980955038137,32.65980955038137,0.0,0.0,408.1989433461808,True,4.0,6137.984179022895,6137.984164607803,6137.984150192712,67.5,12.5,[],True,409.198945268193,409.1989443071869,409.1989443071869,409.1989433461808,robust_miss,6,3,2,,False
nav_gain_4,False,holdout,0,27.811795802300853,0.0,0.0,3.968022247136105e-05,2.645348217811261e-06,27.99576410918937,27.99576410918937,0.0,0.0,681.4019939524795,True,4.0,10236.029948967416,10236.029929127306,10236.029909287194,72.5,12.5,[],True,682.4019965978277,682.4019952751536,682.4019952751537,682.4019939524795,robust_miss,6,3,2,,False
nav_gain_4,False,holdout,0,9.756015574713075,0.0,0.0,6.742444020346738e-05,4.494962695389404e-06,9.766759210917202,9.766759210917202,0.0,0.0,803.0717732548806,True,4.0,12061.076666247649,12061.076632535429,12061.076598823209,77.5,12.5,[],True,804.0717777498432,804.0717755023619,804.0717755023619,804.0717732548806,robust_miss,6,3,2,,False
nav_gain_4,False,holdout,0,4.73053664805749,0.0,0.0,9.290039452025667e-05,6.19335958162992e-06,4.84486665370924,4.84486665370924,0.0,0.0,827.8612667335102,True,4.0,12432.919093903047,12432.91904745285,12432.919001002652,82.5,12.5,[],True,828.8612729268698,828.8612698301899,828.8612698301899,828.8612667335102,robust_miss,6,3,2,,False
nav_gain_4,False,holdout,0,5.989404279531975,0.0,0.0,0.00010988148642354645,7.325432420657307e-06,6.078409001849109,6.078409001849109,0.0,0.0,832.0146319377552,True,4.0,12495.219588947815,12495.21953400707,12495.219479066329,87.5,12.5,[],True,833.0146392631876,833.0146356004715,833.0146356004714,833.0146319377552,robust_miss,6,3,2,,False
nav_gain_4,False,holdout,6,5.054143176290773,0.0,0.0,8.996817063735944e-07,5.99787804249081e-08,6.1062074233305195,6.1062074233305195,0.0,0.0,0.9999091368200023,True,4.0,0.0013629476999662445,0.0013624978591130577,0.0013620480182598709,2.5,13.5,[],True,9.086317999774963e-05,9.083319060753719e-05,9.083319060753718e-05,9.080320121732472e-05,robust_hit,6,3,2,,False
nav_gain_4,False,holdout,6,9.172048791111967,0.0,0.0,1.633898620127111e-06,1.0892657467514706e-07,9.18445995897837,9.18445995897837,0.0,0.0,0.9999090669556255,True,4.0,0.0013639956656171647,0.0013631787163071011,0.0013623617669970376,7.5,13.5,[],True,9.093304437447765e-05,9.087858108714007e-05,9.087858108714007e-05,9.08241177998025e-05,robust_hit,6,3,2,,False
nav_gain_4,False,holdout,6,13.106484009415393,0.0,0.0,3.6729961435597036e-06,2.4486640957065414e-07,13.112642123887513,13.112642123887513,0.0,0.0,0.9999087167713446,True,4.0,0.0013692484298313524,0.0013674119317595723,0.0013655754336877927,12.5,13.5,[],True,9.12832286554235e-05,9.116079545063817e-05,9.116079545063817e-05,9.103836224585284e-05,robust_hit,6,3,2,,False
nav_gain_4,False,holdout,6,16.320150168733637,0.0,0.0,4.037682555585323e-06,2.6917883703901613e-07,16.327516278589403,16.327516278589403,0.0,0.0,0.99990859563914,True,4.0,0.0013710654128999313,0.0013690465716221388,0.001367027730344346,17.5,13.5,[],True,9.140436085999542e-05,9.126977144147591e-05,9.126977144147591e-05,9.11351820229564e-05,robust_hit,6,3,2,,False
nav_gain_4,False,holdout,6,19.14578648397502,0.0,0.0,2.6513546052188853e-06,1.767569736812536e-07,19.154180500342854,19.154180500342854,0.0,0.0,0.9999088796380748,True,4.0,0.0013668054288781197,0.0013654797515755103,0.0013641540742729008,22.5,13.5,[],True,9.112036192520798e-05,9.103198343836735e-05,9.103198343836735e-05,9.094360495152673e-05,robust_hit,6,3,2,,False
nav_gain_4,False,holdout,6,21.689489737627504,0.0,0.0,3.244864770600084e-06,2.163243180400065e-07,21.69907130302901,21.69907130302901,0.0,0.0,0.9999086941391615,True,4.0,0.001369587912578173,0.001367965480192873,0.001366343047807573,27.5,13.5,[],True,9.130586083854486e-05,9.119769867952487e-05,9.119769867952485e-05,9.108953652050486e-05,robust_hit,6,3,2,,False
nav_gain_4,False,holdout,6,24.007374601014313,0.0,0.0,3.976507099266811e-06,2.651004732844486e-07,24.017246109213552,24.017246109213552,0.0,0.0,0.9999083380409329,True,4.0,0.0013749293860058549,0.0013729411324562215,0.001370952878906588,32.5,13.5,[],True,9.166195906705699e-05,9.152940883041476e-05,9.152940883041476e-05,9.139685859377254e-05,robust_hit,6,3,2,,False
nav_gain_4,False,holdout,6,26.088549785173477,0.0,0.0,4.572809284799327e-06,3.048539523199515e-07,26.098944365373356,26.098944365373356,0.0,0.0,0.9999077709542337,True,4.0,0.0013834356864943725,0.0013811492818519729,0.0013788628772095732,37.5,13.5,[],True,9.22290457662915e-05,9.207661879013152e-05,9.207661879013152e-05,9.192419181397155e-05,robust_hit,6,3,2,,False
nav_gain_4,False,holdout,6,27.943334553130097,0.0,0.0,3.4105768641477276e-06,2.273717909431755e-07,27.953895356458425,27.953895356458425,0.0,0.0,0.9999080493610583,True,4.0,0.0013792595841258552,0.0013775542956937813,0.0013758490072617075,42.5,13.5,[],True,9.195063894172368e-05,9.183695304625208e-05,9.183695304625208e-05,9.17232671507805e-05,robust_hit,6,3,2,,False
nav_gain_4,False,holdout,6,29.545954236798256,0.0,0.0,3.0469173882133934e-06,2.0312782588088657e-07,29.556229076543183,29.556229076543183,0.0,0.0,0.9999076359600396,True,4.0,0.0013854605994054543,0.0013839371407113478,0.001382413682017241,47.5,13.5,[],True,9.236403996036362e-05,9.226247604742318e-05,9.226247604742318e-05,9.216091213448273e-05,robust_hit,6,3,2,,False
nav_gain_4,False,holdout,6,30.86306703120124,0.0,0.0,2.465022026670958e-06,1.6433480177806476e-07,30.872131728400085,30.872131728400085,0.0,0.0,0.9999065462882606,True,4.0,0.0014018056760918278,0.0014005731650784923,0.0013993406540651569,52.5,13.5,[],True,9.345371173945519e-05,9.337154433856616e-05,9.337154433856616e-05,9.328937693767712e-05,robust_hit,6,3,2,,False
nav_gain_4,False,holdout,6,31.824091925824842,0.0,0.0,3.80863044560642e-07,2.5390869637370713e-08,31.831195176951372,31.831195176951372,0.0,0.0,0.999908237183657,True,4.0,0.0013764422451456315,0.0013762518136233512,0.0013760613821010709,57.5,13.5,[],True,9.17628163430421e-05,9.175012090822341e-05,9.175012090822341e-05,9.173742547340472e-05,robust_hit,6,3,2,,False
nav_gain_4,False,holdout,0,32.280201221225035,0.0,0.0,1.2963274912181078e-05,8.642183360052513e-07,32.308655894881554,32.308655894881554,0.0,0.0,97.26019211170572,True,4.0,1473.9028946388607,1473.9028881572233,1473.9028816755858,62.5,13.5,[],True,98.26019297592406,98.26019254381488,98.2601925438149,98.26019211170572,robust_miss,6,3,2,,False
nav_gain_4,False,holdout,0,31.240881115423804,0.0,0.0,2.9353432182688266e-05,1.956895459898078e-06,31.351432401450896,31.351432401450896,0.0,0.0,448.7440149682285,True,4.0,6746.160253876859,6746.160239200143,6746.160224523427,67.5,13.5,[],True,449.74401692512396,449.7440159466762,449.7440159466762,449.7440149682285,robust_miss,6,3,2,,False
nav_gain_4,False,holdout,0,26.4037085305287,0.0,0.0,3.988193566328846e-05,2.658795779098e-06,26.597199970907045,26.597199970907045,0.0,0.0,739.3612031401323,True,4.0,11105.41808698392,11105.418067042954,11105.418047101984,72.5,13.5,[],True,740.361205798928,740.3612044695301,740.3612044695301,740.3612031401323,robust_miss,6,3,2,,False
nav_gain_4,False,holdout,0,9.664038172120904,0.0,0.0,6.65295356157003e-05,4.43530234406353e-06,9.674077036907963,9.674077036907963,0.0,0.0,868.1449531613937,True,4.0,13037.17436395044,13037.174330685673,13037.174297420905,77.5,13.5,[],True,869.144957596696,869.1449553790449,869.1449553790449,869.1449531613937,robust_miss,6,3,2,,False
nav_gain_4,False,holdout,0,4.815878783638619,0.0,0.0,9.179977314488497e-05,6.119984846009174e-06,4.938202864404882,4.938202864404882,0.0,0.0,894.2503265784612,True,4.0,13428.754990476691,13428.754944576804,13428.754898676918,82.5,13.5,[],True,895.2503326984461,895.2503296384535,895.2503296384536,895.2503265784612,robust_miss,6,3,2,,False
nav_gain_4,False,holdout,0,5.985953255321381,0.0,0.0,0.00010987780660798308,7.325187084461504e-06,6.0666164883112,6.0666164883112,0.0,0.0,898.6739718675864,True,4.0,13495.109687891601,13495.109632952699,13495.109578013795,87.5,13.5,[],True,899.6739791927735,899.67397553018,899.6739755301799,899.6739718675864,robust_miss,6,3,2,,False
nav_gain_4,False,holdout,6,4.949337536462848,0.0,0.0,8.710948629323412e-07,5.807299086216602e-08,6.1058708953206375,6.1058708953206375,0.0,0.0,0.999909138967851,True,4.0,0.001362915482234135,0.0013624799348026689,0.0013620443873712026,2.5,14.5,[],True,9.086103214894233e-05,9.083199565351124e-05,9.083199565351126e-05,9.080295915808017e-05,robust_hit,6,3,2,,False
nav_gain_4,False,holdout,6,9.043328035009415,0.0,0.0,2.053595661714088e-06,1.369063774476104e-07,9.070296389741713,9.070296389741713,0.0,0.0,0.9999090153431409,True,4.0,0.001364769852886929,0.001363743055056072,0.001362716257225215,7.5,14.5,[],True,9.098465685912861e-05,9.09162036704048e-05,9.091620367040481e-05,9.0847750481681e-05,robust_hit,6,3,2,,False
nav_gain_4,False,holdout,6,12.945571447402086,0.0,0.0,2.5559473939985432e-06,1.703964929332326e-07,12.951430165793397,12.951430165793397,0.0,0.0,0.999908933785805,True,4.0,0.0013659932129243266,0.0013647152392273273,0.001363437265530328,12.5,14.5,[],True,9.10662141949551e-05,9.098101594848849e-05,9.098101594848849e-05,9.089581770202187e-05,robust_hit,6,3,2,,False
nav_gain_4,False,holdout,6,16.120220917579086,0.0,0.0,4.731242632205132e-06,3.1541617548034846e-07,16.127084123640465,16.127084123640465,0.0,0.0,0.9999083996584697,True,4.0,0.0013740051229543728,0.0013716395016382702,0.0013692738803221677,17.5,14.5,[],True,9.160034153029152e-05,9.144263344255135e-05,9.144263344255135e-05,9.128492535481117e-05,robust_hit,6,3,2,,False
nav_gain_4,False,holdout,6,18.88308796316907,0.0,0.0,4.71980423102209e-06,3.1465361540147807e-07,18.89097769188083,18.89097769188083,0.0,0.0,0.9999083251038452,True,4.0,0.0013751234423225202,0.0013727635402070093,0.0013704036380914981,22.5,14.5,[],True,9.167489615483468e-05,9.151756934713394e-05,9.151756934713394e-05,9.13602425394332e-05,robust_hit,6,3,2,,False
nav_gain_4,False,holdout,6,21.350153098710408,0.0,0.0,4.122833639979813e-06,2.7485557599865693e-07,21.358853923001814,21.358853923001814,0.0,0.0,0.9999084223367396,True,4.0,0.0013736649489063447,0.001371603532086355,0.0013695421152663649,27.5,14.5,[],True,9.157766326042298e-05,9.144023547242366e-05,9.144023547242366e-05,9.130280768442432e-05,robust_hit,6,3,2,,False
nav_gain_4,False,holdout,6,23.57711161909414,0.0,0.0,5.417986635622993e-06,3.6119910904152926e-07,23.586176869765136,23.586176869765136,0.0,0.0,0.9999076527373116,True,4.0,0.0013852089403255151,0.0013824999470077037,0.0013797909536898921,32.5,14.5,[],True,9.234726268836767e-05,9.21666631338469e-05,9.21666631338469e-05,9.198606357932614e-05,robust_hit,6,3,2,,False
nav_gain_4,False,holdout,6,25.575922386167214,0.0,0.0,5.4611915825425895e-06,3.6407943883617715e-07,25.58533179661384,25.58533179661384,0.0,0.0,0.9999071701112795,True,4.0,0.0013924483308079486,0.0013897177350166772,0.001386987139225406,37.5,14.5,[],True,9.282988872052991e-05,9.264784900111183e-05,9.264784900111183e-05,9.246580928169373e-05,robust_hit,6,3,2,,False
nav_gain_4,False,holdout,6,27.349335626024544,0.0,0.0,4.132558133289376e-06,2.7550387555263047e-07,27.358955445564845,27.358955445564845,0.0,0.0,0.9999075105927835,True,4.0,0.001387341108246854,0.0013852748291802094,0.0013832085501135646,42.5,14.5,[],True,9.248940721645694e-05,9.235165527868063e-05,9.235165527868063e-05,9.221390334090431e-05,robust_hit,6,3,2,,False
nav_gain_4,False,holdout,6,28.87278025530343,0.0,0.0,3.3026267445316563e-06,2.2017511630210952e-07,28.881963006621643,28.881963006621643,0.0,0.0,0.9999073220253948,True,4.0,0.0013901696190782807,0.001388518305706015,0.001386866992333749,47.5,14.5,[],True,9.267797460521872e-05,9.256788704706767e-05,9.256788704706766e-05,9.245779948891661e-05,robust_hit,6,3,2,,False
nav_gain_4,False,holdout,6,30.11252158826803,0.0,0.0,2.0790369147133565e-06,1.3860246098088772e-07,30.120638488187264,30.120638488187264,0.0,0.0,0.9999072176214705,True,4.0,0.0013917356779421873,0.0013906961594848308,0.001389656641027474,52.5,14.5,[],True,9.278237852947914e-05,9.27130772989887e-05,9.271307729898871e-05,9.264377606849826e-05,robust_hit,6,3,2,,False
nav_gain_4,False,holdout,6,31.001426550602268,0.0,0.0,3.2893690748666583e-07,2.1929127165781336e-08,31.007420964271642,31.007420964271642,0.0,0.0,0.9999081992949125,True,4.0,0.0013770105763135287,0.0013768461078597855,0.001376681639406042,57.5,14.5,[],True,9.180070508756858e-05,9.17897405239857e-05,9.178974052398569e-05,9.17787759604028e-05,robust_hit,6,3,2,,False
nav_gain_4,False,holdout,0,31.28622933745791,0.0,0.0,1.3700397630600492e-05,9.133598410926425e-07,31.335261910075594,31.335261910075594,0.0,0.0,111.46480814670139,True,4.0,1686.9721359009184,1686.9721290507196,1686.9721222005207,62.5,14.5,[],True,112.46480906006123,112.4648086033813,112.4648086033813,112.46480814670139,robust_miss,6,3,2,,False
nav_gain_4,False,holdout,0,30.013659861764122,0.0,0.0,2.9722291401412804e-05,1.9814860934275202e-06,30.139438736876713,30.139438736876713,0.0,0.0,487.44762739860505,True,4.0,7326.7144407013675,7326.714425840222,7326.714410979076,67.5,14.5,[],True,488.44762938009114,488.44762838934804,488.4476283893481,488.44762739860505,robust_miss,6,3,2,,False
nav_gain_4,False,holdout,0,25.126025299641785,0.0,0.0,4.008642827102449e-05,2.6724285362433875e-06,25.32861258639181,25.32861258639181,0.0,0.0,797.9450201952299,True,4.0,11984.175343014876,11984.175322971663,11984.175302928448,72.5,14.5,[],True,798.9450228676584,798.9450215314441,798.9450215314441,798.9450201952299,robust_miss,6,3,2,,False
nav_gain_4,False,holdout,0,9.576899630644052,0.0,0.0,6.440201832447201e-05,4.2934678958772565e-06,9.586386285409871,9.586386285409871,0.0,0.0,932.8513593697868,True,4.0,14007.77045494882,14007.770422747812,14007.770390546802,77.5,14.5,[],True,933.8513636632547,933.8513615165207,933.8513615165207,933.8513593697868,robust_miss,6,3,2,,False
nav_gain_4,False,holdout,0,4.891735659396714,0.0,0.0,9.073613000509795e-05,6.049075409464422e-06,5.018856457198502,5.018856457198502,0.0,0.0,960.6429018542407,True,4.0,14424.64361854974,14424.643573181675,14424.64352781361,82.5,14.5,[],True,961.6429079033161,961.6429048787783,961.6429048787784,961.6429018542407,robust_miss,6,3,2,,False
nav_gain_4,False,holdout,0,6.0154677597519255,0.0,0.0,0.00010974402175634168,7.316268124668568e-06,6.0895776373504145,6.0895776373504145,0.0,0.0,965.3342562687081,True,4.0,14495.013953774644,14495.013898902633,14495.013844030622,87.5,14.5,[],True,966.3342635849763,966.3342599268422,966.3342599268422,966.3342562687081,robust_miss,6,3,2,,False
nav_gain_4,False,holdout,6,4.85820853102942,0.0,0.0,8.738102820482485e-07,5.825401880321657e-08,6.105601568485555,6.105601568485555,0.0,0.0,0.9999091387670083,True,4.0,0.0013629184948756965,0.0013624815897346724,0.0013620446845936482,2.5,15.5,[],True,9.08612329917131e-05,9.083210598231151e-05,9.08321059823115e-05,9.080297897290989e-05,robust_hit,6,3,2,,False
nav_gain_4,False,holdout,6,8.879761389663845,0.0,0.0,1.077344153492749e-06,7.182294356617694e-08,8.924276093214749,8.924276093214749,0.0,0.0,0.9999091221568096,True,4.0,0.001363167647855483,0.0013626289757787367,0.0013620903037019903,7.5,15.5,[],True,9.087784319036553e-05,9.084193171858243e-05,9.084193171858245e-05,9.080602024679935e-05,robust_hit,6,3,2,,False
nav_gain_4,False,holdout,6,12.822491257304332,0.0,0.0,3.6717342500114988e-06,2.4478228333410534e-07,12.832347661930468,12.832347661930468,0.0,0.0,0.999908716971455,True,4.0,0.0013692454281749819,0.0013674095610499762,0.0013655736939249704,12.5,15.5,[],True,9.128302854499879e-05,9.116063740333174e-05,9.116063740333174e-05,9.103824626166468e-05,robust_hit,6,3,2,,False
nav_gain_4,False,holdout,6,15.932544635320076,0.0,0.0,4.355503402062597e-06,2.9036689347083076e-07,15.939081614058363,15.939081614058363,0.0,0.0,0.9999085088437684,True,4.0,0.0013723673434747282,0.0013701895917736968,0.0013680118400726657,17.5,15.5,[],True,9.149115623164854e-05,9.134597278491313e-05,9.134597278491313e-05,9.120078933817771e-05,robust_hit,6,3,2,,False
nav_gain_4,False,holdout,6,18.631132634260716,0.0,0.0,5.08494016961277e-06,3.389960113075243e-07,18.638328313547508,18.638328313547508,0.0,0.0,0.9999081967114724,True,4.0,0.0013770493279139234,0.001374506857829117,0.0013719643877443107,22.5,15.5,[],True,9.18032885275949e-05,9.163379052194113e-05,9.163379052194113e-05,9.146429251628737e-05,robust_hit,6,3,2,,False
nav_gain_4,False,holdout,6,21.02177591595395,0.0,0.0,3.4648571385917717e-06,2.309904759061163e-07,21.029505501018146,21.029505501018146,0.0,0.0,0.9999086297220066,True,4.0,0.0013705541699021854,0.0013688217413328895,0.0013670893127635936,27.5,15.5,[],True,9.137027799347903e-05,9.125478275552597e-05,9.125478275552597e-05,9.113928751757291e-05,robust_hit,6,3,2,,False
nav_gain_4,False,holdout,6,23.17265466865244,0.0,0.0,3.570032232561287e-06,2.3800214883741642e-07,23.181203031041573,23.181203031041573,0.0,0.0,0.9999084878060103,True,4.0,0.0013726829098455713,0.0013708978937292907,0.00136911287761301,32.5,15.5,[],True,9.151219398970475e-05,9.139319291528605e-05,9.139319291528604e-05,9.127419184086734e-05,robust_hit,6,3,2,,False
nav_gain_4,False,holdout,6,25.1023639271764,0.0,0.0,3.43924345498018e-06,2.292828969986877e-07,25.11116235548547,25.11116235548547,0.0,0.0,0.9999083564758694,True,4.0,0.0013746528619597534,0.0013729332402322633,0.0013712136185047733,37.5,15.5,[],True,9.164352413065023e-05,9.152888268215089e-05,9.152888268215089e-05,9.141424123365155e-05,robust_hit,6,3,2,,False
nav_gain_4,False,holdout,6,26.802046130769586,0.0,0.0,2.612101422351347e-06,1.7414009482342584e-07,26.81059996442088,26.81059996442088,0.0,0.0,0.999908491337453,True,4.0,0.0013726299382061278,0.0013713238874949521,0.0013700178367837765,42.5,15.5,[],True,9.150866254707519e-05,9.142159249966349e-05,9.142159249966349e-05,9.133452245225177e-05,robust_hit,6,3,2,,False
nav_gain_4,False,holdout,6,28.253289582560654,0.0,0.0,3.760406849474471e-06,2.506937899649647e-07,28.2614043547135,28.2614043547135,0.0,0.0,0.999906705820229,True,4.0,0.001399412696564372,0.0013975324931396348,0.0013956522897148975,47.5,15.5,[],True,9.329417977095813e-05,9.316883287597564e-05,9.316883287597565e-05,9.304348598099317e-05,robust_hit,6,3,2,,False
nav_gain_4,False,holdout,6,29.422819838621308,0.0,0.0,2.2759908239991695e-06,1.5173272159993922e-07,29.429990300200775,29.429990300200775,0.0,0.0,0.9999066806790872,True,4.0,0.0013997898136924754,0.001398651818280476,0.0013975138228684762,52.5,15.5,[],True,9.331932091283169e-05,9.324345455203172e-05,9.324345455203172e-05,9.316758819123175e-05,robust_hit,6,3,2,,False
nav_gain_4,False,holdout,6,30.242059524215623,0.0,0.0,4.0895172933024665e-07,2.726344862201283e-08,30.25256604577973,30.25256604577973,0.0,0.0,0.9999067667231908,True,4.0,0.0013984991521379263,0.0013982946762732611,0.001398090200408596,57.5,15.5,[],True,9.323327680919508e-05,9.321964508488407e-05,9.321964508488407e-05,9.320601336057307e-05,robust_hit,6,3,2,,False
nav_gain_4,False,holdout,0,30.328516818225093,0.0,0.0,1.4385368331204518e-05,9.590245468871217e-07,30.395563801281085,30.395563801281085,0.0,0.0,126.02579010092944,True,4.0,1905.38686589931,1905.3868587066256,1905.3868515139416,62.5,15.5,[],True,127.02579105995399,127.02579058044171,127.02579058044171,127.02579010092944,robust_miss,6,3,2,,False
nav_gain_4,False,holdout,0,28.869048295574373,0.0,0.0,3.0051252906559967e-05,2.0034168528582086e-06,29.008829720420263,29.008829720420263,0.0,0.0,526.1183366492232,True,4.0,7906.7750797896015,7906.775064763974,7906.775049738349,67.5,15.5,[],True,527.1183386526401,527.1183376509317,527.1183376509316,527.1183366492232,robust_miss,6,3,2,,False
nav_gain_4,False,holdout,0,23.958744326023037,0.0,0.0,4.0226677811006084e-05,2.681778596524964e-06,24.169691368047207,24.169691368047207,0.0,0.0,855.8058754673172,True,4.0,12852.088172236436,12852.088152123097,12852.088132009758,72.5,15.5,[],True,856.8058781490957,856.8058768082064,856.8058768082064,856.8058754673172,robust_miss,6,3,2,,False
nav_gain_4,False,holdout,0,9.486260839383093,0.0,0.0,6.213171036506537e-05,4.1421139940212015e-06,9.5015760970051,9.5015760970051,0.0,0.0,997.5408098051081,True,4.0,14978.112209208331,14978.112178142475,14978.112147076621,77.5,15.5,[],True,998.5408139472221,998.5408118761651,998.5408118761651,998.5408098051081,robust_miss,6,3,2,,False
nav_gain_4,False,holdout,0,4.959509879015278,0.0,0.0,8.970929957285989e-05,5.980619789625052e-06,5.0892474549901205,5.0892474549901205,0.0,0.0,1027.0387132667624,True,4.0,15420.580788710735,15420.580743856086,15420.580699001435,82.5,15.5,[],True,1028.0387192473822,1028.0387162570723,1028.0387162570723,1028.0387132667624,robust_miss,6,3,2,,False
nav_gain_4,False,holdout,0,6.012963002299676,0.0,0.0,0.00010963929526042193,7.30928627490357e-06,6.081011633659585,6.081011633659585,0.0,0.0,1031.994895460425,True,4.0,15494.923541545668,15494.923486726018,15494.923431906373,87.5,15.5,[],True,1032.9949027697112,1032.994899115068,1032.9948991150682,1032.994895460425,robust_miss,6,3,2,,False
nav_gain_4p25,False,main,3,1.8014706545557722,0.0,0.0,0.0,0.0,6.124999999999999,6.124999999999999,0.0,0.0,0.999909169338077,True,4.25,0.0013624599288445817,0.0013624599288445817,0.0013624599288445817,0.0,4.0,[],True,9.08306619229721e-05,9.083066192297209e-05,9.08306619229721e-05,9.08306619229721e-05,robust_hit,3,3,1,N,False
nav_gain_4p25,False,main,6,8.546143331234887,0.0,0.0,5.949612119941425e-07,3.9664080799618534e-08,8.560102103720741,8.560102103720741,0.0,0.0,0.9999091465606842,True,4.25,0.0013628015897367554,0.001362504109130758,0.0013622066285247612,5.0,4.0,[],True,9.08534393157837e-05,9.08336072753839e-05,9.083360727538389e-05,9.081377523498408e-05,robust_hit,6,3,2,N,False
nav_gain_4p25,False,main,6,14.147196256549293,0.0,0.0,2.105533798912266e-07,1.4036891992746632e-08,14.171288613686437,14.171288613686437,0.0,0.0,0.9999091638278169,True,4.25,0.001362542582746923,0.0013624373060569775,0.0013623320293670318,10.0,4.0,[],True,9.08361721831282e-05,9.082915373713182e-05,9.082915373713182e-05,9.082213529113545e-05,robust_hit,6,3,2,N,False
nav_gain_4p25,False,main,6,18.879419462112473,0.0,0.0,5.406626337314162e-06,3.6044175582094595e-07,18.91171781625817,18.91171781625817,0.0,0.0,0.9999086579779022,True,4.25,0.0013701303314680926,0.0013674270182994356,0.0013647237051307784,15.0,4.0,[],True,9.134202209787284e-05,9.116180121996237e-05,9.116180121996237e-05,9.09815803420519e-05,robust_hit,6,3,2,N,False
nav_gain_4p25,False,main,6,23.42225363372404,0.0,0.0,4.16703767024823e-06,2.778025113498784e-07,23.464601163678083,23.464601163678083,0.0,0.0,0.9999088149012927,True,4.25,0.0013677764806103083,0.0013656929617751844,0.00136360944294006,20.0,4.0,[],True,9.118509870735388e-05,9.104619745167894e-05,9.104619745167894e-05,9.0907296196004e-05,robust_hit,6,3,2,N,False
nav_gain_4p25,False,main,6,27.754464691692966,0.0,0.0,4.664340444914591e-06,3.1095602966098356e-07,27.805505525841387,27.805505525841387,0.0,0.0,0.9999087004433324,True,4.25,0.001369493350014848,0.0013671611797923908,0.0013648290095699335,25.0,4.0,[],True,9.129955666765654e-05,9.114407865282605e-05,9.114407865282605e-05,9.098860063799556e-05,robust_hit,6,3,2,N,False
nav_gain_4p25,False,main,6,31.85278834921864,0.0,0.0,9.03034314204249e-06,6.020228761361714e-07,31.91057197748009,31.91057197748009,0.0,0.0,0.9999073863823554,True,4.25,0.0013892042646688047,0.0013846890930977835,0.0013801739215267622,30.0,4.0,[],True,9.261361764458698e-05,9.23126062065189e-05,9.23126062065189e-05,9.201159476845081e-05,robust_hit,6,3,2,N,False
nav_gain_4p25,False,main,6,34.99973711698313,0.0,0.09691629955947137,1.1417018318022557e-05,7.611345545348335e-07,35.0,35.889459102286374,0.0,0.0,0.9999056361519957,True,4.25,0.0014154577200645,0.0014097492109054887,0.0014040407017464774,35.0,4.0,[],True,9.436384800429999e-05,9.398328072703257e-05,9.398328072703257e-05,9.360271344976516e-05,robust_hit,6,3,2,N,False
nav_gain_4p25,False,main,6,34.999999999644515,0.0,0.26778242677824265,7.256650861361957e-06,4.837767240907954e-07,35.0,41.7740041610725,0.0,0.0,0.9999070990567202,True,4.25,0.0013935141491985437,0.0013898858237678627,0.0013862574983371817,40.0,4.0,[],True,9.290094327990291e-05,9.265905491785752e-05,9.265905491785752e-05,9.241716655581212e-05,robust_hit,6,3,2,N,False
nav_gain_4p25,False,main,6,34.99999999999999,0.0,0.38697318007662834,7.601058018010627e-06,5.067372012007175e-07,35.0,50.062435784554346,0.0,0.0,0.9999048430430281,True,4.25,0.0014273543545789099,0.0014235538255699045,0.0014197532965608993,45.0,4.0,[],True,9.515695697192733e-05,9.490358837132698e-05,9.490358837132697e-05,9.465021977072661e-05,robust_hit,6,3,2,N,False
nav_gain_4p25,False,main,6,34.99999999999999,0.0,0.46153846153846156,2.8716351687884355e-06,1.914423445858993e-07,35.0,61.574099013231,0.0,0.0,0.9999065381428726,True,4.25,0.0014019278569121496,0.0014004920393277554,0.0013990562217433612,50.0,4.0,[],True,9.346185712747664e-05,9.336613595518369e-05,9.336613595518369e-05,9.327041478289074e-05,robust_hit,6,3,2,M,False
nav_gain_4p25,False,main,0,34.99999999999999,0.0,0.48081841432225064,5.920977734774624e-07,3.947318472086181e-08,35.00000000000001,79.58340023741064,0.0,0.0,0.37405274023588775,True,4.25,20.610791695636088,20.610791399587203,20.610791103538315,55.0,4.0,[],True,1.3740527797090725,1.37405275997248,1.37405275997248,1.3740527402358877,robust_miss,6,3,2,M,False
nav_gain_4p25,False,main,0,34.99999999999999,0.0,0.5130434782608696,1.580584000748786e-05,1.0537226629026009e-06,35.0,102.94568827127623,0.0,0.0,54.88256510085738,True,4.25,838.2384923187007,838.2384844157806,838.2384765128606,60.0,4.0,[],True,55.88256615458004,55.88256562771871,55.882565627718705,55.88256510085738,robust_miss,6,3,2,M,False
nav_gain_4p25,False,main,0,34.99999999999999,0.0,0.46875,2.475783571753709e-05,1.6505223783269685e-06,35.0,110.63207619178881,0.0,0.0,106.31234443792428,True,4.25,1609.6851913266999,1609.685178947782,1609.6851665688641,65.0,4.0,[],True,107.31234608844666,107.31234526318548,107.31234526318548,107.31234443792428,robust_miss,6,3,2,O,False
nav_gain_4p25,False,main,0,34.99999999999999,0.0,0.39915966386554624,3.96101231672219e-05,2.640674864551329e-06,35.0,88.48277439149669,0.0,0.0,161.29064856413106,True,4.25,2434.359768072089,2434.3597482670275,2434.359728461966,70.0,4.0,[],True,162.29065120480593,162.29064988446848,162.2906498844685,162.29064856413106,robust_miss,6,3,2,O,False
nav_gain_4p25,False,main,0,34.99987566635302,0.0,0.16666666666666666,6.416066526071518e-05,4.2773776840476785e-06,35.0,48.91765638494021,0.0,0.0,226.80531243782622,True,4.25,3417.0797507280586,3417.079718647726,3417.0796865673933,75.0,4.0,[],True,227.8053167152039,227.8053145765151,227.80531457651506,227.80531243782622,robust_miss,6,3,2,O,False
nav_gain_4p25,False,main,0,5.8225585117954095,0.0,0.0,9.935602702171309e-05,6.623735146149556e-06,6.200110342389954,6.200110342389954,0.0,0.0,261.1285428150221,True,4.25,3931.928241581359,3931.9281919033456,3931.928142225332,80.0,4.0,[],True,262.12854943875726,262.1285461268897,262.12854612688966,262.1285428150221,robust_miss,6,3,2,O,False
nav_gain_4p25,False,main,0,5.4977326617089535,0.0,0.0,0.00010886972359003266,7.257981565089722e-06,5.981113887432174,5.981113887432174,0.0,0.0,264.90717059830297,True,4.25,3988.607667844268,3988.607613409406,3988.607558974544,85.0,4.0,[],True,265.90717785628453,265.90717422729375,265.90717422729375,265.90717059830297,robust_miss,6,3,2,O,False
nav_gain_4p25,False,main,0,0.0,0.0,0.0,0.00011414404070819728,7.609602675984206e-06,0.0,0.0,0.0,0.0,265.67340644437695,True,4.25,4000.1012108096947,4000.1011537376744,4000.101096665654,90.0,4.0,[],True,266.6734140539796,266.6734102491783,266.6734102491783,266.67340644437695,robust_miss,6,3,2,O,False
nav_gain_4p25,False,main,3,1.8014706545557722,0.0,0.0,0.0,0.0,6.124999999999999,6.124999999999999,0.0,0.0,0.9999091760511896,True,4.25,0.0013623592321568034,0.0013623592321568036,0.0013623592321568034,0.0,5.0,[],True,9.082394881045355e-05,9.082394881045355e-05,9.082394881045355e-05,9.082394881045355e-05,robust_hit,3,3,1,N,False
nav_gain_4p25,False,main,6,7.852634981876006,0.0,0.0,2.518660946019234e-06,1.679107297346147e-07,7.8627247123231285,7.8627247123231285,0.0,0.0,0.9999090090680991,True,4.25,0.0013648639785134146,0.001363604648040405,0.0013623453175673954,5.0,5.0,[],True,9.099093190089431e-05,9.0906976536027e-05,9.090697653602701e-05,9.08230211711597e-05,robust_hit,6,3,2,N,False
nav_gain_4p25,False,main,6,13.1716629486576,0.0,0.0,4.809295390155411e-06,3.206196926770256e-07,13.189214689388832,13.189214689388832,0.0,0.0,0.9999086936477053,True,4.25,0.0013695952844205194,0.0013671906367254416,0.001364785989030364,10.0,5.0,[],True,9.130635229470129e-05,9.114604244836278e-05,9.114604244836278e-05,9.098573260202426e-05,robust_hit,6,3,2,N,False
nav_gain_4p25,False,main,6,17.556931261541177,0.0,0.0,3.7605162321208575e-06,2.507010821413896e-07,17.581033375529547,17.581033375529547,0.0,0.0,0.9999088383459322,True,4.25,0.0013674248110166227,0.0013655445529005621,0.0013636642947845018,15.0,5.0,[],True,9.116165406777484e-05,9.103630352670415e-05,9.103630352670414e-05,9.091095298563345e-05,robust_hit,6,3,2,N,False
nav_gain_4p25,False,main,6,21.732366557309575,0.0,0.0,8.901021229988648e-06,5.934014153325729e-07,21.76269462307228,21.76269462307228,0.0,0.0,0.9999074922591898,True,4.25,0.0013876161121521707,0.0013831656015371764,0.001378715090922182,20.0,5.0,[],True,9.250774081014471e-05,9.221104010247843e-05,9.221104010247843e-05,9.191433939481214e-05,robust_hit,6,3,2,N,False
nav_gain_4p25,False,main,6,25.712439042837644,0.0,0.0,7.215528685388306e-06,4.810352456925519e-07,25.748126889202172,25.748126889202172,0.0,0.0,0.9999078731340688,True,4.25,0.001381902988967203,0.001378295224624509,0.0013746874602818147,25.0,5.0,[],True,9.212686593114686e-05,9.188634830830057e-05,9.188634830830059e-05,9.164583068545431e-05,robust_hit,6,3,2,N,False
nav_gain_4p25,False,main,6,29.476728162768545,0.0,0.0,4.24527743557424e-06,2.8301849570495116e-07,29.518748584348863,29.518748584348863,0.0,0.0,0.9999085828760683,True,4.25,0.0013712568589745926,0.0013691342202568053,0.0013670115815390183,30.0,5.0,[],True,9.141712393163951e-05,9.127561468378703e-05,9.127561468378703e-05,9.113410543593456e-05,robust_hit,6,3,2,N,False
nav_gain_4p25,False,main,6,33.01366796292451,0.0,0.0,9.237342045667445e-06,6.158228030444954e-07,33.06136000465772,33.06136000465772,0.0,0.0,0.9999057930312459,True,4.25,0.0014131045313114272,0.0014084858602885937,0.0014038671892657598,35.0,5.0,[],True,9.420696875409514e-05,9.389905735257289e-05,9.38990573525729e-05,9.359114595105065e-05,robust_hit,6,3,2,N,False
nav_gain_4p25,False,main,6,34.9999975435705,0.0,0.1245674740484429,4.878346997107524e-06,3.2522313314049887e-07,35.0,36.699932766057906,0.0,0.0,0.9999077660505576,True,4.25,0.0013835092416359038,0.00138107006813735,0.0013786308946387963,40.0,5.0,[],True,9.223394944239358e-05,9.207133787582334e-05,9.207133787582334e-05,9.190872630925309e-05,robust_hit,6,3,2,N,False
nav_gain_4p25,False,main,6,34.99999999999698,0.0,0.24213836477987422,2.640079986811379e-06,1.7600533245408923e-07,35.0,42.20934505161035,0.0,0.0,0.9999084744162728,True,4.25,0.001372883755906665,0.0013715637159132594,0.0013702436759198537,45.0,5.0,[],True,9.1525583727111e-05,9.143758106088396e-05,9.143758106088396e-05,9.134957839465691e-05,robust_hit,6,3,2,N,False
nav_gain_4p25,False,main,6,34.99999999999999,0.0,0.31016042780748665,3.686848120440121e-06,2.4578987469599993e-07,35.00000000000001,49.542182040585914,0.0,0.0,0.9999063447019484,True,4.25,0.0014048294707734133,0.0014029860467131934,0.0014011426226529732,50.0,5.0,[],True,9.365529805156089e-05,9.353240311421288e-05,9.35324031142129e-05,9.340950817686489e-05,robust_hit,6,3,2,M,False
nav_gain_4p25,False,main,6,34.99999999999999,0.0,0.3232104121475054,1.2116448609190977e-06,8.077632406126866e-08,35.00000000000001,58.90151060003578,0.0,0.0,0.999906924610728,True,4.25,0.0013961308390785401,0.0013955250166480806,0.001394919194217621,55.0,5.0,[],True,9.307538927190268e-05,9.303500110987205e-05,9.303500110987203e-05,9.29946129478414e-05,robust_hit,6,3,2,M,False
nav_gain_4p25,False,main,0,34.99999999999999,0.0,0.3230174081237911,9.280968640723586e-06,6.187312422412106e-07,35.0,70.5725677094408,0.0,0.0,32.908506778349626,True,4.25,508.627610956213,508.62760631572866,508.62760167524436,60.0,5.0,[],True,33.90850739708087,33.90850708771524,33.90850708771525,33.908506778349626,robust_miss,6,3,2,M,False
nav_gain_4p25,False,main,0,34.99999999999999,0.0,0.3778337531486146,2.283205776620889e-05,1.5221371825191454e-06,35.0,77.54695836774894,0.0,0.0,123.69476834333982,True,4.25,1870.421547982155,1870.4215365661264,1870.4215251500973,65.0,5.0,[],True,124.694769865477,124.69476910440841,124.69476910440841,124.69476834333982,robust_miss,6,3,2,O,False
nav_gain_4p25,False,main,0,34.99999999999999,0.0,0.33557046979865773,3.083108094870113e-05,2.055405417422662e-06,35.00000000000001,75.46775023282795,0.0,0.0,200.13519477132982,True,4.25,3017.0279524010284,3017.0279369854884,3017.0279215699475,70.0,5.0,[],True,201.13519682673524,201.13519579903254,201.13519579903254,201.13519477132982,robust_miss,6,3,2,O,False
nav_gain_4p25,False,main,0,34.99972202628417,0.0,0.14213197969543148,6.054518053133506e-05,4.036345387703477e-06,35.0,44.723507549522324,0.0,0.0,285.5175764566042,True,4.25,4297.763707394244,4297.763677121654,4297.763646849064,75.0,5.0,[],True,286.5175804929496,286.51757847477694,286.5175784747769,286.5175764566042,robust_miss,6,3,2,O,False
nav_gain_4p25,False,main,0,5.4457049875264785,0.0,0.0,9.67088517427328e-05,6.447256794217537e-06,5.9602494411785,5.9602494411785,0.0,0.0,326.8355743763693,True,4.25,4917.533712354391,4917.533663999965,4917.53361564554,80.0,5.0,[],True,327.8355808236261,327.83557759999775,327.8355775999977,327.8355743763693,robust_miss,6,3,2,O,False
nav_gain_4p25,False,main,0,5.646657979176499,0.0,0.0,0.00010817128077178495,7.211418733277242e-06,6.0177640191508015,6.0177640191508015,0.0,0.0,331.47421127214767,True,4.25,4987.113277253496,4987.113223167856,4987.113169082215,85.0,5.0,[],True,332.4742184835664,332.47421487785704,332.47421487785704,332.47421127214767,robust_miss,6,3,2,O,False
nav_gain_4p25,False,main,0,0.0,0.0,0.0,0.00011414508026064141,7.609672024955216e-06,0.0,0.0,0.0,0.0,332.3387244190632,True,4.25,5000.080980431028,5000.080923358489,5000.080866285948,90.0,5.0,[],True,333.33873202873525,333.33872822389924,333.33872822389924,333.3387244190632,robust_miss,6,3,2,O,False
nav_gain_4p25,False,main,3,1.8014706545557722,0.0,0.0,0.0,0.0,6.124999999999999,6.124999999999999,0.0,0.0,0.999909182027017,True,4.25,0.0013622695947458168,0.0013622695947458168,0.0013622695947458168,0.0,6.0,[],True,9.081797298305444e-05,9.081797298305444e-05,9.081797298305444e-05,9.081797298305444e-05,robust_hit,3,3,1,N,False
nav_gain_4p25,False,main,6,7.478980758142997,0.0,0.0,1.8049206461259563e-06,1.2032804307506376e-07,7.486954563768486,7.486954563768486,0.0,0.0,0.9999090628190731,True,4.25,0.0013640577139032673,0.0013631552535802044,0.0013622527932571414,5.0,6.0,[],True,9.093718092688449e-05,9.087701690534696e-05,9.087701690534696e-05,9.081685288380943e-05,robust_hit,6,3,2,N,False
nav_gain_4p25,False,main,6,12.610119936601212,0.0,0.0,2.605376261140659e-06,1.7369175074271963e-07,12.62372934296709,12.62372934296709,0.0,0.0,0.9999089641448331,True,4.25,0.0013655378275032408,0.0013642351393726706,0.0013629324512421002,10.0,6.0,[],True,9.103585516688273e-05,9.094900929151137e-05,9.094900929151137e-05,9.086216341614001e-05,robust_hit,6,3,2,N,False
nav_gain_4p25,False,main,6,16.73194228977708,0.0,0.0,2.4524843490691083e-06,1.6349895660460812e-07,16.75073665069631,16.75073665069631,0.0,0.0,0.9999089735156003,True,4.25,0.0013653972659967305,0.001364171023822196,0.0013629447816476614,15.0,6.0,[],True,9.102648439978204e-05,9.094473492147973e-05,9.094473492147974e-05,9.086298544317743e-05,robust_hit,6,3,2,N,False
nav_gain_4p25,False,main,6,20.676530401182802,0.0,0.0,4.439348570194372e-06,2.9595657134628603e-07,20.699920561197736,20.699920561197736,0.0,0.0,0.999908548420772,True,4.25,0.0013717736884187287,0.0013695540141336314,0.0013673343398485343,20.0,6.0,[],True,9.145157922791524e-05,9.13036009422421e-05,9.13036009422421e-05,9.115562265656895e-05,robust_hit,6,3,2,N,False
nav_gain_4p25,False,main,6,24.402227108947944,0.0,0.0,7.0653881184311665e-06,4.7102587456207144e-07,24.429789778622773,24.429789778622773,0.0,0.0,0.9999073733132023,True,4.25,0.0013894003019642622,0.0013858676079050467,0.001382334913845831,25.0,6.0,[],True,9.262668679761748e-05,9.239117386033644e-05,9.239117386033644e-05,9.215566092305541e-05,robust_hit,6,3,2,N,False
nav_gain_4p25,False,main,6,27.918115895137717,0.0,0.0,7.217079938031572e-06,4.811386625354309e-07,27.94976530600394,27.94976530600394,0.0,0.0,0.9999069135636319,True,4.25,0.0013962965455207928,0.0013926880055517771,0.0013890794655827612,30.0,6.0,[],True,9.308643636805285e-05,9.284586703678514e-05,9.284586703678514e-05,9.260529770551742e-05,robust_hit,6,3,2,N,False
nav_gain_4p25,False,main,6,31.214267461368593,0.0,0.0,7.1051153157468405e-06,4.736743543831191e-07,31.251007234828,31.251007234828,0.0,0.0,0.999906522980854,True,4.25,0.0014021552871901152,0.0013986027295322418,0.0013950501718743684,35.0,6.0,[],True,9.347701914600768e-05,9.324018196881612e-05,9.324018196881612e-05,9.300334479162456e-05,robust_hit,6,3,2,N,False
nav_gain_4p25,False,main,6,34.2831317776244,0.0,0.0,4.7568944085364575e-06,3.1712629390242327e-07,34.32208716407748,34.32208716407748,0.0,0.0,0.9999076357022263,True,4.25,0.0013854644666055195,0.0013830860194012512,0.001380707572196983,40.0,6.0,[],True,9.23642977737013e-05,9.220573462675009e-05,9.220573462675009e-05,9.204717147979887e-05,robust_hit,6,3,2,N,False
nav_gain_4p25,False,main,6,34.99999999471408,0.0,0.13917525773195877,4.821971655866132e-06,3.214647770577412e-07,35.0,38.014405967291886,0.0,0.0,0.9999069019953245,True,4.25,0.0013964700701327203,0.0013940590843047873,0.0013916480984768542,45.0,6.0,[],True,9.309800467551469e-05,9.293727228698583e-05,9.293727228698581e-05,9.277653989845695e-05,robust_hit,6,3,2,N,False
nav_gain_4p25,False,main,6,34.99999999999999,0.0,0.21017699115044247,2.4090790093729206e-06,1.6060526729152623e-07,35.0,43.309330411278125,0.0,0.0,0.9999081110377034,True,4.25,0.0013783344344489735,0.0013771298949442872,0.0013759253554396006,50.0,6.0,[],True,9.188896229659823e-05,9.180865966295245e-05,9.180865966295246e-05,9.17283570293067e-05,robust_hit,6,3,2,N,False
nav_gain_4p25,False,main,6,34.99999999999999,0.0,0.23217550274223034,1.8780749915672888e-06,1.2520499943781112e-07,35.0,49.80883928279044,0.0,0.0,0.9999065403553582,True,4.25,0.0014018946696264924,0.0014009556321307086,0.001400016594634925,55.0,6.0,[],True,9.345964464176616e-05,9.339704214204724e-05,9.339704214204726e-05,9.333443964232835e-05,robust_hit,6,3,2,M,False
nav_gain_4p25,False,main,0,34.99999999999999,0.0,0.2128935532233883,3.1761548342501555e-06,2.1174365549825325e-07,35.0,57.167108832826294,0.0,0.0,5.891336953046499,True,4.25,103.37005747185232,103.37005588377491,103.37005429569749,60.0,6.0,[],True,6.891337164790155,6.891337058918327,6.891337058918327,6.891336953046499,robust_miss,6,3,2,M,False
nav_gain_4p25,False,main,0,34.99999999999999,0.0,0.266173752310536,2.0892106022074586e-05,1.3928070643487445e-06,35.00000000000001,63.919182314394895,0.0,0.0,129.95931535389272,True,4.25,1964.389751200497,1964.389740754444,1964.3897303083909,65.0,6.0,[],True,130.95931674669978,130.95931605029625,130.95931605029625,130.95931535389272,robust_miss,6,3,2,O,False
nav_gain_4p25,False,main,0,34.99999999999999,0.0,0.28150134048257375,3.098020215475117e-05,2.0653468197906477e-06,35.0,58.86967180510629,0.0,0.0,240.42128884996063,True,4.25,3621.3193637296117,3621.319348239511,3621.3193327494096,70.0,6.0,[],True,241.42129091530745,241.42128988263403,241.42128988263403,241.42128884996063,robust_miss,6,3,2,O,False
nav_gain_4p25,False,main,0,34.97476329617569,0.0,0.06334841628959276,5.651027186104329e-05,3.7673514725611312e-06,35.0,36.363484285327296,0.0,0.0,344.9991970162327,True,4.25,5189.988011753762,5189.987983498627,5189.98795524349,75.0,6.0,[],True,345.9992007835842,345.99919889990844,345.99919889990844,345.9991970162327,robust_miss,6,3,2,O,False
nav_gain_4p25,False,main,0,5.125893768379593,0.0,0.0,9.420489823241951e-05,6.280326545038406e-06,5.74309837966325,5.74309837966325,0.0,0.0,392.53567566954706,True,4.25,5903.035229248104,5903.035182145654,5903.035135043206,80.0,6.0,[],True,393.5356819498736,393.53567880971036,393.53567880971036,393.53567566954706,robust_miss,6,3,2,O,False
nav_gain_4p25,False,main,0,5.684317783714716,0.0,0.0,0.00010752712114481255,7.168474724039697e-06,5.97662771032932,5.97662771032932,0.0,0.0,398.0596905557892,True,4.25,5985.895465863959,5985.895412100398,5985.8953583368375,85.0,6.0,[],True,399.0596977242639,399.0596941400265,399.0596941400265,399.0596905557892,robust_miss,6,3,2,O,False
nav_gain_4p25,False,main,0,0.0,0.0,0.0,0.0001141456441473565,7.609709598455083e-06,0.0,0.0,0.0,0.0,399.00449194839973,True,4.25,6000.06749337164,6000.0674362988175,6000.067379225996,90.0,6.0,[],True,400.00449955810933,400.00449575325456,400.00449575325456,400.00449194839973,robust_miss,6,3,2,O,False
nav_gain_4p25,False,main,3,1.8014706545557722,0.0,0.0,0.0,0.0,6.124999999999999,6.124999999999999,0.0,0.0,0.9999091858598448,True,4.25,0.0013622121023282364,0.0013622121023282366,0.0013622121023282364,0.0,7.0,[],True,9.081414015521576e-05,9.081414015521576e-05,9.081414015521576e-05,9.081414015521576e-05,robust_hit,3,3,1,N,False
nav_gain_4p25,False,main,6,7.229902438858522,0.0,0.0,1.7972230727935235e-06,1.198148715195619e-07,7.236654235563919,7.236654235563919,0.0,0.0,0.9999090490362861,True,4.25,0.0013642644557095211,0.0013633658441731245,0.0013624672326367276,5.0,7.0,[],True,9.095096371396807e-05,9.089105627820828e-05,9.089105627820828e-05,9.083114884244851e-05,robust_hit,6,3,2,N,False
nav_gain_4p25,False,main,6,12.248540774891522,0.0,0.0,1.8219750246024468e-06,1.214650016401604e-07,12.26023373832289,12.26023373832289,0.0,0.0,0.9999090433980766,True,4.25,0.0013643490288506696,0.0013634380413383683,0.0013625270538260672,10.0,7.0,[],True,9.095660192337798e-05,9.089586942255789e-05,9.089586942255789e-05,9.083513692173782e-05,robust_hit,6,3,2,N,False
nav_gain_4p25,False,main,6,16.181119044010774,0.0,0.0,4.380792747540364e-06,2.920528498360288e-07,16.19630283515899,16.19630283515899,0.0,0.0,0.9999085310514767,True,4.25,0.0013720342278493913,0.0013698438314756211,0.001367653435101851,15.0,7.0,[],True,9.146894852329276e-05,9.132292209837474e-05,9.132292209837475e-05,9.117689567345673e-05,robust_hit,6,3,2,N,False
nav_gain_4p25,False,main,6,19.947903091439468,0.0,0.0,3.840914014070773e-06,2.560609342713876e-07,19.96658994004063,19.96658994004063,0.0,0.0,0.9999086318894164,True,4.25,0.001370521658754604,0.0013686012017475686,0.0013666807447405332,20.0,7.0,[],True,9.136811058364026e-05,9.124008011650456e-05,9.124008011650458e-05,9.111204964936888e-05,robust_hit,6,3,2,N,False
nav_gain_4p25,False,main,6,23.473375944201404,0.0,0.0,3.655317922598598e-06,2.436878615065687e-07,23.495619641666995,23.495619641666995,0.0,0.0,0.9999086296538814,True,4.25,0.0013705551917788448,0.0013687275328175454,0.0013668998738562462,25.0,7.0,[],True,9.137034611858965e-05,9.124850218783638e-05,9.124850218783636e-05,9.112665825708309e-05,robust_hit,6,3,2,N,False
nav_gain_4p25,False,main,6,26.786733388897677,0.0,0.0,6.747341543686218e-06,4.498227695790794e-07,26.811948866581847,26.811948866581847,0.0,0.0,0.9999071786650839,True,4.25,0.0013923200237407943,0.0013889463529689512,0.0013855726821971081,30.0,7.0,[],True,9.282133491605295e-05,9.259642353126341e-05,9.259642353126341e-05,9.237151214647387e-05,robust_hit,6,3,2,N,False
nav_gain_4p25,False,main,6,29.881860810952826,0.0,0.0,5.177531332045942e-06,3.451687554697195e-07,29.91135473517236,29.91135473517236,0.0,0.0,0.9999077348318663,True,4.25,0.001383977522004882,0.0013813887563388593,0.001378799990672836,35.0,7.0,[],True,9.22651681336588e-05,9.209258375592393e-05,9.209258375592394e-05,9.191999937818908e-05,robust_hit,6,3,2,N,False
nav_gain_4p25,False,main,6,32.75262944379537,0.0,0.0,2.874547932961956e-06,1.9163652886412135e-07,32.78359972451138,32.78359972451138,0.0,0.0,0.9999085833102885,True,4.25,0.0013712503456718458,0.0013698130717053648,0.0013683757977388839,40.0,7.0,[],True,9.141668971145638e-05,9.132087144702432e-05,9.132087144702432e-05,9.122505318259226e-05,robust_hit,6,3,2,N,False
nav_gain_4p25,False,main,6,34.99987394886974,0.0,0.04904051172707889,4.040180073513469e-06,2.6934533823422583e-07,35.0,35.47157215277826,0.0,0.0,0.9999075599300553,True,4.25,0.0013866010491700713,0.0013845809591333145,0.0013825608690965579,45.0,7.0,[],True,9.244006994467142e-05,9.230539727555431e-05,9.230539727555431e-05,9.21707246064372e-05,robust_hit,6,3,2,N,False
nav_gain_4p25,False,main,6,34.99999999999306,0.0,0.13568773234200743,3.7712346994025602e-06,2.5141564662683915e-07,35.0,39.33738711995433,0.0,0.0,0.9999066499274522,True,4.25,0.0014002510882184216,0.0013983654708687203,0.001396479853519019,50.0,7.0,[],True,9.335007254789478e-05,9.322436472458136e-05,9.322436472458136e-05,9.309865690126794e-05,robust_hit,6,3,2,N,False
nav_gain_4p25,False,main,6,34.99999999999999,0.0,0.17289719626168223,2.1666517042854324e-06,1.4444344695236668e-07,35.00000000000001,44.16966232102637,0.0,0.0,0.9999064614946211,True,4.25,0.0014030775806825912,0.0014019942548304486,0.0014009109289783057,55.0,7.0,[],True,9.353850537883942e-05,9.346628365536324e-05,9.346628365536323e-05,9.339406193188705e-05,robust_hit,6,3,2,M,False
nav_gain_4p25,False,main,6,34.99999999999999,0.0,0.15394402035623408,9.270132801143804e-09,6.18008853402359e-10,35.0,49.437459076645865,0.0,0.0,0.9999065033667,True,4.25,0.0014024494995002403,0.0014024448644338397,0.0014024402293674391,60.0,7.0,[],True,9.349663330001601e-05,9.349632429558933e-05,9.349632429558931e-05,9.349601529116261e-05,robust_hit,6,3,2,M,False
nav_gain_4p25,False,main,0,34.99999999999999,0.0,0.181021897810219,1.9082533526670886e-05,1.272168901778059e-06,35.0,54.16363191273739,0.0,0.0,130.54067399524672,True,4.25,1973.1101290112342,1973.1101194699675,1973.1101099287007,65.0,7.0,[],True,131.54067526741562,131.54067463133117,131.54067463133117,131.54067399524672,robust_miss,6,3,2,M,False
nav_gain_4p25,False,main,0,34.99999999999999,0.0,0.22462203023758098,3.1028350349515676e-05,2.0685566823885893e-06,35.0,50.452437780625885,0.0,0.0,277.9923835164548,True,4.25,4184.885783775173,4184.885768260998,4184.885752746823,70.0,7.0,[],True,278.9923855850115,278.99238455073316,278.99238455073316,278.9923835164548,robust_miss,6,3,2,O,False
nav_gain_4p25,False,main,0,32.92496721416542,0.0,0.0,5.2692184908664785e-05,3.512812327244319e-06,33.78141567788918,33.78141567788918,0.0,0.0,405.91379600619297,True,4.25,6103.70699278508,6103.706966438988,6103.706940092895,75.0,7.0,[],True,406.9137995190053,406.91379776259913,406.91379776259913,406.91379600619297,robust_miss,6,3,2,O,False
nav_gain_4p25,False,main,0,5.1125405561399875,0.0,0.0,9.195597613143036e-05,6.130398389814218e-06,5.904909772450038,5.904909772450038,0.0,0.0,458.25265247170864,True,4.25,6888.789879031606,6888.789833053618,6888.78978707563,80.0,7.0,[],True,459.25265860210703,459.25265553690787,459.2526555369078,459.25265247170864,robust_miss,6,3,2,O,False
nav_gain_4p25,False,main,0,5.651806185550548,0.0,0.0,0.00010665376976248808,7.1102513174992055e-06,5.882918272507853,5.882918272507853,0.0,0.0,464.6553954844,True,4.25,6984.8310389197695,6984.830985592885,6984.830932266,85.0,7.0,[],True,465.6554025946513,465.65539903952566,465.65539903952566,465.6553954844,robust_miss,6,3,2,O,False
nav_gain_4p25,False,main,0,0.0,0.0,0.0,0.00011414598429837497,7.609732278979209e-06,0.0,0.0,0.0,0.0,465.6705163703354,True,4.25,7000.057859701015,7000.057802628024,7000.057745555031,90.0,7.0,[],True,466.6705239800677,466.67052017520155,466.67052017520155,466.6705163703354,robust_miss,6,3,2,O,False
nav_gain_4p25,False,main,3,1.8014706545557722,0.0,0.0,0.0,0.0,6.124999999999999,6.124999999999999,0.0,0.0,0.9999091858577575,True,4.25,0.0013622121336378274,0.0013622121336378274,0.0013622121336378274,0.0,8.0,[],True,9.081414224252183e-05,9.081414224252183e-05,9.081414224252183e-05,9.081414224252183e-05,robust_hit,3,3,1,N,False
nav_gain_4p25,False,main,6,7.066040443912882,0.0,0.0,7.625649162694339e-07,5.08376610846217e-08,7.071745160548569,7.071745160548569,0.0,0.0,0.9999091467419553,True,4.25,0.0013627988706709602,0.0013624175882128253,0.0013620363057546907,5.0,8.0,[],True,9.085325804473068e-05,9.082783921418837e-05,9.082783921418837e-05,9.080242038364605e-05,robust_hit,6,3,2,N,False
nav_gain_4p25,False,main,6,11.990222492996834,0.0,0.0,3.361077129292872e-06,2.2407180861951938e-07,11.9999366808558,11.9999366808558,0.0,0.0,0.9999087932401632,True,4.25,0.0013681013975506884,0.001366420858986042,0.0013647403204213955,10.0,8.0,[],True,9.120675983671256e-05,9.10947239324028e-05,9.10947239324028e-05,9.098268802809304e-05,robust_hit,6,3,2,N,False
nav_gain_4p25,False,main,6,15.797286327808063,0.0,0.0,3.3712230077208565e-06,2.24748200514731e-07,15.810033598295515,15.810033598295515,0.0,0.0,0.9999087734572925,True,4.25,0.0013683981406126112,0.0013667125291087507,0.0013650269176048904,15.0,8.0,[],True,9.122654270750742e-05,9.111416860725005e-05,9.111416860725005e-05,9.100179450699269e-05,robust_hit,6,3,2,N,False
nav_gain_4p25,False,main,6,19.383135102412,0.0,0.0,4.7206411837950185e-06,3.1470941225300575e-07,19.398665493495944,19.398665493495944,0.0,0.0,0.9999083802097193,True,4.25,0.001374296854211212,0.0013719365336193146,0.001369576213027417,20.0,8.0,[],True,9.161979028074748e-05,9.146243557462097e-05,9.146243557462097e-05,9.130508086849447e-05,robust_hit,6,3,2,N,False
nav_gain_4p25,False,main,6,22.764083449355063,0.0,0.0,5.324892798601018e-06,3.549928532400697e-07,22.783123660914406,22.783123660914406,0.0,0.0,0.9999080713387888,True,4.25,0.0013789299181678214,0.0013762674717685208,0.0013736050253692204,25.0,8.0,[],True,9.192866121118809e-05,9.175116478456805e-05,9.175116478456805e-05,9.157366835794802e-05,robust_hit,6,3,2,N,False
nav_gain_4p25,False,main,6,25.905950432260184,0.0,0.0,6.067696420436084e-06,4.045130946957507e-07,25.927164053656323,25.927164053656323,0.0,0.0,0.9999075409497722,True,4.25,0.0013868857534171033,0.0013838519052068853,0.0013808180569966672,30.0,8.0,[],True,9.245905022780689e-05,9.225679368045901e-05,9.225679368045901e-05,9.205453713311114e-05,robust_hit,6,3,2,N,False
nav_gain_4p25,False,main,6,28.82832375003279,0.0,0.0,4.6075641733215635e-06,3.071709448880961e-07,28.852711434620524,28.852711434620524,0.0,0.0,0.9999080140759031,True,4.25,0.0013797888614535895,0.0013774850793669285,0.001375181297280268,35.0,8.0,[],True,9.198592409690597e-05,9.183233862446192e-05,9.183233862446191e-05,9.167875315201787e-05,robust_hit,6,3,2,N,False
nav_gain_4p25,False,main,6,31.52658336702035,0.0,0.0,5.38201416777997e-06,3.5880094451866103e-07,31.552473452163255,31.552473452163255,0.0,0.0,0.9999071390361003,True,4.25,0.0013929144584962252,0.0013902234514123351,0.0013875324443284453,40.0,8.0,[],True,9.286096389974835e-05,9.268156342748902e-05,9.268156342748902e-05,9.250216295522969e-05,robust_hit,6,3,2,N,False
nav_gain_4p25,False,main,6,33.985524290662156,0.0,0.0,4.222394769708149e-06,2.814929846472108e-07,34.01220232904893,34.01220232904893,0.0,0.0,0.9999073678449678,True,4.25,0.0013894823254831908,0.0013873711280983367,0.0013852599307134826,45.0,8.0,[],True,9.263215503221272e-05,9.249140853988913e-05,9.249140853988911e-05,9.235066204756551e-05,robust_hit,6,3,2,N,False
nav_gain_4p25,False,main,6,34.99999997296396,0.0,0.07606973058637084,3.629209523330762e-06,2.4194730155539497e-07,35.0,36.620551592501364,0.0,0.0,0.9999068478758416,True,4.25,0.0013972818623765376,0.0013954672576148722,0.0013936526528532068,50.0,8.0,[],True,9.315212415843584e-05,9.303115050765815e-05,9.303115050765815e-05,9.291017685688045e-05,robust_hit,6,3,2,N,False
nav_gain_4p25,False,main,6,34.99999999999999,0.0,0.12365591397849462,2.2610510038096124e-06,1.507367335873075e-07,35.0,40.25068805502493,0.0,0.0,0.9999065312550641,True,4.25,0.001402031174038356,0.0014009006485364512,0.0013997701230345464,55.0,8.0,[],True,9.346874493589039e-05,9.339337656909674e-05,9.339337656909674e-05,9.331800820230308e-05,robust_hit,6,3,2,M,False
nav_gain_4p25,False,main,6,34.99999999999999,0.0,0.11504424778761062,2.476182441191882e-07,1.6507882941277406e-08,35.0,44.17334734237546,0.0,0.0,0.9999066428114245,True,4.25,0.0014003578286317941,0.0014002340195097345,0.001400110210387675,60.0,8.0,[],True,9.335718857545294e-05,9.33489346339823e-05,9.33489346339823e-05,9.334068069251166e-05,robust_hit,6,3,2,M,False
nav_gain_4p25,False,main,0,34.99999999999999,0.0,0.12455089820359282,1.7550554275658214e-05,1.1700369384470832e-06,35.0,47.53983746206599,0.0,0.0,128.19932525660187,True,4.25,1937.9898963995822,1937.989887624305,1937.989878849028,65.0,8.0,[],True,129.1993264266388,129.19932584162032,129.19932584162035,129.19932525660187,robust_miss,6,3,2,M,False
nav_gain_4p25,False,main,0,34.99999999999918,0.0,0.14575645756457564,3.1124048291530926e-05,2.074936560347851e-06,35.0,46.18928902780573,0.0,0.0,315.709192403456,True,4.25,4750.637917175888,4750.637901613864,4750.63788605184,70.0,8.0,[],True,316.70919447839253,316.70919344092425,316.70919344092425,316.709192403456,robust_miss,6,3,2,O,False
nav_gain_4p25,False,main,0,31.039678559349625,0.0,0.0,4.900673957308754e-05,3.2671159715391695e-06,31.95111691594383,31.95111691594383,0.0,0.0,467.90152406559696,True,4.25,7033.522909990694,7033.522885487324,7033.522860983954,75.0,8.0,[],True,468.90152733271293,468.90152569915494,468.90152569915494,468.90152406559696,robust_miss,6,3,2,O,False
nav_gain_4p25,False,main,0,5.111215431284341,0.0,0.0,8.97928157428396e-05,5.986187716189306e-06,5.859289294854569,5.859289294854569,0.0,0.0,523.9772693750613,True,4.25,7874.659130418735,7874.659085522327,7874.659040625919,80.0,8.0,[],True,524.977275361249,524.9772723681551,524.9772723681551,524.9772693750613,robust_miss,6,3,2,O,False
nav_gain_4p25,False,main,0,5.578972160180845,0.0,0.0,0.00010579527770460118,7.053018521219201e-06,5.759846294852555,5.759846294852555,0.0,0.0,531.2516181134018,True,4.25,7983.7743774963055,7983.774324598667,7983.774271701028,85.0,8.0,[],True,532.2516251664204,532.2516216399111,532.251621639911,532.2516181134018,robust_miss,6,3,2,O,False
nav_gain_4p25,False,main,0,0.0,0.0,0.0,0.0001141462062150822,7.609747058268113e-06,0.0,0.0,0.0,0.0,532.3367013516906,True,4.25,8000.0506344215655,8000.050577348462,8000.050520275359,90.0,8.0,[],True,533.3367089614377,533.3367051565641,533.3367051565642,533.3367013516906,robust_miss,6,3,2,O,False
nav_gain_4p25,False,main,3,1.8014706545557722,0.0,0.0,0.0,0.0,6.124999999999999,6.124999999999999,0.0,0.0,0.9999091858556064,True,4.25,0.001362212165904252,0.001362212165904252,0.001362212165904252,0.0,9.0,[],True,9.08141443936168e-05,9.08141443936168e-05,9.08141443936168e-05,9.08141443936168e-05,robust_hit,3,3,1,N,False
nav_gain_4p25,False,main,6,6.945119307837553,0.0,0.0,7.791346775688074e-07,5.1942311837910554e-08,6.95024194839652,6.95024194839652,0.0,0.0,0.9999091455809002,True,4.25,0.0013628162864971058,0.0013624267191583214,0.001362037151819537,5.0,9.0,[],True,9.085441909980704e-05,9.082844794388808e-05,9.082844794388808e-05,9.080247678796913e-05,robust_hit,6,3,2,N,False
nav_gain_4p25,False,main,6,11.740195813821408,0.0,0.0,1.5878843829056095e-06,1.0585895886037848e-07,11.748581804855952,11.748581804855952,0.0,0.0,0.9999090709965042,True,4.25,0.0013639350524373957,0.0013631411102459428,0.0013623471680544901,10.0,9.0,[],True,9.092900349582639e-05,9.087607401639619e-05,9.087607401639619e-05,9.082314453696601e-05,robust_hit,6,3,2,N,False
nav_gain_4p25,False,main,6,15.500555753040054,0.0,0.0,4.550889897361396e-06,3.0339265982408945e-07,15.512121589728713,15.512121589728713,0.0,0.0,0.9999084836268689,True,4.25,0.0013727455969668784,0.0013704701520181977,0.001368194707069517,15.0,9.0,[],True,9.151637313112522e-05,9.136467680121318e-05,9.136467680121318e-05,9.121298047130113e-05,robust_hit,6,3,2,N,False
nav_gain_4p25,False,main,6,18.943564985597135,0.0,0.0,5.354496949712233e-06,3.569664633141579e-07,18.957107242821525,18.957107242821525,0.0,0.0,0.9999081684422939,True,4.25,0.0013774733655906293,0.0013747961171157732,0.001372118868640917,20.0,9.0,[],True,9.183155770604196e-05,9.165307447438487e-05,9.165307447438488e-05,9.14745912427278e-05,robust_hit,6,3,2,N,False
nav_gain_4p25,False,main,6,22.180605009655157,0.0,0.0,5.520081681005236e-06,3.6800544540035e-07,22.19703756330188,22.19703756330188,0.0,0.0,0.9999079898518605,True,4.25,0.0013801522220931834,0.001377392181252681,0.0013746321404121782,25.0,9.0,[],True,9.201014813954556e-05,9.182614541684538e-05,9.182614541684538e-05,9.164214269414521e-05,robust_hit,6,3,2,N,False
nav_gain_4p25,False,main,6,25.184354280851416,0.0,0.0,4.583656682776143e-06,3.055771121850717e-07,25.20309480272548,25.20309480272548,0.0,0.0,0.9999082152427852,True,4.25,0.0013767713582227982,0.00137447952988141,0.001372187701540022,30.0,9.0,[],True,9.178475721485321e-05,9.163196865876068e-05,9.163196865876068e-05,9.147918010266814e-05,robust_hit,6,3,2,N,False
nav_gain_4p25,False,main,6,27.95620697232436,0.0,0.0,5.033915200583928e-06,3.355943467056024e-07,27.9766072927752,27.9766072927752,0.0,0.0,0.9999077856021591,True,4.25,0.001383215967613144,0.0013806990100128519,0.0013781820524125601,35.0,9.0,[],True,9.221439784087627e-05,9.204660066752347e-05,9.204660066752347e-05,9.187880349417067e-05,robust_hit,6,3,2,N,False
nav_gain_4p25,False,main,6,30.50323269953974,0.0,0.0,5.031199679211493e-06,3.35413311947441e-07,30.52466697728511,30.52466697728511,0.0,0.0,0.999907369129571,True,4.25,0.00138946305643506,0.0013869474565954543,0.0013844318567558485,40.0,9.0,[],True,9.2630870429004e-05,9.246316377303028e-05,9.246316377303028e-05,9.229545711705657e-05,robust_hit,6,3,2,N,False
nav_gain_4p25,False,main,6,32.81128272897127,0.0,0.0,3.872243852190644e-06,2.581495901460393e-07,32.83382559412296,32.83382559412296,0.0,0.0,0.9999076202929758,True,4.25,0.001385695605363467,0.0013837594834373718,0.0013818233615112763,45.0,9.0,[],True,9.237970702423113e-05,9.225063222915811e-05,9.225063222915811e-05,9.212155743408509e-05,robust_hit,6,3,2,N,False
nav_gain_4p25,False,main,6,34.85292150951086,0.0,0.0,3.7075649404110043e-06,2.471709960274093e-07,34.87534599200534,34.87534599200534,0.0,0.0,0.9999066880769466,True,4.25,0.0013996788458006603,0.0013978250633304547,0.0013959712808602493,50.0,9.0,[],True,9.331192305337736e-05,9.318833755536366e-05,9.318833755536366e-05,9.306475205734995e-05,robust_hit,6,3,2,N,False
nav_gain_4p25,False,main,6,34.99999999996835,0.0,0.07863849765258216,2.0204925355461322e-06,1.3469950236974667e-07,35.0,37.39905419388341,0.0,0.0,0.9999071535483385,True,4.25,0.0013926967749235046,0.0013916865286557317,0.0013906762823879585,55.0,9.0,[],True,9.284645166156698e-05,9.277910191038211e-05,9.27791019103821e-05,9.271175215919723e-05,robust_hit,6,3,2,N,False
nav_gain_4p25,False,main,6,34.99999999999995,0.0,0.08438409311348205,2.48628335882458e-07,1.6575222392160253e-08,35.0,40.31950688047646,0.0,0.0,0.9999079919145804,True,4.25,0.0013801212812940848,0.0013799969671261436,0.0013798726529582024,60.0,9.0,[],True,9.200808541960565e-05,9.199979780840957e-05,9.199979780840957e-05,9.199151019721349e-05,robust_hit,6,3,2,M,False
nav_gain_4p25,False,main,0,34.9999999999999,0.0,0.08664627930682976,1.6626591786916833e-05,1.108439448671561e-06,35.0,42.70244330485893,0.0,0.0,128.16842578425295,True,4.25,1937.526403390386,1937.5263950770902,1937.526386763794,65.0,9.0,[],True,129.1684268926924,129.16842633847267,129.16842633847267,129.16842578425295,robust_miss,6,3,2,M,False
nav_gain_4p25,False,main,0,34.99999999984275,0.0,0.10277324632952692,3.149133135593729e-05,2.0994220903958194e-06,35.0,41.21111613497076,0.0,0.0,356.8842273986199,True,4.25,5368.263442470629,5368.263426724964,5368.263410979298,70.0,9.0,[],True,357.884229498042,357.88422844833093,357.88422844833093,357.8842273986199,robust_miss,6,3,2,O,False
nav_gain_4p25,False,main,0,29.41251744328933,0.0,0.0,4.52143358415924e-05,3.0142890636852826e-06,30.29955566640721,30.29955566640721,0.0,0.0,529.8102343436916,True,4.25,7962.15356036971,7962.153537762543,7962.153515155374,75.0,9.0,[],True,530.8102373579807,530.8102358508362,530.8102358508361,530.8102343436916,robust_miss,6,3,2,O,False
nav_gain_4p25,False,main,0,5.329150319297506,0.0,0.0,8.783635348663665e-05,5.855756853634375e-06,6.049013997788663,6.049013997788663,0.0,0.0,589.7199461454779,True,4.25,8860.799280018522,8860.799236100345,8860.799192182169,80.0,9.0,[],True,590.7199520012348,590.7199490733564,590.7199490733564,590.7199461454779,robust_miss,6,3,2,O,False
nav_gain_4p25,False,main,0,5.549891253274242,0.0,0.0,0.00010502943405299447,7.001962217145774e-06,5.69631027034017,5.69631027034017,0.0,0.0,597.8503241839038,True,4.25,8982.75496778799,8982.754915273274,8982.754862758557,85.0,9.0,[],True,598.850331185866,598.850327684885,598.8503276848849,598.8503241839038,robust_miss,6,3,2,O,False
nav_gain_4p25,False,main,0,0.0,0.0,0.0,0.0001141463599196868,7.6097572900835075e-06,0.0,0.0,0.0,0.0,599.0029933733149,True,4.25,9000.045014746083,9000.044957672902,9000.044900599723,90.0,9.0,[],True,600.0030009830722,600.0029971781936,600.0029971781935,600.0029933733149,robust_miss,6,3,2,O,False
nav_gain_4p25,False,main,3,1.8014706545557722,0.0,0.0,0.0,0.0,6.124999999999999,6.124999999999999,0.0,0.0,0.9999091858533904,True,4.25,0.0013622121991446634,0.0013622121991446634,0.0013622121991446634,0.0,10.0,[],True,9.081414660964423e-05,9.081414660964423e-05,9.081414660964423e-05,9.081414660964423e-05,robust_hit,3,3,1,N,False
nav_gain_4p25,False,main,6,6.8562351032618,0.0,0.0,1.6918098025859446e-06,1.1278732017239721e-07,6.860721752331152,6.860721752331152,0.0,0.0,0.9999090613559319,True,4.25,0.0013640796610200994,0.0013632337561188064,0.0013623878512175134,5.0,10.0,[],True,9.093864406800663e-05,9.088225040792043e-05,9.088225040792042e-05,9.082585674783423e-05,robust_hit,6,3,2,N,False
nav_gain_4p25,False,main,6,11.553697941312329,0.0,0.0,2.6575599460286568e-06,1.7717066306856537e-07,11.561348099677542,11.561348099677542,0.0,0.0,0.9999089223510682,True,4.25,0.0013661647339776382,0.0013648359540046238,0.0013635071740316096,10.0,10.0,[],True,9.107764893184254e-05,9.098906360030827e-05,9.098906360030827e-05,9.090047826877398e-05,robust_hit,6,3,2,N,False
nav_gain_4p25,False,main,6,15.267192062484245,0.0,0.0,2.5605351828710855e-06,1.7070234552473632e-07,15.277355596437213,15.277355596437213,0.0,0.0,0.999908928065966,True,4.25,0.0013660790105108846,0.0013647987429194492,0.0013635184753280135,15.0,10.0,[],True,9.107193403405897e-05,9.09865828612966e-05,9.09865828612966e-05,9.090123168853423e-05,robust_hit,6,3,2,N,False
nav_gain_4p25,False,main,6,18.590438429900605,0.0,0.0,4.962355197525754e-06,3.308236798350503e-07,18.602884368465386,18.602884368465386,0.0,0.0,0.9999083003790706,True,4.25,0.0013754943139407262,0.0013730131363419633,0.0013705319587432004,20.0,10.0,[],True,9.169962092938174e-05,9.153420908946422e-05,9.153420908946422e-05,9.136879724954669e-05,robust_hit,6,3,2,N,False
nav_gain_4p25,False,main,6,21.68855899621096,0.0,0.0,5.466621524811413e-06,3.644414349874257e-07,21.7030257059723,21.7030257059723,0.0,0.0,0.9999080085003392,True,4.25,0.0013798724949118176,0.001377139184149412,0.0013744058733870061,25.0,10.0,[],True,9.199149966078784e-05,9.180927894329412e-05,9.180927894329412e-05,9.162705822580041e-05,robust_hit,6,3,2,N,False
nav_gain_4p25,False,main,6,24.563099055722613,0.0,0.0,5.473558445830357e-06,3.6490389638868504e-07,24.579259564889064,24.579259564889064,0.0,0.0,0.9999078224444051,True,4.25,0.0013826633339234298,0.0013799265547005148,0.0013771897754775995,30.0,10.0,[],True,9.217755559489532e-05,9.199510364670098e-05,9.199510364670098e-05,9.181265169850664e-05,robust_hit,6,3,2,N,False
nav_gain_4p25,False,main,6,27.20979379556988,0.0,0.0,4.948524210957473e-06,3.299016140638207e-07,27.227356929198073,27.227356929198073,0.0,0.0,0.99990782114939,True,4.25,0.0013826827591495042,0.0013802084970440255,0.0013777342349385467,35.0,10.0,[],True,9.217885060996694e-05,9.201389980293503e-05,9.201389980293503e-05,9.184894899590312e-05,robust_hit,6,3,2,N,False
nav_gain_4p25,False,main,6,29.62281688265953,0.0,0.0,4.714645600975087e-06,3.1430970673166617e-07,29.641653215932013,29.641653215932013,0.0,0.0,0.9999075677552183,True,4.25,0.001386483671725433,0.0013841263489249456,0.001381769026124458,40.0,10.0,[],True,9.243224478169554e-05,9.227508992832971e-05,9.227508992832971e-05,9.211793507496387e-05,robust_hit,6,3,2,N,False
nav_gain_4p25,False,main,6,31.798168188553372,0.0,0.0,3.3144754444059885e-06,2.2096502962707222e-07,31.817086974307028,31.817086974307028,0.0,0.0,0.9999080110092954,True,4.25,0.0013798348605697766,0.0013781776228475736,0.0013765203851253706,45.0,10.0,[],True,9.198899070465178e-05,9.187850818983824e-05,9.187850818983824e-05,9.176802567502471e-05,robust_hit,6,3,2,N,False
nav_gain_4p25,False,main,6,33.70755733211741,0.0,0.0,2.4910019792042087e-06,1.660667986136085e-07,33.72572506359978,33.72572506359978,0.0,0.0,0.9999080219837083,True,4.25,0.0013796702443757572,0.0013784247433861552,0.001377179242396553,50.0,10.0,[],True,9.197801629171714e-05,9.189498289241034e-05,9.189498289241034e-05,9.181194949310353e-05,robust_hit,6,3,2,N,False
nav_gain_4p25,False,main,6,34.99998911130456,0.0,0.028925619834710745,1.371137587694287e-06,9.140917251295247e-08,35.0,35.37815502780454,0.0,0.0,0.9999082383353869,True,4.25,0.0013764249691971644,0.0013757394004033172,0.00137505383160947,55.0,10.0,[],True,9.17616646131443e-05,9.171596002688782e-05,9.171596002688782e-05,9.167025544063134e-05,robust_hit,6,3,2,N,False
nav_gain_4p25,False,main,6,34.999999999980524,0.0,0.05836909871244635,3.645669352713918e-07,2.4304462351433347e-08,35.0,37.41093794509134,0.0,0.0,0.9999070095921392,True,4.25,0.001394856117912026,0.0013946738344443902,0.0013944915509767545,60.0,10.0,[],True,9.299040786080173e-05,9.2978255629626e-05,9.297825562962602e-05,9.29661033984503e-05,robust_hit,6,3,2,M,False
nav_gain_4p25,False,main,0,34.999999999936136,0.0,0.05798394290811775,1.6235051361945807e-05,1.082336751778712e-06,35.0,39.032233125469496,0.0,0.0,132.28540745473975,True,4.25,1999.2811280561477,1999.2811199386222,1999.2811118210964,65.0,10.0,[],True,133.2854085370765,133.28540799590812,133.28540799590814,133.28540745473975,robust_miss,6,3,2,M,False
nav_gain_4p25,False,main,0,34.9999991346813,0.0,0.054252199413489736,3.185250534443185e-05,2.12350033734765e-06,35.0,37.4055028145875,0.0,0.0,399.24319421714154,True,4.25,6003.647945109628,6003.647929183376,6003.647913257123,70.0,10.0,[],True,400.2431963406419,400.24319527889173,400.2431952788917,400.24319421714154,robust_miss,6,3,2,O,False
nav_gain_4p25,False,main,0,28.03128632492353,0.0,0.0,4.16047842008993e-05,2.7736523406929336e-06,28.790426973198866,28.790426973198866,0.0,0.0,591.5129592396898,True,4.25,8887.694430200132,8887.69440939774,8887.694388595348,75.0,10.0,[],True,592.5129620133422,592.512960626516,592.512960626516,592.5129592396898,robust_miss,6,3,2,O,False
nav_gain_4p25,False,main,0,5.32750999181376,0.0,0.0,8.59233332448639e-05,5.72822227695724e-06,6.014497528801079,6.014497528801079,0.0,0.0,655.4703998530973,True,4.25,9847.056083719794,9847.056040758127,9847.05599779646,80.0,10.0,[],True,656.4704055813196,656.4704027172085,656.4704027172085,656.4703998530973,robust_miss,6,3,2,O,False
nav_gain_4p25,False,main,0,5.543539441544791,0.0,0.0,0.00010431353803141974,6.954235914236051e-06,5.6651924790327755,5.6651924790327755,0.0,0.0,664.4515107396898,True,4.25,9981.772765408885,9981.772713252116,9981.772661095347,85.0,10.0,[],True,665.4515176939257,665.4515142168077,665.4515142168077,665.4515107396898,robust_miss,6,3,2,O,False
nav_gain_4p25,False,main,0,0.0,0.0,0.0,0.00011414646724006161,7.609764566041122e-06,0.0,0.0,0.0,0.0,665.6693603234387,True,4.25,10000.040518998048,10000.040461924815,10000.040404851581,90.0,10.0,[],True,666.6693679332033,666.669364128321,666.6693641283209,666.6693603234387,robust_miss,6,3,2,O,False
nav_gain_4p25,False,main,3,1.8014706545557722,0.0,0.0,0.0,0.0,6.124999999999999,6.124999999999999,0.0,0.0,0.9999091858511082,True,4.25,0.0013622122333761795,0.0013622122333761795,0.0013622122333761795,0.0,11.0,[],True,9.08141488917453e-05,9.081414889174529e-05,9.08141488917453e-05,9.08141488917453e-05,robust_hit,3,3,1,N,False
nav_gain_4p25,False,main,6,6.790112001912259,0.0,0.0,1.4574635686759145e-06,9.716423791173215e-08,6.794277720749273,6.794277720749273,0.0,0.0,0.9999090867907446,True,4.25,0.0013636981388297788,0.0013629694070454409,0.001362240675261103,5.0,11.0,[],True,9.091320925531859e-05,9.086462713636271e-05,9.086462713636271e-05,9.081604501740685e-05,robust_hit,6,3,2,N,False
nav_gain_4p25,False,main,6,11.408003055748432,0.0,0.0,2.5816718470651583e-06,1.7211145647100332e-07,11.414695386599794,11.414695386599794,0.0,0.0,0.9999089347758331,True,4.25,0.0013659783625044391,0.0013646875265809065,0.001363396690657374,10.0,11.0,[],True,9.10652241669626e-05,9.09791684387271e-05,9.09791684387271e-05,9.08931127104916e-05,robust_hit,6,3,2,N,False
nav_gain_4p25,False,main,6,15.074565443534398,0.0,0.0,4.258848079203691e-06,2.839232052802461e-07,15.083576378122807,15.083576378122807,0.0,0.0,0.9999085617356476,True,4.25,0.0013715739652868496,0.0013694445412472478,0.001367315117207646,15.0,11.0,[],True,9.143826435245665e-05,9.129630274981652e-05,9.129630274981652e-05,9.11543411471764e-05,robust_hit,6,3,2,N,False
nav_gain_4p25,False,main,6,18.29329042678958,0.0,0.0,5.1416148183591574e-06,3.4277432122395196e-07,18.304200509531576,18.304200509531576,0.0,0.0,0.9999082393868529,True,4.25,0.001376409197206215,0.0013738383897970354,0.0013712675823878558,20.0,11.0,[],True,9.1760613147081e-05,9.158922598646902e-05,9.158922598646903e-05,9.141783882585705e-05,robust_hit,6,3,2,N,False
nav_gain_4p25,False,main,6,21.263589726380356,0.0,0.0,4.487051051544136e-06,2.9913673676960364e-07,21.275727744309574,21.275727744309574,0.0,0.0,0.9999083688130938,True,4.25,0.0013744678035940083,0.0013722242780682362,0.0013699807525424641,25.0,11.0,[],True,9.163118690626721e-05,9.148161853788241e-05,9.148161853788241e-05,9.133205016949761e-05,robust_hit,6,3,2,N,False
nav_gain_4p25,False,main,6,24.017833858143945,0.0,0.0,5.837981101762188e-06,3.8919874011748823e-07,24.032039565680062,24.032039565680062,0.0,0.0,0.9999076375581069,True,4.25,0.001385436628397913,0.001382517637847032,0.0013795986472961508,30.0,11.0,[],True,9.23624418931942e-05,9.216784252313546e-05,9.216784252313546e-05,9.197324315307672e-05,robust_hit,6,3,2,N,False
nav_gain_4p25,False,main,6,26.546687765198296,0.0,0.0,5.150103778267653e-06,3.433402518845084e-07,26.562195149470114,26.562195149470114,0.0,0.0,0.9999077029476303,True,4.25,0.00138445578554565,0.001381880733656516,0.0013793056817673823,35.0,11.0,[],True,9.229705236971e-05,9.212538224376774e-05,9.212538224376774e-05,9.195371211782549e-05,robust_hit,6,3,2,N,False
nav_gain_4p25,False,main,6,28.847053146670554,0.0,0.0,4.465525675479646e-06,2.977017116986494e-07,28.863424591582504,28.863424591582504,0.0,0.0,0.9999077160266838,True,4.25,0.0013842595997419658,0.001382026836904226,0.0013797940740664862,40.0,11.0,[],True,9.228397331613106e-05,9.213512246028174e-05,9.213512246028174e-05,9.198627160443241e-05,robust_hit,6,3,2,N,False
nav_gain_4p25,False,main,6,30.905855551663727,0.0,0.0,4.212828961205417e-06,2.8085526408035935e-07,30.922078257665,30.922078257665,0.0,0.0,0.9999072689934135,True,4.25,0.0013909650987977934,0.0013888586843171906,0.001386752269836588,45.0,11.0,[],True,9.273100658651956e-05,9.259057895447938e-05,9.259057895447938e-05,9.24501513224392e-05,robust_hit,6,3,2,N,False
nav_gain_4p25,False,main,6,32.69660009244082,0.0,0.0,2.577224978262283e-06,1.7181499855081978e-07,32.712297576171224,32.712297576171224,0.0,0.0,0.9999079034993473,True,4.25,0.0013814475097907875,0.0013801588973016566,0.0013788702848125253,50.0,11.0,[],True,9.209650065271917e-05,9.201059315344376e-05,9.201059315344377e-05,9.192468565416835e-05,robust_hit,6,3,2,N,False
nav_gain_4p25,False,main,6,34.17061731340707,0.0,0.0,1.9794725126956805e-06,1.31964834179703e-07,34.1845679110763,34.1845679110763,0.0,0.0,0.999907061098065,True,4.25,0.0013940835290251362,0.0013930937927687885,0.0013921040565124405,55.0,11.0,[],True,9.293890193500907e-05,9.287291951791923e-05,9.287291951791922e-05,9.280693710082937e-05,robust_hit,6,3,2,N,False
nav_gain_4p25,False,main,6,34.999997604811796,0.0,0.024464831804281346,2.5382984081691144e-07,1.6921989387798614e-08,35.0,35.31687946188377,0.0,0.0,0.9999079739873672,True,4.25,0.0013803901894914085,0.0013802632745710001,0.0013801363596505915,60.0,11.0,[],True,9.202601263276056e-05,9.201755163806667e-05,9.201755163806667e-05,9.200909064337276e-05,robust_hit,6,3,2,M,False
nav_gain_4p25,False,main,0,34.99999982941204,0.0,0.03274760383386582,1.6388031326641794e-05,1.0925354274604615e-06,35.0,36.25017191413238,0.0,0.0,142.68287420560472,True,4.25,2155.2431294721023,2155.2431212780866,2155.243113084071,65.0,11.0,[],True,143.68287529814015,143.68287475187245,143.68287475187242,143.68287420560472,robust_miss,6,3,2,M,False
nav_gain_4p25,False,main,0,34.85442405073328,0.0,0.0,3.241323702241061e-05,2.160882502266759e-06,34.94794855749134,34.94794855749134,0.0,0.0,446.3241137432472,True,4.25,6709.8617385619455,6709.8617223553265,6709.861706148708,70.0,11.0,[],True,447.3241159041297,447.32411482368843,447.32411482368843,447.3241137432472,robust_miss,6,3,2,O,False
nav_gain_4p25,False,main,0,24.751439037670465,0.0,0.0,4.1540630263625644e-05,2.7693753281710087e-06,25.00485922513951,25.00485922513951,0.0,0.0,653.969940295097,True,4.25,9824.549145967085,9824.54912519677,9824.549104426455,75.0,11.0,[],True,654.9699430644723,654.9699416797847,654.9699416797846,654.969940295097,robust_miss,6,3,2,O,False
nav_gain_4p25,False,main,0,5.120186887220548,0.0,0.0,8.409045221924316e-05,5.606030185845157e-06,5.7839448492997265,5.7839448492997265,0.0,0.0,721.2281674505089,True,4.25,10833.422595848086,10833.42255380286,10833.422511757633,80.0,11.0,[],True,722.228173056539,722.2281702535239,722.228170253524,722.2281674505089,robust_miss,6,3,2,O,False
nav_gain_4p25,False,main,0,5.549287473409732,0.0,0.0,0.00010363633737142663,6.9090891656742315e-06,5.652469268202754,5.652469268202754,0.0,0.0,731.0548947035079,True,4.25,10980.823524188956,10980.823472370786,10980.823420552619,85.0,11.0,[],True,732.0549016125971,732.0548981580524,732.0548981580525,732.0548947035079,robust_miss,6,3,2,O,False
nav_gain_4p25,False,main,0,0.0,0.0,0.0,0.00011414654727559537,7.609769795635657e-06,0.0,0.0,0.0,0.0,732.335781767177,True,4.25,11000.036840654202,11000.036783580928,11000.036726507655,90.0,11.0,[],True,733.3357893769468,733.3357855720619,733.3357855720619,733.335781767177,robust_miss,6,3,2,O,False
nav_gain_4p25,False,main,3,1.8014706545557722,0.0,0.0,0.0,0.0,6.124999999999999,6.124999999999999,0.0,0.0,0.999909185848759,True,4.25,0.0013622122686153253,0.0013622122686153253,0.0013622122686153253,0.0,12.0,[],True,9.081415124102169e-05,9.081415124102169e-05,9.081415124102169e-05,9.081415124102169e-05,robust_hit,3,3,1,N,False
nav_gain_4p25,False,main,6,6.7365267080736935,0.0,0.0,1.658549455008703e-06,1.1056996366724326e-07,6.740258517297704,6.740258517297704,0.0,0.0,0.9999090651410347,True,4.25,0.0013640228844796127,0.0013631936097521084,0.001362364335024604,5.0,12.0,[],True,9.093485896530751e-05,9.087957398347389e-05,9.087957398347389e-05,9.082428900164027e-05,robust_hit,6,3,2,N,False
nav_gain_4p25,False,main,6,11.247234935833408,0.0,0.0,2.802631135942436e-06,1.868420757294867e-07,11.253426046722945,11.253426046722945,0.0,0.0,0.999908897754679,True,4.25,0.0013665336798150344,0.001365132364247063,0.001363731048679092,10.0,12.0,[],True,9.110224532100229e-05,9.100882428313753e-05,9.100882428313755e-05,9.09154032452728e-05,robust_hit,6,3,2,N,False
nav_gain_4p25,False,main,6,14.900535813604648,0.0,0.0,4.233968311675605e-06,2.8226455411169886e-07,14.908773164945593,14.908773164945593,0.0,0.0,0.9999085679566828,True,4.25,0.0013714806497571014,0.0013693636656012635,0.0013672466814454258,15.0,12.0,[],True,9.143204331714009e-05,9.129091104008425e-05,9.129091104008425e-05,9.114977876302839e-05,robust_hit,6,3,2,N,False
nav_gain_4p25,False,main,6,18.024120836118534,0.0,0.0,4.8494463039810976e-06,3.232964202654119e-07,18.03389989114314,18.03389989114314,0.0,0.0,0.9999083350327574,True,4.25,0.0013749745086376072,0.0013725497854856167,0.0013701250623336261,20.0,12.0,[],True,9.166496724250715e-05,9.150331903237445e-05,9.150331903237445e-05,9.134167082224174e-05,robust_hit,6,3,2,N,False
nav_gain_4p25,False,main,6,20.90002519868065,0.0,0.0,5.18443896654658e-06,3.456292644364405e-07,20.910904747408914,20.910904747408914,0.0,0.0,0.99990811523602,True,4.25,0.0013782714597012115,0.001375679240217938,0.001373087020734665,25.0,12.0,[],True,9.188476398008077e-05,9.171194934786255e-05,9.171194934786255e-05,9.153913471564433e-05,robust_hit,6,3,2,N,False
nav_gain_4p25,False,main,6,23.535087802214928,0.0,0.0,5.735782416418098e-06,3.823854944278804e-07,23.54778888514608,23.54778888514608,0.0,0.0,0.9999076839886959,True,4.25,0.0013847401695612264,0.0013818722783530172,0.0013790043871448083,30.0,12.0,[],True,9.231601130408176e-05,9.212481855686782e-05,9.212481855686782e-05,9.193362580965388e-05,robust_hit,6,3,2,N,False
nav_gain_4p25,False,main,6,25.953182163755542,0.0,0.0,5.077488402281324e-06,3.3849922681874773e-07,25.966314697521188,25.966314697521188,0.0,0.0,0.9999077352051321,True,4.25,0.0013839719230180642,0.0013814331788169236,0.001378894434615783,35.0,12.0,[],True,9.226479486787094e-05,9.209554525446157e-05,9.209554525446157e-05,9.19262956410522e-05,robust_hit,6,3,2,N,False
nav_gain_4p25,False,main,6,28.149541571793137,0.0,0.0,4.465104478109695e-06,2.976736318739833e-07,28.163395876618175,28.163395876618175,0.0,0.0,0.9999077030682987,True,4.25,0.0013844539755191562,0.0013822214232801014,0.0013799888710410465,40.0,12.0,[],True,9.229693170127708e-05,9.214809488534009e-05,9.214809488534009e-05,9.19992580694031e-05,robust_hit,6,3,2,N,False
nav_gain_4p25,False,main,6,30.100776216067697,0.0,0.0,4.243497743575868e-06,2.8289984957172274e-07,30.115374837975015,30.115374837975015,0.0,0.0,0.9999072113193506,True,4.25,0.0013918302097418692,0.0013897084608700814,0.0013875867119982933,45.0,12.0,[],True,9.278868064945795e-05,9.264723072467208e-05,9.264723072467208e-05,9.250578079988622e-05,robust_hit,6,3,2,N,False
nav_gain_4p25,False,main,6,31.79011293009414,0.0,0.0,3.0405278677542256e-06,2.0270185785027628e-07,31.803523796505157,31.803523796505157,0.0,0.0,0.9999073503469899,True,4.25,0.0013897447951523691,0.0013882245312184921,0.001386704267284615,50.0,12.0,[],True,9.264965301015794e-05,9.254830208123281e-05,9.25483020812328e-05,9.244695115230766e-05,robust_hit,6,3,2,N,False
nav_gain_4p25,False,main,6,33.1651362678167,0.0,0.0,1.8005651091904974e-06,1.200376739460404e-07,33.17712196749413,33.17712196749413,0.0,0.0,0.9999073037250862,True,4.25,0.0013904441237073803,0.0013895438411527853,0.0013886435585981898,55.0,12.0,[],True,9.269627491382536e-05,9.263625607685234e-05,9.263625607685234e-05,9.257623723987931e-05,robust_hit,6,3,2,N,False
nav_gain_4p25,False,main,6,34.14348790846308,0.0,0.0,1.9115871005169136e-07,1.2743914003449704e-08,34.15259295345439,34.15259295345439,0.0,0.0,0.9999078984045624,True,4.25,0.0013815239315639518,0.001381428352208926,0.0013813327728539,60.0,12.0,[],True,9.210159543759679e-05,9.209522348059506e-05,9.209522348059506e-05,9.208885152359334e-05,robust_hit,6,3,2,M,False
nav_gain_4p25,False,main,0,34.58849960149617,0.0,0.0,1.69743557307811e-05,1.1316237191749678e-06,34.59387421588546,34.59387421588546,0.0,0.0,160.27960810856308,True,4.25,2419.194138602802,2419.1941301156244,2419.1941216284463,65.0,12.0,[],True,161.2796092401868,161.27960867437494,161.27960867437494,161.27960810856308,robust_miss,6,3,2,M,False
nav_gain_4p25,False,main,0,33.234094114366556,0.0,0.0,3.2998513233906124e-05,2.199900848154357e-06,33.348249003844444,33.348249003844444,0.0,0.0,495.8012279319479,True,4.25,7452.018451977731,7452.018435478475,7452.018418979218,70.0,12.0,[],True,496.80123013184874,496.80122903189834,496.8012290318983,496.8012279319479,robust_miss,6,3,2,O,False
nav_gain_4p25,False,main,0,24.115351573889107,0.0,0.0,4.1747196519281715e-05,2.7831464421979035e-06,24.332861602510334,24.332861602510334,0.0,0.0,716.2690863824103,True,4.25,10759.03633748335,10759.036316609752,10759.036295736154,75.0,12.0,[],True,717.2690891655567,717.2690877739834,717.2690877739835,717.2690863824103,robust_miss,6,3,2,O,False
nav_gain_4p25,False,main,0,5.358448589184444,0.0,0.0,8.237840484071057e-05,5.491893602993514e-06,6.000288219430538,6.000288219430538,0.0,0.0,787.003637170433,True,4.25,11820.054639934899,11820.054598745695,11820.054557556494,80.0,12.0,[],True,788.0036426623266,788.0036399163797,788.0036399163798,788.003637170433,robust_miss,6,3,2,O,False
nav_gain_4p25,False,main,0,5.561470306464675,0.0,0.0,0.00010299173118255567,6.866115427328623e-06,5.650459003902638,5.650459003902638,0.0,0.0,797.660200929744,True,4.25,11979.90311693789,11979.903065442026,11979.90301394616,85.0,12.0,[],True,798.6602077958594,798.6602043628017,798.6602043628017,798.660200929744,robust_miss,6,3,2,O,False
nav_gain_4p25,False,main,0,0.0,0.0,0.0,0.00011414660912123509,7.609773888361815e-06,0.0,0.0,0.0,0.0,799.0022440812146,True,4.25,12000.033775364827,12000.033718291523,12000.033661218218,90.0,12.0,[],True,800.0022516909885,800.0022478861015,800.0022478861015,800.0022440812146,robust_miss,6,3,2,O,False
nav_gain_4p25,False,main,3,1.8014706545557722,0.0,0.0,0.0,0.0,6.124999999999999,6.124999999999999,0.0,0.0,0.9999091858463415,True,4.25,0.00136221230487849,0.00136221230487849,0.00136221230487849,0.0,13.0,[],True,9.0814153658566e-05,9.0814153658566e-05,9.0814153658566e-05,9.0814153658566e-05,robust_hit,3,3,1,N,False
nav_gain_4p25,False,main,6,6.69287140656167,0.0,0.0,1.0810595939669126e-06,7.207063959779056e-08,6.696469675219099,6.696469675219099,0.0,0.0,0.9999091221339709,True,4.25,0.0013631679904368011,0.0013626274606398177,0.0013620869308428342,5.0,13.0,[],True,9.087786602912007e-05,9.084183070932118e-05,9.084183070932118e-05,9.080579538952228e-05,robust_hit,6,3,2,N,False
nav_gain_4p25,False,main,6,11.142938014863946,0.0,0.0,2.4463069943920623e-06,1.6308713295947624e-07,11.14848452652433,11.14848452652433,0.0,0.0,0.9999089562440646,True,4.25,0.001365656339031296,0.0013644331855341,0.0013632100320369038,10.0,13.0,[],True,9.104375593541973e-05,9.096221236893998e-05,9.096221236894e-05,9.088066880246026e-05,robust_hit,6,3,2,N,False
nav_gain_4p25,False,main,6,14.722968144243328,0.0,0.0,4.155292296965105e-06,2.770194864643331e-07,14.730359441163676,14.730359441163676,0.0,0.0,0.9999085881171482,True,4.25,0.00137117824277659,0.0013691005966281076,0.001367022950479625,15.0,13.0,[],True,9.141188285177267e-05,9.12733731085405e-05,9.12733731085405e-05,9.113486336530833e-05,robust_hit,6,3,2,N,False
nav_gain_4p25,False,main,6,17.791566806641182,0.0,0.0,2.4327210357930496e-06,1.6218140238621144e-07,17.800587398497488,17.800587398497488,0.0,0.0,0.9999089343032075,True,4.25,0.0013659854518881197,0.001364769091370223,0.0013635527308523267,20.0,13.0,[],True,9.106569679254132e-05,9.098460609134822e-05,9.09846060913482e-05,9.090351539015511e-05,robust_hit,6,3,2,N,False
nav_gain_4p25,False,main,6,20.564764140400662,0.0,0.0,5.432236300927703e-06,3.621490867285117e-07,20.575078191866137,20.575078191866137,0.0,0.0,0.9999080151456455,True,4.25,0.0013797728153169021,0.0013770566971664383,0.0013743405790159744,25.0,13.0,[],True,9.198485435446014e-05,9.180377981109587e-05,9.180377981109588e-05,9.162270526773162e-05,robust_hit,6,3,2,N,False
nav_gain_4p25,False,main,6,23.102914915712006,0.0,0.0,5.620527220542631e-06,3.7470181470283576e-07,23.11408663631633,23.11408663631633,0.0,0.0,0.9999077366939229,True,4.25,0.001383949591156574,0.0013811393275463026,0.0013783290639360314,30.0,13.0,[],True,9.226330607710493e-05,9.207595516975351e-05,9.207595516975351e-05,9.188860426240209e-05,robust_hit,6,3,2,N,False
nav_gain_4p25,False,main,6,25.42160035514241,0.0,0.0,5.301357633285923e-06,3.534238422190679e-07,25.433643901749207,25.433643901749207,0.0,0.0,0.9999076009375264,True,4.25,0.0013859859371041924,0.0013833352582875494,0.0013806845794709064,35.0,13.0,[],True,9.239906247361282e-05,9.22223505525033e-05,9.22223505525033e-05,9.204563863139376e-05,robust_hit,6,3,2,N,False
nav_gain_4p25,False,main,6,27.52110168374241,0.0,0.0,4.847238329456745e-06,3.231492219637821e-07,27.533469920451495,27.533469920451495,0.0,0.0,0.9999074301114358,True,4.25,0.0013885483284627412,0.0013861247092980128,0.0013837010901332845,40.0,13.0,[],True,9.256988856418275e-05,9.240831395320087e-05,9.240831395320085e-05,9.224673934221897e-05,robust_hit,6,3,2,N,False
nav_gain_4p25,False,main,6,29.376856834165068,0.0,0.0,3.2384185614767365e-06,2.1589457076511757e-07,29.38955465052988,29.38955465052988,0.0,0.0,0.9999080112966406,True,4.25,0.0013798305503907855,0.0013782113411100472,0.0013765921318293088,45.0,13.0,[],True,9.198870335938571e-05,9.188075607400316e-05,9.188075607400315e-05,9.177280878862059e-05,robust_hit,6,3,2,N,False
nav_gain_4p25,False,main,6,30.974055032694842,0.0,0.0,2.946407234068497e-06,1.9642714893789348e-07,30.986027211615344,30.986027211615344,0.0,0.0,0.9999074132381068,True,4.25,0.0013888014283980528,0.0013873282247810186,0.0013858550211639843,50.0,13.0,[],True,9.258676189320351e-05,9.248854831873456e-05,9.248854831873457e-05,9.239033474426562e-05,robust_hit,6,3,2,N,False
nav_gain_4p25,False,main,6,32.25969842878537,0.0,0.0,1.5047779751830182e-06,1.003185316788733e-07,32.269831858309566,32.269831858309566,0.0,0.0,0.9999077851211787,True,4.25,0.0013832231823185232,0.0013824707933309316,0.0013817184043433402,55.0,13.0,[],True,9.221487882123488e-05,9.216471955539545e-05,9.216471955539545e-05,9.211456028955601e-05,robust_hit,6,3,2,N,False
nav_gain_4p25,False,main,6,33.154814772011456,0.0,0.0,1.2343033861444627e-07,8.22868924096941e-09,33.16277158487014,33.16277158487014,0.0,0.0,0.999907699412233,True,4.25,0.0013845088165042898,0.0013844471013349825,0.0013843853861656753,60.0,13.0,[],True,9.230058776695266e-05,9.229647342233216e-05,9.229647342233216e-05,9.229235907771169e-05,robust_hit,6,3,2,M,False
nav_gain_4p25,False,main,0,33.47783967965625,0.0,0.0,1.7746748198987916e-05,1.1831165522835363e-06,33.506776538671694,33.506776538671694,0.0,0.0,182.2139827488678,True,4.25,2748.2097589797654,2748.2097501063913,2748.209741233017,65.0,13.0,[],True,183.21398393198436,183.2139833404261,183.21398334042607,183.2139827488678,robust_miss,6,3,2,M,False
nav_gain_4p25,False,main,0,31.748036536015846,0.0,0.0,3.338759870530339e-05,2.225839921266015e-06,31.878938084006702,31.878938084006702,0.0,0.0,543.207394985231,True,4.25,8163.110958166063,8163.110941472263,8163.110924778464,70.0,13.0,[],True,544.2073972110709,544.207396098151,544.2073960981509,544.207394985231,robust_miss,6,3,2,O,False
nav_gain_4p25,False,main,0,23.464870294261043,0.0,0.0,4.189881292404607e-05,2.7932542252528947e-06,23.655279055490993,23.655279055490993,0.0,0.0,778.3276140161996,True,4.25,11689.914252141807,11689.9142311924,11689.914210242994,75.0,13.0,[],True,779.3276168094538,779.3276154128267,779.3276154128267,779.3276140161996,robust_miss,6,3,2,O,False
nav_gain_4p25,False,main,0,5.372475811345299,0.0,0.0,8.072608397924341e-05,5.381738901633071e-06,5.996608654792299,5.996608654792299,0.0,0.0,852.7857702418752,True,4.25,12806.786634354212,12806.78659399117,12806.786553628128,80.0,13.0,[],True,853.7857756236141,853.7857729327446,853.7857729327446,853.7857702418752,robust_miss,6,3,2,O,False
nav_gain_4p25,False,main,0,5.576950892177611,0.0,0.0,0.00010234942601528019,6.8232951662139385e-06,5.654762949898054,5.654762949898054,0.0,0.0,864.2672164108016,True,4.25,12979.00834851145,12979.008297336737,12979.008246162024,85.0,13.0,[],True,865.2672232340967,865.2672198224491,865.2672198224491,865.2672164108016,robust_miss,6,3,2,O,False
nav_gain_4p25,False,main,0,0.0,0.0,0.0,0.00011414665641495958,7.609777071593271e-06,0.0,0.0,0.0,0.0,865.6687378339954,True,4.25,13000.031181656586,13000.031124583258,13000.03106750993,90.0,13.0,[],True,866.6687454437724,866.668741638884,866.6687416388838,866.6687378339954,robust_miss,6,3,2,O,False
nav_gain_4p25,False,main,3,1.8014706545557722,0.0,0.0,0.0,0.0,6.124999999999999,6.124999999999999,0.0,0.0,0.9999091858438546,True,4.25,0.0013622123421813848,0.0013622123421813848,0.0013622123421813848,0.0,14.0,[],True,9.081415614542565e-05,9.081415614542567e-05,9.081415614542565e-05,9.081415614542565e-05,robust_hit,3,3,1,N,False
nav_gain_4p25,False,main,6,6.627748465241144,0.0,0.0,1.0162825354834582e-06,6.775216903222964e-08,6.644384890501491,6.644384890501491,0.0,0.0,0.9999091275336058,True,4.25,0.0013630869959116749,0.0013625788546439332,0.0013620707133761914,5.0,14.0,[],True,9.087246639411165e-05,9.083859030959553e-05,9.083859030959554e-05,9.080471422507942e-05,robust_hit,6,3,2,N,False
nav_gain_4p25,False,main,6,11.05154209559586,0.0,0.0,2.7832216174688597e-06,1.855481078312564e-07,11.05691578394697,11.05691578394697,0.0,0.0,0.999908901095986,True,4.25,0.0013664835602108006,0.0013650919494020662,0.0013637003385933318,10.0,14.0,[],True,9.109890401405338e-05,9.100612996013775e-05,9.100612996013776e-05,9.091335590622213e-05,robust_hit,6,3,2,N,False
nav_gain_4p25,False,main,6,14.565838258626833,0.0,0.0,3.959403720932763e-06,2.639602480621842e-07,14.57274955809156,14.57274955809156,0.0,0.0,0.9999086371690483,True,4.25,0.0013704424642751627,0.0013684627624146965,0.00136648306055423,15.0,14.0,[],True,9.136283095167751e-05,9.123085082764642e-05,9.123085082764642e-05,9.109887070361533e-05,robust_hit,6,3,2,N,False
nav_gain_4p25,False,main,6,17.571543590957415,0.0,0.0,4.508623162485662e-06,3.005748774990324e-07,17.57942261140897,17.57942261140897,0.0,0.0,0.999908439695631,True,4.25,0.0013734045655345612,0.0013711502539533182,0.0013688959423720755,20.0,14.0,[],True,9.156030436897074e-05,9.141001693022122e-05,9.141001693022122e-05,9.125972949147171e-05,robust_hit,6,3,2,N,False
nav_gain_4p25,False,main,6,20.259201785248855,0.0,0.0,5.1730104338413175e-06,3.448673622560833e-07,20.26836600504408,20.26836600504408,0.0,0.0,0.9999081158657308,True,4.25,0.0013782620140380634,0.0013756755088211428,0.001373089003604222,25.0,14.0,[],True,9.188413426920422e-05,9.171170058807618e-05,9.171170058807618e-05,9.153926690694814e-05,robust_hit,6,3,2,N,False
nav_gain_4p25,False,main,6,22.709403492898407,0.0,0.0,5.480522352109898e-06,3.6536815680732746e-07,22.71953329491513,22.71953329491513,0.0,0.0,0.9999078008572337,True,4.25,0.0013829871414935758,0.0013802468803175208,0.0013775066191414659,30.0,14.0,[],True,9.219914276623838e-05,9.201645868783473e-05,9.201645868783473e-05,9.183377460943105e-05,robust_hit,6,3,2,N,False
nav_gain_4p25,False,main,6,24.939326772926155,0.0,0.0,5.452785299392762e-06,3.6351901995950754e-07,24.950014435567944,24.950014435567944,0.0,0.0,0.9999075037505164,True,4.25,0.0013874437422547409,0.0013847173496050445,0.0013819909569553481,35.0,14.0,[],True,9.249624948364939e-05,9.231448997366963e-05,9.231448997366963e-05,9.213273046368988e-05,robust_hit,6,3,2,N,False
nav_gain_4p25,False,main,6,26.950902027365903,0.0,0.0,4.744217973212065e-06,3.1628119821412953e-07,26.961881171560808,26.961881171560808,0.0,0.0,0.9999074889002918,True,4.25,0.0013876664956232712,0.0013852943866366652,0.0013829222776500592,40.0,14.0,[],True,9.251109970821808e-05,9.2352959109111e-05,9.2352959109111e-05,9.219481851000395e-05,robust_hit,6,3,2,N,False
nav_gain_4p25,False,main,6,28.720464444907208,0.0,0.0,4.114489738804138e-06,2.742993159202795e-07,28.73185565822996,28.73185565822996,0.0,0.0,0.9999072754367774,True,4.25,0.0013908684483394025,0.0013888112034700004,0.0013867539586005983,45.0,14.0,[],True,9.272456322262684e-05,9.25874135646667e-05,9.25874135646667e-05,9.245026390670656e-05,robust_hit,6,3,2,N,False
nav_gain_4p25,False,main,6,30.233969428245636,0.0,0.0,3.3841109306868844e-06,2.2560739537912924e-07,30.24458482681969,30.24458482681969,0.0,0.0,0.9999067730315049,True,4.25,0.0013984045274259983,0.0013967124719606548,0.0013950204164953114,50.0,14.0,[],True,9.322696849506655e-05,9.3114164797377e-05,9.311416479737699e-05,9.300136109968742e-05,robust_hit,6,3,2,N,False
nav_gain_4p25,False,main,6,31.43809180959787,0.0,0.0,1.5237115102339962e-06,1.0158076734894392e-07,31.447223266335843,31.447223266335843,0.0,0.0,0.9999076410635901,True,4.25,0.0013853840461481145,0.0013846221903929977,0.0013838603346378806,55.0,14.0,[],True,9.235893640987431e-05,9.230814602619984e-05,9.230814602619984e-05,9.225735564252537e-05,robust_hit,6,3,2,M,False
nav_gain_4p25,False,main,6,32.25669650116411,0.0,0.0,4.044488416789574e-08,2.696325611202988e-09,32.26321045236159,32.26321045236159,0.0,0.0,0.9999077712426818,True,4.25,0.001383431359772379,0.0013834111373302951,0.0013833909148882112,60.0,14.0,[],True,9.222875731815861e-05,9.2227409155353e-05,9.2227409155353e-05,9.22260609925474e-05,robust_hit,6,3,2,M,False
nav_gain_4p25,False,main,0,32.39379124692577,0.0,0.0,1.8391197045275476e-05,1.226079803018365e-06,32.44522440073548,32.44522440073548,0.0,0.0,203.71453902703485,True,4.25,3070.71810379672,3070.7180946011213,3070.7180854055227,65.0,14.0,[],True,204.71454025311465,204.71453964007478,204.71453964007475,204.71453902703485,robust_miss,6,3,2,M,False
nav_gain_4p25,False,main,0,30.385042393150297,0.0,0.0,3.376391941856127e-05,2.2509279915539082e-06,30.530537824591917,30.530537824591917,0.0,0.0,591.2185644663733,True,4.25,8883.27850075952,8883.27848387756,8883.2784669956,70.0,14.0,[],True,592.2185667173013,592.2185655918373,592.2185655918373,592.2185644663733,robust_miss,6,3,2,O,False
nav_gain_4p25,False,main,0,22.28261311256584,0.0,0.0,4.204775905236602e-05,2.803183974720014e-06,22.480457741521985,22.480457741521985,0.0,0.0,840.7799752033659,True,4.25,12626.699670098247,12626.699649074368,12626.699628050488,75.0,14.0,[],True,841.7799780065499,841.7799766049579,841.7799766049579,841.7799752033659,robust_miss,6,3,2,O,False
nav_gain_4p25,False,main,0,5.423365550465406,0.0,0.0,7.9135190389934e-05,5.275679427541036e-06,6.023487334890096,6.023487334890096,0.0,0.0,918.5742718121278,True,4.25,13793.614156317108,13793.614116749513,13793.614077181917,80.0,14.0,[],True,919.5742770878072,919.5742744499676,919.5742744499676,919.5742718121278,robust_miss,6,3,2,O,False
nav_gain_4p25,False,main,0,5.59394609213635,0.0,0.0,0.00010175889474339783,6.783926323805645e-06,5.662774304499893,5.662774304499893,0.0,0.0,930.8757731076125,True,4.25,13978.136698373082,13978.136647493635,13978.136596614188,85.0,14.0,[],True,931.8757798915389,931.8757764995757,931.8757764995757,931.8757731076125,robust_miss,6,3,2,O,False
nav_gain_4p25,False,main,0,0.0,0.0,0.0,0.00011414669279474765,7.609779459016863e-06,0.0,0.0,0.0,0.0,932.3352562886773,True,4.25,14000.028958476852,14000.028901403506,14000.02884433016,90.0,14.0,[],True,933.3352638984568,933.3352600935672,933.3352600935671,933.3352562886773,robust_miss,6,3,2,O,False
nav_gain_4p25,False,main,3,1.8014706545557722,0.0,0.0,0.0,0.0,6.124999999999999,6.124999999999999,0.0,0.0,0.9999091858412974,True,4.25,0.0013622123805395352,0.0013622123805395352,0.0013622123805395352,0.0,15.0,[],True,9.081415870263568e-05,9.081415870263567e-05,9.081415870263568e-05,9.081415870263568e-05,robust_hit,3,3,1,N,False
nav_gain_4p25,False,main,6,6.528762070476691,0.0,0.0,1.5517228127575906e-06,1.0344818751716457e-07,6.556098780919197,6.556098780919197,0.0,0.0,0.9999090769100705,True,4.25,0.0013638463489426343,0.0013630704875362554,0.0013622946261298767,5.0,15.0,[],True,9.092308992950895e-05,9.087136583575037e-05,9.087136583575036e-05,9.081964174199178e-05,robust_hit,6,3,2,N,False
nav_gain_4p25,False,main,6,10.967213247405143,0.0,0.0,2.6151165068819156e-06,1.7434110045879347e-07,10.9727738830586,10.9727738830586,0.0,0.0,0.9999089293259038,True,4.25,0.0013660601114435264,0.0013647525531900854,0.0013634449949366445,10.0,15.0,[],True,9.10706740962351e-05,9.098350354600571e-05,9.09835035460057e-05,9.08963329957763e-05,robust_hit,6,3,2,N,False
nav_gain_4p25,False,main,6,14.422047569802306,0.0,0.0,2.813802089310282e-06,1.8758680595401067e-07,14.428258129958822,14.428258129958822,0.0,0.0,0.9999088829090113,True,4.25,0.0013667563648309695,0.0013653494637863143,0.0013639425627416592,15.0,15.0,[],True,9.11170909887313e-05,9.10232975857543e-05,9.10232975857543e-05,9.092950418277728e-05,robust_hit,6,3,2,N,False
nav_gain_4p25,False,main,6,17.360956510987616,0.0,0.0,4.733765864578174e-06,3.1558439097187916e-07,17.36832442428521,17.36832442428521,0.0,0.0,0.9999083696633639,True,4.25,0.0013744550495406354,0.0013720881666083463,0.0013697212836760572,20.0,15.0,[],True,9.163033663604235e-05,9.147254444055642e-05,9.147254444055641e-05,9.131475224507047e-05,robust_hit,6,3,2,N,False
nav_gain_4p25,False,main,6,19.976640824606687,0.0,0.0,4.573172158331331e-06,3.048781438887572e-07,19.985199667923133,19.985199667923133,0.0,0.0,0.9999083336677382,True,4.25,0.0013749949839262988,0.001372708397847133,0.0013704218117679674,25.0,15.0,[],True,9.166633226175325e-05,9.151389318980887e-05,9.151389318980887e-05,9.13614541178645e-05,robust_hit,6,3,2,N,False
nav_gain_4p25,False,main,6,22.346724233308887,0.0,0.0,5.293361054187597e-06,3.528907369458443e-07,22.35616135305338,22.35616135305338,0.0,0.0,0.9999078860637388,True,4.25,0.0013817090439173336,0.00137906236339024,0.001376415682863146,30.0,15.0,[],True,9.211393626115558e-05,9.193749089268266e-05,9.193749089268265e-05,9.176104552420973e-05,robust_hit,6,3,2,N,False
nav_gain_4p25,False,main,6,24.496191262065032,0.0,0.0,4.994681561429392e-06,3.3297877076195854e-07,24.50613690102205,24.50613690102205,0.0,0.0,0.9999077600842597,True,4.25,0.0013835987361043571,0.0013811013953236426,0.0013786040545429278,35.0,15.0,[],True,9.223991574029048e-05,9.20734263549095e-05,9.207342635490949e-05,9.190693696952852e-05,robust_hit,6,3,2,N,False
nav_gain_4p25,False,main,6,26.421943365262102,0.0,0.0,3.592563292341335e-06,2.3950421948942596e-07,26.432369733749997,26.432369733749997,0.0,0.0,0.9999081894957195,True,4.25,0.001377157564208145,0.0013753612825619743,0.0013735650009158037,40.0,15.0,[],True,9.1810504280543e-05,9.16907521707983e-05,9.169075217079829e-05,9.157100006105357e-05,robust_hit,6,3,2,N,False
nav_gain_4p25,False,main,6,28.119817710384204,0.0,0.0,2.5468694812022866e-06,1.6979129874682814e-07,28.129686548141628,28.129686548141628,0.0,0.0,0.9999084293025573,True,4.25,0.0013735604616408631,0.001372287026900262,0.0013710135921596609,45.0,15.0,[],True,9.157069744272421e-05,9.148580179335081e-05,9.14858017933508e-05,9.140090614397738e-05,robust_hit,6,3,2,N,False
nav_gain_4p25,False,main,6,29.55684849244108,0.0,0.0,2.419029616327435e-06,1.6126864108850108e-07,29.566040597401436,29.566040597401436,0.0,0.0,0.9999079220972827,True,4.25,0.0013811685407584173,0.0013799590259502535,0.0013787495111420899,50.0,15.0,[],True,9.207790271722782e-05,9.199726839668357e-05,9.199726839668357e-05,9.191663407613932e-05,robust_hit,6,3,2,N,False
nav_gain_4p25,False,main,6,30.686572687495598,0.0,0.0,1.6992748002805924e-06,1.1328498668536379e-07,30.6946216348498,30.6946216348498,0.0,0.0,0.9999071076353536,True,4.25,0.001393385469695941,0.001392535832295801,0.0013916861948956604,55.0,15.0,[],True,9.289236464639606e-05,9.283572215305338e-05,9.283572215305338e-05,9.27790796597107e-05,robust_hit,6,3,2,M,False
nav_gain_4p25,False,main,6,31.437019920991844,0.0,0.0,2.9410813624786147e-08,1.960720908116692e-09,31.4425032612289,31.4425032612289,0.0,0.0,0.9980034140575114,True,4.25,0.029948789137329374,0.02994877443192256,0.02994875972651575,60.0,15.0,[],True,0.001996585942488625,0.001996584962128171,0.0019965849621281706,0.0019965839817677167,robust_hit,6,3,2,M,False
nav_gain_4p25,False,main,0,31.34996463970158,0.0,0.0,1.8972744328493718e-05,1.2648496294787037e-06,31.420636363027594,31.420636363027594,0.0,0.0,225.29626651705848,True,4.25,3394.4440167286216,3394.4440072422494,3394.4439977558773,65.0,15.0,[],True,226.2962677819081,226.29626714948327,226.2962671494833,226.29626651705848,robust_miss,6,3,2,M,False
nav_gain_4p25,False,main,0,29.124248478338192,0.0,0.0,3.4027243600576185e-05,2.268482830913854e-06,29.283164197590946,29.283164197590946,0.0,0.0,637.9112964597149,True,4.25,9583.669480922967,9583.669463909346,9583.669446895723,70.0,15.0,[],True,638.9112987281977,638.9112975939563,638.9112975939563,638.9112964597149,robust_miss,6,3,2,O,False
nav_gain_4p25,False,main,0,21.206493022041755,0.0,0.0,4.2151868910877965e-05,2.8101245561629185e-06,21.41087469600816,21.41087469600816,0.0,0.0,902.840115170136,True,4.25,13557.601769703908,13557.601748627974,13557.601727552039,75.0,15.0,[],True,903.8401179802605,903.8401165751983,903.8401165751982,903.840115170136,robust_miss,6,3,2,O,False
nav_gain_4p25,False,main,0,5.371889623103315,0.0,0.0,7.762368841213174e-05,5.1749126441791304e-06,5.963574187292286,5.963574187292286,0.0,0.0,984.3791844969808,True,4.25,14780.6878450784,14780.687806266556,14780.687767454712,80.0,15.0,[],True,985.3791896718934,985.379187084437,985.379187084437,985.3791844969808,robust_miss,6,3,2,O,False
nav_gain_4p25,False,main,0,5.6114273357697515,0.0,0.0,0.00010116389967151918,6.744259962943033e-06,5.672907329554458,5.672907329554458,0.0,0.0,997.4856939257254,True,4.25,14977.28551004978,14977.28545946783,14977.28540888588,85.0,15.0,[],True,998.4857006699854,998.4856972978554,998.4856972978554,998.4856939257254,robust_miss,6,3,2,O,False
nav_gain_4p25,False,main,0,0.0,0.0,0.0,0.00011414672371756751,7.609781505379942e-06,0.0,0.0,0.0,0.0,999.0017945049,True,4.25,15000.027031720223,15000.026974646862,15000.0269175735,90.0,15.0,[],True,1000.0018021146815,1000.0017983097908,1000.0017983097907,1000.0017945049,robust_miss,6,3,2,O,False
nav_gain_4p25,False,main,3,1.8014706545557722,0.0,0.0,0.0,0.0,6.124999999999999,6.124999999999999,0.0,0.0,0.9999091858386688,True,4.25,0.0013622124199678543,0.0013622124199678543,0.0013622124199678543,0.0,16.0,[],True,9.081416133119028e-05,9.081416133119027e-05,9.081416133119028e-05,9.081416133119028e-05,robust_hit,3,3,1,N,False
nav_gain_4p25,False,main,6,6.408268130285365,0.0,0.0,1.0626308684295697e-06,7.084205789529923e-08,6.444686236201457,6.444686236201457,0.0,0.0,0.9999091236980715,True,4.25,0.0013631445289270599,0.001362613213492845,0.0013620818980586303,5.0,16.0,[],True,9.087630192847066e-05,9.084088089952301e-05,9.084088089952301e-05,9.080545987057536e-05,robust_hit,6,3,2,N,False
nav_gain_4p25,False,main,6,10.856768824804664,0.0,0.0,2.7855761380911684e-06,1.857050758727536e-07,10.878639258009827,10.878639258009827,0.0,0.0,0.9999089006933881,True,4.25,0.0013664895991786395,0.0013650968111095939,0.0013637040230405483,10.0,16.0,[],True,9.10993066119093e-05,9.100645407397294e-05,9.100645407397292e-05,9.091360153603655e-05,robust_hit,6,3,2,N,False
nav_gain_4p25,False,main,6,14.286206701710338,0.0,0.0,1.9016694468593914e-06,1.267779631239531e-07,14.292177256078856,14.292177256078856,0.0,0.0,0.9999090278144628,True,4.25,0.0013645827830584879,0.001363631948335058,0.0013626811136116285,15.0,16.0,[],True,9.097218553723252e-05,9.090879655567055e-05,9.090879655567055e-05,9.084540757410857e-05,robust_hit,6,3,2,N,False
nav_gain_4p25,False,main,6,17.151158480443595,0.0,0.0,4.601296462361298e-06,3.067530974907478e-07,17.15810188475983,17.15810188475983,0.0,0.0,0.9999084104152025,True,4.25,0.0013738437719619239,0.0013715431237307431,0.0013692424754995626,20.0,16.0,[],True,9.158958479746159e-05,9.143620824871621e-05,9.143620824871621e-05,9.128283169997084e-05,robust_hit,6,3,2,N,False
nav_gain_4p25,False,main,6,19.713189745177917,0.0,0.0,3.7448251046425657e-06,2.496550069761792e-07,19.720909788392195,19.720909788392195,0.0,0.0,0.9999085939295748,True,4.25,0.001371091056379238,0.0013692186438269166,0.0013673462312745954,25.0,16.0,[],True,9.140607042528253e-05,9.128124292179445e-05,9.128124292179444e-05,9.115641541830635e-05,robust_hit,6,3,2,N,False
nav_gain_4p25,False,main,6,22.009782986599877,0.0,0.0,4.958063343980454e-06,3.305375562653618e-07,22.018248813248654,22.018248813248654,0.0,0.0,0.9999080349067493,True,4.25,0.0013794763987609773,0.001376997367088987,0.0013745183354169968,30.0,16.0,[],True,9.196509325073182e-05,9.179982447259914e-05,9.179982447259914e-05,9.163455569446646e-05,robust_hit,6,3,2,N,False
nav_gain_4p25,False,main,6,24.085718725332146,0.0,0.0,3.1212767842927775e-06,2.0808511895285635e-07,24.09450182188209,24.09450182188209,0.0,0.0,0.9999085976047579,True,4.25,0.0013710359286313516,0.0013694752902392053,0.0013679146518470588,35.0,16.0,[],True,9.14023952420901e-05,9.129835268261367e-05,9.129835268261368e-05,9.119431012313725e-05,robust_hit,6,3,2,N,False
nav_gain_4p25,False,main,6,25.93912527819764,0.0,0.0,2.8383842357684354e-06,1.8922561571790202e-07,25.94831912477469,25.94831912477469,0.0,0.0,0.9999085452929077,True,4.25,0.0013718206063833085,0.0013704014142654243,0.00136898222214754,40.0,16.0,[],True,9.145470709222057e-05,9.136009428436163e-05,9.136009428436161e-05,9.126548147650267e-05,robust_hit,6,3,2,N,False
nav_gain_4p25,False,main,6,27.564944686527557,0.0,0.0,4.0982847026732345e-06,2.732189801782039e-07,27.57422969539315,27.57422969539315,0.0,0.0,0.9999072362279257,True,4.25,0.0013914565811152,0.0013894074387638634,0.0013873582964125267,45.0,16.0,[],True,9.276377207434665e-05,9.262716258425755e-05,9.262716258425755e-05,9.249055309416845e-05,robust_hit,6,3,2,N,False
nav_gain_4p25,False,main,6,28.928384732489402,0.0,0.0,2.5223433408223805e-06,1.6815622272148842e-07,28.936799243245414,28.936799243245414,0.0,0.0,0.9999077732248067,True,4.25,0.0013834016278985665,0.0013821404562281553,0.0013808792845577441,50.0,16.0,[],True,9.222677519323776e-05,9.214269708187702e-05,9.214269708187702e-05,9.205861897051627e-05,robust_hit,6,3,2,N,False
nav_gain_4p25,False,main,6,29.994454867107645,0.0,0.0,1.6131939647671262e-06,1.0754626431780118e-07,30.001504303546064,30.001504303546064,0.0,0.0,0.9999071661998775,True,4.25,0.001392507001837716,0.0013917004048553325,0.001390893807872949,55.0,16.0,[],True,9.28338001225144e-05,9.278002699035551e-05,9.27800269903555e-05,9.27262538581966e-05,robust_hit,6,3,2,M,False
nav_gain_4p25,False,main,6,30.657954642218247,0.0,0.0,6.431983661236984e-07,4.2879891082314714e-08,30.67920968578884,30.67920968578884,0.0,0.0,0.8347719849363168,True,4.25,2.478420225955248,2.478419904356065,2.478419582756882,60.0,16.0,[],True,0.1652280150636832,0.16522799362373766,0.16522799362373766,0.16522797218379212,robust_hit,6,3,2,M,False
nav_gain_4p25,False,main,0,30.352489187413052,0.0,0.0,1.9542141217243625e-05,1.3028094087985664e-06,30.440129984272385,30.440129984272385,0.0,0.0,247.6428648683677,True,4.25,3729.6429925676566,3729.642982796586,3729.6429730255154,65.0,16.0,[],True,248.6428661711771,248.64286551977239,248.64286551977239,248.6428648683677,robust_miss,6,3,2,O,False
nav_gain_4p25,False,main,0,27.954148092367767,0.0,0.0,3.430959623074159e-05,2.2873064153827727e-06,28.12555777259565,28.12555777259565,0.0,0.0,685.7397742860686,True,4.25,10301.096648600625,10301.096631445827,10301.09661429103,70.0,16.0,[],True,686.739776573375,686.7397754297218,686.7397754297218,686.7397742860686,robust_miss,6,3,2,O,False
nav_gain_4p25,False,main,0,20.22685821340214,0.0,0.0,4.225857446726877e-05,2.817238282659673e-06,20.43132906414924,20.43132906414924,0.0,0.0,965.2594155074071,True,4.25,14493.89127486968,14493.891253740394,14493.891232611106,75.0,16.0,[],True,966.2594183246454,966.2594169160262,966.2594169160262,966.2594155074071,robust_miss,6,3,2,O,False
nav_gain_4p25,False,main,0,5.265485168225851,0.0,0.0,7.611362161696889e-05,5.074241471447749e-06,5.86816240291299,5.86816240291299,0.0,0.0,1050.181104484002,True,4.25,15767.716643373651,15767.71660531684,15767.71656726003,80.0,16.0,[],True,1051.1811095582434,1051.1811070211227,1051.1811070211227,1051.181104484002,robust_miss,6,3,2,O,False
nav_gain_4p25,False,main,0,5.6287999653702805,0.0,0.0,0.00010061819739348721,6.707879720124765e-06,5.684178928380175,5.684178928380175,0.0,0.0,1064.0968943108755,True,4.25,15976.45351528133,15976.453464972232,15976.453414663132,85.0,16.0,[],True,1065.0969010187553,1065.0968976648153,1065.0968976648155,1065.0968943108755,robust_miss,6,3,2,O,False
nav_gain_4p25,False,main,0,0.0,0.0,0.0,0.00011414674918341916,7.609783324369346e-06,0.0,0.0,0.0,0.0,1065.6683487773873,True,4.25,16000.02534580756,16000.025288734185,16000.025231660811,90.0,16.0,[],True,1066.6683563871707,1066.6683525822789,1066.668352582279,1066.6683487773873,robust_miss,6,3,2,O,False
nav_gain_4p25,False,holdout,6,4.527582755270755,0.0,0.0,9.959537121773197e-07,6.639691414515555e-08,6.1096260486287886,6.1096260486287886,0.0,0.0,0.9999091286052209,True,4.25,0.0013630709216874834,0.0013625729448313948,0.001362074967975306,2.5,4.5,[],True,9.087139477916555e-05,9.083819632209297e-05,9.083819632209298e-05,9.08049978650204e-05,robust_hit,6,3,2,,False
nav_gain_4p25,False,holdout,6,11.158187668964068,0.0,0.0,3.5477429485466627e-06,2.3651619656978474e-07,11.174070922864757,11.174070922864757,0.0,0.0,0.9999089082532383,True,4.25,0.001366376201424985,0.0013646023299507119,0.0013628284584764384,7.5,4.5,[],True,9.109174676166567e-05,9.09734886633808e-05,9.097348866338078e-05,9.085523056509589e-05,robust_hit,6,3,2,,False
nav_gain_4p25,False,holdout,6,15.892272043118515,0.0,0.0,7.559266144329746e-06,5.039510762886525e-07,15.916100792638957,15.916100792638957,0.0,0.0,0.9999082005760539,True,4.25,0.0013769913591909386,0.0013732117261187737,0.001369432093046609,12.5,4.5,[],True,9.179942394606257e-05,9.154744840791826e-05,9.154744840791826e-05,9.129547286977392e-05,robust_hit,6,3,2,,False
nav_gain_4p25,False,holdout,6,20.320565097957072,0.0,0.0,4.797305417478812e-06,3.198203611652514e-07,20.35210728308434,20.35210728308434,0.0,0.0,0.9999086982020676,True,4.25,0.0013695269689850875,0.0013671283162763482,0.0013647296635676087,17.5,4.5,[],True,9.130179793233917e-05,9.114188775175653e-05,9.114188775175653e-05,9.098197757117391e-05,robust_hit,6,3,2,,False
nav_gain_4p25,False,holdout,6,24.5640863893384,0.0,0.0,1.1025355704189855e-05,7.350237136126561e-07,24.601290159745428,24.601290159745428,0.0,0.0,0.9999068287065398,True,4.25,0.0013975694019037169,0.0013920567240516218,0.001386544046199527,22.5,4.5,[],True,9.31712934602478e-05,9.280378160344146e-05,9.280378160344147e-05,9.243626974663514e-05,robust_hit,6,3,2,,False
nav_gain_4p25,False,holdout,6,28.59350341701901,0.0,0.0,3.7959964099064207e-06,2.530664273270848e-07,28.6384715982471,28.6384715982471,0.0,0.0,0.9999087838103519,True,4.25,0.001368242844722071,0.0013663448465171177,0.0013644468483121645,27.5,4.5,[],True,9.121618964813806e-05,9.108965643447452e-05,9.108965643447452e-05,9.096312322081097e-05,robust_hit,6,3,2,,False
nav_gain_4p25,False,holdout,6,32.3923328406686,0.0,0.0,1.1657887848001919e-05,7.77192523200137e-07,32.44293532448256,32.44293532448256,0.0,0.0,0.9999053570626707,True,4.25,0.0014196440599392737,0.0014138151160152726,0.0014079861720912717,32.5,4.5,[],True,9.464293732928491e-05,9.425434106768485e-05,9.425434106768485e-05,9.386574480608478e-05,robust_hit,6,3,2,,False
nav_gain_4p25,False,holdout,6,34.999951571450715,0.0,0.10588235294117647,8.60220563040151e-06,5.734803753601052e-07,35.0,36.1854485853484,0.0,0.0,0.9999063742072222,True,4.25,0.0014043868916672007,0.001400085788852,0.0013957846860367992,37.5,4.5,[],True,9.362579277781338e-05,9.333905259013332e-05,9.333905259013332e-05,9.305231240245327e-05,robust_hit,6,3,2,,False
nav_gain_4p25,False,holdout,6,34.99999999995718,0.0,0.25274725274725274,7.397119655563802e-06,4.931413103709264e-07,35.0,41.82313260212976,0.0,0.0,0.9999058302495369,True,4.25,0.0014125462569453085,0.0014088476971175266,0.0014051491372897447,42.5,4.5,[],True,9.416975046302057e-05,9.392317980783511e-05,9.392317980783511e-05,9.367660915264964e-05,robust_hit,6,3,2,,False
nav_gain_4p25,False,holdout,6,34.99999999999999,0.0,0.34627831715210355,3.6488879737177522e-06,2.432591982478438e-07,35.0,49.553168432790685,0.0,0.0,0.9999072855503862,True,4.25,0.0013907167442065089,0.0013888923002196498,0.0013870678562327911,47.5,4.5,[],True,9.271444961376726e-05,9.259282001464333e-05,9.259282001464333e-05,9.247119041551941e-05,robust_hit,6,3,2,,False
nav_gain_4p25,False,holdout,6,34.99999999999999,0.0,0.3894736842105263,1.4575127454809038e-06,9.716751636539901e-08,35.0,59.85933652931667,0.0,0.0,0.9999079636822205,True,4.25,0.0013805447666926883,0.0013798160103199479,0.0013790872539472074,52.5,4.5,[],True,9.203631777951255e-05,9.198773402132985e-05,9.198773402132985e-05,9.193915026314716e-05,robust_hit,6,3,2,,False
nav_gain_4p25,False,holdout,0,34.99999999999999,0.0,0.38095238095238093,3.9362426207389944e-06,2.62416174123814e-07,35.0,74.12527863666004,0.0,0.0,8.837061795352712,True,4.25,147.5559308665333,147.55592889841196,147.55592693029067,57.5,4.5,[],True,9.837062057768886,9.837061926560798,9.8370619265608,9.837061795352712,robust_miss,6,3,2,,False
nav_gain_4p25,False,holdout,0,34.99999999999999,0.0,0.4342105263157895,1.898753043860779e-05,1.2658353654160237e-06,35.0,87.8792046206382,0.0,0.0,83.06320789558217,True,4.25,1260.948137421263,1260.9481279274978,1260.9481184337326,62.5,4.5,[],True,84.06320916141753,84.06320852849986,84.06320852849984,84.06320789558217,robust_miss,6,3,2,,False
nav_gain_4p25,False,holdout,0,34.99999999999999,0.0,0.39867109634551495,2.6589892513584346e-05,1.7726594876421586e-06,35.0,91.7615349704403,0.0,0.0,147.31683458971702,True,4.25,2224.752545435648,2224.7525321407015,2224.7525188457553,67.5,4.5,[],True,148.3168363623765,148.31683547604675,148.31683547604678,148.31683458971702,robust_miss,6,3,2,,False
nav_gain_4p25,False,holdout,0,34.99999999998245,0.0,0.3116883116883117,4.6458215365419164e-05,3.0972143747476366e-06,35.0,68.20382579107952,0.0,0.0,216.0929551580118,True,4.25,3256.3943738283924,3256.3943505992847,3256.394327370177,72.5,4.5,[],True,217.09295825522616,217.092956706619,217.09295670661896,217.0929551580118,robust_miss,6,3,2,,False
nav_gain_4p25,False,holdout,0,17.106196286713956,0.0,0.0,8.461496690870263e-05,5.640997756017896e-06,18.230539539147486,18.230539539147486,0.0,0.0,285.64186818168633,True,4.25,4299.6281073402615,4299.628065032778,4299.628022725295,77.5,4.5,[],True,286.6418738226841,286.6418710021852,286.6418710021852,286.64186818168633,robust_miss,6,3,2,,False
nav_gain_4p25,False,holdout,0,3.3899367932129905,0.0,0.0,0.00010375056717748521,6.916704478499014e-06,3.6855471285393366,3.6855471285393366,0.0,0.0,296.8829112632,True,4.25,4468.243772698567,4468.243720823283,4468.243668948,82.5,4.5,[],True,297.8829181799045,297.88291472155225,297.88291472155225,297.8829112632,robust_miss,6,3,2,,False
nav_gain_4p25,False,holdout,0,5.5657354167541175,0.0,0.0,0.00011155341962876264,7.436894634338387e-06,5.946779137074663,5.946779137074663,0.0,0.0,298.7939026221857,True,4.25,4496.908650886206,4496.908595109496,4496.908539332786,87.5,4.5,[],True,299.79391005908036,299.79390634063304,299.79390634063304,299.7939026221857,robust_miss,6,3,2,,False
nav_gain_4p25,False,holdout,6,4.46334991176318,0.0,0.0,9.703203486767162e-07,6.46880232451117e-08,6.109352099828282,6.109352099828282,0.0,0.0,0.9999091327176348,True,4.25,0.0013630092354779374,0.001362524075303599,0.0013620389151292607,2.5,5.5,[],True,9.086728236519582e-05,9.083493835357326e-05,9.083493835357326e-05,9.080259434195071e-05,robust_hit,6,3,2,,False
nav_gain_4p25,False,holdout,6,10.528513936893095,0.0,0.0,3.495784090681549e-06,2.3305227271210147e-07,10.540998058114385,10.540998058114385,0.0,0.0,0.9999088700631339,True,4.25,0.0013669490529911383,0.0013652011609457974,0.0013634532689004567,7.5,5.5,[],True,9.112993686607589e-05,9.101341072971984e-05,9.101341072971984e-05,9.089688459336379e-05,robust_hit,6,3,2,,False
nav_gain_4p25,False,holdout,6,14.989217217094462,0.0,0.0,5.5527840277379455e-06,3.7018560184919546e-07,15.007774027934312,15.007774027934312,0.0,0.0,0.9999084668078129,True,4.25,0.0013729978828077127,0.0013702214907938437,0.0013674450987799748,12.5,5.5,[],True,9.153319218718085e-05,9.134809938625626e-05,9.134809938625624e-05,9.116300658533165e-05,robust_hit,6,3,2,,False
nav_gain_4p25,False,holdout,6,19.154242285148026,0.0,0.0,7.211685201610968e-06,4.807790134407321e-07,19.17717653899998,19.17717653899998,0.0,0.0,0.9999079372552009,True,4.25,0.0013809411719859286,0.001377335329385123,0.0013737294867843177,17.5,5.5,[],True,9.206274479906192e-05,9.182235529234154e-05,9.182235529234156e-05,9.158196578562118e-05,robust_hit,6,3,2,,False
nav_gain_4p25,False,holdout,6,23.097977399418717,0.0,0.0,5.936076865267845e-06,3.9573845768452664e-07,23.126683822784067,23.126683822784067,0.0,0.0,0.9999081991157683,True,4.25,0.0013770132634744606,0.001374045225041827,0.0013710771866091928,22.5,5.5,[],True,9.180088423163071e-05,9.160301500278845e-05,9.160301500278845e-05,9.140514577394619e-05,robust_hit,6,3,2,,False
nav_gain_4p25,False,holdout,6,26.838151510969876,0.0,0.0,7.681561078498383e-06,5.121040718998859e-07,26.871557993577337,26.871557993577337,0.0,0.0,0.999907251750152,True,4.25,0.0013912237477198817,0.0013873829671806326,0.0013835421866413833,27.5,5.5,[],True,9.274824984799211e-05,9.249219781204216e-05,9.249219781204217e-05,9.223614577609222e-05,robust_hit,6,3,2,,False
nav_gain_4p25,False,holdout,6,30.36110518457827,0.0,0.0,7.97963515513484e-06,5.319756770089785e-07,30.399738549165843,30.399738549165843,0.0,0.0,0.999906440860665,True,4.25,0.0014033870900241707,0.0013993972724466034,0.0013954074548690359,32.5,5.5,[],True,9.355913933494471e-05,9.329315149644022e-05,9.329315149644022e-05,9.302716365793573e-05,robust_hit,6,3,2,,False
nav_gain_4p25,False,holdout,6,33.65777596759087,0.0,0.0,4.326820248141353e-06,2.8845468320942626e-07,33.69958104554884,33.69958104554884,0.0,0.0,0.9999080598723912,True,4.25,0.0013791019141323056,0.001376938504008235,0.0013747750938841643,37.5,5.5,[],True,9.194012760882038e-05,9.179590026721567e-05,9.179590026721566e-05,9.165167292561095e-05,robust_hit,6,3,2,,False
nav_gain_4p25,False,holdout,6,34.99999983819361,0.0,0.13253012048192772,4.680331297004332e-06,3.120220864669663e-07,35.0,37.33007541984879,0.0,0.0,0.9999074389014903,True,4.25,0.0013884164776469471,0.001386076311998445,0.0013837361463499428,42.5,5.5,[],True,9.256109850979648e-05,9.2405087466563e-05,9.2405087466563e-05,9.224907642332951e-05,robust_hit,6,3,2,,False
nav_gain_4p25,False,holdout,6,34.999999999999844,0.0,0.22546419098143236,4.483831673922226e-06,2.9892211159480693e-07,35.0,42.74800021103163,0.0,0.0,0.9999065592817419,True,4.25,0.001401610773871193,0.001399368858034232,0.0013971269421972708,47.5,5.5,[],True,9.344071825807953e-05,9.329125720228212e-05,9.329125720228214e-05,9.314179614648472e-05,robust_hit,6,3,2,,False
nav_gain_4p25,False,holdout,6,34.99999999999999,0.0,0.27312775330396477,2.0040825542588965e-06,1.3360550361726428e-07,35.0,49.69094101037828,0.0,0.0,0.9999077906505616,True,4.25,0.0013831402415762117,0.001382138200299082,0.0013811361590219528,52.5,5.5,[],True,9.220934943841412e-05,9.214254668660548e-05,9.214254668660549e-05,9.207574393479685e-05,robust_hit,6,3,2,,False
nav_gain_4p25,False,holdout,6,34.99999999999999,0.0,0.2629695885509839,4.575331284430162e-07,3.050220856286052e-08,35.0,58.09426293043326,0.0,0.0,0.9999063525277576,True,4.25,0.0014047120836363125,0.0014044833170720912,0.0014042545505078695,57.5,5.5,[],True,9.364747224242083e-05,9.36322211381394e-05,9.36322211381394e-05,9.361697003385797e-05,robust_hit,6,3,2,,False
nav_gain_4p25,False,holdout,0,34.99999999999999,0.0,0.287292817679558,1.5226431742121349e-05,1.0150954494747566e-06,35.0,67.47017433893213,0.0,0.0,74.11081434634075,True,4.25,1126.662230421543,1126.6622228083272,1126.6622151951112,62.5,5.5,[],True,75.1108153614362,75.11081485388847,75.11081485388847,75.11081434634075,robust_miss,6,3,2,,False
nav_gain_4p25,False,holdout,0,34.99999999999999,0.0,0.3291139240506329,2.684411265363451e-05,1.7896074950840557e-06,35.00000000000001,68.44670656260293,0.0,0.0,176.15057866323053,True,4.25,2657.2587067925706,2657.2586933705143,2657.258679948458,67.5,5.5,[],True,177.15058045283803,177.1505795580343,177.15057955803428,177.15057866323053,robust_miss,6,3,2,,False
nav_gain_4p25,False,holdout,0,34.99999999998694,0.0,0.2608695652173913,3.906788742824574e-05,2.6045258323392773e-06,35.0,57.531413232513145,0.0,0.0,265.190395209939,True,4.25,3992.855967216973,3992.855947683029,3992.8559281490857,72.5,5.5,[],True,266.19039781446486,266.19039651220197,266.1903965122019,266.190395209939,robust_miss,6,3,2,,False
nav_gain_4p25,False,holdout,0,17.17131262073084,0.0,0.0,8.086114030447789e-05,5.390742671806947e-06,18.08794366810561,18.08794366810561,0.0,0.0,349.3985047027892,True,4.25,5255.977651402978,5255.977610972408,5255.977570541838,77.5,5.5,[],True,350.39851009353185,350.3985073981605,350.3985073981605,350.3985047027892,robust_miss,6,3,2,,False
nav_gain_4p25,False,holdout,0,3.5369754712126094,0.0,0.0,0.00010203497640759451,6.802331768085423e-06,3.7208072022464838,3.7208072022464838,0.0,0.0,363.21623099284005,True,4.25,5463.243566927577,5463.24351591009,5463.243464892601,82.5,5.5,[],True,364.2162377951718,364.216234394006,364.21623439400594,364.21623099284005,robust_miss,6,3,2,,False
nav_gain_4p25,False,holdout,0,5.766921731034527,0.0,0.0,0.0001112387817556737,7.415918787501141e-06,6.047052968441097,6.047052968441097,0.0,0.0,365.43699194623525,True,4.25,5496.554990432311,5496.55493481292,5496.554879193529,87.5,5.5,[],True,366.43699936215404,366.4369956541946,366.4369956541947,366.43699194623525,robust_miss,6,3,2,,False
nav_gain_4p25,False,holdout,6,4.678226776020822,0.0,0.0,9.953826776087308e-07,6.635884517390816e-08,6.109015946802897,6.109015946802897,0.0,0.0,0.9999091302278503,True,4.25,0.0013630465822456733,0.001362548890906869,0.0013620511995680645,2.5,6.5,[],True,9.086977214971155e-05,9.08365927271246e-05,9.08365927271246e-05,9.080341330453764e-05,robust_hit,6,3,2,,False
nav_gain_4p25,False,holdout,6,10.091819306148563,0.0,0.0,1.6931880355926156e-06,1.1287920237284014e-07,10.102067820273021,10.102067820273021,0.0,0.0,0.9999090637015405,True,4.25,0.001364044476892793,0.0013631978828749969,0.0013623512888572005,7.5,6.5,[],True,9.093629845951953e-05,9.087985885833312e-05,9.087985885833312e-05,9.08234192571467e-05,robust_hit,6,3,2,,False
nav_gain_4p25,False,holdout,6,14.438922169087814,0.0,0.0,3.558663227968932e-06,2.372442151979279e-07,14.453792357837978,14.453792357837978,0.0,0.0,0.999908751397209,True,4.25,0.0013687290418639485,0.001366949710249964,0.0013651703786359795,12.5,6.5,[],True,9.12486027909299e-05,9.112998068333094e-05,9.112998068333094e-05,9.101135857573197e-05,robust_hit,6,3,2,,False
nav_gain_4p25,False,holdout,6,18.391066882279567,0.0,0.0,4.6722461802212265e-06,3.1148307868140426e-07,18.410368781325086,18.410368781325086,0.0,0.0,0.9999084268693055,True,4.25,0.0013735969604185435,0.001371260837328433,0.0013689247142383222,17.5,6.5,[],True,9.157313069456956e-05,9.141738915522886e-05,9.141738915522886e-05,9.126164761588815e-05,robust_hit,6,3,2,,False
nav_gain_4p25,False,holdout,6,22.11821090922728,0.0,0.0,3.894025381642914e-06,2.59601692109533e-07,22.1413578494391,22.1413578494391,0.0,0.0,0.9999085938169393,True,4.25,0.0013710927459097309,0.0013691457332189094,0.001367198720528088,22.5,6.5,[],True,9.140618306064872e-05,9.127638221459396e-05,9.127638221459396e-05,9.114658136853919e-05,robust_hit,6,3,2,,False
nav_gain_4p25,False,holdout,6,25.634740758794315,0.0,0.0,4.647250484023698e-06,3.098166989349069e-07,25.660725125531346,25.660725125531346,0.0,0.0,0.9999082711979334,True,4.25,0.0013759320309995626,0.0013736084057575507,0.0013712847805155389,27.5,6.5,[],True,9.17288020666375e-05,9.157389371717005e-05,9.157389371717005e-05,9.141898536770259e-05,robust_hit,6,3,2,,False
nav_gain_4p25,False,holdout,6,28.936645514716613,0.0,0.0,6.874808771293456e-06,4.5832058475289163e-07,28.966883217494775,28.966883217494775,0.0,0.0,0.9999069201370858,True,4.25,0.0013961979437128094,0.0013927605393271626,0.001389323134941516,32.5,6.5,[],True,9.307986291418728e-05,9.285070262181084e-05,9.285070262181084e-05,9.262154232943439e-05,robust_hit,6,3,2,,False
nav_gain_4p25,False,holdout,6,32.01679281706046,0.0,0.0,4.69849699092674e-06,3.132331327284493e-07,32.050477650546924,32.050477650546924,0.0,0.0,0.9999078461063116,True,4.25,0.0013823084053269708,0.0013799591568315072,0.001377609908336044,37.5,6.5,[],True,9.215389368846473e-05,9.19972771221005e-05,9.19972771221005e-05,9.184066055573628e-05,robust_hit,6,3,2,,False
nav_gain_4p25,False,holdout,6,34.8641508563685,0.0,0.0,5.387837331126237e-06,3.591891554084194e-07,34.900292930905955,34.900292930905955,0.0,0.0,0.9999068400969744,True,4.25,0.0013973985453835827,0.0013947046267180196,0.0013920107080524565,42.5,6.5,[],True,9.315990302557219e-05,9.298030844786798e-05,9.298030844786798e-05,9.280071387016377e-05,robust_hit,6,3,2,,False
nav_gain_4p25,False,holdout,6,34.99999999981896,0.0,0.1400437636761488,3.446478049375307e-06,2.297652032916817e-07,35.0,38.70079177424761,0.0,0.0,0.9999076683365389,True,4.25,0.0013849749519176113,0.0013832517128929238,0.001381528473868236,47.5,6.5,[],True,9.233166346117408e-05,9.221678085952824e-05,9.221678085952824e-05,9.21018982578824e-05,robust_hit,6,3,2,,False
nav_gain_4p25,False,holdout,6,34.99999999999999,0.0,0.1925925925925926,3.083343015333447e-06,2.0555620102222618e-07,35.0,43.80978173084921,0.0,0.0,0.9999063637802971,True,4.25,0.0014045432955439331,0.0014030016240362663,0.0014014599525285997,52.5,6.5,[],True,9.363621970292887e-05,9.353344160241776e-05,9.353344160241776e-05,9.343066350190665e-05,robust_hit,6,3,2,,False
nav_gain_4p25,False,holdout,6,34.99999999999999,0.0,0.19236641221374046,6.3168986240425e-07,4.211265749361486e-08,35.0,49.76049283983456,0.0,0.0,0.9999080929120054,True,4.25,0.001378606319918137,0.0013782904749869349,0.0013779746300557328,57.5,6.5,[],True,9.190708799454247e-05,9.188603166579566e-05,9.188603166579566e-05,9.186497533704885e-05,robust_hit,6,3,2,,False
nav_gain_4p25,False,holdout,0,34.99999999999999,0.0,0.18953323903818953,1.1621426892816089e-05,7.747617942754914e-07,35.0,55.9230279481291,0.0,0.0,56.54046484448916,True,4.25,863.1069842887642,863.1069784780508,863.1069726673373,62.5,6.5,[],True,57.54046561925095,57.54046523187006,57.54046523187006,57.54046484448916,robust_miss,6,3,2,,False
nav_gain_4p25,False,holdout,0,34.99999999999999,0.0,0.248046875,2.6189964501099894e-05,1.7459976504596852e-06,35.0,58.86120161743425,0.0,0.0,198.8071494871734,True,4.25,2997.1072684975657,2997.107255402583,2997.107242307601,67.5,6.5,[],True,199.80715123317106,199.80715036017224,199.80715036017222,199.8071494871734,robust_miss,6,3,2,,False
nav_gain_4p25,False,holdout,0,34.99999999998572,0.0,0.21646341463414634,3.524448129610391e-05,2.3496320977756113e-06,35.0,46.5504348285032,0.0,0.0,316.1813701061911,True,4.25,4757.720586837348,4757.7205692151065,4757.720551592866,72.5,6.5,[],True,317.1813724558232,317.1813712810071,317.18137128100716,317.1813701061911,robust_miss,6,3,2,,False
nav_gain_4p25,False,holdout,0,16.91577106495183,0.0,0.0,7.773955530865351e-05,5.182637039524707e-06,17.7195626596579,17.7195626596579,0.0,0.0,413.49709080417057,True,4.25,6217.456439802114,6217.456400932337,6217.456362062559,77.5,6.5,[],True,414.4970959868076,414.4970933954891,414.49709339548906,414.49709080417057,robust_miss,6,3,2,,False
nav_gain_4p25,False,holdout,0,3.739394883926483,0.0,0.0,0.00010043995098385494,6.695996717098751e-06,3.863323632252181,3.863323632252181,0.0,0.0,429.5596513716556,True,4.25,6458.394871014785,6458.39482079481,6458.394770574834,82.5,6.5,[],True,430.5596580676523,430.55965471965396,430.55965471965396,430.5596513716556,robust_miss,6,3,2,,False
nav_gain_4p25,False,holdout,0,5.821915016699827,0.0,0.0,0.00011092019576608436,7.394679698791151e-06,6.043678765069453,6.043678765069453,0.0,0.0,432.0841316190896,True,4.25,6496.262085206539,6496.262029746442,6496.2619742863435,87.5,6.5,[],True,433.0841390137693,433.0841353164294,433.0841353164294,433.0841316190896,robust_miss,6,3,2,,False
nav_gain_4p25,False,holdout,6,4.845235804929825,0.0,0.0,7.996599772483112e-07,5.331066514987657e-08,6.1087233197688535,6.1087233197688535,0.0,0.0,0.999909144159026,True,4.25,0.0013628376146104602,0.0013624377846218362,0.0013620379546332119,2.5,7.5,[],True,9.085584097403067e-05,9.082918564145573e-05,9.082918564145573e-05,9.08025303088808e-05,robust_hit,6,3,2,,False
nav_gain_4p25,False,holdout,6,9.813219667337577,0.0,0.0,2.409605863893001e-06,1.6064039092619916e-07,9.822048892634912,9.822048892634912,0.0,0.0,0.9999089649030299,True,4.25,0.0013655264545508945,0.001364321651618948,0.0013631168486870015,7.5,7.5,[],True,9.103509697005963e-05,9.095477677459653e-05,9.095477677459652e-05,9.087445657913343e-05,robust_hit,6,3,2,,False
nav_gain_4p25,False,holdout,6,14.06901711718605,0.0,0.0,1.8089112585445953e-06,1.205940839029676e-07,14.081420643809679,14.081420643809679,0.0,0.0,0.9999090429991293,True,4.25,0.0013643550130608096,0.0013634505574315373,0.001362546101802265,12.5,7.5,[],True,9.095700087072064e-05,9.089670382876916e-05,9.089670382876916e-05,9.083640678681767e-05,robust_hit,6,3,2,,False
nav_gain_4p25,False,holdout,6,17.834157248993748,0.0,0.0,3.391578583329842e-06,2.2610523888865613e-07,17.849445995235417,17.849445995235417,0.0,0.0,0.9999087567873761,True,4.25,0.001368648189357724,0.001366952400066059,0.0013652566107743942,17.5,7.5,[],True,9.124321262384826e-05,9.113016000440392e-05,9.113016000440394e-05,9.101710738495961e-05,robust_hit,6,3,2,,False
nav_gain_4p25,False,holdout,6,21.40450732299516,0.0,0.0,4.537386359688153e-06,3.024924239792084e-07,21.423939893732317,21.423939893732317,0.0,0.0,0.9999084021642747,True,4.25,0.0013739675358801248,0.0013716988427002806,0.0013694301495204367,22.5,7.5,[],True,9.159783572534166e-05,9.144658951335205e-05,9.144658951335205e-05,9.129534330136245e-05,robust_hit,6,3,2,,False
nav_gain_4p25,False,holdout,6,24.73663952995945,0.0,0.0,6.417929426976235e-06,4.278619617984202e-07,24.758712589049377,24.758712589049377,0.0,0.0,0.9999074937004399,True,4.25,0.0013875944934018769,0.001384385528688389,0.0013811765639749007,27.5,7.5,[],True,9.250629956012513e-05,9.229236857922591e-05,9.229236857922593e-05,9.207843759832671e-05,robust_hit,6,3,2,,False
nav_gain_4p25,False,holdout,6,27.852462392313647,0.0,0.0,4.076229344321088e-06,2.717486229547356e-07,27.877385517010737,27.877385517010737,0.0,0.0,0.9999083460310827,True,4.25,0.0013748095337596635,0.0013727714190875028,0.0013707333044153424,32.5,7.5,[],True,9.16539689173109e-05,9.151809460583353e-05,9.151809460583353e-05,9.138222029435616e-05,robust_hit,6,3,2,,False
nav_gain_4p25,False,holdout,6,30.7471286239958,0.0,0.0,4.796054256479788e-06,3.197369504319886e-07,30.77498413679587,30.77498413679587,0.0,0.0,0.9999077724744154,True,4.25,0.0013834128837693876,0.0013810148566411476,0.0013786168295129078,37.5,7.5,[],True,9.222752558462584e-05,9.206765710940984e-05,9.206765710940984e-05,9.190778863419385e-05,robust_hit,6,3,2,,False
nav_gain_4p25,False,holdout,6,33.4108023641659,0.0,0.0,5.333615989024272e-06,3.555743992682812e-07,33.44073501348268,33.44073501348268,0.0,0.0,0.9999068338019819,True,4.25,0.0013974929702715334,0.001394826162277021,0.0013921593542825092,42.5,7.5,[],True,9.316619801810222e-05,9.298841081846808e-05,9.298841081846808e-05,9.281062361883394e-05,robust_hit,6,3,2,,False
nav_gain_4p25,False,holdout,6,34.99999892848756,0.0,0.06801470588235294,4.58164203713334e-06,3.054428024755587e-07,35.0,36.06766783580717,0.0,0.0,0.9999064855486464,True,4.25,0.001402716770304693,0.0014004259492861263,0.0013981351282675596,47.5,7.5,[],True,9.351445135364619e-05,9.33617299524084e-05,9.336172995240842e-05,9.320900855117063e-05,robust_hit,6,3,2,,False
nav_gain_4p25,False,holdout,6,34.99999999999978,0.0,0.13112164296998421,3.1264915912299594e-06,2.0843277274866306e-07,35.0,39.87222989212949,0.0,0.0,0.9999064730662002,True,4.25,0.0014029040069975616,0.0014013407612019468,0.0013997775154063316,52.5,7.5,[],True,9.352693379983743e-05,9.342271741346311e-05,9.34227174134631e-05,9.331850102708877e-05,robust_hit,6,3,2,,False
nav_gain_4p25,False,holdout,6,34.99999999999999,0.0,0.14191852825229961,1.2475590976473126e-06,8.317060650981452e-08,35.0,44.31464885006016,0.0,0.0,0.9999064522144643,True,4.25,0.0014032167830358303,0.0014025930034870066,0.001401969223938183,57.5,7.5,[],True,9.354778553572202e-05,9.35062002324671e-05,9.350620023246712e-05,9.34646149292122e-05,robust_hit,6,3,2,,False
nav_gain_4p25,False,holdout,0,34.99999999999999,0.0,0.1314878892733564,8.825245231491863e-06,5.883496783098963e-07,35.0,48.73414649573784,0.0,0.0,39.09640312462794,True,4.25,601.4460556946643,601.4460512820417,601.4460468694191,62.5,7.5,[],True,40.09640371297762,40.09640341880278,40.09640341880278,40.09640312462794,robust_miss,6,3,2,,False
nav_gain_4p25,False,holdout,0,34.99999999999999,0.0,0.17041800643086816,2.567183219071012e-05,1.7114554964337003e-06,35.0,51.09564902798739,0.0,0.0,219.86707696938598,True,4.25,3313.006180212622,3313.0061673767063,3313.00615454079,67.5,7.5,[],True,220.86707868084147,220.8670778251137,220.8670778251137,220.86707696938598,robust_miss,6,3,2,,False
nav_gain_4p25,False,holdout,0,34.99999928161105,0.0,0.15885416666666666,3.578209270926891e-05,2.3854728397054714e-06,35.0,39.99713321546249,0.0,0.0,368.1171240971582,True,4.25,5536.756897239466,5536.75687934842,5536.756861457373,72.5,7.5,[],True,369.117126482631,369.1171252898946,369.1171252898946,369.1171240971582,robust_miss,6,3,2,,False
nav_gain_4p25,False,holdout,0,16.801071198346605,0.0,0.0,7.465250473615015e-05,4.976833622549748e-06,17.54495514024811,17.54495514024811,0.0,0.0,477.44100340100584,True,4.25,7176.615125667592,7176.615088341339,7176.615051015087,77.5,7.5,[],True,478.44100837783947,478.4410058894227,478.4410058894226,478.44100340100584,robust_miss,6,3,2,,False
nav_gain_4p25,False,holdout,0,3.937019997638644,0.0,0.0,9.894678987620864e-05,6.596452635676542e-06,4.025332397237611,4.025332397237611,0.0,0.0,495.91096645068484,True,4.25,7453.664595707062,7453.664546233667,7453.664496760272,82.5,7.5,[],True,496.9109730471375,496.91096974891116,496.91096974891116,496.91096645068484,robust_miss,6,3,2,,False
nav_gain_4p25,False,holdout,0,5.874309825801572,0.0,0.0,0.000110691834379395,7.379455610134755e-06,6.056510911719918,6.056510911719918,0.0,0.0,498.734432438546,True,4.25,7496.016597270024,7496.016541924107,7496.01648657819,87.5,7.5,[],True,499.7344398180016,499.7344361282738,499.7344361282738,499.734432438546,robust_miss,6,3,2,,False
nav_gain_4p25,False,holdout,6,4.973095732886771,0.0,0.0,6.890863413809914e-07,4.5939089425394005e-08,6.108434494512569,6.108434494512569,0.0,0.0,0.9999091517295444,True,4.25,0.0013627240568340744,0.001362379513663384,0.0013620349704926934,2.5,8.5,[],True,9.084827045560495e-05,9.082530091089227e-05,9.082530091089226e-05,9.080233136617956e-05,robust_hit,6,3,2,,False
nav_gain_4p25,False,holdout,6,9.604795102393194,0.0,0.0,1.683351813037406e-06,1.1222345420249013e-07,9.612115339224506,9.612115339224506,0.0,0.0,0.9999090613734182,True,4.25,0.001364079398727433,0.0013632377228209142,0.0013623960469143956,7.5,8.5,[],True,9.093862658182886e-05,9.088251485472762e-05,9.088251485472762e-05,9.082640312762637e-05,robust_hit,6,3,2,,False
nav_gain_4p25,False,holdout,6,13.808286386263719,0.0,0.0,3.894588364476877e-06,2.5963922429846477e-07,13.819114990344284,13.819114990344284,0.0,0.0,0.999908667817913,True,4.25,0.001369982731305401,0.0013680354371231626,0.0013660881429409242,12.5,8.5,[],True,9.133218208702674e-05,9.12023624748775e-05,9.12023624748775e-05,9.107254286272828e-05,robust_hit,6,3,2,,False
nav_gain_4p25,False,holdout,6,17.418051304886255,0.0,0.0,5.09230029542237e-06,3.394866863614841e-07,17.43168179170701,17.43168179170701,0.0,0.0,0.9999082957346414,True,4.25,0.0013755639803799417,0.0013730178302322307,0.0013704716800845194,17.5,8.5,[],True,9.170426535866278e-05,9.153452201548204e-05,9.153452201548204e-05,9.13647786723013e-05,robust_hit,6,3,2,,False
nav_gain_4p25,False,holdout,6,20.835152031436607,0.0,0.0,4.038930214475371e-06,2.6926201429835356e-07,20.851228976830576,20.851228976830576,0.0,0.0,0.9999085503648825,True,4.25,0.0013717445267625002,0.0013697250616552623,0.0013677055965480248,22.5,8.5,[],True,9.144963511750001e-05,9.131500411035084e-05,9.131500411035083e-05,9.118037310320166e-05,robust_hit,6,3,2,,False
nav_gain_4p25,False,holdout,6,24.024130819782464,0.0,0.0,6.258807803385903e-06,4.172538535590566e-07,24.042942609970993,24.042942609970993,0.0,0.0,0.999907565977436,True,4.25,0.0013865103384603243,0.0013833809345586312,0.0013802515306569384,27.5,8.5,[],True,9.243402256402162e-05,9.222539563724209e-05,9.222539563724209e-05,9.201676871046256e-05,robust_hit,6,3,2,,False
nav_gain_4p25,False,holdout,6,26.97888808563804,0.0,0.0,4.71908526835361e-06,3.146056845569091e-07,27.000212041014986,27.000212041014986,0.0,0.0,0.9999080714201342,True,4.25,0.00137892869798691,0.0013765691553527333,0.0013742096127185564,32.5,8.5,[],True,9.1928579865794e-05,9.177127702351555e-05,9.177127702351555e-05,9.16139741812371e-05,robust_hit,6,3,2,,False
nav_gain_4p25,False,holdout,6,29.712828288172723,0.0,0.0,5.829900402736909e-06,3.886600268491173e-07,29.735313439190474,29.735313439190474,0.0,0.0,0.9999070926183619,True,4.25,0.0013936107245728535,0.001390695774371485,0.0013877808241701166,37.5,8.5,[],True,9.290738163819023e-05,9.271305162476568e-05,9.271305162476568e-05,9.251872161134111e-05,robust_hit,6,3,2,,False
nav_gain_4p25,False,holdout,6,32.2158922965827,0.0,0.0,5.166720468706854e-06,3.444480312471209e-07,32.23960975744804,32.23960975744804,0.0,0.0,0.999906936286432,True,4.25,0.0013959557035205055,0.0013933723432861523,0.0013907889830517986,42.5,8.5,[],True,9.30637135680337e-05,9.289148955241013e-05,9.289148955241014e-05,9.271926553678657e-05,robust_hit,6,3,2,,False
nav_gain_4p25,False,holdout,6,34.46826060097378,0.0,0.0,4.4326633409650165e-06,2.9551088939766415e-07,34.49237343637307,34.49237343637307,0.0,0.0,0.9999065971986534,True,4.25,0.0014010420201996218,0.0013988256885291393,0.0013966093568586568,47.5,8.5,[],True,9.340280134664145e-05,9.325504590194262e-05,9.325504590194262e-05,9.310729045724379e-05,robust_hit,6,3,2,,False
nav_gain_4p25,False,holdout,6,34.999999999066716,0.0,0.0791268758526603,3.0846951179850767e-06,2.056463411990024e-07,35.0,37.080800951763074,0.0,0.0,0.9999065893045764,True,4.25,0.0014011604313541868,0.0013996180837951941,0.0013980757362362017,52.5,8.5,[],True,9.341069542361246e-05,9.330787225301296e-05,9.330787225301295e-05,9.320504908241345e-05,robust_hit,6,3,2,,False
nav_gain_4p25,False,holdout,6,34.999999999999986,0.0,0.10526315789473684,1.3072059308141554e-06,8.714706205428064e-08,35.0,40.41940635803308,0.0,0.0,0.9999067204065296,True,4.25,0.0013991939020552013,0.0013985402990897941,0.0013978866961243872,57.5,8.5,[],True,9.327959347034676e-05,9.323601993931962e-05,9.323601993931962e-05,9.319244640829248e-05,robust_hit,6,3,2,,False
nav_gain_4p25,False,holdout,0,34.99999999999999,0.0,0.09375,7.036493684609013e-06,4.6909957873708663e-07,35.0,43.66847744261648,0.0,0.0,26.77825328911552,True,4.25,416.67380637322645,416.6738028549796,416.67379933673277,62.5,8.5,[],True,27.778253758215097,27.77825352366531,27.778253523665306,27.77825328911552,robust_miss,6,3,2,,False
nav_gain_4p25,False,holdout,0,34.999999999999964,0.0,0.11891891891891893,2.5084096705541015e-05,1.67227310043927e-06,35.0,45.19373233730766,0.0,0.0,237.8113673259144,True,4.25,3582.1705349728127,3582.1705224307643,3582.170509888716,67.5,8.5,[],True,238.8113689981875,238.81136816205094,238.81136816205094,238.8113673259144,robust_miss,6,3,2,,False
nav_gain_4p25,False,holdout,0,34.99882835758627,0.0,0.04225352112676056,3.6376589378050994e-05,2.425105947168049e-06,35.00000000000001,36.891261720907615,0.0,0.0,422.7500731042637,True,4.25,6356.251132940545,6356.25111475225,6356.251096563956,72.5,8.5,[],True,423.75007552936967,423.75007431681667,423.7500743168167,423.7500731042637,robust_miss,6,3,2,,False
nav_gain_4p25,False,holdout,0,16.844481683306515,0.0,0.0,7.170664866862353e-05,4.780443191521044e-06,17.514256904995477,17.514256904995477,0.0,0.0,541.2842033220252,True,4.25,8134.263121537026,8134.263085683701,8134.263049830377,77.5,8.5,[],True,542.2842081024684,542.2842057122467,542.2842057122468,542.2842033220252,robust_miss,6,3,2,,False
nav_gain_4p25,False,holdout,0,4.1149670996360985,0.0,0.0,9.754014536156319e-05,6.502676455966139e-06,4.1804807623135565,4.1804807623135565,0.0,0.0,562.26896368962,True,4.25,8449.034552884446,8449.034504114374,8449.034455344301,82.5,8.5,[],True,563.2689701922965,563.2689669409582,563.2689669409583,563.26896368962,robust_miss,6,3,2,,False
nav_gain_4p25,False,holdout,0,5.921353112141983,0.0,0.0,0.00011054935021093115,7.369956733782601e-06,6.075559320222087,6.075559320222087,0.0,0.0,565.3871569687769,True,4.25,8495.807465081005,8495.80740980633,8495.807354531655,87.5,8.5,[],True,566.3871643387337,566.3871606537554,566.3871606537552,566.3871569687769,robust_miss,6,3,2,,False
nav_gain_4p25,False,holdout,6,5.074126684657102,0.0,0.0,8.815098104012452e-07,5.876732069341273e-08,6.108153481543503,6.108153481543503,0.0,0.0,0.99990913818515,True,4.25,0.0013629272227499384,0.0013624864678447376,0.0013620457129395371,2.5,9.5,[],True,9.086181484999589e-05,9.083243118964919e-05,9.083243118964919e-05,9.080304752930248e-05,robust_hit,6,3,2,,False
nav_gain_4p25,False,holdout,6,9.445756079613565,0.0,0.0,2.507740670463013e-06,1.6718271136419995e-07,9.452147706922922,9.452147706922922,0.0,0.0,0.9999089498884641,True,4.25,0.001365751673038848,0.0013644978027036166,0.001363243932368385,7.5,9.5,[],True,9.10501115359232e-05,9.096652018024111e-05,9.096652018024111e-05,9.0882928824559e-05,robust_hit,6,3,2,,False
nav_gain_4p25,False,holdout,6,13.602678790739235,0.0,0.0,1.8586837298890935e-06,1.2391224865926115e-07,13.612009439161204,13.612009439161204,0.0,0.0,0.9999090365917357,True,4.25,0.0013644511239638715,0.001363521782098927,0.0013625924402339824,12.5,9.5,[],True,9.09634082642581e-05,9.090145213992847e-05,9.090145213992847e-05,9.083949601559884e-05,robust_hit,6,3,2,,False
nav_gain_4p25,False,holdout,6,17.095186709672138,0.0,0.0,2.8298241942299913e-06,1.8865494628200123e-07,17.107172214628402,17.107172214628402,0.0,0.0,0.9999088718072597,True,4.25,0.0013669228911043615,0.0013655079790072463,0.0013640930669101315,17.5,9.5,[],True,9.112819274029077e-05,9.103386526714977e-05,9.103386526714977e-05,9.093953779400877e-05,robust_hit,6,3,2,,False
nav_gain_4p25,False,holdout,6,20.37049312591926,0.0,0.0,2.7558149459220617e-06,1.837209963947978e-07,20.38463195517076,20.38463195517076,0.0,0.0,0.9999088627739878,True,4.25,0.0013670583901824458,0.0013656804827094848,0.0013643025752365237,22.5,9.5,[],True,9.113722601216305e-05,9.104536551396566e-05,9.104536551396566e-05,9.095350501576825e-05,robust_hit,6,3,2,,False
nav_gain_4p25,False,holdout,6,23.42552915482726,0.0,0.0,4.466797445983007e-06,2.9778649639886534e-07,23.441264719643065,23.441264719643065,0.0,0.0,0.9999083252681092,True,4.25,0.0013751209783613677,0.001372887579638376,0.0013706541809153847,27.5,9.5,[],True,9.167473189075784e-05,9.152583864255841e-05,9.152583864255841e-05,9.137694539435898e-05,robust_hit,6,3,2,,False
nav_gain_4p25,False,holdout,6,26.24583478718021,0.0,0.0,5.9919104336608655e-06,3.994606955773838e-07,26.264155862778328,26.264155862778328,0.0,0.0,0.9999074133881949,True,4.25,0.001388799177076105,0.0013858032218592746,0.0013828072666424442,32.5,9.5,[],True,9.258661180507367e-05,9.238688145728499e-05,9.238688145728498e-05,9.218715110949628e-05,robust_hit,6,3,2,,False
nav_gain_4p25,False,holdout,6,28.837623269763892,0.0,0.0,3.0290750375255512e-06,2.0193833583503765e-07,28.85655951723339,28.85655951723339,0.0,0.0,0.9999085833625228,True,4.25,0.0013712495621595372,0.0013697350246407744,0.0013682204871220116,37.5,9.5,[],True,9.141663747730248e-05,9.131566830938495e-05,9.131566830938495e-05,9.121469914146744e-05,robust_hit,6,3,2,,False
nav_gain_4p25,False,holdout,6,31.198712716007616,0.0,0.0,3.378329970305915e-06,2.2522199802039523e-07,31.219228356734376,31.219228356734376,0.0,0.0,0.9999081921302235,True,4.25,0.001377118046646857,0.001375428881661704,0.0013737397166765511,42.5,9.5,[],True,9.180786977645714e-05,9.169525877744694e-05,9.169525877744694e-05,9.158264777843674e-05,robust_hit,6,3,2,,False
nav_gain_4p25,False,holdout,6,33.310076206864935,0.0,0.0,4.0863759294238085e-06,2.7242506196159446e-07,33.33030210391321,33.33030210391321,0.0,0.0,0.9999069304242632,True,4.25,0.0013960436360520793,0.0013940004480873676,0.0013919572601226555,47.5,9.5,[],True,9.306957573680529e-05,9.293336320582449e-05,9.293336320582449e-05,9.27971506748437e-05,robust_hit,6,3,2,,False
nav_gain_4p25,False,holdout,6,34.99965946500395,0.0,0.02142857142857143,3.054950590629813e-06,2.036633727086506e-07,35.0,35.16772617694905,0.0,0.0,0.9999065896147639,True,4.25,0.0014011557785414432,0.0013996283032461285,0.0013981008279508134,52.5,9.5,[],True,9.341038523609621e-05,9.330855354974187e-05,9.330855354974189e-05,9.320672186338756e-05,robust_hit,6,3,2,,False
nav_gain_4p25,False,holdout,6,34.999999999996696,0.0,0.0744466800804829,1.2487305817660086e-06,8.324870545106905e-08,35.0,37.52894101806287,0.0,0.0,0.9999070843344061,True,4.25,0.0013937349839087134,0.0013931106186178303,0.0013924862533269474,57.5,9.5,[],True,9.291566559391423e-05,9.287404124118869e-05,9.287404124118869e-05,9.283241688846316e-05,robust_hit,6,3,2,,False
nav_gain_4p25,False,holdout,0,34.99999999999909,0.0,0.06621392190152801,6.100988457546919e-06,4.067325640733088e-07,35.0,39.876903021789325,0.0,0.0,20.117099494833578,True,4.25,316.75649852349216,316.7564954729979,316.7564924225037,62.5,9.5,[],True,21.117099901566142,21.117099698199862,21.11709969819986,21.117099494833578,robust_miss,6,3,2,,False
nav_gain_4p25,False,holdout,0,34.999999999966505,0.0,0.07845433255269321,2.4755095182626974e-05,1.6503396409461857e-06,35.0,40.74611416800812,0.0,0.0,257.02064038936595,True,4.25,3870.309630595584,3870.3096182180366,3870.309605840489,67.5,9.5,[],True,258.0206420397056,258.0206412145358,258.0206412145358,258.02064038936595,robust_miss,6,3,2,,False
nav_gain_4p25,False,holdout,0,34.88035183595387,0.0,0.00437636761487965,3.7066427466925234e-05,2.4710951720408048e-06,35.0,35.06583802755651,0.0,0.0,480.5346869922461,True,4.25,7223.0203419501195,7223.020323416906,7223.020304883692,72.5,9.5,[],True,481.5346894633413,481.53468822779377,481.5346882277937,481.5346869922461,robust_miss,6,3,2,,False
nav_gain_4p25,False,holdout,0,16.867907888447853,0.0,0.0,6.897750245116185e-05,4.598500140673423e-06,17.480726585396617,17.480726585396617,0.0,0.0,605.2246092946947,True,4.25,9093.369208397922,9093.369173909172,9093.36913942042,77.5,9.5,[],True,606.2246138931948,606.2246115939448,606.2246115939447,606.2246092946947,robust_miss,6,3,2,,False
nav_gain_4p25,False,holdout,0,4.271300236336325,0.0,0.0,9.620859782444313e-05,6.413906476154807e-06,4.344925341472619,4.344925341472619,0.0,0.0,628.6328247561518,True,4.25,9444.492467550874,9444.492419446575,9444.492371342276,82.5,9.5,[],True,629.6328311700582,629.632827963105,629.632827963105,629.6328247561518,robust_miss,6,3,2,,False
nav_gain_4p25,False,holdout,0,5.9071586075220965,0.0,0.0,0.00011035885654564481,7.3572571182012325e-06,6.040199657496966,6.040199657496966,0.0,0.0,632.0417097435991,True,4.25,9495.625756512844,9495.625701333416,9495.625646153987,87.5,9.5,[],True,633.0417171008562,633.0417134222276,633.0417134222276,633.0417097435991,robust_miss,6,3,2,,False
nav_gain_4p25,False,holdout,6,5.126484861343529,0.0,0.0,5.070749539511001e-07,3.380499693006792e-08,6.10781846970394,6.10781846970394,0.0,0.0,0.9999091629309901,True,4.25,0.001362556035148258,0.0013623024976712826,0.001362048960194307,2.5,10.5,[],True,9.083706900988386e-05,9.082016651141883e-05,9.082016651141883e-05,9.08032640129538e-05,robust_hit,6,3,2,,False
nav_gain_4p25,False,holdout,6,9.281375181894703,0.0,0.0,2.471221766874379e-06,1.6474811779162708e-07,9.287168197392063,9.287168197392063,0.0,0.0,0.999908955547994,True,4.25,0.001365666780090473,0.001364431169207036,0.0013631955583235987,7.5,10.5,[],True,9.104445200603154e-05,9.096207794713573e-05,9.096207794713573e-05,9.087970388823991e-05,robust_hit,6,3,2,,False
nav_gain_4p25,False,holdout,6,13.413614816644666,0.0,0.0,3.829277456486504e-06,2.5528516376577325e-07,13.422204161799117,13.422204161799117,0.0,0.0,0.9999086827004505,True,4.25,0.0013697594932425936,0.0013678448545143506,0.001365930215786107,12.5,10.5,[],True,9.131729954950625e-05,9.118965696762335e-05,9.118965696762335e-05,9.106201438574047e-05,robust_hit,6,3,2,,False
nav_gain_4p25,False,holdout,6,16.83112659176182,0.0,0.0,4.860590933413941e-06,3.240393955609294e-07,16.841283271030747,16.841283271030747,0.0,0.0,0.9999083667506615,True,4.25,0.001374498740077782,0.0013720684446110751,0.0013696381491443681,17.5,10.5,[],True,9.163324933851881e-05,9.147122964073833e-05,9.147122964073834e-05,9.130920994295788e-05,robust_hit,6,3,2,,False
nav_gain_4p25,False,holdout,6,19.986362676416956,0.0,0.0,3.4578799735763242e-06,2.3052533157175766e-07,19.998767025885225,19.998767025885225,0.0,0.0,0.9999087033394916,True,4.25,0.001369449907626612,0.0013677209676398237,0.0013659920276530356,22.5,10.5,[],True,9.129666050844079e-05,9.11813978426549e-05,9.118139784265492e-05,9.106613517686903e-05,robust_hit,6,3,2,,False
nav_gain_4p25,False,holdout,6,22.900985388482166,0.0,0.0,5.345135503399866e-06,3.563423668933208e-07,22.915428285760672,22.915428285760672,0.0,0.0,0.9999079778618051,True,4.25,0.001380332072923873,0.001377659505172173,0.0013749869374204732,27.5,10.5,[],True,9.202213819492487e-05,9.184396701147821e-05,9.184396701147821e-05,9.166579582803155e-05,robust_hit,6,3,2,,False
nav_gain_4p25,False,holdout,6,25.60585221085625,0.0,0.0,5.7340450936151175e-06,3.822696729076727e-07,25.6213052227846,25.6213052227846,0.0,0.0,0.9999075493740862,True,4.25,0.0013867593887063904,0.001383892366159583,0.0013810253436127753,32.5,10.5,[],True,9.245062591375936e-05,9.225949107730553e-05,9.225949107730553e-05,9.206835624085169e-05,robust_hit,6,3,2,,False
nav_gain_4p25,False,holdout,6,28.07731422115865,0.0,0.0,5.298944633423067e-06,3.532629755615351e-07,28.09418761441464,28.09418761441464,0.0,0.0,0.9999074177641143,True,4.25,0.001388733538285881,0.0013860840659691695,0.001383434593652458,37.5,10.5,[],True,9.25822358857254e-05,9.240560439794462e-05,9.240560439794464e-05,9.222897291016386e-05,robust_hit,6,3,2,,False
nav_gain_4p25,False,holdout,6,30.31298054770908,0.0,0.0,2.7696359925443413e-06,1.8464239950294705e-07,30.33009587626265,30.33009587626265,0.0,0.0,0.9999084982654339,True,4.25,0.0013725260184914803,0.001371141200495208,0.001369756382498936,42.5,10.5,[],True,9.150173456609868e-05,9.14094133663472e-05,9.14094133663472e-05,9.131709216659573e-05,robust_hit,6,3,2,,False
nav_gain_4p25,False,holdout,6,32.2990682313704,0.0,0.0,2.4924377020286905e-06,1.6616251346858208e-07,32.3166029185698,32.3166029185698,0.0,0.0,0.9999083181056518,True,4.25,0.0013752284152216392,0.0013739821963706248,0.0013727359775196105,47.5,10.5,[],True,9.168189434810929e-05,9.1598813091375e-05,9.159881309137499e-05,9.15157318346407e-05,robust_hit,6,3,2,,False
nav_gain_4p25,False,holdout,6,33.99840264135769,0.0,0.0,2.8659285250104676e-06,1.9106190166735728e-07,34.01512209080745,34.01512209080745,0.0,0.0,0.9999068005301684,True,4.25,0.0013979920474733241,0.0013965590832108188,0.0013951261189483137,52.5,10.5,[],True,9.319946983155494e-05,9.310393888072126e-05,9.310393888072126e-05,9.300840792988758e-05,robust_hit,6,3,2,,False
nav_gain_4p25,False,holdout,6,34.99999827524752,0.0,0.030357142857142857,1.2576292294454085e-06,8.384194862969029e-08,35.0,35.439693506431,0.0,0.0,0.9999069926640226,True,4.25,0.001395110039660799,0.001394481225046076,0.0013938524104313535,57.5,10.5,[],True,9.300733597738659e-05,9.296541500307175e-05,9.296541500307175e-05,9.29234940287569e-05,robust_hit,6,3,2,,False
nav_gain_4p25,False,holdout,0,34.999999999441776,0.0,0.04357625845229151,5.8782438259186165e-06,3.9188292433323113e-07,35.0,36.997930707502995,0.0,0.0,18.323730478005835,True,4.25,289.8559630483314,289.85596010920943,289.85595717008755,62.5,10.5,[],True,19.32373086988876,19.3237306739473,19.323730673947296,19.323730478005835,robust_miss,6,3,2,,False
nav_gain_4p25,False,holdout,0,34.99999989835829,0.0,0.04502617801047121,2.4907126316975337e-05,1.6604750499027432e-06,35.0,37.36521016537772,0.0,0.0,282.19627047704375,True,4.25,4247.944082062782,4247.94406960922,4247.944057155656,67.5,10.5,[],True,283.1962721375188,283.1962713072813,283.1962713072813,283.19627047704375,robust_miss,6,3,2,,False
nav_gain_4p25,False,holdout,0,33.28828922604021,0.0,0.0,3.773475600610254e-05,2.5156504079859587e-06,33.44174520040865,33.44174520040865,0.0,0.0,540.1035755861536,True,4.25,8116.553671527061,8116.553652659683,8116.553633792305,72.5,10.5,[],True,541.103578101804,541.1035768439789,541.1035768439788,541.1035755861536,robust_miss,6,3,2,,False
nav_gain_4p25,False,holdout,0,16.808649778946545,0.0,0.0,6.625432979490142e-05,4.416955221131502e-06,17.399584818979235,17.399584818979235,0.0,0.0,669.2645575679281,True,4.25,10053.968429773251,10053.968396646085,10053.968363518921,77.5,10.5,[],True,670.2645619848834,670.2645597764057,670.2645597764058,670.2645575679281,robust_miss,6,3,2,,False
nav_gain_4p25,False,holdout,0,4.407812899355977,0.0,0.0,9.494086953054648e-05,6.3293913399320445e-06,4.511014007284751,4.511014007284751,0.0,0.0,695.0019274768499,True,4.25,10440.029007093619,10440.028959623183,10440.02891215275,82.5,10.5,[],True,696.0019338062413,696.0019306415456,696.0019306415456,696.0019274768499,robust_miss,6,3,2,,False
nav_gain_4p25,False,holdout,0,5.950174919506472,0.0,0.0,0.00011012204595317598,7.341469654420507e-06,6.0670690474086015,6.0670690474086015,0.0,0.0,698.6980067746128,True,4.25,10495.470211741238,10495.470156680216,10495.470101619192,87.5,10.5,[],True,699.6980141160825,699.6980104453477,699.6980104453477,699.6980067746128,robust_miss,6,3,2,,False
nav_gain_4p25,False,holdout,6,5.1239542092052055,0.0,0.0,7.39939106875415e-07,4.9329273791689815e-08,6.107542516790908,6.107542516790908,0.0,0.0,0.9999091483204305,True,4.25,0.0013627751935423888,0.0013624052239889512,0.0013620352544355134,2.5,11.5,[],True,9.085167956949259e-05,9.082701493259675e-05,9.082701493259675e-05,9.08023502957009e-05,robust_hit,6,3,2,,False
nav_gain_4p25,False,holdout,6,9.18485939415238,0.0,0.0,1.3099807918506325e-06,8.73320527900503e-08,9.190029769194625,9.190029769194625,0.0,0.0,0.9999091009503536,True,4.25,0.001363485744696796,0.0013628307543008707,0.0013621757639049454,7.5,11.5,[],True,9.089904964645307e-05,9.085538362005805e-05,9.085538362005804e-05,9.081171759366302e-05,robust_hit,6,3,2,,False
nav_gain_4p25,False,holdout,6,13.235983256998107,0.0,0.0,2.959432462738224e-06,1.9729549751588613e-07,13.243472521917615,13.243472521917615,0.0,0.0,0.9999088638041823,True,4.25,0.0013670429372650411,0.0013655632210336718,0.001364083504802303,12.5,11.5,[],True,9.113619581766941e-05,9.103754806891146e-05,9.103754806891146e-05,9.093890032015353e-05,robust_hit,6,3,2,,False
nav_gain_4p25,False,holdout,6,16.605368008395345,0.0,0.0,4.6576153906068875e-06,3.1050769270713125e-07,16.61477327559527,16.61477327559527,0.0,0.0,0.9999084273114691,True,4.25,0.0013735903279634553,0.0013712615202681518,0.0013689327125728484,17.5,11.5,[],True,9.157268853089702e-05,9.141743468454346e-05,9.141743468454346e-05,9.126218083818989e-05,robust_hit,6,3,2,,False
nav_gain_4p25,False,holdout,6,19.645322405202325,0.0,0.0,4.0043288492541945e-06,2.669552566169454e-07,19.656433055946174,19.656433055946174,0.0,0.0,0.9999085569335527,True,4.25,0.0013716459967087365,0.0013696438322841093,0.0013676416678594823,22.5,11.5,[],True,9.14430664472491e-05,9.130958881894063e-05,9.130958881894063e-05,9.117611119063215e-05,robust_hit,6,3,2,,False
nav_gain_4p25,False,holdout,6,22.454735468963438,0.0,0.0,2.881107426934903e-06,1.920738284623332e-07,22.467369945173232,22.467369945173232,0.0,0.0,0.9999087960917791,True,4.25,0.0013680586233142079,0.0013666180696007403,0.001365177515887273,27.5,11.5,[],True,9.12039082209472e-05,9.110787130671602e-05,9.110787130671603e-05,9.101183439248486e-05,robust_hit,6,3,2,,False
nav_gain_4p25,False,holdout,6,25.03414201300519,0.0,0.0,4.7180883910064465e-06,3.1453922606710185e-07,25.04792536138538,25.04792536138538,0.0,0.0,0.9999080543482114,True,4.25,0.001379184776828513,0.0013768257326330097,0.0013744666884375066,32.5,11.5,[],True,9.194565178856754e-05,9.178838217553399e-05,9.178838217553399e-05,9.163111256250044e-05,robust_hit,6,3,2,,False
nav_gain_4p25,False,holdout,6,27.39539845697282,0.0,0.0,4.773599954841249e-06,3.182399969894103e-07,27.409845576605132,27.409845576605132,0.0,0.0,0.999907732290521,True,4.25,0.001384015642185669,0.0013816288422082484,0.0013792420422308277,37.5,11.5,[],True,9.22677094790446e-05,9.21085894805499e-05,9.210858948054988e-05,9.194946948205518e-05,robust_hit,6,3,2,,False
nav_gain_4p25,False,holdout,6,29.522770590154867,0.0,0.0,4.020869877495968e-06,2.680579918330609e-07,29.538054022446538,29.538054022446538,0.0,0.0,0.9999077567463602,True,4.25,0.001383648804596636,0.001381638369657888,0.00137962793471914,42.5,11.5,[],True,9.224325363977573e-05,9.210922464385919e-05,9.21092246438592e-05,9.197519564794267e-05,robust_hit,6,3,2,,False
nav_gain_4p25,False,holdout,6,31.39826662648849,0.0,0.0,3.942812394856733e-06,2.628541596571128e-07,31.413119179624065,31.413119179624065,0.0,0.0,0.9999069900217765,True,4.25,0.0013951496733521948,0.0013931782671547663,0.001391206860957338,47.5,11.5,[],True,9.300997822347965e-05,9.287855114365109e-05,9.28785511436511e-05,9.274712406382254e-05,robust_hit,6,3,2,,False
nav_gain_4p25,False,holdout,6,32.98553940568245,0.0,0.0,1.8790765328937243e-06,1.2527176885958975e-07,32.99961620573214,32.99961620573214,0.0,0.0,0.9999081219638242,True,4.25,0.0013781705426366359,0.001377231004370189,0.0013762914661037422,52.5,11.5,[],True,9.187803617577573e-05,9.181540029134594e-05,9.181540029134594e-05,9.175276440691614e-05,robust_hit,6,3,2,,False
nav_gain_4p25,False,holdout,6,34.22167826697711,0.0,0.0,9.341105807218406e-07,6.227403871478937e-08,34.23362301879827,34.23362301879827,0.0,0.0,0.9999078348620041,True,4.25,0.0013824770699387005,0.0013820100146483395,0.0013815429593579786,57.5,11.5,[],True,9.216513799591336e-05,9.213400097655596e-05,9.213400097655596e-05,9.210286395719857e-05,robust_hit,6,3,2,,False
nav_gain_4p25,False,holdout,0,34.99642069224228,0.0,0.004043126684636119,6.3615382828174916e-06,4.2410255218783277e-07,35.0,35.00969337871195,0.0,0.0,21.369021151343304,True,4.25,335.53532363168785,335.53532045091873,335.53531727014956,62.5,11.5,[],True,22.369021575445856,22.36902136339458,22.36902136339458,22.369021151343304,robust_miss,6,3,2,,False
nav_gain_4p25,False,holdout,0,34.98699121022314,0.0,0.004784688995215311,2.532744110794738e-05,1.6884960700735974e-06,35.0,35.0696750938392,0.0,0.0,312.6015776544716,True,4.25,4704.023690144515,4704.0236774807945,4704.023664817074,67.5,11.5,[],True,313.6015793429677,313.6015784987197,313.6015784987196,313.6015776544716,robust_miss,6,3,2,,False
nav_gain_4p25,False,holdout,0,31.441024341512136,0.0,0.0,3.8166781450854614e-05,2.5444520588280284e-06,31.606754489094254,31.606754489094254,0.0,0.0,597.8369375775075,True,4.25,8982.554101829393,8982.554082746003,8982.554063662612,72.5,11.5,[],True,598.8369401219595,598.8369388497334,598.8369388497335,598.8369375775075,robust_miss,6,3,2,,False
nav_gain_4p25,False,holdout,0,16.776937410691172,0.0,0.0,6.363217471516691e-05,4.2421449961693725e-06,17.335078081009076,17.335078081009076,0.0,0.0,733.4491656998548,True,4.25,11016.737549129997,11016.73751731391,11016.737485497822,77.5,11.5,[],True,734.4491699419998,734.4491678209273,734.4491678209273,734.4491656998548,robust_miss,6,3,2,,False
nav_gain_4p25,False,holdout,0,4.527150990407918,0.0,0.0,9.373055945616215e-05,6.248703925848531e-06,4.6487649784873515,4.6487649784873515,0.0,0.0,761.375770353735,True,4.25,11435.636649036584,11435.636602171304,11435.636555306024,82.5,11.5,[],True,762.3757766024389,762.375773478087,762.375773478087,762.375770353735,robust_miss,6,3,2,,False
nav_gain_4p25,False,holdout,0,5.943934120906864,0.0,0.0,0.0001101174857467413,7.3411656558164395e-06,6.04781167310667,6.04781167310667,0.0,0.0,765.3554784783242,True,4.25,11495.332287292349,11495.332232233608,11495.332177174863,87.5,11.5,[],True,766.3554858194899,766.3554821489071,766.3554821489071,766.3554784783242,robust_miss,6,3,2,,False
nav_gain_4p25,False,holdout,6,5.154678077842348,0.0,0.0,5.398455911267714e-07,3.5989706075119e-08,6.107270540378025,6.107270540378025,0.0,0.0,0.9999091610276826,True,4.25,0.0013625845847614986,0.001362314661965935,0.0013620447391703718,2.5,12.5,[],True,9.083897231743323e-05,9.082097746439568e-05,9.082097746439567e-05,9.080298261135811e-05,robust_hit,6,3,2,,False
nav_gain_4p25,False,holdout,6,9.107350411680597,0.0,0.0,1.3646015354839766e-06,9.097343569893087e-08,9.112167003444192,9.112167003444192,0.0,0.0,0.9999090955888239,True,4.25,0.0013635661676415,0.001362883866873758,0.001362201566106016,7.5,12.5,[],True,9.09044111761e-05,9.085892445825054e-05,9.085892445825054e-05,9.081343774040107e-05,robust_hit,6,3,2,,False
nav_gain_4p25,False,holdout,6,13.088530836780196,0.0,0.0,3.149987742557918e-06,2.0999918283720175e-07,13.095579873215334,13.095579873215334,0.0,0.0,0.9999088274492157,True,4.25,0.0013675882617643915,0.0013660132678931125,0.0013644382740218336,12.5,12.5,[],True,9.117255078429277e-05,9.106755119287417e-05,9.106755119287417e-05,9.096255160145557e-05,robust_hit,6,3,2,,False
nav_gain_4p25,False,holdout,6,16.398012261539172,0.0,0.0,4.630135637796826e-06,3.086757091864641e-07,16.406298674024303,16.406298674024303,0.0,0.0,0.999908434897744,True,4.25,0.0013734765338411464,0.001371161466022248,0.0013688463982033496,17.5,12.5,[],True,9.156510225607643e-05,9.14107644014832e-05,9.14107644014832e-05,9.125642654688997e-05,robust_hit,6,3,2,,False
nav_gain_4p25,False,holdout,6,19.351650803476023,0.0,0.0,4.851789533381326e-06,3.2345263555875775e-07,19.361760462380765,19.361760462380765,0.0,0.0,0.9999082913428934,True,4.25,0.0013756298565998175,0.001373203961833127,0.0013707780670664362,22.5,12.5,[],True,9.17086571066545e-05,9.154693078887513e-05,9.154693078887511e-05,9.138520447109574e-05,robust_hit,6,3,2,,False
nav_gain_4p25,False,holdout,6,22.050916033854463,0.0,0.0,5.295502154425025e-06,3.5303347696166926e-07,22.062273446532867,22.062273446532867,0.0,0.0,0.9999079925291576,True,4.25,0.0013801120626350898,0.0013774643115578775,0.0013748165604806648,27.5,12.5,[],True,9.200747084233932e-05,9.183095410385848e-05,9.18309541038585e-05,9.165443736537765e-05,robust_hit,6,3,2,,False
nav_gain_4p25,False,holdout,6,24.52593448587985,0.0,0.0,3.8863989839630925e-06,2.590932655975413e-07,24.538244889696156,24.538244889696156,0.0,0.0,0.9999083973702149,True,4.25,0.0013740394467766312,0.0013720962472846497,0.001370153047792668,32.5,12.5,[],True,9.160262978510874e-05,9.147308315230997e-05,9.147308315230997e-05,9.13435365195112e-05,robust_hit,6,3,2,,False
nav_gain_4p25,False,holdout,6,26.783302647345227,0.0,0.0,4.726510088042804e-06,3.1510067253619775e-07,26.796683761256578,26.796683761256578,0.0,0.0,0.9999077506017864,True,4.25,0.0013837409732050249,0.0013813777181610034,0.001379014463116982,37.5,12.5,[],True,9.224939821366833e-05,9.209184787740023e-05,9.209184787740023e-05,9.193429754113213e-05,robust_hit,6,3,2,,False
nav_gain_4p25,False,holdout,6,28.810046298894832,0.0,0.0,4.842417884706133e-06,3.2282785898041157e-07,28.823248586047892,28.823248586047892,0.0,0.0,0.9999071003294054,True,4.25,0.0013934950589177706,0.0013910738499754176,0.0013886526410330645,42.5,12.5,[],True,9.289967059451805e-05,9.273825666502785e-05,9.273825666502783e-05,9.257684273553763e-05,robust_hit,6,3,2,,False
nav_gain_4p25,False,holdout,6,30.586541523369586,0.0,0.0,3.640473094115599e-06,2.4269820627437417e-07,30.599942447749388,30.599942447749388,0.0,0.0,0.999907277838267,True,4.25,0.001390832425993904,0.0013890121894468462,0.0013871919528997884,47.5,12.5,[],True,9.272216173292693e-05,9.260081262978975e-05,9.260081262978974e-05,9.247946352665256e-05,robust_hit,6,3,2,,False
nav_gain_4p25,False,holdout,6,32.077712797049145,0.0,0.0,2.164425588440603e-06,1.4429503922937985e-07,32.09006006071825,32.09006006071825,0.0,0.0,0.9999077139611404,True,4.25,0.0013842905828931708,0.0013832083700989508,0.0013821261573047302,52.5,12.5,[],True,9.228603885954472e-05,9.221389133993004e-05,9.221389133993004e-05,9.214174382031534e-05,robust_hit,6,3,2,,False
nav_gain_4p25,False,holdout,6,33.22490950357504,0.0,0.0,9.900446042744593e-07,6.600297361829548e-08,33.234724879446006,33.234724879446006,0.0,0.0,0.9999074244521822,True,4.25,0.0013886332172681937,0.0013881381949660567,0.0013876431726639192,57.5,12.5,[],True,9.257554781787957e-05,9.254254633107043e-05,9.254254633107043e-05,9.250954484426128e-05,robust_hit,6,3,2,,False
nav_gain_4p25,False,holdout,0,33.917585138986794,0.0,0.0,7.395522686692857e-06,4.930348467269141e-07,33.92436373768812,33.92436373768812,0.0,0.0,29.38376120105824,True,4.25,455.75642541139626,455.7564217136349,455.7564180158736,62.5,12.5,[],True,30.383761694093085,30.38376144757566,30.38376144757566,30.38376120105824,robust_miss,6,3,2,,False
nav_gain_4p25,False,holdout,0,33.68062453617488,0.0,0.0,2.60044962487882e-05,1.7336330984107917e-06,33.74744486116658,33.74744486116658,0.0,0.0,349.1411084753765,True,4.25,5252.116653135144,5252.116640132896,5252.116627130647,67.5,12.5,[],True,350.1411102090096,350.14110934219303,350.14110934219303,350.1411084753765,robust_miss,6,3,2,,False
nav_gain_4p25,False,holdout,0,29.801919433286336,0.0,0.0,3.8496387787745334e-05,2.5664257918833755e-06,29.97878786026842,29.97878786026842,0.0,0.0,654.9849009727889,True,4.25,9839.77355308822,9839.773533840025,9839.773514591832,72.5,12.5,[],True,655.9849035392147,655.9849022560018,655.9849022560018,655.9849009727889,robust_miss,6,3,2,,False
nav_gain_4p25,False,holdout,0,14.435545431604842,0.0,0.0,6.278725231823046e-05,4.185816806057119e-06,15.271095229738714,15.271095229738714,0.0,0.0,798.6180566539355,True,4.25,11994.270912596285,11994.27088120266,11994.270849809032,77.5,12.5,[],True,799.6180608397523,799.6180587468439,799.6180587468439,799.6180566539355,robust_miss,6,3,2,,False
nav_gain_4p25,False,holdout,0,4.631899335041565,0.0,0.0,9.25714302866254e-05,6.171428708512394e-06,4.764858319566068,4.764858319566068,0.0,0.0,827.7539330916771,True,4.25,12431.309088946588,12431.309042660874,12431.308996375157,82.5,12.5,[],True,828.7539392631058,828.7539361773916,828.7539361773916,828.7539330916771,robust_miss,6,3,2,,False
nav_gain_4p25,False,holdout,0,5.980700072741269,0.0,0.0,0.00010988148642354645,7.325432420657307e-06,6.074410549900566,6.074410549900566,0.0,0.0,832.0140211313358,True,4.25,12495.210426851523,12495.210371910778,12495.210316970037,87.5,12.5,[],True,833.0140284567682,833.014024794052,833.0140247940519,833.0140211313358,robust_miss,6,3,2,,False
nav_gain_4p25,False,holdout,6,5.098286000442667,0.0,0.0,8.051262437905847e-07,5.36750829193696e-08,6.106996675012157,6.106996675012157,0.0,0.0,0.9999091437736017,True,4.25,0.00136284339597459,0.001362440832852695,0.0013620382697307994,2.5,13.5,[],True,9.0856226398306e-05,9.082938885684631e-05,9.082938885684631e-05,9.080255131538663e-05,robust_hit,6,3,2,,False
nav_gain_4p25,False,holdout,6,9.040370954217703,0.0,0.0,2.328136115191176e-06,1.552090743460802e-07,9.044805358114226,9.044805358114226,0.0,0.0,0.9999089770571222,True,4.25,0.0013653441431667555,0.0013641800751091598,0.0013630160070515643,7.5,13.5,[],True,9.10229428777837e-05,9.094533834061066e-05,9.094533834061066e-05,9.086773380343762e-05,robust_hit,6,3,2,,False
nav_gain_4p25,False,holdout,6,12.95973868421774,0.0,0.0,3.006340335806037e-06,2.0042268905373943e-07,12.965934376332175,12.965934376332175,0.0,0.0,0.9999088549460726,True,4.25,0.0013671758089114912,0.0013656726387435883,0.0013641694685756851,12.5,13.5,[],True,9.114505392743275e-05,9.104484258290588e-05,9.104484258290588e-05,9.0944631238379e-05,robust_hit,6,3,2,,False
nav_gain_4p25,False,holdout,6,16.211252077157415,0.0,0.0,4.2585657805684855e-06,2.83904385371236e-07,16.218875985063416,16.218875985063416,0.0,0.0,0.9999085398503184,True,4.25,0.001371902245224895,0.0013697729623346107,0.0013676436794443265,17.5,13.5,[],True,9.146014968165967e-05,9.131819748897406e-05,9.131819748897405e-05,9.117624529628843e-05,robust_hit,6,3,2,,False
nav_gain_4p25,False,holdout,6,19.077230228596996,0.0,0.0,4.2440223390854785e-06,2.8293482260569947e-07,19.086159352958667,19.086159352958667,0.0,0.0,0.9999084850740632,True,4.25,0.0013727238890524432,0.0013706018778829002,0.0013684798667133577,22.5,13.5,[],True,9.151492593682955e-05,9.137345852552669e-05,9.137345852552669e-05,9.123199111422385e-05,robust_hit,6,3,2,,False
nav_gain_4p25,False,holdout,6,21.68539256907347,0.0,0.0,5.146767852876695e-06,3.431178568584481e-07,21.69573624925979,21.69573624925979,0.0,0.0,0.9999080523430314,True,4.25,0.001379214854529396,0.0013766414706029575,0.0013740680866765193,27.5,13.5,[],True,9.19476569686264e-05,9.177609804019717e-05,9.177609804019717e-05,9.160453911176795e-05,robust_hit,6,3,2,,False
nav_gain_4p25,False,holdout,6,24.067265905844454,0.0,0.0,3.3534793908011375e-06,2.2356529272007854e-07,24.078464135046584,24.078464135046584,0.0,0.0,0.9999085840912761,True,4.25,0.0013712386308577594,0.0013695618911623586,0.0013678851514669582,32.5,13.5,[],True,9.141590872385062e-05,9.130412607749058e-05,9.130412607749058e-05,9.119234343113054e-05,robust_hit,6,3,2,,False
nav_gain_4p25,False,holdout,6,26.2314949472356,0.0,0.0,5.222429479210698e-06,3.481619652807096e-07,26.243479144990737,26.243479144990737,0.0,0.0,0.9999074316543055,True,4.25,0.001388525185417369,0.0013859139706777638,0.0013833027559381583,37.5,13.5,[],True,9.256834569449126e-05,9.23942647118509e-05,9.23942647118509e-05,9.222018372921055e-05,robust_hit,6,3,2,,False
nav_gain_4p25,False,holdout,6,28.166748092448653,0.0,0.0,4.804948849084986e-06,3.203299232723333e-07,28.178490224722783,28.178490224722783,0.0,0.0,0.9999071100077509,True,4.25,0.0013933498837360476,0.001390947409311505,0.0013885449348869626,42.5,13.5,[],True,9.288999224906984e-05,9.272982728743367e-05,9.272982728743368e-05,9.25696623257975e-05,robust_hit,6,3,2,,False
nav_gain_4p25,False,holdout,6,29.854205811174882,0.0,0.0,3.868100093812766e-06,2.5787333958751863e-07,29.865831350475677,29.865831350475677,0.0,0.0,0.999906987689314,True,4.25,0.0013951846602900174,0.001393250610243111,0.0013913165601962046,47.5,13.5,[],True,9.301231068600116e-05,9.288337401620741e-05,9.28833740162074e-05,9.275443734641364e-05,robust_hit,6,3,2,,False
nav_gain_4p25,False,holdout,6,31.2588117008098,0.0,0.0,2.652942383087921e-06,1.7686282553919924e-07,31.269214068491628,31.269214068491628,0.0,0.0,0.9999068655259793,True,4.25,0.001397017110310756,0.001395690639119212,0.001394364167927668,52.5,13.5,[],True,9.313447402071707e-05,9.304604260794746e-05,9.304604260794747e-05,9.295761119517787e-05,robust_hit,6,3,2,,False
nav_gain_4p25,False,holdout,6,32.321973329095464,0.0,0.0,8.649123441938425e-07,5.766082294625255e-08,32.33045393313683,32.33045393313683,0.0,0.0,0.999907631779384,True,4.25,0.0013855233092390038,0.0013850908530669067,0.00138465839689481,57.5,13.5,[],True,9.236822061593358e-05,9.233939020446046e-05,9.233939020446046e-05,9.231055979298733e-05,robust_hit,6,3,2,,False
nav_gain_4p25,False,holdout,0,32.93968392426835,0.0,0.0,8.340458407474216e-06,5.560305567087198e-07,32.94536549364682,32.94536549364682,0.0,0.0,37.87741459062928,True,4.25,583.1612271998976,583.1612230296683,583.1612188594391,62.5,13.5,[],True,38.877415146659835,38.87741486864456,38.87741486864456,38.87741459062928,robust_miss,6,3,2,,False
nav_gain_4p25,False,holdout,0,32.40046682488469,0.0,0.0,2.6511826945352368e-05,1.767455160006648e-06,32.487908159356365,32.487908159356365,0.0,0.0,384.260956419119,True,4.25,5778.914372798612,5778.914359542699,5778.914346286785,67.5,13.5,[],True,385.26095818657416,385.2609573028465,385.2609573028466,385.260956419119,robust_miss,6,3,2,,False
nav_gain_4p25,False,holdout,0,28.32159376945528,0.0,0.0,3.876540722558275e-05,2.584360458968149e-06,28.509174829617248,28.509174829617248,0.0,0.0,711.988936551937,True,4.25,10694.83408704446,10694.834067661757,10694.834048279054,72.5,13.5,[],True,712.9889391362974,712.9889378441171,712.9889378441171,712.988936551937,robust_miss,6,3,2,,False
nav_gain_4p25,False,holdout,0,11.663504039876416,0.0,0.0,6.315712198556866e-05,4.210474799037911e-06,11.680708772248119,11.680708772248119,0.0,0.0,864.5933490489712,True,4.25,12983.900298891689,12983.900267313127,12983.900235734567,77.5,13.5,[],True,865.593353259446,865.5933511542086,865.5933511542086,865.5933490489712,robust_miss,6,3,2,,False
nav_gain_4p25,False,holdout,0,4.7243211683891335,0.0,0.0,9.145823605649639e-05,6.097215646150289e-06,4.864028043430188,4.864028043430188,0.0,0.0,894.1360535304295,True,4.25,13427.040894414678,13427.04084868556,13427.040802956442,82.5,13.5,[],True,895.1360596276452,895.1360565790374,895.1360565790374,895.1360535304295,robust_miss,6,3,2,,False
nav_gain_4p25,False,holdout,0,5.977195984155822,0.0,0.0,0.00010987780660798308,7.325187084461504e-06,6.0620700518797905,6.0620700518797905,0.0,0.0,898.6733991796102,True,4.25,13495.10109757196,13495.101042633056,13495.100987694153,87.5,13.5,[],True,899.6734065047973,899.6734028422038,899.6734028422038,899.6733991796102,robust_miss,6,3,2,,False
nav_gain_4p25,False,holdout,6,5.041774751068774,0.0,0.0,6.456765849168541e-07,4.30451056611218e-08,6.1066688979652275,6.1066688979652275,0.0,0.0,0.9999091545413865,True,4.25,0.0013626818792017324,0.0013623590409092739,0.0013620362026168155,2.5,14.5,[],True,9.084545861344883e-05,9.082393606061827e-05,9.082393606061827e-05,9.08024135077877e-05,robust_hit,6,3,2,,False
nav_gain_4p25,False,holdout,6,8.968709494518002,0.0,0.0,2.1468540089633354e-06,1.431236005975593e-07,8.981648659860747,8.981648659860747,0.0,0.0,0.9999090028347454,True,4.25,0.0013649574788190274,0.0013638840518145458,0.001362810624810064,7.5,14.5,[],True,9.099716525460183e-05,9.092560345430304e-05,9.092560345430305e-05,9.085404165400427e-05,robust_hit,6,3,2,,False
nav_gain_4p25,False,holdout,6,12.843526466605098,0.0,0.0,2.6320478183604074e-06,1.75469854557365e-07,12.8495421054161,12.8495421054161,0.0,0.0,0.9999089216396082,True,4.25,0.0013661754058770497,0.0013648593819678694,0.0013635433580586893,12.5,14.5,[],True,9.107836039180331e-05,9.099062546452462e-05,9.099062546452462e-05,9.090289053724595e-05,robust_hit,6,3,2,,False
nav_gain_4p25,False,holdout,6,16.01838491413181,0.0,0.0,4.270226114148467e-06,2.8468174094323836e-07,16.02559930298923,16.02559930298923,0.0,0.0,0.9999085363602116,True,4.25,0.0013719545968254422,0.001369819483768368,0.0013676843707112938,17.5,14.5,[],True,9.146363978836282e-05,9.13212989178912e-05,9.13212989178912e-05,9.117895804741958e-05,robust_hit,6,3,2,,False
nav_gain_4p25,False,holdout,6,18.82483063986581,0.0,0.0,4.520145827997292e-06,3.0134305519981675e-07,18.83312799949775,18.83312799949775,0.0,0.0,0.9999083986394558,True,4.25,0.0013740204081636753,0.0013717603352496766,0.001369500262335678,22.5,14.5,[],True,9.160136054424502e-05,9.14506890166451e-05,9.145068901664512e-05,9.13000174890452e-05,robust_hit,6,3,2,,False
nav_gain_4p25,False,holdout,6,21.349929682148794,0.0,0.0,3.2856454980306846e-06,2.1904303320204835e-07,21.359459368634038,21.359459368634038,0.0,0.0,0.9999086894241612,True,4.25,0.0013696586375808938,0.0013680158148318784,0.0013663729920828632,27.5,14.5,[],True,9.131057583872626e-05,9.120105432212524e-05,9.120105432212523e-05,9.109153280552421e-05,robust_hit,6,3,2,,False
nav_gain_4p25,False,holdout,6,23.6478306603531,0.0,0.0,3.052733121903595e-06,2.0351554146024148e-07,23.65770149510867,23.65770149510867,0.0,0.0,0.9999086778970291,True,4.25,0.0013698315445642788,0.001368305178003327,0.0013667788114423752,32.5,14.5,[],True,9.132210297095192e-05,9.12203452002218e-05,9.12203452002218e-05,9.111858742949168e-05,robust_hit,6,3,2,,False
nav_gain_4p25,False,holdout,6,25.72797941208227,0.0,0.0,3.928316336053537e-06,2.6188775573689975e-07,25.738393633396765,25.738393633396765,0.0,0.0,0.9999081680230132,True,4.25,0.0013774796548023222,0.0013755154966342954,0.0013735513384662687,37.5,14.5,[],True,9.183197698682148e-05,9.170103310895303e-05,9.170103310895302e-05,9.157008923108458e-05,robust_hit,6,3,2,,False
nav_gain_4p25,False,holdout,6,27.580174882202623,0.0,0.0,4.182573597051077e-06,2.7883823980340153e-07,27.59074216322951,27.59074216322951,0.0,0.0,0.9999075918123349,True,4.25,0.0013861228149760006,0.001384031528177475,0.0013819402413789495,42.5,14.5,[],True,9.24081876650667e-05,9.2268768545165e-05,9.2268768545165e-05,9.21293494252633e-05,robust_hit,6,3,2,,False
nav_gain_4p25,False,holdout,6,29.186556980863816,0.0,0.0,3.1466439225802823e-06,2.0977626150534944e-07,29.19705300196167,29.19705300196167,0.0,0.0,0.9999077021180445,True,4.25,0.00138446822933316,0.0013828949073718697,0.0013813215854105796,47.5,14.5,[],True,9.2297881955544e-05,9.219299382479133e-05,9.219299382479132e-05,9.208810569403865e-05,robust_hit,6,3,2,,False
nav_gain_4p25,False,holdout,6,30.51253775533709,0.0,0.0,1.7461242809971213e-06,1.1640828539981622e-07,30.521605082372773,30.521605082372773,0.0,0.0,0.9999081447827667,True,4.25,0.001377828258499268,0.0013769551963587695,0.0013760821342182709,52.5,14.5,[],True,9.185521723328454e-05,9.179701309058462e-05,9.179701309058462e-05,9.173880894788472e-05,robust_hit,6,3,2,,False
nav_gain_4p25,False,holdout,6,31.499518832955065,0.0,0.0,9.526929823698658e-07,6.351286549132981e-08,31.507011526413415,31.507011526413415,0.0,0.0,0.9999069506891433,True,4.25,0.0013957396628514022,0.0013952633163602174,0.0013947869698690324,57.5,14.5,[],True,9.304931085676016e-05,9.301755442401449e-05,9.301755442401449e-05,9.298579799126883e-05,robust_hit,6,3,2,,False
nav_gain_4p25,False,holdout,0,32.02134957297316,0.0,0.0,9.255278541786538e-06,6.170185642417891e-07,32.04442066973447,32.04442066973447,0.0,0.0,47.42021646241785,True,4.25,726.3032561915462,726.303251563907,726.3032469362677,62.5,14.5,[],True,48.42021707943641,48.420216770927134,48.42021677092713,48.42021646241785,robust_miss,6,3,2,,False
nav_gain_4p25,False,holdout,0,31.195771359351866,0.0,0.0,2.700050299608847e-05,1.8000334875978297e-06,31.30074356887128,31.30074356887128,0.0,0.0,420.0333145927039,True,4.25,6315.499745891061,6315.49973239081,6315.499718890558,67.5,14.5,[],True,421.0333163927374,421.03331549272065,421.03331549272065,421.0333145927039,robust_miss,6,3,2,,False
nav_gain_4p25,False,holdout,0,26.975171979114343,0.0,0.0,3.89898668800015e-05,2.5993244889832567e-06,27.17299336157998,27.17299336157998,0.0,0.0,768.8948079793951,True,4.25,11548.422158680793,11548.42213918586,11548.422119690926,72.5,14.5,[],True,769.8948105787196,769.8948092790573,769.8948092790573,769.8948079793951,robust_miss,6,3,2,,False
nav_gain_4p25,False,holdout,0,11.508873254434452,0.0,0.0,6.0741425841115415e-05,4.049428412145062e-06,11.539341837206107,11.539341837206107,0.0,0.0,929.0666846544125,True,4.25,13951.000330557614,13951.000300186899,13951.000269816188,77.5,14.5,[],True,930.0666887038409,930.0666866791266,930.0666866791266,930.0666846544125,robust_miss,6,3,2,,False
nav_gain_4p25,False,holdout,0,4.806319512107969,0.0,0.0,9.038652206072584e-05,6.0257681298026e-06,4.949722485773409,4.949722485773409,0.0,0.0,960.5218133777521,True,4.25,14422.827291052803,14422.82724585954,14422.827200666281,82.5,14.5,[],True,961.5218194035202,961.5218163906361,961.5218163906361,961.5218133777521,robust_miss,6,3,2,,False
nav_gain_4p25,False,holdout,0,6.008444861013644,0.0,0.0,0.00010971675510518253,7.314450385820237e-06,6.086602204523161,6.086602204523161,0.0,0.0,965.333679357708,True,4.25,14495.005300082375,14495.005245223998,14495.00519036562,87.5,14.5,[],True,966.3336866721584,966.3336830149332,966.3336830149332,966.333679357708,robust_miss,6,3,2,,False
nav_gain_4p25,False,holdout,6,4.940087032678162,0.0,0.0,7.557636424408015e-07,5.038424282938225e-08,6.106400076280828,6.106400076280828,0.0,0.0,0.9999091472361408,True,4.25,0.001362791457887595,0.0013624135760663743,0.0013620356942451541,2.5,15.5,[],True,9.0852763859173e-05,9.08275717377583e-05,9.08275717377583e-05,9.080237961634361e-05,robust_hit,6,3,2,,False
nav_gain_4p25,False,holdout,6,8.8543242600537,0.0,0.0,2.239781337394324e-06,1.4931875582628736e-07,8.883700636831271,8.883700636831271,0.0,0.0,0.9999089898413152,True,4.25,0.0013651523802723274,0.0013640324896036303,0.001362912598934933,7.5,15.5,[],True,9.101015868482183e-05,9.09354993069087e-05,9.09354993069087e-05,9.086083992899554e-05,robust_hit,6,3,2,,False
nav_gain_4p25,False,holdout,6,12.734277369147991,0.0,0.0,3.4533152450703323e-06,2.3022101633801944e-07,12.739787312406122,12.739787312406122,0.0,0.0,0.999908765575666,True,4.25,0.0013685163650097698,0.0013667897073872347,0.0013650630497646994,12.5,15.5,[],True,9.123442433398464e-05,9.111931382581563e-05,9.111931382581564e-05,9.100420331764663e-05,robust_hit,6,3,2,,False
nav_gain_4p25,False,holdout,6,15.839824719323135,0.0,0.0,4.177884177473164e-06,2.7852561183153797e-07,15.846649689415125,15.846649689415125,0.0,0.0,0.999908561117737,True,4.25,0.0013715832339448572,0.0013694942918561206,0.001367405349767384,17.5,15.5,[],True,9.143888226299048e-05,9.12996194570747e-05,9.12996194570747e-05,9.116035665115894e-05,robust_hit,6,3,2,,False
nav_gain_4p25,False,holdout,6,18.590212080676153,0.0,0.0,4.577417991183299e-06,3.0516119941222174e-07,18.597729253976215,18.597729253976215,0.0,0.0,0.9999083793446005,True,4.25,0.0013743098309913545,0.0013720211219957628,0.0013697324130001712,22.5,15.5,[],True,9.162065539942364e-05,9.146807479971753e-05,9.146807479971753e-05,9.131549420001141e-05,robust_hit,6,3,2,,False
nav_gain_4p25,False,holdout,6,21.039196094520477,0.0,0.0,5.275913692195369e-06,3.517275794796804e-07,21.047546512918238,21.047546512918238,0.0,0.0,0.9999079930685734,True,4.25,0.0013801039713989115,0.0013774660145528137,0.0013748280577067162,27.5,15.5,[],True,9.20069314265941e-05,9.183106763685426e-05,9.183106763685426e-05,9.165520384711442e-05,robust_hit,6,3,2,,False
nav_gain_4p25,False,holdout,6,23.259779273352304,0.0,0.0,3.1563268846294262e-06,2.104217923086266e-07,23.26915499441218,23.26915499441218,0.0,0.0,0.9999086441006763,True,4.25,0.001370338489855467,0.0013687603264131525,0.0013671821629708376,32.5,15.5,[],True,9.13558993236978e-05,9.12506884275435e-05,9.125068842754348e-05,9.114547753138917e-05,robust_hit,6,3,2,,False
nav_gain_4p25,False,holdout,6,25.25746601687149,0.0,0.0,4.475720997368891e-06,2.9838139982459456e-07,25.267268604423915,25.267268604423915,0.0,0.0,0.9999078709521612,True,4.25,0.0013819357175821655,0.0013796978570834808,0.0013774599965847966,37.5,15.5,[],True,9.212904783881104e-05,9.197985713889873e-05,9.197985713889874e-05,9.183066643898644e-05,robust_hit,6,3,2,,False
nav_gain_4p25,False,holdout,6,27.035154038177698,0.0,0.0,3.480064673255399e-06,2.3200431155036446e-07,27.04476828879085,27.04476828879085,0.0,0.0,0.9999080619077759,True,4.25,0.0013790713833612114,0.0013773313510245836,0.001375591318687956,42.5,15.5,[],True,9.193809222408076e-05,9.182209006830559e-05,9.182209006830557e-05,9.17060879125304e-05,robust_hit,6,3,2,,False
nav_gain_4p25,False,holdout,6,28.57321392462944,0.0,0.0,3.853138427152613e-06,2.56875895143503e-07,28.582218271803402,28.582218271803402,0.0,0.0,0.9999069161329905,True,4.25,0.0013962580051410554,0.0013943314359274792,0.0013924048667139028,47.5,15.5,[],True,9.308386700940369e-05,9.295542906183194e-05,9.295542906183194e-05,9.282699111426018e-05,robust_hit,6,3,2,,False
nav_gain_4p25,False,holdout,6,29.82689761729067,0.0,0.0,1.59091914547836e-06,1.0606127636522309e-07,29.83513731129228,29.83513731129228,0.0,0.0,0.9999082827888057,True,4.25,0.0013757581679148024,0.0013749627083420634,0.001374167248769324,52.5,15.5,[],True,9.171721119432016e-05,9.166418055613755e-05,9.166418055613754e-05,9.161114991795494e-05,robust_hit,6,3,2,,False
nav_gain_4p25,False,holdout,6,30.745561190694826,0.0,0.0,6.870607783741704e-07,4.580405189161317e-08,30.751868633660024,30.751868633660024,0.0,0.0,0.9999078081678056,True,4.25,0.0013828774829170302,0.001382533952527843,0.001382190422138656,57.5,15.5,[],True,9.219183219446868e-05,9.216893016852287e-05,9.216893016852287e-05,9.214602814257706e-05,robust_hit,6,3,2,,False
nav_gain_4p25,False,holdout,0,31.120624368946775,0.0,0.0,1.0102963528879627e-05,6.735308986094424e-07,31.1636414584389,31.1636414584389,0.0,0.0,57.458640314260265,True,4.25,876.8796148168675,876.8796097653858,876.879604713904,62.5,15.5,[],True,58.45864098779116,58.45864065102572,58.45864065102572,58.458640314260265,robust_miss,6,3,2,,False
nav_gain_4p25,False,holdout,0,30.067273429297703,0.0,0.0,2.7367113034415524e-05,1.8244742250317358e-06,30.187695485113604,30.187695485113604,0.0,0.0,454.27907321385567,True,4.25,6829.186125574948,6829.186111891391,6829.186098207835,67.5,15.5,[],True,455.2790750383299,455.2790741260928,455.2790741260928,455.27907321385567,robust_miss,6,3,2,,False
nav_gain_4p25,False,holdout,0,25.742834960513868,0.0,0.0,3.918056972906925e-05,2.612038088045665e-06,25.950245933716726,25.950245933716726,0.0,0.0,825.7331633679868,True,4.25,12400.997489700372,12400.997470110087,12400.997450519802,72.5,15.5,[],True,826.7331659800249,826.7331646740058,826.7331646740058,826.7331633679868,robust_miss,6,3,2,,False
nav_gain_4p25,False,holdout,0,11.261729076483007,0.0,0.0,5.8410496421856806e-05,3.894033056894841e-06,11.311473028326633,11.311473028326633,0.0,0.0,993.6563159613446,True,4.25,14919.844797830665,14919.844768625417,14919.844739420168,77.5,15.5,[],True,994.6563198553777,994.6563179083611,994.6563179083612,994.6563159613446,robust_miss,6,3,2,,False
nav_gain_4p25,False,holdout,0,4.879470017181576,0.0,0.0,8.934932338888757e-05,5.9566216350503964e-06,5.024512920927004,5.024512920927004,0.0,0.0,1026.9109433603783,True,4.25,15418.664239754999,15418.664195080337,15418.664150405675,82.5,15.5,[],True,1027.910949317,1027.9109463386892,1027.910946338689,1027.9109433603783,robust_miss,6,3,2,,False
nav_gain_4p25,False,holdout,0,6.005901386858053,0.0,0.0,0.00010963929526042193,7.309286502277246e-06,6.077636441087252,6.077636441087252,0.0,0.0,1031.994328554512,True,4.25,15494.915037956978,15494.91498313733,15494.914928317683,87.5,15.5,[],True,1032.9943358637986,1032.9943322091553,1032.9943322091553,1032.994328554512,robust_miss,6,3,2,,False
nav_gain_4p5,False,main,3,1.8014706545557722,0.0,0.0,0.0,0.0,6.124999999999999,6.124999999999999,0.0,0.0,0.999909169338077,True,4.5,0.0013624599288445817,0.0013624599288445817,0.0013624599288445817,0.0,4.0,[],True,9.08306619229721e-05,9.083066192297209e-05,9.08306619229721e-05,9.08306619229721e-05,robust_hit,3,3,1,N,False
nav_gain_4p5,False,main,6,8.678903146934086,0.0,0.0,6.593476210793505e-07,4.395650807195218e-08,8.69401902255584,8.69401902255584,0.0,0.0,0.9999091435885358,True,4.5,0.0013628461719633975,0.0013625164981528578,0.0013621868243423182,5.0,4.0,[],True,9.08564114642265e-05,9.083443321019052e-05,9.083443321019052e-05,9.081245495615455e-05,robust_hit,6,3,2,N,False
nav_gain_4p5,False,main,6,14.231223779383921,0.0,0.0,5.3900280078530635e-06,3.5933520052353486e-07,14.257585749845688,14.257585749845688,0.0,0.0,0.9999086848988962,True,4.5,0.0013697265165566064,0.0013670315025526801,0.0013643364885487534,10.0,4.0,[],True,9.131510110377377e-05,9.1135433503512e-05,9.1135433503512e-05,9.095576590325023e-05,robust_hit,6,3,2,N,False
nav_gain_4p5,False,main,6,18.997983416208864,0.0,0.0,4.909110245607988e-06,3.272740163738668e-07,19.034487102031573,19.034487102031573,0.0,0.0,0.9999087350740283,True,4.5,0.0013689738895745847,0.0013665193344517806,0.0013640647793289767,15.0,4.0,[],True,9.126492597163898e-05,9.110128896345204e-05,9.110128896345205e-05,9.093765195526511e-05,robust_hit,6,3,2,N,False
nav_gain_4p5,False,main,6,23.59580039062625,0.0,0.0,6.983080511681859e-06,4.6553870077879875e-07,23.641378232244005,23.641378232244005,0.0,0.0,0.9999083208766321,True,4.5,0.0013751868505185673,0.0013716953102627264,0.0013682037700068854,20.0,4.0,[],True,9.167912336790449e-05,9.144635401751508e-05,9.144635401751508e-05,9.121358466712569e-05,robust_hit,6,3,2,N,False
nav_gain_4p5,False,main,6,27.98329595556866,0.0,0.0,2.3670053423089244e-06,1.578003561539292e-07,28.037436207215855,28.037436207215855,0.0,0.0,0.9999090180448484,True,4.5,0.001364729327273252,0.0013635458246020974,0.001362362321930943,25.0,4.0,[],True,9.098195515155013e-05,9.090305497347317e-05,9.090305497347315e-05,9.08241547953962e-05,robust_hit,6,3,2,N,False
nav_gain_4p5,False,main,6,32.1530160879197,0.0,0.0,8.90364254046462e-06,5.935761693643071e-07,32.21845875647016,32.21845875647016,0.0,0.0,0.9999074664374157,True,4.5,0.0013880034387645087,0.0013835516174942764,0.0013790997962240441,30.0,4.0,[],True,9.253356258430059e-05,9.223677449961844e-05,9.223677449961843e-05,9.193998641493628e-05,robust_hit,6,3,2,N,False
nav_gain_4p5,False,main,6,34.999910970787695,0.0,0.11555555555555555,5.746762854952651e-06,3.8311752366350284e-07,35.0,36.347101424948214,0.0,0.0,0.9999082461903462,True,4.5,0.001376307144805748,0.0013734337633782715,0.0013705603819507953,35.0,4.0,[],True,9.175380965371652e-05,9.156225089188478e-05,9.156225089188477e-05,9.137069213005302e-05,robust_hit,6,3,2,N,False
nav_gain_4p5,False,main,6,34.99999999944996,0.0,0.2742616033755274,7.571483974489011e-06,5.047655982992692e-07,35.0,42.46930535446503,0.0,0.0,0.9999070158806169,True,4.5,0.0013947617907468703,0.0013909760487596258,0.0013871903067723813,40.0,4.0,[],True,9.298411938312469e-05,9.273173658397505e-05,9.273173658397505e-05,9.247935378482542e-05,robust_hit,6,3,2,N,False
nav_gain_4p5,False,main,6,34.99999999999999,0.0,0.38910505836575876,8.004249680323115e-06,5.336166453548716e-07,35.0,50.86294470492466,0.0,0.0,0.9999048093515954,True,4.5,0.0014278597260693703,0.0014238576012292087,0.0014198554763890472,45.0,4.0,[],True,9.519064840462469e-05,9.492384008194726e-05,9.492384008194724e-05,9.465703175926981e-05,robust_hit,6,3,2,N,False
nav_gain_4p5,False,main,6,34.99999999999999,0.0,0.46511627906976744,3.22635271480967e-06,2.150901809873086e-07,35.0,62.297496910540104,0.0,0.0,0.9999065045433178,True,4.5,0.0014024318502334392,0.0014008186738760345,0.0013992054975186295,50.0,4.0,[],True,9.349545668222928e-05,9.338791159173563e-05,9.338791159173562e-05,9.328036650124197e-05,robust_hit,6,3,2,M,False
nav_gain_4p5,False,main,6,34.99999999999999,0.0,0.4868421052631579,9.867717010929138e-08,6.578478007289706e-09,35.0,79.15340952613356,0.0,0.0,0.9999075431434007,True,4.5,0.0013868528489891627,0.001386803510404108,0.0013867541718190534,55.0,4.0,[],True,9.245685659927751e-05,9.245356736027386e-05,9.245356736027386e-05,9.245027812127022e-05,robust_hit,6,3,2,M,False
nav_gain_4p5,False,main,0,34.99999999999999,0.0,0.5198863636363636,1.4404006492441113e-05,9.602671013908548e-07,35.0,104.50894377434963,0.0,0.0,48.230644236618595,True,4.5,738.4596779532854,738.4596707512823,738.459663549279,60.0,4.0,[],True,49.230645196885696,49.230644716752145,49.230644716752145,49.230644236618595,robust_miss,6,3,2,M,False
nav_gain_4p5,False,main,0,34.99999999999999,0.0,0.47619047619047616,2.2988558157521766e-05,1.5325705362556619e-06,35.0,116.73904266810351,0.0,0.0,99.84366403837967,True,4.5,1512.6549835642531,1512.654972069974,1512.654960575695,65.0,4.0,[],True,100.84366557095021,100.84366480466493,100.84366480466494,100.84366403837967,robust_miss,6,3,2,O,False
nav_gain_4p5,False,main,0,34.99999999999999,0.0,0.4156378600823045,3.753393275474082e-05,2.5022621912285103e-06,35.0,95.70440094958037,0.0,0.0,154.70117274517946,True,4.5,2335.5176287116246,2335.5176099446585,2335.517591177692,70.0,4.0,[],True,155.70117524744165,155.70117399631056,155.70117399631056,155.70117274517946,robust_miss,6,3,2,O,False
nav_gain_4p5,False,main,0,34.999995403610505,0.0,0.21195652173913043,6.001342990202829e-05,4.000895330591447e-06,35.0,58.02664445234852,0.0,0.0,219.0696966832526,True,4.5,3301.045510262219,3301.0454802555046,3301.045450248789,75.0,4.0,[],True,220.06970068414793,220.06969868370027,220.06969868370027,220.0696966832526,robust_miss,6,3,2,O,False
nav_gain_4p5,False,main,0,6.546594802238747,0.0,0.0,9.890297906167689e-05,6.593531907128636e-06,6.792466589504824,6.792466589504824,0.0,0.0,260.8890981012099,True,4.5,3928.336570421128,3928.3365209696385,3928.3364715181488,80.0,4.0,[],True,261.88910469474183,261.8891013979759,261.8891013979759,261.8890981012099,robust_miss,6,3,2,O,False
nav_gain_4p5,False,main,0,5.419280051250757,0.0,0.0,0.0001088022077055939,7.253480532654066e-06,5.924725160155159,5.924725160155159,0.0,0.0,264.9005724397443,True,4.5,3988.508695398372,3988.5086409972682,3988.508586596164,85.0,4.0,[],True,265.9005796932248,265.9005760664846,265.9005760664845,265.9005724397443,robust_miss,6,3,2,O,False
nav_gain_4p5,False,main,0,0.0,0.0,0.0,0.00011414404070819728,7.609602675984206e-06,0.0,0.0,0.0,0.0,265.67340644437695,True,4.5,4000.1012108096947,4000.1011537376744,4000.101096665654,90.0,4.0,[],True,266.6734140539796,266.6734102491783,266.6734102491783,266.67340644437695,robust_miss,6,3,2,O,False
nav_gain_4p5,False,main,3,1.8014706545557722,0.0,0.0,0.0,0.0,6.124999999999999,6.124999999999999,0.0,0.0,0.9999091760511896,True,4.5,0.0013623592321568034,0.0013623592321568036,0.0013623592321568034,0.0,5.0,[],True,9.082394881045355e-05,9.082394881045355e-05,9.082394881045355e-05,9.082394881045355e-05,robust_hit,3,3,1,N,False
nav_gain_4p5,False,main,6,7.9212692746734135,0.0,0.0,2.2121399156638244e-06,1.47475994377591e-07,7.932469288468937,7.932469288468937,0.0,0.0,0.999909038434855,True,4.5,0.00136442347717424,0.0013633174072164081,0.0013622113372585762,5.0,5.0,[],True,9.096156514494934e-05,9.088782714776055e-05,9.088782714776055e-05,9.081408915057175e-05,robust_hit,6,3,2,N,False
nav_gain_4p5,False,main,6,13.158900082549824,0.0,0.0,5.066913591265975e-06,3.3779423941773074e-07,13.177076507454245,13.177076507454245,0.0,0.0,0.999908650353294,True,4.5,0.0013702447005896029,0.00136771124379397,0.001365177786998337,10.0,5.0,[],True,9.134964670597353e-05,9.118074958626466e-05,9.118074958626467e-05,9.10118524665558e-05,robust_hit,6,3,2,N,False
nav_gain_4p5,False,main,6,17.571339548627762,0.0,0.0,6.645307249965055e-06,4.4302048333099645e-07,17.596052552940964,17.596052552940964,0.0,0.0,0.9999082834595663,True,4.5,0.0013757481065058707,0.0013724254528808882,0.0013691027992559057,15.0,5.0,[],True,9.171654043372471e-05,9.149503019205921e-05,9.149503019205921e-05,9.127351995039371e-05,robust_hit,6,3,2,N,False
nav_gain_4p5,False,main,6,21.783889441727215,0.0,0.0,6.688595378530251e-06,4.459063585686825e-07,21.815749527349375,21.815749527349375,0.0,0.0,0.9999081883415074,True,4.5,0.001377174877389559,0.0013738305797002936,0.0013704862820110286,20.0,5.0,[],True,9.181165849263725e-05,9.15887053133529e-05,9.158870531335292e-05,9.136575213406857e-05,robust_hit,6,3,2,N,False
nav_gain_4p5,False,main,6,25.80792888934523,0.0,0.0,5.11351679416557e-06,3.4090111961104525e-07,25.84590170232381,25.84590170232381,0.0,0.0,0.9999084892220595,True,4.5,0.0013726616691068993,0.0013701049107098164,0.0013675481523127337,25.0,5.0,[],True,9.151077794045996e-05,9.134032738065442e-05,9.134032738065444e-05,9.116987682084891e-05,robust_hit,6,3,2,N,False
nav_gain_4p5,False,main,6,29.62140224528833,0.0,0.0,8.566576233096394e-06,5.711050822064236e-07,29.666536152035007,29.666536152035007,0.0,0.0,0.9999070420437144,True,4.5,0.0013943693442836683,0.00139008605616712,0.001385802768050572,30.0,5.0,[],True,9.295795628557789e-05,9.267240374447467e-05,9.267240374447467e-05,9.238685120337147e-05,robust_hit,6,3,2,N,False
nav_gain_4p5,False,main,6,33.21158139354985,0.0,0.0,8.920665331530039e-06,5.947110221020098e-07,33.262425733970915,33.262425733970915,0.0,0.0,0.999906176797658,True,4.5,0.0014073480351287331,0.0014028877024629682,0.001398427369797203,35.0,5.0,[],True,9.382320234191555e-05,9.352584683086454e-05,9.352584683086454e-05,9.322849131981354e-05,robust_hit,6,3,2,N,False
nav_gain_4p5,False,main,6,34.9999983638047,0.0,0.13028169014084506,7.530362846434489e-06,5.020241897622975e-07,35.0,37.04955827007849,0.0,0.0,0.9999060886621681,True,4.5,0.0014086700674777316,0.0014049048860545145,0.0014011397046312971,40.0,5.0,[],True,9.391133783184877e-05,9.366032573696763e-05,9.366032573696763e-05,9.340931364208648e-05,robust_hit,6,3,2,N,False
nav_gain_4p5,False,main,6,34.99999999999629,0.0,0.24516129032258063,5.712896915232137e-06,3.8085979434881545e-07,35.0,42.704040984857876,0.0,0.0,0.9999061226629841,True,4.5,0.0014081600552395138,0.0014053036067818976,0.0014024471583242817,45.0,5.0,[],True,9.387733701596759e-05,9.368690711879318e-05,9.368690711879319e-05,9.349647722161878e-05,robust_hit,6,3,2,N,False
nav_gain_4p5,False,main,6,34.99999999999999,0.0,0.31301939058171746,3.853679465623799e-06,2.5691196437492624e-07,35.0,50.13996162155386,0.0,0.0,0.999906490939338,True,4.5,0.001402635909929535,0.0014007090701967232,0.0013987822304639113,50.0,5.0,[],True,9.350906066196901e-05,9.338060467978155e-05,9.338060467978154e-05,9.325214869759408e-05,robust_hit,6,3,2,M,False
nav_gain_4p5,False,main,6,34.99999999999999,0.0,0.33183856502242154,1.5042577797394398e-06,1.002838519826248e-07,35.0,59.57800875864,0.0,0.0,0.9999071260826571,True,4.5,0.0013931087601432115,0.001392356631253342,0.001391604502363472,55.0,5.0,[],True,9.287391734288077e-05,9.282377541688946e-05,9.282377541688946e-05,9.277363349089814e-05,robust_hit,6,3,2,M,False
nav_gain_4p5,False,main,0,34.99999999999999,0.0,0.3206831119544592,6.3956802023312775e-06,4.263786799185709e-07,35.0,71.32001809767387,0.0,0.0,19.49586717760896,True,4.5,307.43801405981463,307.43801086197453,307.43800766413443,60.0,5.0,[],True,20.49586760398764,20.4958673907983,20.495867390798303,20.49586717760896,robust_miss,6,3,2,M,False
nav_gain_4p5,False,main,0,34.99999999999999,0.0,0.38141809290953543,2.1441434455482522e-05,1.4294289627514445e-06,35.0,80.54576453893866,0.0,0.0,113.53490422713372,True,4.5,1718.0235848484404,1718.0235741277231,1718.023563407006,65.0,5.0,[],True,114.53490565656269,114.5349049418482,114.5349049418482,114.53490422713372,robust_miss,6,3,2,O,False
nav_gain_4p5,False,main,0,34.99999999999999,0.0,0.3485342019543974,2.924453201558208e-05,1.9496354752845946e-06,35.0,80.51987780134301,0.0,0.0,190.77268289822996,True,4.5,2876.5902727179814,2876.5902580957154,2876.5902434734494,70.0,5.0,[],True,191.77268484786543,191.77268387304767,191.7726838730477,191.77268289822996,robust_miss,6,3,2,O,False
nav_gain_4p5,False,main,0,34.99995103296097,0.0,0.13270142180094788,5.57845978619298e-05,3.7189731756370747e-06,35.0,52.576207314169324,0.0,0.0,275.67052652979424,True,4.5,4150.057953731512,4150.057925839213,4150.057897946914,75.0,5.0,[],True,276.6705302487674,276.67052838928083,276.67052838928083,276.67052652979424,robust_miss,6,3,2,O,False
nav_gain_4p5,False,main,0,6.037269164535158,0.0,0.0,9.624109407013748e-05,6.416072949377849e-06,6.065466660497704,6.065466660497704,0.0,0.0,326.5640462136999,True,4.5,4913.460789446593,4913.4607413260455,4913.4606932054985,80.0,5.0,[],True,327.56405262977285,327.56404942173634,327.5640494217364,327.5640462136999,robust_miss,6,3,2,O,False
nav_gain_4p5,False,main,0,5.584774709366705,0.0,0.0,0.00010809459399752086,7.206306236184901e-06,5.973253619005893,5.973253619005893,0.0,0.0,331.46702122229414,True,4.5,4987.005426429006,4987.005372381708,4987.005318334412,85.0,5.0,[],True,332.4670284286004,332.46702482544725,332.46702482544725,332.46702122229414,robust_miss,6,3,2,O,False
nav_gain_4p5,False,main,0,0.0,0.0,0.0,0.00011414508026064141,7.609672024955216e-06,0.0,0.0,0.0,0.0,332.3387244190632,True,4.5,5000.080980431028,5000.080923358489,5000.080866285948,90.0,5.0,[],True,333.33873202873525,333.33872822389924,333.33872822389924,333.3387244190632,robust_miss,6,3,2,O,False
nav_gain_4p5,False,main,3,1.8014706545557722,0.0,0.0,0.0,0.0,6.124999999999999,6.124999999999999,0.0,0.0,0.999909182027017,True,4.5,0.0013622695947458168,0.0013622695947458168,0.0013622695947458168,0.0,6.0,[],True,9.081797298305444e-05,9.081797298305444e-05,9.081797298305444e-05,9.081797298305444e-05,robust_hit,3,3,1,N,False
nav_gain_4p5,False,main,6,7.476876058929295,0.0,0.0,1.5305245347025861e-06,1.0203496898016518e-07,7.485297646884263,7.485297646884263,0.0,0.0,0.9999090887103909,True,4.5,0.0013636693441370844,0.001362904081869733,0.0013621388196023818,5.0,6.0,[],True,9.091128960913895e-05,9.086027212464887e-05,9.086027212464887e-05,9.080925464015879e-05,robust_hit,6,3,2,N,False
nav_gain_4p5,False,main,6,12.54387149489458,0.0,0.0,2.5875923908597488e-06,1.725061593906436e-07,12.558024555630297,12.558024555630297,0.0,0.0,0.9999089670004953,True,4.5,0.0013654949925707045,0.0013642011963752745,0.0013629074001798448,10.0,6.0,[],True,9.103299950471363e-05,9.094674642501832e-05,9.094674642501832e-05,9.086049334532299e-05,robust_hit,6,3,2,N,False
nav_gain_4p5,False,main,6,16.701827493870997,0.0,0.0,5.284330765410652e-06,3.5228871769403894e-07,16.720988824147533,16.720988824147533,0.0,0.0,0.9999084072379338,True,4.5,0.0013738914309924144,0.001371249265609709,0.0013686071002270038,15.0,6.0,[],True,9.159276206616096e-05,9.141661770731394e-05,9.141661770731394e-05,9.124047334846692e-05,robust_hit,6,3,2,N,False
nav_gain_4p5,False,main,6,20.65917406649903,0.0,0.0,6.371716140480925e-06,4.247810760320671e-07,20.683634257046748,20.683634257046748,0.0,0.0,0.9999079692153586,True,4.5,0.0013804617696202791,0.0013772759115500386,0.0013740900534797982,20.0,6.0,[],True,9.203078464135194e-05,9.181839410333591e-05,9.181839410333591e-05,9.160600356531988e-05,robust_hit,6,3,2,N,False
nav_gain_4p5,False,main,6,24.425856256750905,0.0,0.0,6.736608852549782e-06,4.491072568366404e-07,24.455693757790783,24.455693757790783,0.0,0.0,0.999907591599675,True,4.5,0.0013861260048753255,0.0013827577004490506,0.0013793893960227757,25.0,6.0,[],True,9.24084003250217e-05,9.218384669660337e-05,9.218384669660337e-05,9.195929306818505e-05,robust_hit,6,3,2,N,False
nav_gain_4p5,False,main,6,27.99081583909513,0.0,0.0,5.187010545552526e-06,3.458007030368441e-07,28.026037519537986,28.026037519537986,0.0,0.0,0.9999080000639413,True,4.5,0.0013799990408805433,0.001377405535607767,0.0013748120303349908,30.0,6.0,[],True,9.199993605870289e-05,9.182703570718448e-05,9.182703570718447e-05,9.165413535566605e-05,robust_hit,6,3,2,N,False
nav_gain_4p5,False,main,6,31.34417636899139,0.0,0.0,6.5587367611137475e-06,4.3724911740757955e-07,31.383825873316574,31.383825873316574,0.0,0.0,0.9999069681386189,True,4.5,0.0013954779207156793,0.0013921985523351222,0.0013889191839545655,35.0,6.0,[],True,9.303186138104528e-05,9.281323682234149e-05,9.281323682234149e-05,9.25946122636377e-05,robust_hit,6,3,2,N,False
nav_gain_4p5,False,main,6,34.47562476508154,0.0,0.0,6.155042597666589e-06,4.103361731777735e-07,34.51761431794378,34.51761431794378,0.0,0.0,0.9999067071822858,True,4.5,0.0013993922657130065,0.001396314744414173,0.0013932372231153399,40.0,6.0,[],True,9.329281771420043e-05,9.308764962761154e-05,9.308764962761155e-05,9.288248154102266e-05,robust_hit,6,3,2,N,False
nav_gain_4p5,False,main,6,34.99999999644221,0.0,0.14588859416445624,5.5328381401821905e-06,3.6885587601214603e-07,35.0,38.40485816189953,0.0,0.0,0.9999063571079869,True,4.5,0.001404643380196231,0.0014018769611261396,0.0013991105420560488,45.0,6.0,[],True,9.364289201308206e-05,9.345846407507599e-05,9.345846407507599e-05,9.327403613706991e-05,robust_hit,6,3,2,N,False
nav_gain_4p5,False,main,6,34.99999999999999,0.0,0.2128146453089245,3.6251634808954266e-06,2.4167756539303386e-07,35.0,43.869521664414556,0.0,0.0,0.9999070308082374,True,4.5,0.001394537876439708,0.0013927252946992605,0.0013909127129588127,50.0,6.0,[],True,9.296919176264721e-05,9.284835297995069e-05,9.284835297995069e-05,9.272751419725417e-05,robust_hit,6,3,2,N,False
nav_gain_4p5,False,main,6,34.99999999999999,0.0,0.24339622641509434,2.1853688215544946e-06,1.4569125477029512e-07,35.0,50.57538122476008,0.0,0.0,0.9999066047426082,True,4.5,0.0014009288608777379,0.0013998361764669606,0.0013987434920561834,55.0,6.0,[],True,9.339525739184919e-05,9.332241176446405e-05,9.332241176446404e-05,9.32495661370789e-05,robust_hit,6,3,2,M,False
nav_gain_4p5,False,main,6,34.99999999999999,0.0,0.22103658536585366,1.938849618181304e-09,1.2925664121118344e-10,35.0,58.25544245278356,0.0,0.0,0.9999088198873031,True,4.5,0.0013677016904541316,0.0013677007210293225,0.0013676997516045134,60.0,6.0,[],True,9.11801126969421e-05,9.11800480686215e-05,9.118004806862149e-05,9.117998344030089e-05,robust_hit,6,3,2,M,False
nav_gain_4p5,False,main,0,34.99999999999999,0.0,0.26548672566371684,1.887777989395545e-05,1.258518651070517e-06,35.0,65.93159980637786,0.0,0.0,113.43895353597027,True,4.5,1716.584321917334,1716.584312478444,1716.584303039554,65.0,6.0,[],True,114.43895479448892,114.43895416522959,114.4389541652296,114.43895353597027,robust_miss,6,3,2,O,False
nav_gain_4p5,False,main,0,34.99999999999999,0.0,0.29198966408268734,2.9832152904418763e-05,1.9888101689957693e-06,35.0,63.215808082781045,0.0,0.0,228.67762649268778,True,4.5,3445.1644272224694,3445.164412306393,3445.1643973903165,70.0,6.0,[],True,229.67762848149795,229.67762748709288,229.67762748709288,229.67762649268778,robust_miss,6,3,2,O,False
nav_gain_4p5,False,main,0,34.999030782200144,0.0,0.08860759493670886,5.163646255823551e-05,3.4424308523739455e-06,35.0,41.92805709151785,0.0,0.0,334.5568629863323,True,4.5,5033.3529964314475,5033.352970613217,5033.352944794985,75.0,6.0,[],True,335.55686642876316,335.55686470754773,335.55686470754773,335.5568629863323,robust_miss,6,3,2,O,False
nav_gain_4p5,False,main,0,5.6992503974753985,0.0,0.0,9.368712289870018e-05,6.245808208404924e-06,5.715165105878553,5.715165105878553,0.0,0.0,392.205412851826,True,4.5,5898.081286464513,5898.081239620951,5898.08119277739,80.0,6.0,[],True,393.2054190976342,393.2054159747301,393.2054159747301,393.205412851826,robust_miss,6,3,2,O,False
nav_gain_4p5,False,main,0,5.631289740137589,0.0,0.0,0.00010751005811471259,7.167337173541455e-06,5.937480249810157,5.937480249810157,0.0,0.0,398.052079339186,True,4.5,5985.781297597848,5985.781243842819,5985.78119008779,85.0,6.0,[],True,399.05208650652315,399.0520829228546,399.05208292285454,399.052079339186,robust_miss,6,3,2,O,False
nav_gain_4p5,False,main,0,0.0,0.0,0.0,0.0001141456441473565,7.609709598455083e-06,0.0,0.0,0.0,0.0,399.00449194839973,True,4.5,6000.06749337164,6000.0674362988175,6000.067379225996,90.0,6.0,[],True,400.00449955810933,400.00449575325456,400.00449575325456,400.00449194839973,robust_miss,6,3,2,O,False
nav_gain_4p5,False,main,3,1.8014706545557722,0.0,0.0,0.0,0.0,6.124999999999999,6.124999999999999,0.0,0.0,0.9999091858598448,True,4.5,0.0013622121023282364,0.0013622121023282366,0.0013622121023282364,0.0,7.0,[],True,9.081414015521576e-05,9.081414015521576e-05,9.081414015521576e-05,9.081414015521576e-05,robust_hit,3,3,1,N,False
nav_gain_4p5,False,main,6,7.19767979037556,0.0,0.0,1.5707134571041597e-06,1.0471423047361697e-07,7.204821890951772,7.204821890951772,0.0,0.0,0.9999090748317416,True,4.5,0.0013638775238752972,0.001363092167146745,0.001362306810418193,5.0,7.0,[],True,9.092516825835315e-05,9.087281114311635e-05,9.087281114311633e-05,9.082045402787953e-05,robust_hit,6,3,2,N,False
nav_gain_4p5,False,main,6,12.165243611538953,0.0,0.0,3.1657785539735295e-06,2.1105190359824253e-07,12.177173199818078,12.177173199818078,0.0,0.0,0.9999088321079556,True,4.5,0.0013675183806668417,0.0013659354913898548,0.0013643526021128681,10.0,7.0,[],True,9.116789204445611e-05,9.106236609265699e-05,9.106236609265699e-05,9.095684014085787e-05,robust_hit,6,3,2,N,False
nav_gain_4p5,False,main,6,16.0998424463557,0.0,0.0,2.0922055449660096e-06,1.3948036966439522e-07,16.116027971102596,16.116027971102596,0.0,0.0,0.9999090022037376,True,4.5,0.001364966943936904,0.0013639208411644211,0.001362874738391938,15.0,7.0,[],True,9.099779626246026e-05,9.092805607762806e-05,9.092805607762806e-05,9.085831589279587e-05,robust_hit,6,3,2,N,False
nav_gain_4p5,False,main,6,19.890910834117577,0.0,0.0,5.574255840166053e-06,3.7161705601107835e-07,19.91104400865045,19.91104400865045,0.0,0.0,0.9999080996135437,True,4.5,0.0013785057968449602,0.001375718668924877,0.0013729315410047941,20.0,7.0,[],True,9.190038645633068e-05,9.171457792832515e-05,9.171457792832513e-05,9.15287694003196e-05,robust_hit,6,3,2,N,False
nav_gain_4p5,False,main,6,23.457448557625153,0.0,0.0,5.661460540956186e-06,3.774307027304115e-07,23.48207116587381,23.48207116587381,0.0,0.0,0.9999079519328318,True,4.5,0.0013807210075239133,0.0013778902772534352,0.001375059546982957,25.0,7.0,[],True,9.204806716826089e-05,9.185935181689567e-05,9.185935181689567e-05,9.167063646553047e-05,robust_hit,6,3,2,N,False
nav_gain_4p5,False,main,6,26.822772983047507,0.0,0.0,4.316286263418871e-06,2.8775241756125896e-07,26.851018900781217,26.851018900781217,0.0,0.0,0.9999083407693505,True,4.5,0.0013748884597420963,0.001372730316610387,0.0013705721734786774,30.0,7.0,[],True,9.165923064947308e-05,9.151535444069246e-05,9.151535444069245e-05,9.137147823191182e-05,robust_hit,6,3,2,N,False
nav_gain_4p5,False,main,6,29.979025253740204,0.0,0.0,6.462428556878834e-06,4.3082857045858983e-07,30.009623312050053,30.009623312050053,0.0,0.0,0.9999070089095465,True,4.5,0.001394866356801943,0.0013916351425235036,0.0013884039282450642,35.0,7.0,[],True,9.299109045346287e-05,9.277567616823357e-05,9.277567616823357e-05,9.256026188300428e-05,robust_hit,6,3,2,N,False
nav_gain_4p5,False,main,6,32.91554337174109,0.0,0.0,5.082617754281543e-06,3.388411836187686e-07,32.95047095892996,32.95047095892996,0.0,0.0,0.9999074581090187,True,4.5,0.0013881283647187146,0.001385587055841574,0.001383045746964433,40.0,7.0,[],True,9.254189098124764e-05,9.237247038943825e-05,9.237247038943825e-05,9.220304979762887e-05,robust_hit,6,3,2,N,False
nav_gain_4p5,False,main,6,34.999973829142604,0.0,0.06140350877192982,3.023412069751803e-06,2.015608046501211e-07,35.0,35.773029650635195,0.0,0.0,0.9999083177565838,True,4.5,0.0013752336512425358,0.00137372194520766,0.001372210239172784,45.0,7.0,[],True,9.168224341616905e-05,9.158146301384398e-05,9.158146301384398e-05,9.148068261151893e-05,robust_hit,6,3,2,N,False
nav_gain_4p5,False,main,6,34.99999999999569,0.0,0.14367816091954022,2.525649607288934e-06,1.68376640485919e-07,35.0,39.86354519903271,0.0,0.0,0.9999081693114953,True,4.5,0.001377460327570288,0.0013761975027666434,0.001374934677962999,50.0,7.0,[],True,9.183068850468586e-05,9.17465001844429e-05,9.174650018444291e-05,9.166231186419994e-05,robust_hit,6,3,2,N,False
nav_gain_4p5,False,main,6,34.99999999999999,0.0,0.18138041733547353,1.4744581535895088e-06,9.829721023930059e-08,35.0,44.94133952556951,0.0,0.0,0.9999082378475056,True,4.5,0.0013764322874164694,0.0013756950583396748,0.00137495782926288,55.0,7.0,[],True,9.17621524944313e-05,9.171300388931165e-05,9.171300388931165e-05,9.1663855284192e-05,robust_hit,6,3,2,M,False
nav_gain_4p5,False,main,6,34.99999999999999,0.0,0.1651376146788991,2.819343016679122e-07,1.879562011118782e-08,35.0,50.556921019645365,0.0,0.0,0.9999079723108834,True,4.5,0.0013804153367500635,0.0013802743695992296,0.0013801334024483955,60.0,7.0,[],True,9.202768911667089e-05,9.20182913066153e-05,9.20182913066153e-05,9.20088934965597e-05,robust_hit,6,3,2,M,False
nav_gain_4p5,False,main,0,34.99999999999999,0.0,0.1808066759388039,1.6721622841942008e-05,1.1147748608664187e-06,35.0,55.882850508497775,0.0,0.0,108.00464946773728,True,4.5,1635.0697587376822,1635.0697503768706,1635.0697420160593,65.0,7.0,[],True,109.00465058251214,109.0046500251247,109.0046500251247,109.00464946773728,robust_miss,6,3,2,M,False
nav_gain_4p5,False,main,0,34.99999999999999,0.0,0.23760330578512398,2.984132970595965e-05,1.989421946291259e-06,35.0,54.27089924106903,0.0,0.0,263.44756295313545,True,4.5,3966.713474138361,3966.7134592176967,3966.7134442970314,70.0,7.0,[],True,264.4475649425574,264.4475639478464,264.44756394784645,264.44756295313545,robust_miss,6,3,2,O,False
nav_gain_4p5,False,main,0,34.438114390432936,0.0,0.0,4.6760982513660565e-05,3.1173988759292115e-06,34.66786716478336,34.66786716478336,0.0,0.0,394.0549504015355,True,4.5,5925.824302784015,5925.824279403524,5925.824256023033,75.0,7.0,[],True,395.0549535189344,395.054951960235,395.0549519602349,395.0549504015355,robust_miss,6,3,2,O,False
nav_gain_4p5,False,main,0,5.454371067517112,0.0,0.0,9.135810978477821e-05,6.090540637160302e-06,5.722159571617992,5.722159571617992,0.0,0.0,457.8657942573669,True,4.5,6882.9870052186125,6882.986959539558,6882.986913860503,80.0,7.0,[],True,458.8658003479075,458.8657973026372,458.8657973026372,458.8657942573669,robust_miss,6,3,2,O,False
nav_gain_4p5,False,main,0,5.602491291285547,0.0,0.0,0.00010655031928763492,7.103354619175661e-06,5.8446264625352855,5.8446264625352855,0.0,0.0,464.6466869137335,True,4.5,6984.700410256321,6984.700356981161,6984.700303706002,85.0,7.0,[],True,465.6466940170881,465.6466904654108,465.6466904654108,465.6466869137335,robust_miss,6,3,2,O,False
nav_gain_4p5,False,main,0,0.0,0.0,0.0,0.00011414598429837497,7.609732278979209e-06,0.0,0.0,0.0,0.0,465.6705163703354,True,4.5,7000.057859701015,7000.057802628024,7000.057745555031,90.0,7.0,[],True,466.6705239800677,466.67052017520155,466.67052017520155,466.6705163703354,robust_miss,6,3,2,O,False
nav_gain_4p5,False,main,3,1.8014706545557722,0.0,0.0,0.0,0.0,6.124999999999999,6.124999999999999,0.0,0.0,0.9999091858577575,True,4.5,0.0013622121336378274,0.0013622121336378274,0.0013622121336378274,0.0,8.0,[],True,9.081414224252183e-05,9.081414224252183e-05,9.081414224252183e-05,9.081414224252183e-05,robust_hit,3,3,1,N,False
nav_gain_4p5,False,main,6,7.012511987826898,0.0,0.0,1.278702819040552e-06,8.524685460270076e-08,7.018464371397909,7.018464371397909,0.0,0.0,0.9999091044213786,True,4.5,0.0013634336793213674,0.0013627943279118473,0.0013621549765023269,5.0,8.0,[],True,9.08955786214245e-05,9.085295519412316e-05,9.085295519412314e-05,9.08103317668218e-05,robust_hit,6,3,2,N,False
nav_gain_4p5,False,main,6,11.890942416682611,0.0,0.0,1.8035977261453631e-06,1.2023984840968003e-07,11.901531000673886,11.901531000673886,0.0,0.0,0.999909045770021,True,4.5,0.0013643134496842194,0.0013634116508211465,0.001362509851958074,10.0,8.0,[],True,9.095422997894795e-05,9.089411005474311e-05,9.089411005474311e-05,9.083399013053827e-05,robust_hit,6,3,2,N,False
nav_gain_4p5,False,main,6,15.689706284596838,0.0,0.0,4.3858916034234495e-06,2.923927735615624e-07,15.703427303545235,15.703427303545235,0.0,0.0,0.9999085311355193,True,4.5,0.001372032967210959,0.0013698400214092472,0.0013676470756075355,15.0,8.0,[],True,9.14688644807306e-05,9.132266809394981e-05,9.132266809394981e-05,9.117647170716903e-05,robust_hit,6,3,2,N,False
nav_gain_4p5,False,main,6,19.313720332185667,0.0,0.0,3.843801669365342e-06,2.562534446243561e-07,19.330319788544678,19.330319788544678,0.0,0.0,0.9999086331885289,True,4.5,0.0013705021720672103,0.0013685802712325279,0.001366658370397845,20.0,8.0,[],True,9.136681147114735e-05,9.123868474883517e-05,9.123868474883517e-05,9.1110558026523e-05,robust_hit,6,3,2,N,False
nav_gain_4p5,False,main,6,22.72847462158864,0.0,0.0,3.8935780052238005e-06,2.5957186701492275e-07,22.74842129922605,22.74842129922605,0.0,0.0,0.9999085660442087,True,4.5,0.0013715093368693737,0.0013695625478667619,0.0013676157588641499,25.0,8.0,[],True,9.143395579129158e-05,9.130416985778411e-05,9.130416985778412e-05,9.117438392427665e-05,robust_hit,6,3,2,N,False
nav_gain_4p5,False,main,6,25.924148323534734,0.0,0.0,5.5341712137033355e-06,3.689447475802097e-07,25.947757718850028,25.947757718850028,0.0,0.0,0.999907829401146,True,4.5,0.0013825589828101211,0.0013797918972032694,0.0013770248115964178,30.0,8.0,[],True,9.217059885400807e-05,9.198612648021796e-05,9.198612648021796e-05,9.180165410642786e-05,robust_hit,6,3,2,N,False
nav_gain_4p5,False,main,6,28.910389857288532,0.0,0.0,5.834752220674989e-06,3.889834813783371e-07,28.935758774336303,28.935758774336303,0.0,0.0,0.9999073864019361,True,4.5,0.0013892039709578054,0.0013862865948474678,0.0013833692187371304,35.0,8.0,[],True,9.261359806385369e-05,9.241910632316452e-05,9.241910632316452e-05,9.222461458247536e-05,robust_hit,6,3,2,N,False
nav_gain_4p5,False,main,6,31.67839615629922,0.0,0.0,3.696165740436864e-06,2.464110493624594e-07,31.7064635909546,31.7064635909546,0.0,0.0,0.9999082385769148,True,4.5,0.001376421346277382,0.0013745732634071637,0.0013727251805369452,40.0,8.0,[],True,9.17614230851588e-05,9.163821756047757e-05,9.163821756047757e-05,9.151501203579634e-05,robust_hit,6,3,2,N,False
nav_gain_4p5,False,main,6,34.21456532520144,0.0,0.0,4.703374429373139e-06,3.135582952915435e-07,34.24450908306974,34.24450908306974,0.0,0.0,0.9999070811802442,True,4.5,0.001393782296337465,0.0013914306091227784,0.001389078921908092,45.0,8.0,[],True,9.2918819755831e-05,9.276204060818523e-05,9.276204060818522e-05,9.260526146053946e-05,robust_hit,6,3,2,N,False
nav_gain_4p5,False,main,6,34.99999999405781,0.0,0.08631921824104234,2.251950388830557e-06,1.5013002592203985e-07,35.0,37.09727440097023,0.0,0.0,0.9999083767805833,True,4.5,0.0013743482912505255,0.0013732223160561102,0.001372096340861695,50.0,8.0,[],True,9.16232194167017e-05,9.154815440374067e-05,9.154815440374069e-05,9.147308939077966e-05,robust_hit,6,3,2,N,False
nav_gain_4p5,False,main,6,34.99999999999999,0.0,0.12845303867403315,2.3997168344706225e-06,1.5998112229805234e-07,35.0,41.000211303252485,0.0,0.0,0.9999068668660575,True,4.5,0.001396997009137507,0.0013957971507202718,0.0013945972923030364,55.0,8.0,[],True,9.313313394250047e-05,9.305314338135145e-05,9.305314338135145e-05,9.297315282020242e-05,robust_hit,6,3,2,M,False
nav_gain_4p5,False,main,6,34.99999999999999,0.0,0.12400455062571103,3.7743156751325266e-07,2.5162104500884414e-08,35.0,45.26814271960488,0.0,0.0,0.9999083095088651,True,4.5,0.0013753573670239896,0.001375168651240233,0.0013749799354564763,60.0,8.0,[],True,9.169049113493263e-05,9.16779100826822e-05,9.16779100826822e-05,9.166532903043175e-05,robust_hit,6,3,2,M,False
nav_gain_4p5,False,main,0,34.99999999999999,0.0,0.1271282633371169,1.4765960031581926e-05,9.843973316492338e-07,35.0,49.13916500407903,0.0,0.0,98.56583360593594,True,4.5,1493.487518854999,1493.487511472019,1493.487504089039,65.0,8.0,[],True,99.56583459033327,99.5658340981346,99.5658340981346,99.56583360593594,robust_miss,6,3,2,M,False
nav_gain_4p5,False,main,0,34.99999999999999,0.0,0.16,2.9686914785997942e-05,1.9791276031355665e-06,35.0,49.27252592341508,0.0,0.0,296.14740032124115,True,4.5,4457.211034505532,4457.211019662074,4457.211004818617,70.0,8.0,[],True,297.14740230036875,297.1474013108049,297.147401310805,297.14740032124115,robust_miss,6,3,2,O,False
nav_gain_4p5,False,main,0,32.27489723814876,0.0,0.0,4.274971615814138e-05,2.849981058261619e-06,32.65001972923726,32.65001972923726,0.0,0.0,455.8584839686169,True,4.5,6852.877302278969,6852.877280904111,6852.877259529253,75.0,8.0,[],True,456.85848681859795,456.85848539360745,456.85848539360745,456.8584839686169,robust_miss,6,3,2,O,False
nav_gain_4p5,False,main,0,5.269810341484851,0.0,0.0,8.917720151657704e-05,5.945146767771803e-06,5.610814902984446,5.610814902984446,0.0,0.0,523.5323929980838,True,4.5,7867.985984148459,7867.985939559858,7867.985894971257,80.0,8.0,[],True,524.5323989432305,524.5323959706571,524.5323959706571,524.5323929980838,robust_miss,6,3,2,O,False
nav_gain_4p5,False,main,0,5.530167369915617,0.0,0.0,0.00010570584709057584,7.047056442388566e-06,5.719628205264677,5.719628205264677,0.0,0.0,531.2419924144681,True,4.5,7983.629991922868,7983.629939069945,7983.629886217021,85.0,8.0,[],True,532.2419994615245,532.2419959379963,532.2419959379963,532.2419924144681,robust_miss,6,3,2,O,False
nav_gain_4p5,False,main,0,0.0,0.0,0.0,0.0001141462062150822,7.609747058268113e-06,0.0,0.0,0.0,0.0,532.3367013516906,True,4.5,8000.0506344215655,8000.050577348462,8000.050520275359,90.0,8.0,[],True,533.3367089614377,533.3367051565641,533.3367051565642,533.3367013516906,robust_miss,6,3,2,O,False
nav_gain_4p5,False,main,3,1.8014706545557722,0.0,0.0,0.0,0.0,6.124999999999999,6.124999999999999,0.0,0.0,0.9999091858556064,True,4.5,0.001362212165904252,0.001362212165904252,0.001362212165904252,0.0,9.0,[],True,9.08141443936168e-05,9.08141443936168e-05,9.08141443936168e-05,9.08141443936168e-05,robust_hit,3,3,1,N,False
nav_gain_4p5,False,main,6,6.875853497970118,0.0,0.0,1.4675168916217403e-06,9.783445944144212e-08,6.8810988727507345,6.8810988727507345,0.0,0.0,0.999909085763279,True,4.5,0.0013637135508147461,0.0013629797923689353,0.0013622460339231244,5.0,9.0,[],True,9.091423672098307e-05,9.086531949126235e-05,9.086531949126235e-05,9.081640226154163e-05,robust_hit,6,3,2,N,False
nav_gain_4p5,False,main,6,11.650781663640899,0.0,0.0,1.6967795588107657e-06,1.1311863725405014e-07,11.659713037854544,11.659713037854544,0.0,0.0,0.9999090585916185,True,4.5,0.0013641211257230466,0.0013632727359436413,0.0013624243461642358,10.0,9.0,[],True,9.094140838153644e-05,9.088484906290941e-05,9.088484906290942e-05,9.082828974428239e-05,robust_hit,6,3,2,N,False
nav_gain_4p5,False,main,6,15.379474812475753,0.0,0.0,4.18900967336577e-06,2.792673115577243e-07,15.39108790442187,15.39108790442187,0.0,0.0,0.9999085824343436,True,4.5,0.0013712634848461209,0.001369168980009438,0.0013670744751727551,15.0,9.0,[],True,9.141756565640806e-05,9.127793200062919e-05,9.127793200062919e-05,9.113829834485034e-05,robust_hit,6,3,2,N,False
nav_gain_4p5,False,main,6,18.856366418602395,0.0,0.0,4.148754990046218e-06,2.765836660030839e-07,18.870872684195742,18.870872684195742,0.0,0.0,0.9999085511906273,True,4.5,0.0013717321405912696,0.0013696577630962466,0.0013675833856012234,20.0,9.0,[],True,9.144880937275131e-05,9.131051753974976e-05,9.131051753974976e-05,9.117222570674823e-05,robust_hit,6,3,2,N,False
nav_gain_4p5,False,main,6,22.145176227424315,0.0,0.0,5.548347642415907e-06,3.6988984282772806e-07,22.162687799209905,22.162687799209905,0.0,0.0,0.9999079906724566,True,4.5,0.0013801399131512847,0.0013773657393300767,0.0013745915655088688,25.0,9.0,[],True,9.200932754341898e-05,9.18243826220051e-05,9.18243826220051e-05,9.163943770059125e-05,robust_hit,6,3,2,N,False
nav_gain_4p5,False,main,6,25.196467587037656,0.0,0.0,5.100929217959592e-06,3.4006194786396647e-07,25.21618049744865,25.21618049744865,0.0,0.0,0.999908018166179,True,4.5,0.0013797275073139492,0.0013771770427049694,0.0013746265780959896,30.0,9.0,[],True,9.198183382092994e-05,9.181180284699795e-05,9.181180284699797e-05,9.164177187306598e-05,robust_hit,6,3,2,N,False
nav_gain_4p5,False,main,6,28.033445056406247,0.0,0.0,5.124037286752476e-06,3.416024857835011e-07,28.054707369656757,28.054707369656757,0.0,0.0,0.9999077750755376,True,4.5,0.0013833738669355665,0.0013808118482921902,0.001378249829648814,35.0,9.0,[],True,9.22249244623711e-05,9.205412321947936e-05,9.205412321947935e-05,9.18833219765876e-05,robust_hit,6,3,2,N,False
nav_gain_4p5,False,main,6,30.652206370779567,0.0,0.0,5.473829955799595e-06,3.649219970533154e-07,30.67576744972331,30.67576744972331,0.0,0.0,0.9999071312056009,True,4.5,0.0013930319159860857,0.0013902950010081857,0.001387558086030286,40.0,9.0,[],True,9.286879439907238e-05,9.268633340054574e-05,9.268633340054572e-05,9.250387240201907e-05,robust_hit,6,3,2,N,False
nav_gain_4p5,False,main,6,33.0391550058043,0.0,0.0,3.429162284539645e-06,2.2861081896930965e-07,33.0642870787545,33.0642870787545,0.0,0.0,0.9999080337045944,True,4.5,0.0013794944310839812,0.0013777798499417114,0.0013760652687994416,45.0,9.0,[],True,9.196629540559875e-05,9.18519899961141e-05,9.18519899961141e-05,9.173768458662944e-05,robust_hit,6,3,2,N,False
nav_gain_4p5,False,main,6,34.99951136805974,0.0,0.023876404494382022,3.319919876801575e-06,2.2132799178676264e-07,35.0,35.2116891147749,0.0,0.0,0.9999074181548726,True,4.5,0.001388727676910177,0.001387067716971776,0.0013854077570333754,50.0,9.0,[],True,9.258184512734513e-05,9.247118113145175e-05,9.247118113145175e-05,9.236051713555836e-05,robust_hit,6,3,2,N,False
nav_gain_4p5,False,main,6,34.99999999999175,0.0,0.08674698795180723,2.1106978923567978e-06,1.4071319282377658e-07,35.0,38.099100691045,0.0,0.0,0.999907458092416,True,4.5,0.00138812861376002,0.0013870732648138416,0.0013860179158676632,55.0,9.0,[],True,9.254190758400133e-05,9.247155098758943e-05,9.247155098758943e-05,9.240119439117755e-05,robust_hit,6,3,2,N,False
nav_gain_4p5,False,main,6,34.99999999999999,0.0,0.09281437125748503,5.07002409289416e-07,3.380016061928627e-08,35.0,41.36530011303207,0.0,0.0,0.9999080499074262,True,4.5,0.0013792513886061568,0.0013789978874015122,0.0013787443861968673,60.0,9.0,[],True,9.195009257374378e-05,9.193319249343414e-05,9.193319249343413e-05,9.19162924131245e-05,robust_hit,6,3,2,M,False
nav_gain_4p5,False,main,0,34.99999999999999,0.0,0.09038461538461538,1.355568247163319e-05,9.037121628807654e-07,35.0,44.20895057352016,0.0,0.0,92.09300648602623,True,4.5,1396.3951108460758,1396.3951040682343,1396.3950972903933,65.0,9.0,[],True,93.09300738973839,93.09300693788231,93.09300693788231,93.09300648602623,robust_miss,6,3,2,M,False
nav_gain_4p5,False,main,0,34.99999999999874,0.0,0.1163141993957704,2.974952440126799e-05,1.9833016153825156e-06,35.0,43.849262255645634,0.0,0.0,330.45007465494126,True,4.5,4971.7511495736435,4971.751134698881,4971.751119824119,70.0,9.0,[],True,331.4500766382429,331.4500756465921,331.45007564659204,331.45007465494126,robust_miss,6,3,2,O,False
nav_gain_4p5,False,main,0,30.637515032984034,0.0,0.0,4.0202075069828425e-05,2.6801383228303166e-06,31.035750031570707,31.035750031570707,0.0,0.0,517.2690243012156,True,4.5,7774.035404720309,7774.035384619271,7774.035364518234,75.0,9.0,[],True,518.2690269813539,518.2690256412848,518.2690256412848,518.2690243012156,robust_miss,6,3,2,O,False
nav_gain_4p5,False,main,0,5.124999035869527,0.0,0.0,8.70686908456264e-05,5.804579359391937e-06,5.135656606986833,5.135656606986833,0.0,0.0,589.2200828708023,True,4.5,8853.301330130726,8853.301286596381,8853.301243062035,80.0,9.0,[],True,590.2200886753817,590.220085773092,590.220085773092,590.2200828708023,robust_miss,6,3,2,O,False
nav_gain_4p5,False,main,0,5.5027924559390735,0.0,0.0,0.0001049359834723873,6.9957321784386295e-06,5.656161192792709,5.656161192792709,0.0,0.0,597.8399877890892,True,4.5,8982.59992177232,8982.599869304328,8982.599816836337,85.0,9.0,[],True,598.8399947848213,598.8399912869553,598.8399912869552,598.8399877890892,robust_miss,6,3,2,O,False
nav_gain_4p5,False,main,0,0.0,0.0,0.0,0.0001141463599196868,7.6097572900835075e-06,0.0,0.0,0.0,0.0,599.0029933733149,True,4.5,9000.045014746083,9000.044957672902,9000.044900599723,90.0,9.0,[],True,600.0030009830722,600.0029971781936,600.0029971781935,600.0029933733149,robust_miss,6,3,2,O,False
nav_gain_4p5,False,main,3,1.8014706545557722,0.0,0.0,0.0,0.0,6.124999999999999,6.124999999999999,0.0,0.0,0.9999091858533904,True,4.5,0.0013622121991446634,0.0013622121991446634,0.0013622121991446634,0.0,10.0,[],True,9.081414660964423e-05,9.081414660964423e-05,9.081414660964423e-05,9.081414660964423e-05,robust_hit,3,3,1,N,False
nav_gain_4p5,False,main,6,6.7757637937514215,0.0,0.0,8.137939788808047e-07,5.425293192538698e-08,6.780552290992964,6.780552290992964,0.0,0.0,0.9999091431120041,True,4.5,0.0013628533199394992,0.0013624464229500587,0.0013620395259606184,5.0,10.0,[],True,9.08568879959666e-05,9.08297615300039e-05,9.082976153000391e-05,9.080263506404122e-05,robust_hit,6,3,2,N,False
nav_gain_4p5,False,main,6,11.444744007150867,0.0,0.0,1.3457713356993407e-06,8.97180890466182e-08,11.452687960572415,11.452687960572415,0.0,0.0,0.9999090967562441,True,4.5,0.001363548656339725,0.0013628757706718754,0.0013622028850040257,10.0,10.0,[],True,9.090324375598166e-05,9.085838471145836e-05,9.085838471145836e-05,9.081352566693504e-05,robust_hit,6,3,2,N,False
nav_gain_4p5,False,main,6,15.1389580814637,0.0,0.0,2.626251478266093e-06,1.7508343188439807e-07,15.14953654249618,15.14953654249618,0.0,0.0,0.9999089175126987,True,4.5,0.0013662373095194738,0.0013649241837803408,0.0013636110580412077,15.0,10.0,[],True,9.108248730129825e-05,9.099494558535606e-05,9.099494558535606e-05,9.090740386941385e-05,robust_hit,6,3,2,N,False
nav_gain_4p5,False,main,6,18.496277148827726,0.0,0.0,2.8677929415094755e-06,1.9118619610062357e-07,18.50890782916368,18.50890782916368,0.0,0.0,0.9999088548763834,True,4.5,0.0013671768542489707,0.001365742957778216,0.0013643090613074612,20.0,10.0,[],True,9.114512361659805e-05,9.104953051854773e-05,9.104953051854774e-05,9.095393742049742e-05,robust_hit,6,3,2,N,False
nav_gain_4p5,False,main,6,21.647225872745768,0.0,0.0,3.7736549626974595e-06,2.5157699751315855e-07,21.662423205877293,21.662423205877293,0.0,0.0,0.9999085974129374,True,4.5,0.0013710388059403394,0.0013691519784589908,0.001367265150977642,25.0,10.0,[],True,9.140258706268929e-05,9.127679856393271e-05,9.127679856393271e-05,9.115101006517613e-05,robust_hit,6,3,2,N,False
nav_gain_4p5,False,main,6,24.58325117186889,0.0,0.0,5.7792703696761104e-06,3.852846913117479e-07,24.600722906491825,24.600722906491825,0.0,0.0,0.9999076989268595,True,4.5,0.0013845160971070315,0.0013816264619221936,0.0013787368267373554,30.0,10.0,[],True,9.230107314046878e-05,9.21084307948129e-05,9.21084307948129e-05,9.191578844915703e-05,robust_hit,6,3,2,N,False
nav_gain_4p5,False,main,6,27.287756396630478,0.0,0.0,3.658865929108933e-06,2.4392439527392705e-07,27.307160658648925,27.307160658648925,0.0,0.0,0.9999084361949592,True,4.5,0.0013734570756118092,0.0013716276426472545,0.0013697982096827002,35.0,10.0,[],True,9.156380504078728e-05,9.144184284315032e-05,9.144184284315032e-05,9.131988064551335e-05,robust_hit,6,3,2,N,False
nav_gain_4p5,False,main,6,29.774061974170657,0.0,0.0,4.869194580022461e-06,3.246129720015046e-07,29.794713865420857,29.794713865420857,0.0,0.0,0.9999075357795563,True,4.5,0.001386963306656263,0.0013845287093662518,0.0013820941120762406,40.0,10.0,[],True,9.246422044375087e-05,9.230191395775012e-05,9.230191395775012e-05,9.213960747174937e-05,robust_hit,6,3,2,N,False
nav_gain_4p5,False,main,6,32.029044986127495,0.0,0.0,4.575993093526402e-06,3.050662062350926e-07,32.0495070702921,32.0495070702921,0.0,0.0,0.9999071175168853,True,4.5,0.001393237246719535,0.0013909492501727719,0.0013886612536260087,45.0,10.0,[],True,9.288248311463567e-05,9.272995001151813e-05,9.272995001151813e-05,9.257741690840058e-05,robust_hit,6,3,2,N,False
nav_gain_4p5,False,main,6,34.02554804428097,0.0,0.0,2.4279094762743973e-06,1.618606317516292e-07,34.045884909282236,34.045884909282236,0.0,0.0,0.9999082077492034,True,4.5,0.001376883761949166,0.001375669807211029,0.0013744558524728917,50.0,10.0,[],True,9.179225079661108e-05,9.171132048073527e-05,9.171132048073526e-05,9.163039016485945e-05,robust_hit,6,3,2,N,False
nav_gain_4p5,False,main,6,34.99999990885437,0.0,0.04559915164369035,1.986278818701245e-06,1.3241858791341362e-07,35.0,35.960953207947014,0.0,0.0,0.9999076468227668,True,4.5,0.0013852976584988665,0.0013843045190895158,0.0013833113796801653,55.0,10.0,[],True,9.235317723325776e-05,9.228696793930105e-05,9.228696793930105e-05,9.222075864534435e-05,robust_hit,6,3,2,N,False
nav_gain_4p5,False,main,6,34.999999999998906,0.0,0.06790123456790123,7.411433124943165e-07,4.940955416628235e-08,35.0,38.384513663138414,0.0,0.0,0.9999069692081156,True,4.5,0.0013954618782659504,0.0013950913066097031,0.001394720734953456,60.0,10.0,[],True,9.303079188439669e-05,9.300608710731356e-05,9.300608710731355e-05,9.29813823302304e-05,robust_hit,6,3,2,M,False
nav_gain_4p5,False,main,0,34.99999999999819,0.0,0.06354515050167224,1.2863290976383723e-05,8.575527346010858e-07,35.0,40.428694152926866,0.0,0.0,88.93759882923386,True,4.5,1349.063995301799,1349.0639888701535,1349.063982438508,65.0,10.0,[],True,89.9375996867866,89.93759925801022,89.93759925801024,89.93759882923386,robust_miss,6,3,2,M,False
nav_gain_4p5,False,main,0,34.99999999742274,0.0,0.07228915662650602,2.9885250114602968e-05,1.992350007640198e-06,35.0,39.668406069634074,0.0,0.0,365.8902521345923,True,4.5,5503.353811904134,5503.353796961509,5503.353782018884,70.0,10.0,[],True,366.8902541269423,366.89025313076735,366.8902531307673,366.8902521345923,robust_miss,6,3,2,O,False
nav_gain_4p5,False,main,0,28.34669334732416,0.0,0.0,4.053005250170827e-05,2.7020034849556396e-06,29.27071105459433,29.27071105459433,0.0,0.0,578.5449129107876,True,4.5,8693.173734191867,8693.17371392684,8693.173693661814,75.0,10.0,[],True,579.5449156127911,579.5449142617894,579.5449142617894,579.5449129107876,robust_miss,6,3,2,O,False
nav_gain_4p5,False,main,0,5.00728815887944,0.0,0.0,8.510536463290919e-05,5.673691021002014e-06,5.065140912731099,5.065140912731099,0.0,0.0,654.9143460566393,True,4.5,9838.715275954954,9838.71523340227,9838.715190849589,80.0,10.0,[],True,655.9143517303303,655.9143488934848,655.9143488934848,655.9143460566393,robust_miss,6,3,2,O,False
nav_gain_4p5,False,main,0,5.498581099915937,0.0,0.0,0.00010421607112220954,6.947738143026072e-06,5.626024084769057,5.626024084769057,0.0,0.0,664.4405505553813,True,4.5,9981.60836254679,9981.608310438756,9981.60825833072,85.0,10.0,[],True,665.4405575031194,665.4405540292504,665.4405540292503,665.4405505553813,robust_miss,6,3,2,O,False
nav_gain_4p5,False,main,0,0.0,0.0,0.0,0.00011414646724006161,7.609764566041122e-06,0.0,0.0,0.0,0.0,665.6693603234387,True,4.5,10000.040518998048,10000.040461924815,10000.040404851581,90.0,10.0,[],True,666.6693679332033,666.669364128321,666.6693641283209,666.6693603234387,robust_miss,6,3,2,O,False
nav_gain_4p5,False,main,3,1.8014706545557722,0.0,0.0,0.0,0.0,6.124999999999999,6.124999999999999,0.0,0.0,0.9999091858511082,True,4.5,0.0013622122333761795,0.0013622122333761795,0.0013622122333761795,0.0,11.0,[],True,9.08141488917453e-05,9.081414889174529e-05,9.08141488917453e-05,9.08141488917453e-05,robust_hit,3,3,1,N,False
nav_gain_4p5,False,main,6,6.700554883634881,0.0,0.0,1.2859845936637193e-06,8.573230624424615e-08,6.704866163688075,6.704866163688075,0.0,0.0,0.9999091037444291,True,4.5,0.0013634438335642003,0.0013628008412673684,0.0013621578489705366,5.0,11.0,[],True,9.089625557094668e-05,9.085338941782456e-05,9.085338941782456e-05,9.081052326470243e-05,robust_hit,6,3,2,N,False
nav_gain_4p5,False,main,6,11.289279005668302,0.0,0.0,2.709589180772574e-06,1.8063927871816618e-07,11.296372679758191,11.296372679758191,0.0,0.0,0.9999089139611309,True,4.5,0.0013662905830368838,0.0013649357884464976,0.0013635809938561112,10.0,11.0,[],True,9.108603886912558e-05,9.099571922976649e-05,9.09957192297665e-05,9.090539959040742e-05,robust_hit,6,3,2,N,False
nav_gain_4p5,False,main,6,14.944102207523443,0.0,0.0,3.363142977191218e-06,2.2420953181274787e-07,14.953425536097965,14.953425536097965,0.0,0.0,0.9999087756854685,True,4.5,0.0013683647179725089,0.0013666831464839132,0.0013650015749953177,15.0,11.0,[],True,9.12243145315006e-05,9.111220976559422e-05,9.111220976559422e-05,9.100010499968785e-05,robust_hit,6,3,2,N,False
nav_gain_4p5,False,main,6,18.198460137273756,0.0,0.0,4.888808454954008e-06,3.259205636635951e-07,18.209804828842763,18.209804828842763,0.0,0.0,0.9999083284929381,True,4.5,0.0013750726059287488,0.0013726282017012719,0.0013701837974737948,20.0,11.0,[],True,9.167150706191658e-05,9.150854678008478e-05,9.150854678008478e-05,9.134558649825299e-05,robust_hit,6,3,2,N,False
nav_gain_4p5,False,main,6,21.220776842099188,0.0,0.0,3.963754403831779e-06,2.642502935887753e-07,21.234167543236524,21.234167543236524,0.0,0.0,0.9999085412770159,True,4.5,0.0013718808447611452,0.0013698989675592294,0.0013679170903573134,25.0,11.0,[],True,9.145872298407634e-05,9.132659783728194e-05,9.132659783728196e-05,9.119447269048756e-05,robust_hit,6,3,2,N,False
nav_gain_4p5,False,main,6,24.039378036543216,0.0,0.0,4.5571507447321035e-06,3.0381004964881865e-07,24.054800910696997,24.054800910696997,0.0,0.0,0.9999082341619747,True,4.5,0.0013764875703788958,0.0013742089950065297,0.0013719304196341637,30.0,11.0,[],True,9.176583802525973e-05,9.161393300043531e-05,9.161393300043531e-05,9.146202797561091e-05,robust_hit,6,3,2,N,False
nav_gain_4p5,False,main,6,26.63676692853187,0.0,0.0,3.6951002511725548e-06,2.4634001674483247e-07,26.653709884375125,26.653709884375125,0.0,0.0,0.9999084179227347,True,4.5,0.0013737311589807823,0.001371883608855196,0.0013700360587296098,35.0,11.0,[],True,9.158207726538549e-05,9.145890725701306e-05,9.145890725701308e-05,9.133573724864066e-05,robust_hit,6,3,2,N,False
nav_gain_4p5,False,main,6,29.005587447204515,0.0,0.0,4.998675147330602e-06,3.332450098220401e-07,29.02371594701058,29.02371594701058,0.0,0.0,0.9999074321453558,True,4.5,0.0013885178196627638,0.0013860184820890986,0.0013835191445154332,40.0,11.0,[],True,9.256785464418425e-05,9.240123213927323e-05,9.240123213927323e-05,9.223460963436221e-05,robust_hit,6,3,2,N,False
nav_gain_4p5,False,main,6,31.142148258585685,0.0,0.0,4.554201477474391e-06,3.0361343183163056e-07,31.160029476722368,31.160029476722368,0.0,0.0,0.9999071049865605,True,4.5,0.0013934252015912385,0.001391148100852501,0.001388871000113764,45.0,11.0,[],True,9.28950134394159e-05,9.274320672350008e-05,9.274320672350008e-05,9.259140000758427e-05,robust_hit,6,3,2,N,False
nav_gain_4p5,False,main,6,33.02049949900341,0.0,0.0,3.211034919761019e-06,2.1406899465074e-07,33.037824914568866,33.037824914568866,0.0,0.0,0.9999074372032711,True,4.5,0.0013884419509322822,0.0013868364334724017,0.0013852309160125211,50.0,11.0,[],True,9.256279672881881e-05,9.245576223149344e-05,9.245576223149344e-05,9.234872773416807e-05,robust_hit,6,3,2,N,False
nav_gain_4p5,False,main,6,34.592403304090865,0.0,0.0,2.3716030222028454e-06,1.5810686814685365e-07,34.60919923442706,34.60919923442706,0.0,0.0,0.9999068756927971,True,4.5,0.0013968646080429615,0.0013956788065318602,0.0013944930050207587,55.0,11.0,[],True,9.31243072028641e-05,9.304525376879068e-05,9.304525376879066e-05,9.296620033471724e-05,robust_hit,6,3,2,N,False
nav_gain_4p5,False,main,6,34.9999999982406,0.0,0.04241948153967007,7.454503483980256e-07,4.969668989319358e-08,35.0,36.11210989271573,0.0,0.0,0.9999069073961986,True,4.5,0.0013963890570205819,0.0013960163318463828,0.0013956436066721839,60.0,11.0,[],True,9.309260380137212e-05,9.306775545642552e-05,9.306775545642553e-05,9.304290711147893e-05,robust_hit,6,3,2,M,False
nav_gain_4p5,False,main,0,34.99999999866883,0.0,0.041573867854491464,1.2762307733282796e-05,8.508205269208702e-07,35.0,37.491049064946345,0.0,0.0,91.39541806252609,True,4.5,1385.9312837001992,1385.9312773190452,1385.9312709378914,65.0,11.0,[],True,92.39541891334662,92.39541848793635,92.39541848793635,92.39541806252609,robust_miss,6,3,2,M,False
nav_gain_4p5,False,main,0,34.99998729170287,0.0,0.03402187120291616,3.0192128178896382e-05,2.0128085225223913e-06,35.0,36.52157143683574,0.0,0.0,404.7677630400483,True,4.5,6086.516475792852,6086.516460696788,6086.516445600724,70.0,11.0,[],True,405.7677650528568,405.76776404645256,405.76776404645256,405.7677630400483,robust_miss,6,3,2,O,False
nav_gain_4p5,False,main,0,27.564673915365464,0.0,0.0,4.081388942722697e-05,2.7209258632865385e-06,27.83466876361417,27.83466876361417,0.0,0.0,639.9503474785298,True,4.5,9614.255252991836,9614.25523258489,9614.255212177946,75.0,11.0,[],True,640.9503501994557,640.9503488389927,640.9503488389928,640.9503474785298,robust_miss,6,3,2,O,False
nav_gain_4p5,False,main,0,4.90936042827875,0.0,0.0,8.323195288539864e-05,5.548796934817801e-06,5.124957026123268,5.124957026123268,0.0,0.0,720.6157864881976,True,4.5,10824.236880554918,10824.236838938941,10824.236797322965,80.0,11.0,[],True,721.6157920369945,721.6157892625961,721.6157892625961,721.6157864881976,robust_miss,6,3,2,O,False
nav_gain_4p5,False,main,0,5.506568058825793,0.0,0.0,0.0001035350032907445,6.9023335527163e-06,5.6146834860268795,5.6146834860268795,0.0,0.0,731.0433652199669,True,4.5,10980.650581834507,10980.650530067005,10980.650478299503,85.0,11.0,[],True,732.0433721223004,732.0433686711336,732.0433686711336,732.0433652199669,robust_miss,6,3,2,O,False
nav_gain_4p5,False,main,0,0.0,0.0,0.0,0.00011414654727559537,7.609769795635657e-06,0.0,0.0,0.0,0.0,732.335781767177,True,4.5,11000.036840654202,11000.036783580928,11000.036726507655,90.0,11.0,[],True,733.3357893769468,733.3357855720619,733.3357855720619,733.335781767177,robust_miss,6,3,2,O,False
nav_gain_4p5,False,main,3,1.8014706545557722,0.0,0.0,0.0,0.0,6.124999999999999,6.124999999999999,0.0,0.0,0.999909185848759,True,4.5,0.0013622122686153253,0.0013622122686153253,0.0013622122686153253,0.0,12.0,[],True,9.081415124102169e-05,9.081415124102169e-05,9.081415124102169e-05,9.081415124102169e-05,robust_hit,3,3,1,N,False
nav_gain_4p5,False,main,6,6.642894879366879,0.0,0.0,8.668938875919588e-07,5.7792925839465726e-08,6.646774991707267,6.646774991707267,0.0,0.0,0.9999091392175262,True,4.5,0.001362911737106905,0.0013624782901631091,0.0013620448432193131,5.0,12.0,[],True,9.086078247379368e-05,9.083188601087396e-05,9.083188601087395e-05,9.080298954795421e-05,robust_hit,6,3,2,N,False
nav_gain_4p5,False,main,6,11.164814426256614,0.0,0.0,1.6347825904105846e-06,1.0898550602737682e-07,11.171193984133625,11.171193984133625,0.0,0.0,0.9999090657692346,True,4.5,0.0013640134614820154,0.00136319607018681,0.0013623786788916049,10.0,12.0,[],True,9.09342307654677e-05,9.087973801245401e-05,9.0879738012454e-05,9.082524525944032e-05,robust_hit,6,3,2,N,False
nav_gain_4p5,False,main,6,14.779571472156348,0.0,0.0,4.001939551284868e-06,2.66795970085647e-07,14.788240284963274,14.788240284963274,0.0,0.0,0.9999086287604334,True,4.5,0.0013705685934990773,0.0013685676237234349,0.0013665666539477924,15.0,12.0,[],True,9.137123956660515e-05,9.123784158156233e-05,9.123784158156233e-05,9.11044435965195e-05,robust_hit,6,3,2,N,False
nav_gain_4p5,False,main,6,17.93222702920498,0.0,0.0,4.7831729173151896e-06,3.188781944876766e-07,17.94230176978044,17.94230176978044,0.0,0.0,0.9999083613049423,True,4.5,0.0013745804258647918,0.001372188839406134,0.0013697972529474766,20.0,12.0,[],True,9.163869505765278e-05,9.147925596040895e-05,9.147925596040895e-05,9.13198168631651e-05,robust_hit,6,3,2,N,False
nav_gain_4p5,False,main,6,20.86075698334111,0.0,0.0,3.0947014240225237e-06,2.0631342826816644e-07,20.872883249045003,20.872883249045003,0.0,0.0,0.9999087719592746,True,4.5,0.001368420610880744,0.0013668732601687325,0.0013653259094567214,25.0,12.0,[],True,9.122804072538293e-05,9.112488401124885e-05,9.112488401124885e-05,9.102172729711477e-05,robust_hit,6,3,2,N,False
nav_gain_4p5,False,main,6,23.559625428147655,0.0,0.0,4.361050007719355e-06,2.907366671812885e-07,23.57306564220945,23.57306564220945,0.0,0.0,0.9999083066125171,True,4.5,0.0013754008122434267,0.001373220287239567,0.0013710397622357074,30.0,12.0,[],True,9.169338748289511e-05,9.154801914930447e-05,9.154801914930447e-05,9.140265081571382e-05,robust_hit,6,3,2,N,False
nav_gain_4p5,False,main,6,26.04826491026082,0.0,0.0,4.613107241322259e-06,3.0754048275482e-07,26.062554193603116,26.062554193603116,0.0,0.0,0.9999080119122027,True,4.5,0.001379821316958914,0.0013775147633382529,0.0013752082097175918,35.0,12.0,[],True,9.198808779726093e-05,9.183431755588351e-05,9.183431755588353e-05,9.168054731450611e-05,robust_hit,6,3,2,N,False
nav_gain_4p5,False,main,6,28.31536475329676,0.0,0.0,2.9936859428487082e-06,1.9957906285657332e-07,28.33058022102934,28.33058022102934,0.0,0.0,0.9999085260764644,True,4.5,0.001372108853034019,0.0013706120100625944,0.0013691151670911703,40.0,12.0,[],True,9.147392353560126e-05,9.137413400417298e-05,9.137413400417298e-05,9.127434447274469e-05,robust_hit,6,3,2,N,False
nav_gain_4p5,False,main,6,30.347928311273538,0.0,0.0,4.420943738297784e-06,2.9472958255319284e-07,30.36395040358038,30.36395040358038,0.0,0.0,0.9999071968855678,True,4.5,0.0013920467164818132,0.0013898362446126643,0.0013876257727435154,45.0,12.0,[],True,9.280311443212088e-05,9.265574964084429e-05,9.265574964084429e-05,9.250838484956769e-05,robust_hit,6,3,2,N,False
nav_gain_4p5,False,main,6,32.11865870540574,0.0,0.0,3.221229589011297e-06,2.1474863926742162e-07,32.13430953029368,32.13430953029368,0.0,0.0,0.9999073816560085,True,4.5,0.0013892751598734384,0.0013876645450789328,0.0013860539302844271,50.0,12.0,[],True,9.261834399156256e-05,9.251096967192883e-05,9.251096967192885e-05,9.240359535229514e-05,robust_hit,6,3,2,N,False
nav_gain_4p5,False,main,6,33.58446250042834,0.0,0.0,2.263822320611739e-06,1.509214880407835e-07,33.59860100497946,33.59860100497946,0.0,0.0,0.9999069635457504,True,4.5,0.0013955468137438964,0.0013944149025835904,0.0013932829914232846,55.0,12.0,[],True,9.30364542495931e-05,9.29609935055727e-05,9.296099350557271e-05,9.288553276155231e-05,robust_hit,6,3,2,N,False
nav_gain_4p5,False,main,6,34.67010905015903,0.0,0.0,6.691024386025392e-07,4.460682924017922e-08,34.68126506647217,34.68126506647217,0.0,0.0,0.9999069827683567,True,4.5,0.0013952584746506854,0.0013949239234313843,0.0013945893722120829,60.0,12.0,[],True,9.301723164337903e-05,9.299492822875894e-05,9.299492822875894e-05,9.297262481413885e-05,robust_hit,6,3,2,M,False
nav_gain_4p5,False,main,0,34.999993892019454,0.0,0.01880456682337139,1.31597612380574e-05,8.773174187126642e-07,35.0,35.31227654535195,0.0,0.0,100.12293790357747,True,4.5,1516.8440817134233,1516.8440751335427,1516.844068553662,65.0,12.0,[],True,101.12293878089488,101.12293834223618,101.12293834223618,101.12293790357747,robust_miss,6,3,2,M,False
nav_gain_4p5,False,main,0,34.513935145772535,0.0,0.0,3.0727999728696886e-05,2.0485333038777753e-06,34.60228599336138,34.60228599336138,0.0,0.0,449.00234633320076,True,4.5,6750.035225726011,6750.035210362011,6750.035194998011,70.0,12.0,[],True,450.00234838173407,450.00234735746744,450.00234735746744,450.00234633320076,robust_miss,6,3,2,O,False
nav_gain_4p5,False,main,0,26.863320328684804,0.0,0.0,4.105135303689167e-05,2.7367568691261113e-06,27.09022643168063,27.09022643168063,0.0,0.0,701.4978275121344,True,4.5,10537.46745373337,10537.467433207694,10537.467412682017,75.0,12.0,[],True,702.4978302488913,702.4978288805129,702.4978288805129,702.4978275121344,robust_miss,6,3,2,O,False
nav_gain_4p5,False,main,0,4.826007946164924,0.0,0.0,8.135696407407522e-05,5.423797574621858e-06,6.21669713811141,6.21669713811141,0.0,0.0,786.3354963657927,True,4.5,11810.032526843854,11810.032486165372,11810.03244548689,80.0,12.0,[],True,787.3355017895902,787.3354990776915,787.3354990776915,787.3354963657927,robust_miss,6,3,2,O,False
nav_gain_4p5,False,main,0,5.520938108787651,0.0,0.0,0.00010288672456226777,6.859115046609077e-06,5.614206982762983,5.614206982762983,0.0,0.0,797.6481425671485,True,4.5,11979.722241393953,11979.72218995059,11979.722138507228,85.0,12.0,[],True,798.6481494262636,798.6481459967059,798.648145996706,798.6481425671485,robust_miss,6,3,2,O,False
nav_gain_4p5,False,main,0,0.0,0.0,0.0,0.00011414660912123509,7.609773888361815e-06,0.0,0.0,0.0,0.0,799.0022440812146,True,4.5,12000.033775364827,12000.033718291523,12000.033661218218,90.0,12.0,[],True,800.0022516909885,800.0022478861015,800.0022478861015,800.0022440812146,robust_miss,6,3,2,O,False
nav_gain_4p5,False,main,3,1.8014706545557722,0.0,0.0,0.0,0.0,6.124999999999999,6.124999999999999,0.0,0.0,0.9999091858463415,True,4.5,0.00136221230487849,0.00136221230487849,0.00136221230487849,0.0,13.0,[],True,9.0814153658566e-05,9.0814153658566e-05,9.0814153658566e-05,9.0814153658566e-05,robust_hit,3,3,1,N,False
nav_gain_4p5,False,main,6,6.595979731965296,0.0,0.0,1.5190204547227242e-06,1.012680303148528e-07,6.5996044575042925,6.5996044575042925,0.0,0.0,0.9999090804025222,True,4.5,0.0013637939621658859,0.0013630344519385245,0.0013622749417111632,5.0,13.0,[],True,9.091959747772573e-05,9.086896346256831e-05,9.08689634625683e-05,9.081832944741088e-05,robust_hit,6,3,2,N,False
nav_gain_4p5,False,main,6,11.0198109677906,0.0,0.0,2.0704784696201108e-06,1.3803189797467676e-07,11.025839652287688,11.025839652287688,0.0,0.0,0.9999090112010777,True,4.5,0.0013648319838348469,0.0013637967446000368,0.0013627615053652268,10.0,13.0,[],True,9.098879892232313e-05,9.09197829733358e-05,9.091978297333579e-05,9.085076702434845e-05,robust_hit,6,3,2,N,False
nav_gain_4p5,False,main,6,14.611270419617691,0.0,0.0,3.258611222314205e-06,2.1724074815428305e-07,14.619189366334636,14.619189366334636,0.0,0.0,0.9999087972988795,True,4.5,0.001368040516808067,0.00136641121119691,0.001364781905585753,15.0,13.0,[],True,9.12027011205378e-05,9.109408074646067e-05,9.109408074646066e-05,9.098546037238352e-05,robust_hit,6,3,2,N,False
nav_gain_4p5,False,main,6,17.69658127844586,0.0,0.0,3.8117993130467893e-06,2.541199542031202e-07,17.705824669267408,17.705824669267408,0.0,0.0,0.999908638441085,True,4.5,0.0013704233837240267,0.0013685174840675034,0.00136661158441098,20.0,13.0,[],True,9.136155891493511e-05,9.123449893783354e-05,9.123449893783355e-05,9.110743896073199e-05,robust_hit,6,3,2,N,False
nav_gain_4p5,False,main,6,20.5322491469307,0.0,0.0,3.5926955249336156e-06,2.3951303499557166e-07,20.542917053055746,20.542917053055746,0.0,0.0,0.9999086445412709,True,4.5,0.0013703318809353928,0.0013685355331729259,0.0013667391854104592,25.0,13.0,[],True,9.135545872902618e-05,9.12357022115284e-05,9.12357022115284e-05,9.111594569403061e-05,robust_hit,6,3,2,N,False
nav_gain_4p5,False,main,6,23.13270131833201,0.0,0.0,5.20804018006092e-06,3.472026786707235e-07,23.145125848703845,23.145125848703845,0.0,0.0,0.9999079546257368,True,4.5,0.001380680613947709,0.0013780765938576787,0.0013754725737676482,30.0,13.0,[],True,9.20453742631806e-05,9.187177292384525e-05,9.187177292384525e-05,9.169817158450988e-05,robust_hit,6,3,2,N,False
nav_gain_4p5,False,main,6,25.521144402053867,0.0,0.0,5.343116705664548e-06,3.562077803776284e-07,25.53403720280988,25.53403720280988,0.0,0.0,0.99990762177849,True,4.5,0.001385673322649304,0.0013830017642964716,0.0013803302059436395,35.0,13.0,[],True,9.23782215099536e-05,9.220011761976479e-05,9.220011761976478e-05,9.202201372957597e-05,robust_hit,6,3,2,N,False
nav_gain_4p5,False,main,6,27.688861180485215,0.0,0.0,4.93615204677153e-06,3.2907680311810834e-07,27.70227960294259,27.70227960294259,0.0,0.0,0.9999074475980654,True,4.5,0.0013882860290186682,0.0013858179529952824,0.0013833498769718967,40.0,13.0,[],True,9.255240193457788e-05,9.238786353301884e-05,9.238786353301884e-05,9.222332513145977e-05,robust_hit,6,3,2,N,False
nav_gain_4p5,False,main,6,29.62738222594962,0.0,0.0,4.342707690995493e-06,2.8951384606637433e-07,29.641664615628905,29.641664615628905,0.0,0.0,0.9999072414617268,True,4.5,0.001391378074097127,0.0013892067202516294,0.0013870353664061316,45.0,13.0,[],True,9.275853827314181e-05,9.261378135010861e-05,9.261378135010863e-05,9.246902442707543e-05,robust_hit,6,3,2,N,False
nav_gain_4p5,False,main,6,31.307183276617458,0.0,0.0,3.2634045504680888e-06,2.1756030336453835e-07,31.320496802418855,31.320496802418855,0.0,0.0,0.9999072880011574,True,4.5,0.0013906799826402883,0.0013890482803650542,0.0013874165780898202,50.0,13.0,[],True,9.271199884268589e-05,9.260321869100363e-05,9.260321869100361e-05,9.249443853932135e-05,robust_hit,6,3,2,N,False
nav_gain_4p5,False,main,6,32.67909053122252,0.0,0.0,2.2161048873639653e-06,1.4774032582425532e-07,32.6908756586235,32.6908756586235,0.0,0.0,0.9999069362689212,True,4.5,0.001395955966181535,0.001394847913737853,0.0013937398612941711,55.0,13.0,[],True,9.3063731078769e-05,9.298986091585687e-05,9.298986091585687e-05,9.291599075294475e-05,robust_hit,6,3,2,N,False
nav_gain_4p5,False,main,6,33.676811828834154,0.0,0.0,5.75754265017903e-07,3.838361766786652e-08,33.68641421450541,33.68641421450541,0.0,0.0,0.9999070327285114,True,4.5,0.0013945090723289416,0.0013942211951964328,0.0013939333180639237,60.0,13.0,[],True,9.296727148859611e-05,9.294807967976217e-05,9.294807967976217e-05,9.292888787092824e-05,robust_hit,6,3,2,M,False
nav_gain_4p5,False,main,0,34.16381813379017,0.0,0.0,1.3951476603324409e-05,9.300984373794563e-07,34.1695122852054,34.1695122852054,0.0,0.0,115.87682257746226,True,4.5,1753.1523526134106,1753.1523456376724,1753.152338661934,65.0,13.0,[],True,116.8768235075607,116.87682304251149,116.87682304251149,116.87682257746226,robust_miss,6,3,2,M,False
nav_gain_4p5,False,main,0,33.05430981700659,0.0,0.0,3.127939999103546e-05,2.0852933175774524e-06,33.163557108755256,33.163557108755256,0.0,0.0,495.28190306469315,True,4.5,7444.228577249797,7444.228561610097,7444.228545970397,70.0,13.0,[],True,496.28190514998647,496.2819041073398,496.2819041073398,496.28190306469315,robust_miss,6,3,2,O,False
nav_gain_4p5,False,main,0,25.89202773230025,0.0,0.0,4.1288927604909986e-05,2.752595264610136e-06,26.09957778686618,26.09957778686618,0.0,0.0,763.7517610489512,True,4.5,11471.276457023196,11471.276436378734,11471.276415734268,75.0,13.0,[],True,764.7517638015464,764.7517624252488,764.7517624252488,764.7517610489512,robust_miss,6,3,2,O,False
nav_gain_4p5,False,main,0,4.754092825616008,0.0,0.0,7.96665990492329e-05,5.311106633598683e-06,5.958746007694329,5.958746007694329,0.0,0.0,852.0643262075795,True,4.5,12795.964972780292,12795.964932946992,12795.964893113693,80.0,13.0,[],True,853.0643315186861,853.0643288631328,853.0643288631328,853.0643262075795,robust_miss,6,3,2,O,False
nav_gain_4p5,False,main,0,5.538489657595388,0.0,0.0,0.0001022672495309962,6.817816597504134e-06,5.620069646624215,5.620069646624215,0.0,0.0,864.2546437259952,True,4.5,12978.819758157177,12978.819707023553,12978.819655889927,85.0,13.0,[],True,865.2546505438117,865.2546471349034,865.2546471349035,865.2546437259952,robust_miss,6,3,2,O,False
nav_gain_4p5,False,main,0,0.0,0.0,0.0,0.00011414665641495958,7.609777071593271e-06,0.0,0.0,0.0,0.0,865.6687378339954,True,4.5,13000.031181656586,13000.031124583258,13000.03106750993,90.0,13.0,[],True,866.6687454437724,866.668741638884,866.6687416388838,866.6687378339954,robust_miss,6,3,2,O,False
nav_gain_4p5,False,main,3,1.8014706545557722,0.0,0.0,0.0,0.0,6.124999999999999,6.124999999999999,0.0,0.0,0.9999091858438546,True,4.5,0.0013622123421813848,0.0013622123421813848,0.0013622123421813848,0.0,14.0,[],True,9.081415614542565e-05,9.081415614542567e-05,9.081415614542565e-05,9.081415614542565e-05,robust_hit,3,3,1,N,False
nav_gain_4p5,False,main,6,6.555662922939628,0.0,0.0,1.4755158266141922e-06,9.836772177427948e-08,6.559427561652413,6.559427561652413,0.0,0.0,0.9999090849659066,True,4.5,0.0013637255114017888,0.0013629877534884819,0.0013622499955751747,5.0,14.0,[],True,9.09150340934526e-05,9.086585023256547e-05,9.086585023256546e-05,9.081666637167832e-05,robust_hit,6,3,2,N,False
nav_gain_4p5,False,main,6,10.927753807068292,0.0,0.0,2.4435841780594183e-06,1.6290561187062608e-07,10.933224179020078,10.933224179020078,0.0,0.0,0.9999089569254133,True,4.5,0.001365646118801504,0.0013644243267124743,0.0013632025346234447,10.0,14.0,[],True,9.104307458676694e-05,9.096162178083161e-05,9.096162178083163e-05,9.088016897489631e-05,robust_hit,6,3,2,N,False
nav_gain_4p5,False,main,6,14.454042828985646,0.0,0.0,3.647534438381856e-06,2.431689625587922e-07,14.461262344591642,14.461262344591642,0.0,0.0,0.9999087126596445,True,4.5,0.0013693101053314563,0.0013674863381122656,0.0013656625708930745,15.0,14.0,[],True,9.128734035543043e-05,9.116575587415103e-05,9.116575587415103e-05,9.104417139287163e-05,robust_hit,6,3,2,N,False
nav_gain_4p5,False,main,6,17.491652305292465,0.0,0.0,4.453396193480766e-06,2.968930795653772e-07,17.500201385328836,17.500201385328836,0.0,0.0,0.9999084607356754,True,4.5,0.001373088964869066,0.0013708622667723254,0.0013686355686755851,20.0,14.0,[],True,9.153926432460439e-05,9.13908177848217e-05,9.13908177848217e-05,9.124237124503901e-05,robust_hit,6,3,2,N,False
nav_gain_4p5,False,main,6,20.234178602239698,0.0,0.0,2.978751164703407e-06,1.9858341098022534e-07,20.244020875405553,20.244020875405553,0.0,0.0,0.9999087979216904,True,4.5,0.0013680311746446477,0.0013665417990622961,0.0013650524234799443,25.0,14.0,[],True,9.120207830964318e-05,9.110278660415308e-05,9.110278660415307e-05,9.100349489866295e-05,robust_hit,6,3,2,N,False
nav_gain_4p5,False,main,6,22.74684201881454,0.0,0.0,5.010051702584008e-06,3.340034468389384e-07,22.758030660751082,22.758030660751082,0.0,0.0,0.9999080386924698,True,4.5,0.0013794196129534554,0.0013769145871021635,0.0013744095612508713,30.0,14.0,[],True,9.196130753023036e-05,9.179430580681089e-05,9.179430580681089e-05,9.162730408339142e-05,robust_hit,6,3,2,N,False
nav_gain_4p5,False,main,6,25.045253834835776,0.0,0.0,3.5183407836214715e-06,2.3455605224144047e-07,25.056899859867638,25.056899859867638,0.0,0.0,0.9999084758972121,True,4.5,0.001372861541818445,0.0013711023714266344,0.0013693432010348236,35.0,14.0,[],True,9.152410278789634e-05,9.140682476177562e-05,9.140682476177562e-05,9.12895467356549e-05,robust_hit,6,3,2,N,False
nav_gain_4p5,False,main,6,27.123165932952997,0.0,0.0,4.940076757087167e-06,3.2933845047248504e-07,27.13556670199618,27.13556670199618,0.0,0.0,0.9999074321017217,True,4.5,0.0013885184741742823,0.0013860484357957389,0.0013835783974171952,40.0,14.0,[],True,9.256789827828549e-05,9.240322905304926e-05,9.240322905304925e-05,9.2238559827813e-05,robust_hit,6,3,2,N,False
nav_gain_4p5,False,main,6,28.975461871723507,0.0,0.0,3.457026374404943e-06,2.3046842496033586e-07,28.98783000831456,28.98783000831456,0.0,0.0,0.999907930810832,True,4.5,0.0013810378375207354,0.001379309324333533,0.0013775808111463304,45.0,14.0,[],True,9.206918916804903e-05,9.195395495556886e-05,9.195395495556886e-05,9.183872074308869e-05,robust_hit,6,3,2,N,False
nav_gain_4p5,False,main,6,30.565656148569282,0.0,0.0,3.301765895252426e-06,2.2011772635016082e-07,30.577489171958977,30.577489171958977,0.0,0.0,0.9999071964882928,True,4.5,0.0013920526756080475,0.0013904017926604213,0.0013887509097127951,50.0,14.0,[],True,9.280351170720317e-05,9.269345284402809e-05,9.269345284402809e-05,9.2583393980853e-05,robust_hit,6,3,2,N,False
nav_gain_4p5,False,main,6,31.862693096872057,0.0,0.0,1.7904902190886245e-06,1.1936601460590197e-07,31.87301099852858,31.87301099852858,0.0,0.0,0.9999076428757704,True,4.5,0.0013853568634440868,0.0013844616183345424,0.0013835663732249981,55.0,14.0,[],True,9.235712422960578e-05,9.229744122230282e-05,9.229744122230284e-05,9.223775821499988e-05,robust_hit,6,3,2,M,False
nav_gain_4p5,False,main,6,32.776854555247624,0.0,0.0,4.707111407188224e-07,3.1380742714591774e-08,32.78490581247991,32.78490581247991,0.0,0.0,0.9999071932489196,True,4.5,0.0013921012662060177,0.0013918659106356582,0.0013916305550652989,60.0,14.0,[],True,9.280675108040118e-05,9.27910607090439e-05,9.279106070904388e-05,9.277537033768659e-05,robust_hit,6,3,2,M,False
nav_gain_4p5,False,main,0,33.162228854219784,0.0,0.0,1.4720350691277417e-05,9.813567203309503e-07,33.18703678711702,33.18703678711702,0.0,0.0,132.8207378893489,True,4.5,2007.311083060584,2007.3110757004088,2007.3110683402333,65.0,14.0,[],True,133.8207388707056,133.82073838002725,133.82073838002725,133.8207378893489,robust_miss,6,3,2,M,False
nav_gain_4p5,False,main,0,31.703478773478146,0.0,0.0,3.164506415487267e-05,2.109670958816423e-06,31.829789161542077,31.829789161542077,0.0,0.0,539.1800595050224,True,4.5,8102.700924220401,8102.700908397869,8102.700892575337,70.0,14.0,[],True,540.1800616146934,540.1800605598579,540.1800605598579,540.1800595050224,robust_miss,6,3,2,O,False
nav_gain_4p5,False,main,0,24.545321342601007,0.0,0.0,4.145617822359782e-05,2.763745214906521e-06,24.759720390924564,24.759720390924564,0.0,0.0,825.4523911001976,True,4.5,12396.785907959142,12396.785887231053,12396.785866502963,75.0,14.0,[],True,826.4523938639428,826.4523924820702,826.4523924820702,826.4523911001976,robust_miss,6,3,2,O,False
nav_gain_4p5,False,main,0,4.691102808486042,0.0,0.0,7.803803237038665e-05,5.202535476200865e-06,5.627911273948473,5.627911273948473,0.0,0.0,917.800066746624,True,4.5,13782.001079237392,13782.001040218376,13782.00100119936,80.0,14.0,[],True,918.8000719491595,918.8000693478917,918.8000693478917,918.800066746624,robust_miss,6,3,2,O,False
nav_gain_4p5,False,main,0,5.5574157994347795,0.0,0.0,0.00010164732884732075,6.776488589821383e-06,5.629601333882718,5.629601333882718,0.0,0.0,930.8626913452673,True,4.5,13977.940471826338,13977.940421002675,13977.940370179009,85.0,14.0,[],True,931.8626981217559,931.8626947335116,931.8626947335116,931.8626913452673,robust_miss,6,3,2,O,False
nav_gain_4p5,False,main,0,0.0,0.0,0.0,0.00011414669279474765,7.609779459016863e-06,0.0,0.0,0.0,0.0,932.3352562886773,True,4.5,14000.028958476852,14000.028901403506,14000.02884433016,90.0,14.0,[],True,933.3352638984568,933.3352600935672,933.3352600935671,933.3352562886773,robust_miss,6,3,2,O,False
nav_gain_4p5,False,main,3,1.8014706545557722,0.0,0.0,0.0,0.0,6.124999999999999,6.124999999999999,0.0,0.0,0.9999091858412974,True,4.5,0.0013622123805395352,0.0013622123805395352,0.0013622123805395352,0.0,15.0,[],True,9.081415870263568e-05,9.081415870263567e-05,9.081415870263568e-05,9.081415870263568e-05,robust_hit,3,3,1,N,False
nav_gain_4p5,False,main,6,6.494874750948462,0.0,0.0,1.2937184914773355e-06,8.624789943181604e-08,6.511134884419691,6.511134884419691,0.0,0.0,0.9999091030298474,True,4.5,0.0013634545522899924,0.0013628076930442537,0.001362160833798515,5.0,15.0,[],True,9.089697015266616e-05,9.085384620295026e-05,9.085384620295025e-05,9.081072225323434e-05,robust_hit,6,3,2,N,False
nav_gain_4p5,False,main,6,10.846054064454481,0.0,0.0,1.9105318796121176e-06,1.2736879197413936e-07,10.851343862867989,10.851343862867989,0.0,0.0,0.9999090323360869,True,4.5,0.0013645149586976608,0.0013635596927578549,0.0013626044268180487,10.0,15.0,[],True,9.096766391317739e-05,9.090397951719032e-05,9.090397951719032e-05,9.084029512120325e-05,robust_hit,6,3,2,N,False
nav_gain_4p5,False,main,6,14.314162772543414,0.0,0.0,2.2264142516444096e-06,1.484276167762976e-07,14.32070401869404,14.32070401869404,0.0,0.0,0.9999089818862344,True,4.5,0.0013652717064837653,0.001364158499357943,0.001363045292232121,15.0,15.0,[],True,9.101811376558436e-05,9.09438999571962e-05,9.094389995719621e-05,9.086968614880806e-05,robust_hit,6,3,2,N,False
nav_gain_4p5,False,main,6,17.29531038297273,0.0,0.0,2.828491989174736e-06,1.8856613261164815e-07,17.30322475447326,17.30322475447326,0.0,0.0,0.999908861389592,True,4.5,0.0013670791561198896,0.0013656649101253023,0.0013642506641307148,20.0,15.0,[],True,9.113861040799263e-05,9.104432734168681e-05,9.10443273416868e-05,9.095004427538098e-05,robust_hit,6,3,2,N,False
nav_gain_4p5,False,main,6,19.960147636193884,0.0,0.0,3.6265335440993727e-06,2.417689029399618e-07,19.968953066943953,19.968953066943953,0.0,0.0,0.9999086337479036,True,4.5,0.0013704937814453485,0.0013686805146732987,0.0013668672479012491,25.0,15.0,[],True,9.136625209635657e-05,9.124536764488659e-05,9.124536764488659e-05,9.112448319341661e-05,robust_hit,6,3,2,N,False
nav_gain_4p5,False,main,6,22.392880903314747,0.0,0.0,3.5538557881010808e-06,2.369237192067315e-07,22.402632936825494,22.402632936825494,0.0,0.0,0.9999085790282259,True,4.5,0.0013713145766116677,0.0013695376487176173,0.0013677607208235666,30.0,15.0,[],True,9.142097177411117e-05,9.130250991450782e-05,9.130250991450781e-05,9.118404805490444e-05,robust_hit,6,3,2,N,False
nav_gain_4p5,False,main,6,24.609641951860958,0.0,0.0,5.181524739801676e-06,3.4543498265343696e-07,24.62053326032215,24.62053326032215,0.0,0.0,0.9999076989944035,True,4.5,0.0013845150839479885,0.0013819243215780876,0.0013793335592081869,35.0,15.0,[],True,9.230100559653256e-05,9.212828810520584e-05,9.212828810520584e-05,9.195557061387913e-05,robust_hit,6,3,2,N,False
nav_gain_4p5,False,main,6,26.606883054921653,0.0,0.0,4.630018701818998e-06,3.086679134546035e-07,26.617949420056767,26.617949420056767,0.0,0.0,0.9999076301886151,True,4.5,0.0013855471707747997,0.0013832321614238904,0.0013809171520729807,40.0,15.0,[],True,9.236981138498665e-05,9.221547742825935e-05,9.221547742825935e-05,9.206114347153204e-05,robust_hit,6,3,2,N,False
nav_gain_4p5,False,main,6,28.379644207630545,0.0,0.0,3.3688453064447538e-06,2.2458968709631601e-07,28.39081934043943,28.39081934043943,0.0,0.0,0.999907978124565,True,4.5,0.0013803281315243458,0.0013786437088711232,0.001376959286217901,45.0,15.0,[],True,9.202187543495638e-05,9.190958059140822e-05,9.190958059140822e-05,9.179728574786007e-05,robust_hit,6,3,2,N,False
nav_gain_4p5,False,main,6,29.89196674715258,0.0,0.0,3.023543607495174e-06,2.015695738330107e-07,29.902658423662977,29.902658423662977,0.0,0.0,0.9999074780937647,True,4.5,0.00138782859353023,0.0013863168217264823,0.0013848050499227348,50.0,15.0,[],True,9.252190623534866e-05,9.242112144843216e-05,9.242112144843215e-05,9.232033666151565e-05,robust_hit,6,3,2,N,False
nav_gain_4p5,False,main,6,31.10961722702856,0.0,0.0,1.4984357704398658e-06,9.989571802931625e-08,31.118629910778782,31.118629910778782,0.0,0.0,0.9999080465576796,True,4.5,0.0013793016348056049,0.001378552416920385,0.001377803199035165,55.0,15.0,[],True,9.195344232037365e-05,9.1903494461359e-05,9.190349446135899e-05,9.185354660234434e-05,robust_hit,6,3,2,M,False
nav_gain_4p5,False,main,6,31.955092587852803,0.0,0.0,3.768662118280256e-07,2.5124414121868374e-08,31.961804405013922,31.961804405013922,0.0,0.0,0.9999072657926714,True,4.5,0.0013910131099284957,0.0013908246768225818,0.0013906362437166677,60.0,15.0,[],True,9.273420732856638e-05,9.272164512150545e-05,9.272164512150545e-05,9.270908291444451e-05,robust_hit,6,3,2,M,False
nav_gain_4p5,False,main,0,32.178887820836174,0.0,0.0,1.5425014680658933e-05,1.0283343101491482e-06,32.22533764409773,32.22533764409773,0.0,0.0,150.02682495315236,True,4.5,2265.4023897223,2265.4023820097927,2265.4023742972854,65.0,15.0,[],True,151.02682598148667,151.02682546731953,151.0268254673195,151.02682495315236,robust_miss,6,3,2,M,False
nav_gain_4p5,False,main,0,30.447669400555014,0.0,0.0,3.201484651071951e-05,2.1343231537684915e-06,30.589032124764103,30.589032124764103,0.0,0.0,584.0046091720781,True,4.5,8775.069169596018,8775.069153588594,8775.069137581171,70.0,15.0,[],True,585.0046113064012,585.0046102392397,585.0046102392396,585.0046091720781,robust_miss,6,3,2,O,False
nav_gain_4p5,False,main,0,23.325806727119122,0.0,0.0,4.159506715950556e-05,2.773004439404758e-06,23.546552722226515,23.546552722226515,0.0,0.0,887.0970814250888,True,4.5,13321.4562629714,13321.456242173866,13321.456221376333,75.0,15.0,[],True,888.0970841980933,888.097082811591,888.097082811591,888.0970814250888,robust_miss,6,3,2,O,False
nav_gain_4p5,False,main,0,4.8917363181036535,0.0,0.0,7.678355541429482e-05,5.118903686707199e-06,5.0690504389760775,5.0690504389760775,0.0,0.0,983.5629889920705,True,4.5,14768.444911664612,14768.444873272834,14768.444834881057,80.0,15.0,[],True,984.5629941109742,984.5629915515224,984.5629915515224,984.5629889920705,robust_miss,6,3,2,O,False
nav_gain_4p5,False,main,0,5.576683817661328,0.0,0.0,0.00010107701746164821,6.738467845934792e-06,5.6411857548077595,5.6411857548077595,0.0,0.0,997.4721529719808,True,4.5,14977.08239565673,14977.08234511822,14977.082294579712,85.0,15.0,[],True,998.4721597104486,998.4721563412146,998.4721563412147,998.4721529719808,robust_miss,6,3,2,O,False
nav_gain_4p5,False,main,0,0.0,0.0,0.0,0.00011414672371756751,7.609781505379942e-06,0.0,0.0,0.0,0.0,999.0017945049,True,4.5,15000.027031720223,15000.026974646862,15000.0269175735,90.0,15.0,[],True,1000.0018021146815,1000.0017983097908,1000.0017983097907,1000.0017945049,robust_miss,6,3,2,O,False
nav_gain_4p5,False,main,3,1.8014706545557722,0.0,0.0,0.0,0.0,6.124999999999999,6.124999999999999,0.0,0.0,0.9999091858386688,True,4.5,0.0013622124199678543,0.0013622124199678543,0.0013622124199678543,0.0,16.0,[],True,9.081416133119028e-05,9.081416133119027e-05,9.081416133119028e-05,9.081416133119028e-05,robust_hit,3,3,1,N,False
nav_gain_4p5,False,main,6,6.403964108948487,0.0,0.0,1.4160970672526339e-06,9.440647115017107e-08,6.431009923312111,6.431009923312111,0.0,0.0,0.9999090910554723,True,4.5,0.0013636341679155806,0.0013629261193819544,0.001362218070848328,5.0,16.0,[],True,9.090894452770538e-05,9.08617412921303e-05,9.08617412921303e-05,9.08145380565552e-05,robust_hit,6,3,2,N,False
nav_gain_4p5,False,main,6,10.770668022582077,0.0,0.0,2.6256040143322803e-06,1.7504026762215383e-07,10.775864233771621,10.775864233771621,0.0,0.0,0.999908927919885,True,4.5,0.001366081201725503,0.001364768399718337,0.0013634555977111707,10.0,16.0,[],True,9.107208011503353e-05,9.098455998122247e-05,9.098455998122245e-05,9.089703984741138e-05,robust_hit,6,3,2,N,False
nav_gain_4p5,False,main,6,14.185058256240664,0.0,0.0,2.6541830796605274e-06,1.7694553864403787e-07,14.191284861300188,14.191284861300188,0.0,0.0,0.9999089122105046,True,4.5,0.0013663168424303202,0.00136498975089049,0.0013636626593506597,15.0,16.0,[],True,9.108778949535467e-05,9.099931672603265e-05,9.099931672603266e-05,9.091084395671064e-05,robust_hit,6,3,2,N,False
nav_gain_4p5,False,main,6,17.09931487295852,0.0,0.0,4.27917840163986e-06,2.852785601093204e-07,17.10646195312984,17.10646195312984,0.0,0.0,0.9999085104277646,True,4.5,0.0013723435835305653,0.0013702039943297455,0.0013680644051289254,20.0,16.0,[],True,9.148957223537102e-05,9.134693295531636e-05,9.134693295531636e-05,9.12042936752617e-05,robust_hit,6,3,2,N,False
nav_gain_4p5,False,main,6,19.698346210940944,0.0,0.0,4.012074262053824e-06,2.6747161747025855e-07,19.706907023427338,19.706907023427338,0.0,0.0,0.9999085218945221,True,4.5,0.0013721715821697826,0.0013701655450387557,0.0013681595079077288,25.0,16.0,[],True,9.147810547798551e-05,9.134436966925038e-05,9.134436966925038e-05,9.121063386051525e-05,robust_hit,6,3,2,N,False
nav_gain_4p5,False,main,6,22.064282233735298,0.0,0.0,5.132988942243774e-06,3.421992628162534e-07,22.073553749271717,22.073553749271717,0.0,0.0,0.9999079788229193,True,4.5,0.0013803176562103604,0.0013777511617392385,0.0013751846672681166,30.0,16.0,[],True,9.202117708069069e-05,9.185007744928258e-05,9.185007744928257e-05,9.167897781787444e-05,robust_hit,6,3,2,N,False
nav_gain_4p5,False,main,6,24.200567998759375,0.0,0.0,3.5458832506167232e-06,2.3639221670779058e-07,24.21058774600731,24.21058774600731,0.0,0.0,0.9999084598312957,True,4.5,0.001373102530563534,0.0013713295889382256,0.0013695566473129173,35.0,16.0,[],True,9.154016870423561e-05,9.142197259588171e-05,9.142197259588171e-05,9.130377648752782e-05,robust_hit,6,3,2,N,False
nav_gain_4p5,False,main,6,26.130412697938397,0.0,0.0,4.128780655182152e-06,2.7525204367882187e-07,26.140687737094623,26.140687737094623,0.0,0.0,0.9999079321387123,True,4.5,0.0013810179193146262,0.0013789535289870352,0.001376889138659444,40.0,16.0,[],True,9.206786128764175e-05,9.193023526580233e-05,9.193023526580233e-05,9.179260924396293e-05,robust_hit,6,3,2,N,False
nav_gain_4p5,False,main,6,27.825550085537134,0.0,0.0,3.73820808095642e-06,2.492138720637532e-07,27.8353618326791,27.8353618326791,0.0,0.0,0.999907686537989,True,4.5,0.0013847019301645865,0.0013828328261241082,0.0013809637220836301,45.0,16.0,[],True,9.231346201097243e-05,9.218885507494055e-05,9.218885507494056e-05,9.206424813890868e-05,robust_hit,6,3,2,N,False
nav_gain_4p5,False,main,6,29.271855850518897,0.0,0.0,3.2566235873847296e-06,2.1710823915898378e-07,29.281207062940744,29.281207062940744,0.0,0.0,0.999907153692415,True,4.5,0.0013926946137748815,0.001391066301981189,0.0013894379901874968,50.0,16.0,[],True,9.28463075849921e-05,9.27377534654126e-05,9.273775346541261e-05,9.262919934583312e-05,robust_hit,6,3,2,N,False
nav_gain_4p5,False,main,6,30.41961635162856,0.0,0.0,1.5670565344642375e-06,1.0447043563094555e-07,30.427636922038772,30.427636922038772,0.0,0.0,0.9999078657803373,True,4.5,0.0013820132949404346,0.0013812297666732024,0.0013804462384059703,55.0,16.0,[],True,9.213421966269564e-05,9.208198444488016e-05,9.208198444488016e-05,9.202974922706469e-05,robust_hit,6,3,2,M,False
nav_gain_4p5,False,main,6,31.201678166421654,0.0,0.0,2.188493915262612e-07,1.4589959435081369e-08,31.207709221796424,31.207709221796424,0.0,0.0,0.9999080624453784,True,4.5,0.0013790633193228193,0.001378953894627056,0.001378844469931293,60.0,16.0,[],True,9.193755462152129e-05,9.193025964180375e-05,9.193025964180374e-05,9.19229646620862e-05,robust_hit,6,3,2,M,False
nav_gain_4p5,False,main,0,31.22466285087307,0.0,0.0,1.6100373159133596e-05,1.0733582200828096e-06,31.29013288265208,31.29013288265208,0.0,0.0,168.15140408958638,True,4.5,2537.271077444169,2537.271069393982,2537.2710613437957,65.0,16.0,[],True,169.1514051629446,169.15140462626547,169.1514046262655,169.15140408958638,robust_miss,6,3,2,O,False
nav_gain_4p5,False,main,0,29.275550425919903,0.0,0.0,3.233903225918766e-05,2.1559355900535593e-06,29.430697919318483,29.430697919318483,0.0,0.0,628.7499048998551,True,4.5,9446.24860583686,9446.248589667344,9446.248573497827,70.0,16.0,[],True,629.7499070557907,629.7499059778229,629.7499059778229,629.7499048998551,robust_miss,6,3,2,O,False
nav_gain_4p5,False,main,0,22.215785742365803,0.0,0.0,4.1712102756719105e-05,2.7808068807644304e-06,22.440497371325794,22.440497371325794,0.0,0.0,948.709187113246,True,4.5,14245.637848410794,14245.637827554741,14245.63780669869,75.0,16.0,[],True,949.7091898940529,949.7091885036494,949.7091885036494,949.709187113246,robust_miss,6,3,2,O,False
nav_gain_4p5,False,main,0,5.377799314976988,0.0,0.0,7.518969505326822e-05,5.012646170143853e-06,5.911551803900096,5.911551803900096,0.0,0.0,1049.3139641292241,True,4.5,15754.709537128056,15754.709499533208,15754.70946193836,80.0,16.0,[],True,1050.3139691418703,1050.313966635547,1050.3139666355473,1050.3139641292241,robust_miss,6,3,2,O,False
nav_gain_4p5,False,main,0,5.5957041754814245,0.0,0.0,0.00010050072705780622,6.7000485159951495e-06,5.653826730245268,5.653826730245268,0.0,0.0,1064.0828837716228,True,4.5,15976.24335707507,15976.243306824706,15976.243256574344,85.0,16.0,[],True,1065.0828904716714,1065.082887121647,1065.0828871216472,1065.0828837716228,robust_miss,6,3,2,O,False
nav_gain_4p5,False,main,0,0.0,0.0,0.0,0.00011414674918341916,7.609783324369346e-06,0.0,0.0,0.0,0.0,1065.6683487773873,True,4.5,16000.02534580756,16000.025288734185,16000.025231660811,90.0,16.0,[],True,1066.6683563871707,1066.6683525822789,1066.668352582279,1066.6683487773873,robust_miss,6,3,2,O,False
nav_gain_4p5,False,holdout,6,4.565441937755621,0.0,0.0,1.2141951799301935e-06,8.094634532867866e-08,6.110149793094851,6.110149793094851,0.0,0.0,0.9999091159115469,True,4.5,0.0013632613267969397,0.0013626542292069748,0.0013620471316170095,2.5,4.5,[],True,9.088408845312931e-05,9.084361528046498e-05,9.084361528046496e-05,9.080314210780063e-05,robust_hit,6,3,2,,False
nav_gain_4p5,False,holdout,6,11.214177107093311,0.0,0.0,4.636813030084366e-06,3.0912086867228923e-07,11.23170372890863,11.23170372890863,0.0,0.0,0.9999087675565859,True,4.5,0.0013684866512121737,0.0013661682446971316,0.0013638498381820894,7.5,4.5,[],True,9.123244341414492e-05,9.107788297980876e-05,9.107788297980877e-05,9.092332254547263e-05,robust_hit,6,3,2,,False
nav_gain_4p5,False,holdout,6,15.931702208732508,0.0,0.0,4.7963796497674065e-06,3.197586433178253e-07,15.957522505328845,15.957522505328845,0.0,0.0,0.999908727800071,True,4.5,0.001369082998934093,0.0013666848091092093,0.0013642866192843256,12.5,4.5,[],True,9.127219992893954e-05,9.111232060728064e-05,9.111232060728062e-05,9.095244128562171e-05,robust_hit,6,3,2,,False
nav_gain_4p5,False,holdout,6,20.40119414125677,0.0,0.0,9.67551302155081e-06,6.45034201436718e-07,20.434838476703543,20.434838476703543,0.0,0.0,0.9999075445914289,True,4.5,0.001386831128565063,0.0013819933720542875,0.0013771556155435121,17.5,4.5,[],True,9.24554085710042e-05,9.213289147028585e-05,9.213289147028583e-05,9.181037436956748e-05,robust_hit,6,3,2,,False
nav_gain_4p5,False,holdout,6,24.690852905531585,0.0,0.0,9.766519719213006e-06,6.511013146142004e-07,24.731186437961266,24.731186437961266,0.0,0.0,0.99990732861446,True,4.5,0.0013900707830999642,0.0013851875232403577,0.0013803042633807512,22.5,4.5,[],True,9.267138553999761e-05,9.234583488269051e-05,9.234583488269051e-05,9.202028422538341e-05,robust_hit,6,3,2,,False
nav_gain_4p5,False,holdout,6,28.76931791238425,0.0,0.0,6.506565179490321e-06,4.337710119660241e-07,28.818824492486375,28.818824492486375,0.0,0.0,0.9999081733057784,True,4.5,0.0013774004133241264,0.0013741471307343815,0.001370893848144636,27.5,4.5,[],True,9.182669422160843e-05,9.160980871562543e-05,9.160980871562543e-05,9.139292320964241e-05,robust_hit,6,3,2,,False
nav_gain_4p5,False,holdout,6,32.6194341353773,0.0,0.0,1.1386273055568122e-05,7.590848703711991e-07,32.67593120080099,32.67593120080099,0.0,0.0,0.9999056479645231,True,4.5,0.0014152805321537368,0.0014095873956259527,0.0014038942590981686,32.5,4.5,[],True,9.435203547691578e-05,9.397249304173018e-05,9.397249304173018e-05,9.359295060654458e-05,robust_hit,6,3,2,,False
nav_gain_4p5,False,holdout,6,34.99998440662087,0.0,0.12301587301587301,8.891364994735194e-06,5.927576663156841e-07,35.0,36.57593731257061,0.0,0.0,0.9999063151636554,True,4.5,0.0014052725451699916,0.001400826862672624,0.0013963811801752564,37.5,4.5,[],True,9.368483634466611e-05,9.338845751150826e-05,9.338845751150827e-05,9.309207867835042e-05,robust_hit,6,3,2,,False
nav_gain_4p5,False,holdout,6,34.99999999995773,0.0,0.26022304832713755,8.199128927069942e-06,5.466085951379943e-07,35.0,42.38527818484784,0.0,0.0,0.9999053596923245,True,4.5,0.0014196046151325353,0.0014155050506690003,0.0014114054862054653,42.5,4.5,[],True,9.464030767550235e-05,9.436700337793335e-05,9.436700337793335e-05,9.409369908036435e-05,robust_hit,6,3,2,,False
nav_gain_4p5,False,holdout,6,34.99999999999999,0.0,0.35,4.6268548810988325e-06,3.0845699207326363e-07,35.0,50.2067917121482,0.0,0.0,0.9999064329393943,True,4.5,0.0014035059090850516,0.0014011924816445022,0.0013988790542039527,47.5,4.5,[],True,9.356706060567011e-05,9.341283210963348e-05,9.341283210963347e-05,9.325860361359684e-05,robust_hit,6,3,2,,False
nav_gain_4p5,False,holdout,6,34.99999999999999,0.0,0.39509536784741145,2.5605709074625563e-06,1.707047271641641e-07,35.0,60.493377775447605,0.0,0.0,0.9999063984633738,True,4.5,0.0014040230493932912,0.00140274276393956,0.0014014624784858287,52.5,4.5,[],True,9.360153662621941e-05,9.351618426263734e-05,9.351618426263732e-05,9.343083189905525e-05,robust_hit,6,3,2,,False
nav_gain_4p5,False,holdout,0,34.99999999999999,0.0,0.38427947598253276,1.0381648429813595e-06,6.92109896061055e-08,35.0,74.34544409889718,0.0,0.0,0.45831074051945464,True,4.5,21.874662145956663,21.874661626874243,21.87466110779182,57.5,4.5,[],True,1.4583108097304442,1.4583107751249493,1.4583107751249496,1.4583107405194546,robust_miss,6,3,2,,False
nav_gain_4p5,False,holdout,0,34.99999999999999,0.0,0.4413265306122449,1.7364507584716193e-05,1.1576338323493474e-06,35.0,90.47606177123619,0.0,0.0,73.82052196344003,True,4.5,1122.307846816108,1122.3078381338541,1122.3078294516004,62.5,4.5,[],True,74.82052312107386,74.82052254225694,74.82052254225695,74.82052196344003,robust_miss,6,3,2,,False
nav_gain_4p5,False,holdout,0,34.99999999999999,0.0,0.4090909090909091,2.5480577733105747e-05,1.698705176522708e-06,35.0,97.31809138630385,0.0,0.0,139.36315194951737,True,4.5,2105.447304723338,2105.447291983049,2105.4472792427605,67.5,4.5,[],True,140.36315364822255,140.36315279886995,140.36315279886998,140.36315194951737,robust_miss,6,3,2,,False
nav_gain_4p5,False,holdout,0,34.9999999999983,0.0,0.3319327731092437,4.380874906928511e-05,2.920583256127429e-06,35.0,75.00576051980526,0.0,0.0,208.29853960462415,True,4.5,3139.4781378781113,3139.478115973737,3139.478094069362,72.5,4.5,[],True,209.2985425252074,209.29854106491578,209.29854106491578,209.29853960462415,robust_miss,6,3,2,,False
nav_gain_4p5,False,holdout,0,22.125169189611302,0.0,0.0,8.072720993368421e-05,5.381813991789386e-06,22.501662546023677,22.501662546023677,0.0,0.0,282.71115213793223,True,4.5,4255.667362796194,4255.667322432589,4255.667282068984,77.5,4.5,[],True,283.7111575197462,283.71115482883926,283.7111548288392,283.71115213793223,robust_miss,6,3,2,,False
nav_gain_4p5,False,holdout,0,3.132426992763927,0.0,0.0,0.00010355182075727498,6.9034547323099105e-06,3.43085481890746,3.43085481890746,0.0,0.0,296.83413241424313,True,4.5,4467.512089765468,4467.512037989557,4467.511986213647,82.5,4.5,[],True,297.83413931769786,297.8341358659705,297.8341358659705,297.83413241424313,robust_miss,6,3,2,,False
nav_gain_4p5,False,holdout,0,5.537035359115975,0.0,0.0,0.00011155341962876264,7.436894634338387e-06,5.931424835730347,5.931424835730347,0.0,0.0,298.7934180452966,True,4.5,4496.901382232869,4496.901326456159,4496.901270679449,87.5,4.5,[],True,299.79342548219125,299.79342176374394,299.79342176374394,299.7934180452966,robust_miss,6,3,2,,False
nav_gain_4p5,False,holdout,6,4.383929651506603,0.0,0.0,8.908861301459587e-07,5.9392408676401764e-08,6.1099069824854935,6.1099069824854935,0.0,0.0,0.9999091375953764,True,4.5,0.00136293606935407,0.001362490626288997,0.001362045183223924,2.5,5.5,[],True,9.086240462360467e-05,9.083270841926646e-05,9.083270841926647e-05,9.080301221492827e-05,robust_hit,6,3,2,,False
nav_gain_4p5,False,holdout,6,10.53308239306802,0.0,0.0,2.896194517724689e-06,1.9307963451496843e-07,10.54655245212158,10.54655245212158,0.0,0.0,0.9999089510947208,True,4.5,0.0013657335791879648,0.0013642854819291023,0.00136283738467024,7.5,5.5,[],True,9.104890527919765e-05,9.095236546194016e-05,9.095236546194016e-05,9.085582564468268e-05,robust_hit,6,3,2,,False
nav_gain_4p5,False,holdout,6,14.966234788101286,0.0,0.0,3.579320145006941e-06,2.3862134300046815e-07,14.98483706381919,14.98483706381919,0.0,0.0,0.9999088441854488,True,4.5,0.001367337218267866,0.0013655475581953625,0.001363757898122859,12.5,5.5,[],True,9.115581455119107e-05,9.103650387969082e-05,9.103650387969083e-05,9.09171932081906e-05,robust_hit,6,3,2,,False
nav_gain_4p5,False,holdout,6,19.14788380519264,0.0,0.0,4.129772127979244e-06,2.7531814186528925e-07,19.17330599008694,19.17330599008694,0.0,0.0,0.9999087221568853,True,4.5,0.0013691676467210755,0.001367102760657086,0.0013650378745930962,17.5,5.5,[],True,9.127784311473837e-05,9.114018404380572e-05,9.114018404380572e-05,9.100252497287308e-05,robust_hit,6,3,2,,False
nav_gain_4p5,False,holdout,6,23.130315210896434,0.0,0.0,5.523641775364088e-06,3.6824278502426983e-07,23.159943201556345,23.159943201556345,0.0,0.0,0.9999083294547564,True,4.5,0.0013750581786547006,0.0013722963577670185,0.0013695345368793365,22.5,5.5,[],True,9.167054524364671e-05,9.148642385113458e-05,9.148642385113458e-05,9.130230245862244e-05,robust_hit,6,3,2,,False
nav_gain_4p5,False,holdout,6,26.916240567810704,0.0,0.0,4.087702213284973e-06,2.72513480885673e-07,26.951400000747658,26.951400000747658,0.0,0.0,0.9999086022724052,True,4.5,0.0013709659139228764,0.0013689220628162338,0.0013668782117095915,27.5,5.5,[],True,9.139772759485843e-05,9.12614708544156e-05,9.12614708544156e-05,9.112521411397276e-05,robust_hit,6,3,2,,False
nav_gain_4p5,False,holdout,6,30.49081771341729,0.0,0.0,6.978273948538482e-06,4.652182632358979e-07,30.532882609450382,30.532882609450382,0.0,0.0,0.9999071863374269,True,4.5,0.0013922049385963686,0.0013887158016220992,0.00138522666464783,32.5,5.5,[],True,9.281366257309123e-05,9.258105344147329e-05,9.258105344147328e-05,9.234844430985534e-05,robust_hit,6,3,2,,False
nav_gain_4p5,False,holdout,6,33.84483540817792,0.0,0.0,6.940155952117307e-06,4.6267706347449616e-07,33.89007155762989,33.89007155762989,0.0,0.0,0.9999064342912317,True,4.5,0.001403485631523894,0.0014000155535478353,0.0013965454755717767,37.5,5.5,[],True,9.356570876825961e-05,9.333437023652236e-05,9.333437023652236e-05,9.310303170478511e-05,robust_hit,6,3,2,,False
nav_gain_4p5,False,holdout,6,34.99999992263641,0.0,0.14153846153846153,4.1579382342536025e-06,2.771958822835762e-07,35.0,37.68634527702406,0.0,0.0,0.9999078603379403,True,4.5,0.001382094930894775,0.0013800159617776483,0.0013779369926605215,42.5,5.5,[],True,9.213966205965167e-05,9.200106411850989e-05,9.200106411850987e-05,9.186246617736809e-05,robust_hit,6,3,2,,False
nav_gain_4p5,False,holdout,6,34.99999999999975,0.0,0.22950819672131148,2.54291572762428e-06,1.695277151749484e-07,35.0,43.25484942418626,0.0,0.0,0.9999083989384218,True,4.5,0.0013740159236729048,0.0013727444658090924,0.0013714730079452805,47.5,5.5,[],True,9.160106157819365e-05,9.151629772060618e-05,9.151629772060618e-05,9.14315338630187e-05,robust_hit,6,3,2,,False
nav_gain_4p5,False,holdout,6,34.99999999999999,0.0,0.27790432801822323,3.0471715569315837e-06,2.031447704621092e-07,35.0,50.34727456416238,0.0,0.0,0.9999065374582475,True,4.5,0.0014019381262866185,0.0014004145405081528,0.0013988909547296869,52.5,5.5,[],True,9.346254175244123e-05,9.336096936721017e-05,9.336096936721017e-05,9.325939698197912e-05,robust_hit,6,3,2,,False
nav_gain_4p5,False,holdout,6,34.99999999999999,0.0,0.27171903881700554,8.010231718320014e-07,5.3401544788801e-08,35.0,58.94617145688033,0.0,0.0,0.999906852854528,True,4.5,0.001397207182080218,0.001396806670494302,0.001396406158908386,57.5,5.5,[],True,9.314714547201453e-05,9.312044469962013e-05,9.312044469962012e-05,9.309374392722573e-05,robust_hit,6,3,2,,False
nav_gain_4p5,False,holdout,0,34.99999999999999,0.0,0.28647686832740216,1.2840740396313777e-05,8.560493611753373e-07,35.0,68.70969388344578,0.0,0.0,58.66601799570425,True,4.5,894.9902827763042,894.9902763559339,894.9902699355638,62.5,5.5,[],True,59.66601885175361,59.66601842372893,59.66601842372893,59.66601799570425,robust_miss,6,3,2,,False
nav_gain_4p5,False,holdout,0,34.99999999999999,0.0,0.3366093366093366,2.565710428825696e-05,1.7104736116380082e-06,35.0,72.15112815048747,0.0,0.0,165.4592821860515,True,4.5,2496.8892584478767,2496.889245619325,2496.8892327907724,67.5,5.5,[],True,166.4592838965251,166.4592830412883,166.4592830412883,166.4592821860515,robust_miss,6,3,2,,False
nav_gain_4p5,False,holdout,0,34.999999999999154,0.0,0.28321678321678323,3.6040427403349895e-05,2.4026951450650813e-06,35.0,63.104946162624415,0.0,0.0,255.2605635427616,True,4.5,3843.908489181851,3843.9084711616374,3843.9084531414237,72.5,5.5,[],True,256.26056594545673,256.26056474410916,256.26056474410916,256.2605635427616,robust_miss,6,3,2,,False
nav_gain_4p5,False,holdout,0,21.929785510323526,0.0,0.0,7.703401570324786e-05,5.135601043093629e-06,22.10755300016545,22.10755300016545,0.0,0.0,345.94770244682724,True,4.5,5204.2156137364245,5204.215575219417,5204.215536702409,77.5,5.5,[],True,346.9477075824283,346.94770501462773,346.9477050146278,346.94770244682724,robust_miss,6,3,2,,False
nav_gain_4p5,False,holdout,0,3.3194201446779026,0.0,0.0,0.00010181195193581516,6.787463462387677e-06,3.5041517472433,3.5041517472433,0.0,0.0,363.1585664710991,True,4.5,5462.378598878438,5462.378547972462,5462.3784970664865,82.5,5.5,[],True,364.15857325856257,364.1585698648308,364.15856986483084,364.1585664710991,robust_miss,6,3,2,,False
nav_gain_4p5,False,holdout,0,5.746414049063084,0.0,0.0,0.00011122177966171876,7.414785272885638e-06,6.038235890037948,6.038235890037948,0.0,0.0,365.43645311500734,True,4.5,5496.546907946889,5496.546852336,5496.54679672511,87.5,5.5,[],True,366.4364605297926,366.4364568224,366.4364568224,366.43645311500734,robust_miss,6,3,2,,False
nav_gain_4p5,False,holdout,6,4.609827159972092,0.0,0.0,9.353748455346884e-07,6.235832303564499e-08,6.10960288164251,6.10960288164251,0.0,0.0,0.9999091347351533,True,4.5,0.0013629789726996664,0.001362511285276899,0.0013620435978541317,2.5,6.5,[],True,9.086526484664443e-05,9.083408568512661e-05,9.083408568512661e-05,9.080290652360879e-05,robust_hit,6,3,2,,False
nav_gain_4p5,False,holdout,6,10.090364510313877,0.0,0.0,1.2759229814248135e-06,8.506153209499479e-08,10.101017063101141,10.101017063101141,0.0,0.0,0.999909105921526,True,4.5,0.001363411177108751,0.0013627732156180385,0.0013621352541273262,7.5,6.5,[],True,9.089407847391674e-05,9.085154770786923e-05,9.085154770786924e-05,9.080901694182174e-05,robust_hit,6,3,2,,False
nav_gain_4p5,False,holdout,6,14.362090781568023,0.0,0.0,3.833143138037625e-06,2.555428758691669e-07,14.377704552434853,14.377704552434853,0.0,0.0,0.9999086936672913,True,4.5,0.001369594990630963,0.001367678419061944,0.0013657618474929253,12.5,6.5,[],True,9.130633270873086e-05,9.117856127079627e-05,9.117856127079628e-05,9.105078983286169e-05,robust_hit,6,3,2,,False
nav_gain_4p5,False,holdout,6,18.339942665643502,0.0,0.0,2.5397432632269772e-06,1.6931621754846153e-07,18.360037905900388,18.360037905900388,0.0,0.0,0.9999089262209168,True,4.5,0.0013661066862490875,0.0013648368146174739,0.0013635669429858605,17.5,6.5,[],True,9.107377908327249e-05,9.098912097449826e-05,9.098912097449826e-05,9.090446286572403e-05,robust_hit,6,3,2,,False
nav_gain_4p5,False,holdout,6,22.097646885171052,0.0,0.0,5.872224138717e-06,3.914816092477928e-07,22.121930899194624,22.121930899194624,0.0,0.0,0.9999079343233649,True,4.5,0.0013809851495268045,0.0013780490374574461,0.0013751129253880875,22.5,6.5,[],True,9.20656766351203e-05,9.18699358304964e-05,9.18699358304964e-05,9.16741950258725e-05,robust_hit,6,3,2,,False
nav_gain_4p5,False,holdout,6,25.659546254577865,0.0,0.0,6.594174111008554e-06,4.396116074005757e-07,25.688891628223754,25.688891628223754,0.0,0.0,0.9999074345500992,True,4.5,0.0013884817485113833,0.001385184661455879,0.0013818875744003747,27.5,6.5,[],True,9.256544990075889e-05,9.23456440970586e-05,9.23456440970586e-05,9.212583829335832e-05,robust_hit,6,3,2,,False
nav_gain_4p5,False,holdout,6,29.016898868351948,0.0,0.0,3.737802320806765e-06,2.4918682138711315e-07,29.048995766747712,29.048995766747712,0.0,0.0,0.9999084897119123,True,4.5,0.0013726543213161428,0.0013707854201557394,0.001368916518995336,32.5,6.5,[],True,9.151028808774285e-05,9.13856946770493e-05,9.138569467704929e-05,9.126110126635574e-05,robust_hit,6,3,2,,False
nav_gain_4p5,False,holdout,6,32.15886977378005,0.0,0.0,6.335636854731385e-06,4.223757903154275e-07,32.194484257964284,32.194484257964284,0.0,0.0,0.9999068582448243,True,4.5,0.0013971263276363526,0.001393958509208987,0.0013907906907816212,37.5,6.5,[],True,9.314175517575684e-05,9.293056728059913e-05,9.293056728059913e-05,9.271937938544142e-05,robust_hit,6,3,2,,False
nav_gain_4p5,False,holdout,6,34.99456636180885,0.0,0.025380710659898477,4.790811717323741e-06,3.1938744782158274e-07,35.0,35.11868627371712,0.0,0.0,0.9999074186105026,True,4.5,0.0013887208424606067,0.0013863254366019448,0.001383930030743283,42.5,6.5,[],True,9.258138949737378e-05,9.242169577346298e-05,9.242169577346299e-05,9.22620020495522e-05,robust_hit,6,3,2,,False
nav_gain_4p5,False,holdout,6,34.99999999983067,0.0,0.14446952595936793,3.405023699883363e-06,2.270015799922233e-07,35.0,39.14820621144048,0.0,0.0,0.9999078207936032,True,4.5,0.0013826880959513844,0.0013809855841014427,0.001379283072251501,47.5,6.5,[],True,9.217920639675896e-05,9.206570560676286e-05,9.206570560676286e-05,9.195220481676674e-05,robust_hit,6,3,2,,False
nav_gain_4p5,False,holdout,6,34.99999999999999,0.0,0.19694072657743786,3.256333102185467e-06,2.1708887347903925e-07,35.0,44.46081077906389,0.0,0.0,0.9999065471950577,True,4.5,0.0014017920741354983,0.0014001639075844055,0.0013985357410333128,52.5,6.5,[],True,9.345280494236656e-05,9.334426050562703e-05,9.334426050562703e-05,9.323571606888752e-05,robust_hit,6,3,2,,False
nav_gain_4p5,False,holdout,6,34.99999999999999,0.0,0.20125786163522014,1.3195477023891442e-06,8.796984682593752e-08,35.0,50.686088132145194,0.0,0.0,0.9999066036150334,True,4.5,0.0014009457744996972,0.0014002860006485027,0.001399626226797308,57.5,6.5,[],True,9.339638496664648e-05,9.335240004323351e-05,9.335240004323351e-05,9.330841511982054e-05,robust_hit,6,3,2,,False
nav_gain_4p5,False,holdout,0,34.99999999999999,0.0,0.19041095890410958,8.51034894822078e-06,5.673565937058811e-07,35.0,57.29270605345208,0.0,0.0,35.07426382798178,True,4.5,541.1139659300757,541.1139616749011,541.1139574197267,62.5,6.5,[],True,36.074264395338375,36.07426411166008,36.07426411166008,36.07426382798178,robust_miss,6,3,2,,False
nav_gain_4p5,False,holdout,0,34.99999999999999,0.0,0.2532588454376164,2.458125663906685e-05,1.6387504331305536e-06,35.0,62.038410027728965,0.0,0.0,182.61543067295986,True,4.5,2754.2314846756544,2754.2314723850263,2754.231460094398,67.5,6.5,[],True,183.6154323117103,183.6154314923351,183.61543149233506,183.61543067295986,robust_miss,6,3,2,,False
nav_gain_4p5,False,holdout,0,34.9999999999996,0.0,0.23837209302325582,3.412857586226892e-05,2.2752383870283666e-06,35.0,51.9514816011921,0.0,0.0,303.6748489150394,True,4.5,4570.122767854166,4570.122750789878,4570.1227337255905,72.5,6.5,[],True,304.67485119027776,304.67485005265854,304.6748500526586,304.6748489150394,robust_miss,6,3,2,,False
nav_gain_4p5,False,holdout,0,21.289915739647437,0.0,0.0,7.389988968498074e-05,4.926659300963365e-06,21.51418648319259,21.51418648319259,0.0,0.0,409.67177526345,True,4.5,6160.076702851639,6160.0766659016945,6160.07662895175,77.5,6.5,[],True,410.6717801901093,410.6717777267797,410.6717777267796,410.67177526345,robust_miss,6,3,2,,False
nav_gain_4p5,False,holdout,0,3.5521371373438613,0.0,0.0,0.00010019439469033387,6.679626324057608e-06,3.6762127319912135,3.6762127319912135,0.0,0.0,429.493317237075,True,4.5,6457.39985875052,6457.399808653322,6457.399758556126,82.5,6.5,[],True,430.49332391670134,430.4933205768882,430.4933205768882,430.493317237075,robust_miss,6,3,2,,False
nav_gain_4p5,False,holdout,0,5.804055690165011,0.0,0.0,0.0001109012337110471,7.393415557999106e-06,6.035446380714262,6.035446380714262,0.0,0.0,432.0835411241477,True,4.5,6496.253227763449,6496.253172312831,6496.253116862215,87.5,6.5,[],True,433.08354851756326,433.0835448208555,433.0835448208555,433.0835411241477,robust_miss,6,3,2,,False
nav_gain_4p5,False,holdout,6,4.782848508932904,0.0,0.0,7.060612053670038e-07,4.7070747024457885e-08,6.109333234352313,6.109333234352313,0.0,0.0,0.999909150604948,True,4.5,0.001362740925779966,0.0013623878951772826,0.001362034864574599,2.5,7.5,[],True,9.084939505199773e-05,9.08258596784855e-05,9.08258596784855e-05,9.080232430497327e-05,robust_hit,6,3,2,,False
nav_gain_4p5,False,holdout,6,9.759857552581531,0.0,0.0,1.2555036286859833e-06,8.370024191239347e-08,9.768691793706727,9.768691793706727,0.0,0.0,0.9999091061778478,True,4.5,0.0013634073322832997,0.0013627795804689567,0.0013621518286546137,7.5,7.5,[],True,9.089382215221997e-05,9.085197203126378e-05,9.085197203126378e-05,9.081012191030758e-05,robust_hit,6,3,2,,False
nav_gain_4p5,False,holdout,6,13.962975790045054,0.0,0.0,3.3805957594984677e-06,2.2537305063322305e-07,13.975573733515828,13.975573733515828,0.0,0.0,0.9999087822866304,True,4.5,0.001368265700543863,0.0013665754026641137,0.0013648851047843645,12.5,7.5,[],True,9.121771336959086e-05,9.110502684427426e-05,9.110502684427424e-05,9.099234031895764e-05,robust_hit,6,3,2,,False
nav_gain_4p5,False,holdout,6,17.754944022922196,0.0,0.0,3.333588230075438e-06,2.2223921533835983e-07,17.771192855986747,17.771192855986747,0.0,0.0,0.9999087710825397,True,4.5,0.001368433761904355,0.0013667669677893174,0.0013651001736742796,17.5,7.5,[],True,9.122891746029033e-05,9.111779785262114e-05,9.111779785262114e-05,9.100667824495197e-05,robust_hit,6,3,2,,False
nav_gain_4p5,False,holdout,6,21.354554050609153,0.0,0.0,5.8505970480626345e-06,3.9003980320417744e-07,21.375038424265256,21.375038424265256,0.0,0.0,0.9999079398174804,True,4.5,0.0013809027377946809,0.0013779774392706494,0.0013750521407466182,22.5,7.5,[],True,9.206018251964539e-05,9.186516261804331e-05,9.18651626180433e-05,9.167014271644121e-05,robust_hit,6,3,2,,False
nav_gain_4p5,False,holdout,6,24.734962759513575,0.0,0.0,3.0485394883076125e-06,2.0323596588716784e-07,24.758044252831663,24.758044252831663,0.0,0.0,0.999908764679535,True,4.5,0.0013685298069735017,0.001367005537229348,0.0013654812674851941,27.5,7.5,[],True,9.123532046490012e-05,9.113370248195653e-05,9.113370248195653e-05,9.103208449901295e-05,robust_hit,6,3,2,,False
nav_gain_4p5,False,holdout,6,27.908256734761338,0.0,0.0,6.358109972691905e-06,4.2387399817945853e-07,27.93492769035995,27.93492769035995,0.0,0.0,0.9999072648027324,True,4.5,0.001391027959014057,0.0013878489040277109,0.001384669849041365,32.5,7.5,[],True,9.27351972676038e-05,9.252326026851407e-05,9.252326026851407e-05,9.231132326942434e-05,robust_hit,6,3,2,,False
nav_gain_4p5,False,holdout,6,30.868468979505813,0.0,0.0,5.997884538750612e-06,3.9985896925005164e-07,30.897869396091554,30.897869396091554,0.0,0.0,0.9999070698633333,True,4.5,0.0013939520499997257,0.0013909531077303504,0.001387954165460975,37.5,7.5,[],True,9.293013666664838e-05,9.273020718202336e-05,9.273020718202336e-05,9.253027769739833e-05,robust_hit,6,3,2,,False
nav_gain_4p5,False,holdout,6,33.60483042052291,0.0,0.0,3.617110437654711e-06,2.411406958436474e-07,33.63612421942993,33.63612421942993,0.0,0.0,0.9999081428754881,True,4.5,0.0013778568676787273,0.0013760483124599001,0.0013742397572410726,42.5,7.5,[],True,9.185712451191515e-05,9.173655416399333e-05,9.173655416399333e-05,9.16159838160715e-05,robust_hit,6,3,2,,False
nav_gain_4p5,False,holdout,6,34.999999660458556,0.0,0.07765151515151515,4.141874106850527e-06,2.761249404566982e-07,35.0,36.451492264752666,0.0,0.0,0.9999071646801905,True,4.5,0.0013925297971427563,0.0013904588600893312,0.0013883879230359058,47.5,7.5,[],True,9.283531980951709e-05,9.269725733928874e-05,9.269725733928874e-05,9.255919486906039e-05,robust_hit,6,3,2,,False
nav_gain_4p5,False,holdout,6,34.999999999999815,0.0,0.13658536585365855,3.044343450068522e-06,2.0295623000457085e-07,35.0,40.49987342910527,0.0,0.0,0.9999070101159503,True,4.5,0.0013948482607454588,0.0013933260890204243,0.0013918039172953903,52.5,7.5,[],True,9.298988404969726e-05,9.288840593469498e-05,9.288840593469497e-05,9.278692781969269e-05,robust_hit,6,3,2,,False
nav_gain_4p5,False,holdout,6,34.99999999999999,0.0,0.15135135135135136,1.2959650093715726e-06,8.639766729142914e-08,35.0,45.23647238332351,0.0,0.0,0.9999074170327069,True,4.5,0.0013887445093956699,0.001388096526890984,0.0013874485443862983,57.5,7.5,[],True,9.258296729304466e-05,9.253976845939893e-05,9.253976845939894e-05,9.249656962575323e-05,robust_hit,6,3,2,,False
nav_gain_4p5,False,holdout,0,34.99999999999999,0.0,0.13498312710911137,5.1213946221650986e-06,3.4142630767064475e-07,35.0,50.0796287809168,0.0,0.0,14.592714808270449,True,4.5,233.89072724545136,233.89072468475402,233.89072212405674,62.5,7.5,[],True,15.592715149696756,15.592714978983603,15.592714978983603,15.592714808270449,robust_miss,6,3,2,,False
nav_gain_4p5,False,holdout,0,34.99999999999999,0.0,0.17933130699088146,2.3777565729687922e-05,1.5851710486458614e-06,35.0,53.49779892869486,0.0,0.0,197.89759851012852,True,4.5,2983.4640014294937,2983.463989540711,2983.463977651928,67.5,7.5,[],True,198.89760009529957,198.89759930271404,198.89759930271404,198.89759851012852,robust_miss,6,3,2,,False
nav_gain_4p5,False,holdout,0,34.9999999999996,0.0,0.19852941176470587,3.463450320850825e-05,2.308966884356778e-06,35.0,44.29313611297072,0.0,0.0,352.94036473642217,True,4.5,5309.105505680835,5309.105488363583,5309.105471046332,72.5,7.5,[],True,353.94036704538905,353.94036589090564,353.9403658909056,353.94036473642217,robust_miss,6,3,2,,False
nav_gain_4p5,False,holdout,0,20.82563972189565,0.0,0.0,7.109204580046935e-05,4.739469716241729e-06,21.028498669194803,21.028498669194803,0.0,0.0,473.521191470286,True,4.5,7117.817943146336,7117.817907600313,7117.81787205429,77.5,7.5,[],True,474.5211962097557,474.5211938400209,474.5211938400208,474.521191470286,robust_miss,6,3,2,,False
nav_gain_4p5,False,holdout,0,3.7730742193235223,0.0,0.0,9.868145934888162e-05,6.578763930065179e-06,3.861209294189372,3.861209294189372,0.0,0.0,495.83617023189214,True,4.5,7452.542652159841,7452.542602819111,7452.542553478382,82.5,7.5,[],True,496.83617681065607,496.8361735212741,496.8361735212741,496.83617023189214,robust_miss,6,3,2,,False
nav_gain_4p5,False,holdout,0,5.859143629276911,0.0,0.0,0.00011067116611229721,7.378077782504988e-06,6.049613615885174,6.049613615885174,0.0,0.0,498.73382327937765,True,4.5,7496.007459861831,7496.007404526248,7496.007349190665,87.5,7.5,[],True,499.7338306574554,499.7338269684165,499.73382696841657,499.73382327937765,robust_miss,6,3,2,,False
nav_gain_4p5,False,holdout,6,4.917835246876903,0.0,0.0,5.547720776130464e-07,3.698480517420129e-08,6.109063381120345,6.109063381120345,0.0,0.0,0.9999091601475922,True,4.5,0.0013625977861169282,0.0013623204000781217,0.0013620430140393151,2.5,8.5,[],True,9.083985240779522e-05,9.082136000520813e-05,9.082136000520812e-05,9.080286760262102e-05,robust_hit,6,3,2,,False
nav_gain_4p5,False,holdout,6,9.528345254597452,0.0,0.0,2.2329555658011976e-06,1.4886370438675102e-07,9.536103126282894,9.536103126282894,0.0,0.0,0.9999089908606063,True,4.5,0.0013651370909056409,0.0013640206131227404,0.0013629041353398397,7.5,8.5,[],True,9.10091393937094e-05,9.093470754151602e-05,9.093470754151602e-05,9.086027568932264e-05,robust_hit,6,3,2,,False
nav_gain_4p5,False,holdout,6,13.685008391630864,0.0,0.0,3.112623618691619e-06,2.0750824124610612e-07,13.696099262788435,13.696099262788435,0.0,0.0,0.9999088357000382,True,4.5,0.0013674644994263272,0.0013659081876169815,0.0013643518758076356,12.5,8.5,[],True,9.116429996175515e-05,9.106054584113211e-05,9.10605458411321e-05,9.095679172050905e-05,robust_hit,6,3,2,,False
nav_gain_4p5,False,holdout,6,17.31703839866747,0.0,0.0,4.726835136581236e-06,3.151223424387509e-07,17.331398323619336,17.331398323619336,0.0,0.0,0.9999084122067875,True,4.5,0.001373816898188008,0.0013714534806197175,0.0013690900630514268,17.5,8.5,[],True,9.158779321253387e-05,9.143023204131449e-05,9.143023204131449e-05,9.127267087009512e-05,robust_hit,6,3,2,,False
nav_gain_4p5,False,holdout,6,20.77941033280093,0.0,0.0,4.515472919435024e-06,3.0103152796233856e-07,20.79665022457178,20.79665022457178,0.0,0.0,0.9999084131026226,True,4.5,0.0013738034606614487,0.001371545724201731,0.0013692879877420137,22.5,8.5,[],True,9.158689737742992e-05,9.143638161344875e-05,9.143638161344875e-05,9.128586584946758e-05,robust_hit,6,3,2,,False
nav_gain_4p5,False,holdout,6,24.00949311737009,0.0,0.0,3.935193079953768e-06,2.6234620533025117e-07,24.02923231425142,24.02923231425142,0.0,0.0,0.9999085152539648,True,4.5,0.0013722711905274413,0.0013703035939874643,0.0013683359974474875,27.5,8.5,[],True,9.148474603516274e-05,9.135357293249762e-05,9.135357293249762e-05,9.122239982983249e-05,robust_hit,6,3,2,,False
nav_gain_4p5,False,holdout,6,27.024453281764917,0.0,0.0,6.013584834514826e-06,4.009056556343181e-07,27.04702023079982,27.04702023079982,0.0,0.0,0.9999074498338159,True,4.5,0.001388252492763016,0.0013852457003457584,0.001382238907928501,32.5,8.5,[],True,9.255016618420106e-05,9.234971335638391e-05,9.23497133563839e-05,9.214926052856674e-05,robust_hit,6,3,2,,False
nav_gain_4p5,False,holdout,6,29.825302629052352,0.0,0.0,4.65526646454455e-06,3.1035109763630426e-07,29.8507360087554,29.8507360087554,0.0,0.0,0.9999078798407973,True,4.5,0.0013818023880406065,0.0013794747548083342,0.001377147121576062,37.5,8.5,[],True,9.21201592027071e-05,9.196498365388895e-05,9.196498365388894e-05,9.180980810507079e-05,robust_hit,6,3,2,,False
nav_gain_4p5,False,holdout,6,32.403349820173936,0.0,0.0,2.9369181961673603e-06,1.9579454641114832e-07,32.43016039830188,32.43016039830188,0.0,0.0,0.9999084743647997,True,4.5,0.0013728845280052066,0.0013714160689071227,0.0013699476098090393,42.5,8.5,[],True,9.15256352003471e-05,9.142773792714153e-05,9.142773792714153e-05,9.132984065393595e-05,robust_hit,6,3,2,,False
nav_gain_4p5,False,holdout,6,34.73804956112664,0.0,0.0,2.5700600693181423e-06,1.713373379545356e-07,34.76595919045775,34.76595919045775,0.0,0.0,0.9999083800353736,True,4.5,0.0013742994693949928,0.0013730144393603336,0.0013717294093256746,47.5,8.5,[],True,9.161996462633285e-05,9.153429595735558e-05,9.153429595735558e-05,9.144862728837831e-05,robust_hit,6,3,2,,False
nav_gain_4p5,False,holdout,6,34.999999999808026,0.0,0.08835904628330996,2.837234398420053e-06,1.891489598946657e-07,35.0,37.66251719793454,0.0,0.0,0.9999073281674453,True,4.5,0.0013900774883198695,0.0013886588711206594,0.0013872402539214495,52.5,8.5,[],True,9.267183255465797e-05,9.257725807471063e-05,9.257725807471063e-05,9.24826835947633e-05,robust_hit,6,3,2,,False
nav_gain_4p5,False,holdout,6,34.99999999999999,0.0,0.11398354876615746,1.3190158649515563e-06,8.793439099677404e-08,35.0,41.309265454948985,0.0,0.0,0.9999076089814418,True,4.5,0.0013858652783725943,0.0013852057704401184,0.0013845462625076427,57.5,8.5,[],True,9.239101855817296e-05,9.234705136267457e-05,9.234705136267457e-05,9.230308416717619e-05,robust_hit,6,3,2,,False
nav_gain_4p5,False,holdout,0,34.99999999999999,0.0,0.0989433237271854,2.75877905409061e-06,1.8391860390210013e-07,35.0,44.95785684576912,0.0,0.0,3.1565043974205764,True,4.5,62.3475687200877,62.34756734069817,62.347565961308646,62.5,8.5,[],True,4.15650458133918,4.156504489379878,4.156504489379879,4.156504397420576,robust_miss,6,3,2,,False
nav_gain_4p5,False,holdout,0,34.99999999999999,0.0,0.12373737373737374,2.2841519694338785e-05,1.5227679739382438e-06,35.0,47.345980677500755,0.0,0.0,208.43885470987883,True,4.5,3141.582843489702,3141.582832068942,3141.5828206481824,67.5,8.5,[],True,209.4388562326468,209.43885547126283,209.4388554712628,209.43885470987883,robust_miss,6,3,2,,False
nav_gain_4p5,False,holdout,0,34.999999998612864,0.0,0.12153518123667377,3.492783525871346e-05,2.3285223278435296e-06,35.0,40.39356497083181,0.0,0.0,401.7599176595222,True,4.5,6041.3987998206685,6041.398782356751,6041.398764892833,72.5,8.5,[],True,402.75991998804454,402.7599188237834,402.7599188237834,402.7599176595222,robust_miss,6,3,2,,False
nav_gain_4p5,False,holdout,0,20.70929581195621,0.0,0.0,6.816606037318707e-05,4.5444039642461576e-06,20.89480207432106,20.89480207432106,0.0,0.0,536.9765229539893,True,4.5,8069.647912475899,8069.647878392869,8069.647844309839,77.5,8.5,[],True,537.9765274983932,537.9765252261913,537.9765252261913,537.9765229539893,robust_miss,6,3,2,,False
nav_gain_4p5,False,holdout,0,3.9693657875932646,0.0,0.0,9.725633390189614e-05,6.483755669250968e-06,4.03455804012033,4.03455804012033,0.0,0.0,562.1859080932924,True,4.5,8447.78871865572,8447.788670027554,8447.788621399386,82.5,8.5,[],True,563.185914577048,563.1859113351702,563.1859113351702,563.1859080932924,robust_miss,6,3,2,,False
nav_gain_4p5,False,holdout,0,5.908713641252029,0.0,0.0,0.00011052718036808074,7.368478691205382e-06,6.070231904480192,6.070231904480192,0.0,0.0,565.3865574710252,True,4.5,8495.798472592558,8495.798417328968,8495.798362065378,87.5,8.5,[],True,566.3865648395039,566.3865611552645,566.3865611552645,566.3865574710252,robust_miss,6,3,2,,False
nav_gain_4p5,False,holdout,6,5.024533201943404,0.0,0.0,7.611502797679609e-07,5.0743351984528016e-08,6.108796234717432,6.108796234717432,0.0,0.0,0.9999091468621031,True,4.5,0.0013627970684537574,0.0013624164933138734,0.0013620359181739895,2.5,9.5,[],True,9.085313789691716e-05,9.08277662209249e-05,9.08277662209249e-05,9.080239454493263e-05,robust_hit,6,3,2,,False
nav_gain_4p5,False,holdout,6,9.351340507033573,0.0,0.0,1.452416597825341e-06,9.682777318836691e-08,9.358130339473504,9.358130339473504,0.0,0.0,0.9999090866932908,True,4.5,0.0013636996006380197,0.0013629733923391071,0.0013622471840401943,7.5,9.5,[],True,9.091330670920132e-05,9.086489282260714e-05,9.086489282260714e-05,9.081647893601295e-05,robust_hit,6,3,2,,False
nav_gain_4p5,False,holdout,6,13.468994122793639,0.0,0.0,3.3982823724192264e-06,2.2655215816128266e-07,13.478577821043238,13.478577821043238,0.0,0.0,0.999908778348028,True,4.5,0.001368324779579806,0.0013666256383935965,0.0013649264972073868,12.5,9.5,[],True,9.122165197198707e-05,9.110837589290644e-05,9.110837589290644e-05,9.099509981382579e-05,robust_hit,6,3,2,,False
nav_gain_4p5,False,holdout,6,16.983809380678156,0.0,0.0,4.650600328834744e-06,3.1004002192231534e-07,16.996074266011306,16.996074266011306,0.0,0.0,0.9999084340002253,True,4.5,0.0013734899966205436,0.0013711646964561263,0.0013688393962917088,17.5,9.5,[],True,9.156599977470291e-05,9.141097976374176e-05,9.141097976374176e-05,9.125595975278059e-05,robust_hit,6,3,2,,False
nav_gain_4p5,False,holdout,6,20.303434880789975,0.0,0.0,5.244051886269321e-06,3.49603459084616e-07,20.318144698166332,20.318144698166332,0.0,0.0,0.999908165955902,True,4.5,0.001377510661470116,0.0013748886355269814,0.0013722666095838467,22.5,9.5,[],True,9.183404409800773e-05,9.165924236846542e-05,9.165924236846542e-05,9.148444063892312e-05,robust_hit,6,3,2,,False
nav_gain_4p5,False,holdout,6,23.413627735952282,0.0,0.0,5.313051824843091e-06,3.542034549895403e-07,23.430453849636397,23.430453849636397,0.0,0.0,0.9999080108227112,True,4.5,0.0013798376593315486,0.0013771811334191272,0.0013745246075067055,27.5,9.5,[],True,9.19891772887699e-05,9.181207556127514e-05,9.181207556127513e-05,9.163497383378036e-05,robust_hit,6,3,2,,False
nav_gain_4p5,False,holdout,6,26.289058593035485,0.0,0.0,5.821941105855176e-06,3.8812940705702076e-07,26.30876093997734,26.30876093997734,0.0,0.0,0.999907545594212,True,4.5,0.0013868160868189523,0.0013839051162660247,0.0013809941457130972,32.5,9.5,[],True,9.245440578793016e-05,9.226034108440165e-05,9.226034108440165e-05,9.206627638087314e-05,robust_hit,6,3,2,,False
nav_gain_4p5,False,holdout,6,28.950079198844197,0.0,0.0,5.046828960649126e-06,3.364552640432796e-07,28.971231135826258,28.971231135826258,0.0,0.0,0.9999076452548796,True,4.5,0.0013853211768055063,0.0013827977623251818,0.0013802743478448572,37.5,9.5,[],True,9.235474512036709e-05,9.218651748834544e-05,9.218651748834546e-05,9.201828985632381e-05,robust_hit,6,3,2,,False
nav_gain_4p5,False,holdout,6,31.3874202342139,0.0,0.0,4.85155695520911e-06,3.234371303472767e-07,31.40918690726105,31.40918690726105,0.0,0.0,0.9999072777248503,True,4.5,0.0013908341272452955,0.001388408348767691,0.0013859825702900864,42.5,9.5,[],True,9.272227514968637e-05,9.256055658451274e-05,9.256055658451274e-05,9.23988380193391e-05,robust_hit,6,3,2,,False
nav_gain_4p5,False,holdout,6,33.58169697480078,0.0,0.0,3.920788473303063e-06,2.6138589822021505e-07,33.60422820379342,33.60422820379342,0.0,0.0,0.9999072945875994,True,4.5,0.001390581186008794,0.0013886207917721426,0.001386660397535491,47.5,9.5,[],True,9.270541240058627e-05,9.257471945147616e-05,9.257471945147616e-05,9.244402650236605e-05,robust_hit,6,3,2,,False
nav_gain_4p5,False,holdout,6,34.99999603609433,0.0,0.039119804400977995,2.2785353805373013e-06,1.5190235870249488e-07,35.0,35.63238203279848,0.0,0.0,0.9999079750718664,True,4.5,0.0013803739220044856,0.0013792346543142168,0.0013780953866239483,52.5,9.5,[],True,9.202492813363238e-05,9.194897695428114e-05,9.194897695428113e-05,9.187302577492989e-05,robust_hit,6,3,2,,False
nav_gain_4p5,False,holdout,6,34.999999999999645,0.0,0.08367768595041322,1.3288618326225046e-06,8.859078884150301e-08,35.0,38.3578504505331,0.0,0.0,0.9999076774324073,True,4.5,0.0013848385138903769,0.0013841740829740655,0.0013835096520577544,57.5,9.5,[],True,9.232256759269179e-05,9.227827219827103e-05,9.227827219827103e-05,9.223397680385029e-05,robust_hit,6,3,2,,False
nav_gain_4p5,False,holdout,6,34.999999999999936,0.0,0.07226890756302522,1.7072615615676412e-07,1.138174374540335e-08,35.0,41.10057349974112,0.0,0.0,0.9740915423017887,True,4.5,0.38862686547316877,0.38862678011009066,0.3886266947470126,62.5,9.5,[],True,0.025908457698211252,0.025908452007339378,0.025908452007339378,0.025908446316467507,robust_hit,6,3,2,,False
nav_gain_4p5,False,holdout,0,34.99999999999914,0.0,0.08469055374592833,2.230951031378936e-05,1.4873006932702992e-06,35.0,42.69176955192966,0.0,0.0,220.63575260632862,True,4.5,3324.53631140444,3324.5363002496847,3324.5362890949295,67.5,9.5,[],True,221.63575409362932,221.63575334997896,221.63575334997898,221.63575260632862,robust_miss,6,3,2,,False
nav_gain_4p5,False,holdout,0,34.99998029246685,0.0,0.0550098231827112,3.559592823876301e-05,2.373061931848497e-06,35.0,37.79904139466534,0.0,0.0,456.368325595546,True,4.5,6860.524919529119,6860.524901731154,6860.524883933191,72.5,9.5,[],True,457.36832796860796,457.368326782077,457.368326782077,457.368325595546,robust_miss,6,3,2,,False
nav_gain_4p5,False,holdout,0,20.564884307002774,0.0,0.0,6.529594247695059e-05,4.353062763584603e-06,20.739082934834425,20.739082934834425,0.0,0.0,600.6142986250501,True,4.5,9024.214544671693,9024.214512023722,9024.21447937575,77.5,9.5,[],True,601.6143029781128,601.6143008015814,601.6143008015815,601.6142986250501,robust_miss,6,3,2,,False
nav_gain_4p5,False,holdout,0,4.140451245642732,0.0,0.0,9.590741865395103e-05,6.393827902684279e-06,4.240215067441596,4.240215067441596,0.0,0.0,628.5417064335157,True,4.5,9443.125692410154,9443.125644456444,9443.125596502736,82.5,9.5,[],True,629.5417128273436,629.5417096304296,629.5417096304298,629.5417064335157,robust_miss,6,3,2,,False
nav_gain_4p5,False,holdout,0,5.894078482373692,0.0,0.0,0.00011035885654564481,7.3572571182012325e-06,6.033258857865795,6.033258857865795,0.0,0.0,632.0411050474345,True,4.5,9495.616686070374,9495.616630890947,9495.616575711518,87.5,9.5,[],True,633.0411124046916,633.041108726063,633.041108726063,633.0411050474345,robust_miss,6,3,2,,False
nav_gain_4p5,False,holdout,6,5.08417422981918,0.0,0.0,6.61056223045858e-07,4.4070414869723865e-08,6.108474611200253,6.108474611200253,0.0,0.0,0.9999091535560708,True,4.5,0.0013626966589387025,0.0013623661308271794,0.0013620356027156566,2.5,10.5,[],True,9.084644392924683e-05,9.082440872181197e-05,9.082440872181197e-05,9.08023735143771e-05,robust_hit,6,3,2,,False
nav_gain_4p5,False,holdout,6,9.220493892949447,0.0,0.0,2.0117756556557037e-06,1.3411837704370455e-07,9.226545091429832,9.226545091429832,0.0,0.0,0.9999090210456055,True,4.5,0.0013646843159174438,0.001363678428089616,0.001362672540261788,7.5,10.5,[],True,9.097895439449625e-05,9.09118952059744e-05,9.09118952059744e-05,9.084483601745254e-05,robust_hit,6,3,2,,False
nav_gain_4p5,False,holdout,6,13.301203518985538,0.0,0.0,3.594444501971248e-06,2.3962963346474625e-07,13.310195199465602,13.310195199465602,0.0,0.0,0.9999087364375391,True,4.5,0.0013689534369131498,0.0013671562146621641,0.0013653589924111785,12.5,10.5,[],True,9.126356246087664e-05,9.114374764414427e-05,9.114374764414427e-05,9.10239328274119e-05,robust_hit,6,3,2,,False
nav_gain_4p5,False,holdout,6,16.71596355518853,0.0,0.0,4.594755181437258e-06,3.063170120958073e-07,16.727057236931895,16.727057236931895,0.0,0.0,0.9999084496688041,True,4.5,0.0013732549679393187,0.0013709575903486,0.0013686602127578815,17.5,10.5,[],True,9.155033119595458e-05,9.139717268990666e-05,9.139717268990668e-05,9.124401418385877e-05,robust_hit,6,3,2,,False
nav_gain_4p5,False,holdout,6,19.90489552965151,0.0,0.0,3.1825478948289097e-06,2.1216985965526246e-07,19.917701451578374,19.917701451578374,0.0,0.0,0.9999087723521317,True,4.5,0.0013684147180249965,0.0013668234440775823,0.0013652321701301676,22.5,10.5,[],True,9.12276478683331e-05,9.112156293850547e-05,9.112156293850547e-05,9.101547800867784e-05,robust_hit,6,3,2,,False
nav_gain_4p5,False,holdout,6,22.890101178303357,0.0,0.0,5.090856757975458e-06,3.3939045053168635e-07,22.905577357740732,22.905577357740732,0.0,0.0,0.9999080983993096,True,4.5,0.001378524010356286,0.0013759785819772985,0.0013734331535983106,27.5,10.5,[],True,9.190160069041906e-05,9.173190546515322e-05,9.173190546515322e-05,9.156221023988738e-05,robust_hit,6,3,2,,False
nav_gain_4p5,False,holdout,6,25.658060780651564,0.0,0.0,4.109105007001762e-06,2.739403338001265e-07,25.674622039591032,25.674622039591032,0.0,0.0,0.9999083356365172,True,4.5,0.0013749654522432165,0.0013729108997397156,0.0013708563472362148,32.5,10.5,[],True,9.16643634828811e-05,9.152739331598105e-05,9.152739331598104e-05,9.139042314908098e-05,robust_hit,6,3,2,,False
nav_gain_4p5,False,holdout,6,28.193283072100613,0.0,0.0,5.054670576708957e-06,3.369780384472593e-07,28.211968524699145,28.211968524699145,0.0,0.0,0.9999076281832132,True,4.5,0.0013855772518015577,0.0013830499165132031,0.0013805225812248488,37.5,10.5,[],True,9.237181678677052e-05,9.22033277675469e-05,9.22033277675469e-05,9.203483874832326e-05,robust_hit,6,3,2,,False
nav_gain_4p5,False,holdout,6,30.505431737911273,0.0,0.0,4.001071767518582e-06,2.6673811783458116e-07,30.52441127356006,30.52441127356006,0.0,0.0,0.9999078618767788,True,4.5,0.0013820718483180576,0.0013800713124342983,0.001378070776550539,42.5,10.5,[],True,9.213812322120385e-05,9.200475416228656e-05,9.200475416228656e-05,9.187138510336927e-05,robust_hit,6,3,2,,False
nav_gain_4p5,False,holdout,6,32.57437249104488,0.0,0.0,2.6517665497598642e-06,1.7678443665066575e-07,32.593961150921416,32.593961150921416,0.0,0.0,0.9999082921015491,True,4.5,0.0013756184767633752,0.0013742925934884954,0.0013729667102136153,47.5,10.5,[],True,9.170789845089168e-05,9.161950623256636e-05,9.161950623256634e-05,9.153111401424102e-05,robust_hit,6,3,2,,False
nav_gain_4p5,False,holdout,6,34.364992099719906,0.0,0.0,2.683618300541044e-06,1.7890788670273084e-07,34.38399710302446,34.38399710302446,0.0,0.0,0.9999074467286476,True,4.5,0.0013882990702851455,0.001386957261134875,0.0013856154519846045,52.5,10.5,[],True,9.255327135234303e-05,9.246381740899166e-05,9.246381740899166e-05,9.23743634656403e-05,robust_hit,6,3,2,,False
nav_gain_4p5,False,holdout,6,34.99999999249835,0.0,0.046703296703296704,1.2013860306062888e-06,8.009240204041835e-08,35.0,36.14105196886804,0.0,0.0,0.9999079492141855,True,4.5,0.0013807617872181616,0.0013801610942028586,0.0013795604011875553,57.5,10.5,[],True,9.20507858145441e-05,9.20107396135239e-05,9.201073961352389e-05,9.197069341250369e-05,robust_hit,6,3,2,,False
nav_gain_4p5,False,holdout,6,34.999999999981455,0.0,0.05153099327856609,1.2648716340990518e-07,8.432477559966456e-09,35.0,38.11046209491207,0.0,0.0,0.9858150098108436,True,4.5,0.2127748528373467,0.21277478959376497,0.2127747263501833,62.5,10.5,[],True,0.014184990189156447,0.014184985972917667,0.014184985972917667,0.014184981756678887,robust_hit,6,3,2,,False
nav_gain_4p5,False,holdout,0,34.999999999402824,0.0,0.05656759348034516,2.2135607650852762e-05,1.4757071653548337e-06,35.0,39.0832611925537,0.0,0.0,236.3829580194419,True,4.5,3560.744392427236,3560.7443813594323,3560.7443702916285,67.5,10.5,[],True,237.38295949514907,237.38295875729548,237.38295875729548,237.3829580194419,robust_miss,6,3,2,,False
nav_gain_4p5,False,holdout,0,34.971060472057175,0.0,0.009191176470588236,3.6263049878471065e-05,2.417536620669125e-06,35.0,35.2649785387672,0.0,0.0,513.228179126486,True,4.5,7713.422723160339,7713.422705028814,7713.422686897289,72.5,10.5,[],True,514.2281815440226,514.2281803352543,514.2281803352544,514.228179126486,robust_miss,6,3,2,,False
nav_gain_4p5,False,holdout,0,20.366166288932412,0.0,0.0,6.234556349227205e-05,4.156370891905681e-06,20.561891252641995,20.561891252641995,0.0,0.0,664.3768206607106,True,4.5,9980.652372256221,9980.65234108344,9980.652309910658,77.5,10.5,[],True,665.3768248170815,665.3768227388961,665.376822738896,665.3768206607106,robust_miss,6,3,2,,False
nav_gain_4p5,False,holdout,0,4.289057715789104,0.0,0.0,9.462532216275577e-05,6.308354841166874e-06,4.416073654772089,4.416073654772089,0.0,0.0,694.9029354326238,True,4.5,10438.54412611468,10438.544078802019,10438.544031489359,82.5,10.5,[],True,695.9029417409787,695.9029385868013,695.9029385868013,695.9029354326238,robust_miss,6,3,2,,False
nav_gain_4p5,False,holdout,0,5.93942076575851,0.0,0.0,0.00011012204595317598,7.341469768107345e-06,6.0619798325214935,6.0619798325214935,0.0,0.0,698.6973767513759,True,4.5,10495.460761392686,10495.460706331663,10495.46065127064,87.5,10.5,[],True,699.6973840928457,699.6973804221108,699.6973804221109,699.6973767513759,robust_miss,6,3,2,,False
nav_gain_4p5,False,holdout,6,5.1513117610458306,0.0,0.0,7.944530364283921e-07,5.2963535761898226e-08,6.108206005995369,6.108206005995369,0.0,0.0,0.999909144531064,True,4.5,0.0013628320340399898,0.0013624348075217754,0.0013620375810035614,2.5,11.5,[],True,9.085546893599932e-05,9.082898716811839e-05,9.082898716811837e-05,9.080250540023742e-05,robust_hit,6,3,2,,False
nav_gain_4p5,False,holdout,6,9.075592294660705,0.0,0.0,1.2104735995189467e-06,8.06982399679325e-08,9.081132491006436,9.081132491006436,0.0,0.0,0.9999091103757771,True,4.5,0.0013633443633427507,0.0013627391265429913,0.0013621338897432317,7.5,11.5,[],True,9.088962422285005e-05,9.084927510286609e-05,9.084927510286608e-05,9.080892598288212e-05,robust_hit,6,3,2,,False
nav_gain_4p5,False,holdout,6,13.119253274426287,0.0,0.0,3.4528697430515932e-06,2.3019131620344226e-07,13.12727557343527,13.12727557343527,0.0,0.0,0.9999087667429398,True,4.5,0.001368498855902099,0.001366772421030573,0.0013650459861590475,12.5,11.5,[],True,9.123325706013994e-05,9.111816140203822e-05,9.111816140203822e-05,9.10030657439365e-05,robust_hit,6,3,2,,False
nav_gain_4p5,False,holdout,6,16.4911874635029,0.0,0.0,3.4476719968287977e-06,2.2984479978859645e-07,16.50080425636968,16.50080425636968,0.0,0.0,0.9999087444945023,True,4.5,0.0013688325824648753,0.001367108746466461,0.0013653849104680465,17.5,11.5,[],True,9.125550549765836e-05,9.114058309776405e-05,9.114058309776405e-05,9.102566069786976e-05,robust_hit,6,3,2,,False
nav_gain_4p5,False,holdout,6,19.576078613529432,0.0,0.0,4.476267321861481e-06,2.984178214574212e-07,19.587818251646457,19.587818251646457,0.0,0.0,0.9999084216304523,True,4.5,0.0013736755432148162,0.0013714374095538855,0.0013691992758929547,22.5,11.5,[],True,9.157836954765441e-05,9.14291606369257e-05,9.14291606369257e-05,9.127995172619699e-05,robust_hit,6,3,2,,False
nav_gain_4p5,False,holdout,6,22.443810335046482,0.0,0.0,5.476514567898626e-06,3.651009711932399e-07,22.457589277252087,22.457589277252087,0.0,0.0,0.9999079347583005,True,4.5,0.0013809786254926784,0.0013782403682087291,0.0013755021109247798,27.5,11.5,[],True,9.206524169951189e-05,9.188269121391527e-05,9.188269121391527e-05,9.170014072831865e-05,robust_hit,6,3,2,,False
nav_gain_4p5,False,holdout,6,25.091349757785842,0.0,0.0,3.237887688969541e-06,2.1585917926462343e-07,25.10633566082169,25.10633566082169,0.0,0.0,0.9999086369825294,True,4.5,0.0013704452620594497,0.0013688263182149649,0.0013672073743704802,32.5,11.5,[],True,9.136301747062998e-05,9.125508788099766e-05,9.125508788099766e-05,9.114715829136535e-05,robust_hit,6,3,2,,False
nav_gain_4p5,False,holdout,6,27.5237578714371,0.0,0.0,3.6280924359385555e-06,2.4187282906256585e-07,27.539585544605448,27.539585544605448,0.0,0.0,0.9999083548980234,True,4.5,0.0013746765296477202,0.001372862483429751,0.0013710484372117817,37.5,11.5,[],True,9.164510197651468e-05,9.15241655619834e-05,9.15241655619834e-05,9.140322914745212e-05,robust_hit,6,3,2,,False
nav_gain_4p5,False,holdout,6,29.72548502250812,0.0,0.0,4.314386072513639e-06,2.876257381675723e-07,29.742275038892796,29.742275038892796,0.0,0.0,0.999907634450671,True,4.5,0.0013854832399355268,0.0013833260468992699,0.0013811688538630132,42.5,11.5,[],True,9.236554932903511e-05,9.222173645995133e-05,9.222173645995133e-05,9.207792359086754e-05,robust_hit,6,3,2,,False
nav_gain_4p5,False,holdout,6,31.682726741435754,0.0,0.0,4.098417489218015e-06,2.7322783261453886e-07,31.69910278398136,31.69910278398136,0.0,0.0,0.9999070332421973,True,4.5,0.0013945013670402396,0.0013924521582956307,0.0013904029495510216,47.5,11.5,[],True,9.296675780268264e-05,9.283014388637538e-05,9.283014388637538e-05,9.26935299700681e-05,robust_hit,6,3,2,,False
nav_gain_4p5,False,holdout,6,33.35994236077503,0.0,0.0,2.885541457317564e-06,1.9236943048782948e-07,33.37599296016633,33.37599296016633,0.0,0.0,0.999907095183785,True,4.5,0.0013935722432250376,0.0013921294724963788,0.00139068670176772,52.5,11.5,[],True,9.29048162150025e-05,9.280863149975858e-05,9.28086314997586e-05,9.271244678451467e-05,robust_hit,6,3,2,,False
nav_gain_4p5,False,holdout,6,34.695054719129274,0.0,0.0,1.479876565476648e-06,9.865843769843235e-08,34.70913037061481,34.70913037061481,0.0,0.0,0.9999071575224131,True,4.5,0.0013926371638028217,0.0013918972255200833,0.001391157287237345,57.5,11.5,[],True,9.284247758685478e-05,9.279314836800556e-05,9.279314836800556e-05,9.274381914915635e-05,robust_hit,6,3,2,,False
nav_gain_4p5,False,holdout,6,34.99999998631476,0.0,0.03204272363150868,1.952433013041599e-07,1.3016220084399732e-08,35.0,35.844627431473725,0.0,0.0,0.9764559841735515,True,4.5,0.35316023739672764,0.353160139775077,0.35316004215342633,62.5,11.5,[],True,0.02354401582644851,0.023544009318338468,0.023544009318338464,0.023544002810228424,robust_hit,6,3,2,,False
nav_gain_4p5,False,holdout,0,34.999998612066136,0.0,0.029488291413703384,2.237511580460705e-05,1.491674368025997e-06,35.0,36.32404876833483,0.0,0.0,258.3993048615244,True,4.5,3890.9895952979814,3890.989584110424,3890.9895729228656,67.5,11.5,[],True,259.39930635319877,259.39930560736155,259.3993056073616,259.3993048615244,robust_miss,6,3,2,,False
nav_gain_4p5,False,holdout,0,33.24415050435311,0.0,0.0,3.68338714906713e-05,2.4555914706070325e-06,33.39398291586712,33.39398291586712,0.0,0.0,570.7063450911942,True,4.5,8575.595213201785,8575.59519478485,8575.595176367913,72.5,11.5,[],True,571.7063475467857,571.7063463189899,571.70634631899,571.7063450911942,robust_miss,6,3,2,,False
nav_gain_4p5,False,holdout,0,20.170923789433306,0.0,0.0,5.979812522127759e-05,3.986541628364648e-06,20.386876762815962,20.386876762815962,0.0,0.0,728.40471303909,True,4.5,10941.070755384475,10941.070725485413,10941.07069558635,77.5,11.5,[],True,729.4047170256316,729.4047150323609,729.4047150323609,729.40471303909,robust_miss,6,3,2,,False
nav_gain_4p5,False,holdout,0,4.418476459367799,0.0,0.0,9.340095675725024e-05,6.226730420166859e-06,4.561927624280725,4.561927624280725,0.0,0.0,761.2690831304454,True,4.5,11434.036340357638,11434.03629365716,11434.03624695668,82.5,11.5,[],True,762.2690893571759,762.2690862438106,762.2690862438106,762.2690831304454,robust_miss,6,3,2,,False
nav_gain_4p5,False,holdout,0,5.933064552438422,0.0,0.0,0.0001101174857467413,7.341165769503277e-06,6.041885299247668,6.041885299247668,0.0,0.0,765.354893469572,True,4.5,11495.323512161065,11495.323457102322,11495.32340204358,87.5,11.5,[],True,766.3549008107377,766.3548971401548,766.3548971401549,766.354893469572,robust_miss,6,3,2,,False
nav_gain_4p5,False,holdout,6,5.14046806011956,0.0,0.0,7.095857429083828e-07,4.7305716193891283e-08,6.107943047864413,6.107943047864413,0.0,0.0,0.9999091503698222,True,4.5,0.0013627444526669225,0.0013623896597954684,0.0013620348669240142,2.5,12.5,[],True,9.084963017779483e-05,9.082597731969788e-05,9.082597731969788e-05,9.080232446160094e-05,robust_hit,6,3,2,,False
nav_gain_4p5,False,holdout,6,8.991809676424234,0.0,0.0,1.393253152188155e-06,9.288354347920943e-08,8.996919578073534,8.996919578073534,0.0,0.0,0.9999090927562996,True,4.5,0.001363608655506844,0.00136291202893075,0.0013622154023546558,7.5,12.5,[],True,9.090724370045626e-05,9.086080192871665e-05,9.086080192871666e-05,9.081436015697705e-05,robust_hit,6,3,2,,False
nav_gain_4p5,False,holdout,6,12.966002418518858,0.0,0.0,1.9965513657336544e-06,1.331034243822382e-07,12.973191432506141,12.973191432506141,0.0,0.0,0.9999090185827394,True,4.5,0.0013647212589085278,0.001363722983225661,0.0013627247075427942,12.5,12.5,[],True,9.098141726056852e-05,9.091486554837739e-05,9.09148655483774e-05,9.084831383618628e-05,robust_hit,6,3,2,,False
nav_gain_4p5,False,holdout,6,16.286726260300405,0.0,0.0,3.4030458342616463e-06,2.2686972228410794e-07,16.295613309838764,16.295613309838764,0.0,0.0,0.9999087542149173,True,4.5,0.0013686867762408936,0.001366985253323763,0.001365283730406632,17.5,12.5,[],True,9.124578508272624e-05,9.113235022158418e-05,9.113235022158419e-05,9.101891536044214e-05,robust_hit,6,3,2,,False
nav_gain_4p5,False,holdout,6,19.278571634976196,0.0,0.0,4.7085093469248496e-06,3.1390062312832963e-07,19.28898228202693,19.28898228202693,0.0,0.0,0.9999083463023137,True,4.5,0.0013748054652940203,0.001372451210620558,0.0013700969559470955,22.5,12.5,[],True,9.165369768626802e-05,9.149674737470385e-05,9.149674737470387e-05,9.13397970631397e-05,robust_hit,6,3,2,,False
nav_gain_4p5,False,holdout,6,22.04541039702708,0.0,0.0,4.0526876489074826e-06,2.7017917659383217e-07,22.057211216921672,22.057211216921672,0.0,0.0,0.9999084704993058,True,4.5,0.0013729425104132727,0.001370916166588819,0.0013688898227643652,27.5,12.5,[],True,9.152950069421818e-05,9.139441110592125e-05,9.139441110592126e-05,9.125932151762435e-05,robust_hit,6,3,2,,False
nav_gain_4p5,False,holdout,6,24.58719831462207,0.0,0.0,2.957512387051454e-06,1.9716749247010055e-07,24.60031502157443,24.60031502157443,0.0,0.0,0.9999087191248469,True,4.5,0.0013692131272970813,0.0013677343711035557,0.0013662556149100298,32.5,12.5,[],True,9.128087515313875e-05,9.11822914069037e-05,9.11822914069037e-05,9.108370766066865e-05,robust_hit,6,3,2,,False
nav_gain_4p5,False,holdout,6,26.916546020379684,0.0,0.0,4.377836013555979e-06,2.9185573423706616e-07,26.93104512200451,26.93104512200451,0.0,0.0,0.999907990351609,True,4.5,0.0013801447258636513,0.0013779558078568733,0.0013757668898500954,37.5,12.5,[],True,9.200964839091009e-05,9.186372052379155e-05,9.186372052379156e-05,9.171779265667302e-05,robust_hit,6,3,2,,False
nav_gain_4p5,False,holdout,6,29.01595690399418,0.0,0.0,3.7542297554621785e-06,2.5028198369747947e-07,29.03035276061468,29.03035276061468,0.0,0.0,0.9999079913148718,True,4.5,0.0013801302769228885,0.0013782531620451573,0.0013763760471674263,42.5,12.5,[],True,9.200868512819257e-05,9.188354413634384e-05,9.188354413634383e-05,9.17584031444951e-05,robust_hit,6,3,2,,False
nav_gain_4p5,False,holdout,6,30.87603777732958,0.0,0.0,2.9182324663406395e-06,1.9454883108937235e-07,30.89088421348477,30.89088421348477,0.0,0.0,0.9999080687211512,True,4.5,0.0013789691827318744,0.001377510066498704,0.0013760509502655338,47.5,12.5,[],True,9.193127884879163e-05,9.183400443324694e-05,9.183400443324694e-05,9.173673001770226e-05,robust_hit,6,3,2,,False
nav_gain_4p5,False,holdout,6,32.454121824807004,0.0,0.0,2.701413039761383e-06,1.8009420265075436e-07,32.46777806171418,32.46777806171418,0.0,0.0,0.999907290335569,True,4.5,0.0013906449664639032,0.0013892942599440224,0.0013879435534241418,52.5,12.5,[],True,9.270966443092687e-05,9.26196173296015e-05,9.26196173296015e-05,9.252957022827612e-05,robust_hit,6,3,2,,False
nav_gain_4p5,False,holdout,6,33.69366128320051,0.0,0.0,1.2953187132776732e-06,8.63545808851737e-08,33.705651535966986,33.705651535966986,0.0,0.0,0.9999074822436045,True,4.5,0.0013877663459335144,0.0013871186865768755,0.0013864710272202367,57.5,12.5,[],True,9.251775639556762e-05,9.247457910512503e-05,9.247457910512504e-05,9.243140181468245e-05,robust_hit,6,3,2,,False
nav_gain_4p5,False,holdout,6,34.49807034250037,0.0,0.0,9.377888927214473e-09,6.251925951494385e-10,34.506403783541124,34.506403783541124,0.0,0.0,0.9999032457313425,True,4.5,0.0014513140298621076,0.0014513093409176437,0.0014513046519731804,62.5,12.5,[],True,9.675426865747383e-05,9.675395606117625e-05,9.675395606117626e-05,9.675364346487868e-05,robust_hit,6,3,2,,False
nav_gain_4p5,False,holdout,0,34.60714490258872,0.0,0.0,2.297377523063915e-05,1.5315849850594532e-06,34.64503857482544,34.64503857482544,0.0,0.0,287.7342537131395,True,4.5,4331.013828670867,4331.01381718398,4331.013805697092,67.5,12.5,[],True,288.73425524472447,288.734254478932,288.734254478932,288.7342537131395,robust_miss,6,3,2,,False
nav_gain_4p5,False,holdout,0,31.573392084688262,0.0,0.0,3.718933839991223e-05,2.479289264556428e-06,31.73701566506114,31.73701566506114,0.0,0.0,625.8732126043072,True,4.5,9403.098226253947,9403.098207659279,9403.098189064609,72.5,12.5,[],True,626.8732150835965,626.8732138439519,626.8732138439518,626.8732126043072,robust_miss,6,3,2,,False
nav_gain_4p5,False,holdout,0,19.759389100795346,0.0,0.0,5.858962504134979e-05,3.905975063389633e-06,20.206158208357195,20.206158208357195,0.0,0.0,793.3791117936363,True,4.5,11915.68673549417,11915.686706199356,11915.686676904545,77.5,12.5,[],True,794.3791156996114,794.3791137466238,794.3791137466238,794.3791117936363,robust_miss,6,3,2,,False
nav_gain_4p5,False,holdout,0,4.531748775042027,0.0,0.0,9.222848711942788e-05,6.148565830699226e-06,4.684849985422895,4.684849985422895,0.0,0.0,827.6397157669176,True,4.5,12429.59582873225,12429.595782618007,12429.595736503763,82.5,12.5,[],True,828.6397219154834,828.6397188412005,828.6397188412004,828.6397157669176,robust_miss,6,3,2,,False
nav_gain_4p5,False,holdout,0,5.97184522332819,0.0,0.0,0.00010988148460455704,7.32543230697047e-06,6.070233427901188,6.070233427901188,0.0,0.0,832.0134092166355,True,4.5,12495.201248131018,12495.201193190274,12495.201138249533,87.5,12.5,[],True,833.0134165420678,833.0134128793517,833.0134128793517,833.0134092166355,robust_miss,6,3,2,,False
nav_gain_4p5,False,holdout,6,5.1325348213980035,0.0,0.0,6.019306762082219e-07,4.0128711747212985e-08,6.1076731152670005,6.1076731152670005,0.0,0.0,0.9999091572859495,True,4.5,0.0013626407107576086,0.0013623397454195045,0.0013620387800814004,2.5,13.5,[],True,9.084271405050723e-05,9.082264969463361e-05,9.082264969463363e-05,9.080258533876002e-05,robust_hit,6,3,2,,False
nav_gain_4p5,False,holdout,6,8.92356439271356,0.0,0.0,1.8653099078480648e-06,1.2435399385652681e-07,8.928134338060172,8.928134338060172,0.0,0.0,0.9999090397337915,True,4.5,0.0013644039931277239,0.0013634713381737997,0.0013625386832198758,7.5,13.5,[],True,9.096026620851492e-05,9.089808921158665e-05,9.089808921158665e-05,9.083591221465839e-05,robust_hit,6,3,2,,False
nav_gain_4p5,False,holdout,6,12.836499446786412,0.0,0.0,3.169280832812215e-06,2.1128538885415219e-07,12.843218365500125,12.843218365500125,0.0,0.0,0.9999088243413591,True,4.5,0.0013676348796144008,0.0013660502391979947,0.0013644655987815886,12.5,13.5,[],True,9.117565864096006e-05,9.107001594653299e-05,9.107001594653297e-05,9.09643732521059e-05,robust_hit,6,3,2,,False
nav_gain_4p5,False,holdout,6,16.10486866962903,0.0,0.0,4.248244198444334e-06,2.8321627989629254e-07,16.1128849649668,16.1128849649668,0.0,0.0,0.9999085455572371,True,4.5,0.0013718166414437543,0.0013696925193445323,0.00136756839724531,17.5,13.5,[],True,9.145444276291696e-05,9.131283462296881e-05,9.131283462296881e-05,9.117122648302066e-05,robust_hit,6,3,2,,False
nav_gain_4p5,False,holdout,6,19.011231751757254,0.0,0.0,4.541455966263061e-06,3.0276373108420495e-07,19.02115510579441,19.02115510579441,0.0,0.0,0.9999083992029666,True,4.5,0.0013740119555007404,0.001371741227517609,0.0013694704995344774,22.5,13.5,[],True,9.16007970333827e-05,9.14494151678406e-05,9.14494151678406e-05,9.129803330229849e-05,robust_hit,6,3,2,,False
nav_gain_4p5,False,holdout,6,21.687085268194057,0.0,0.0,5.202989833862819e-06,3.4686598892419245e-07,21.697990644214933,21.697990644214933,0.0,0.0,0.9999080448813874,True,4.5,0.0013793267791892899,0.0013767252842723586,0.001374123789355427,27.5,13.5,[],True,9.195511861261933e-05,9.178168561815723e-05,9.178168561815723e-05,9.160825262369514e-05,robust_hit,6,3,2,,False
nav_gain_4p5,False,holdout,6,24.134888494504274,0.0,0.0,4.423372534997352e-06,2.948915023331586e-07,24.146717461228324,24.146717461228324,0.0,0.0,0.9999081984253569,True,4.5,0.0013770236196465426,0.001374811933379044,0.0013726002471115453,32.5,13.5,[],True,9.180157464310285e-05,9.165412889193627e-05,9.165412889193627e-05,9.150668314076969e-05,robust_hit,6,3,2,,False
nav_gain_4p5,False,holdout,6,26.37018292488827,0.0,0.0,4.799587359301813e-06,3.1997249062011817e-07,26.383040865552726,26.383040865552726,0.0,0.0,0.9999077501804218,True,4.5,0.0013837472936731583,0.0013813474999935073,0.0013789477063138565,37.5,13.5,[],True,9.224981957821056e-05,9.208983333290051e-05,9.20898333329005e-05,9.192984708759044e-05,robust_hit,6,3,2,,False
nav_gain_4p5,False,holdout,6,28.3750296978357,0.0,0.0,4.2727594712441835e-06,2.848506314162834e-07,28.387972536101824,28.387972536101824,0.0,0.0,0.9999076338683819,True,4.5,0.0013854919742722549,0.0013833555945366328,0.0013812192148010107,42.5,13.5,[],True,9.236613161815033e-05,9.222370630244219e-05,9.222370630244218e-05,9.208128098673404e-05,robust_hit,6,3,2,,False
nav_gain_4p5,False,holdout,6,30.146912409752233,0.0,0.0,3.0781531175612734e-06,2.052102078374128e-07,30.159979462663763,30.159979462663763,0.0,0.0,0.9999079243618996,True,4.5,0.0013811345715069633,0.0013795954949481829,0.001378056418389402,47.5,13.5,[],True,9.207563810046422e-05,9.197303299654551e-05,9.197303299654551e-05,9.187042789262681e-05,robust_hit,6,3,2,,False
nav_gain_4p5,False,holdout,6,31.63676968078413,0.0,0.0,2.7690667650183323e-06,1.8460445100122486e-07,31.648439864456208,31.648439864456208,0.0,0.0,0.9999071203012927,True,4.5,0.0013931954806088488,0.0013918109472263395,0.0013904264138438305,52.5,13.5,[],True,9.287969870725659e-05,9.278739648175599e-05,9.278739648175597e-05,9.269509425625537e-05,robust_hit,6,3,2,,False
nav_gain_4p5,False,holdout,6,32.794146272965655,0.0,0.0,1.3659187978007793e-06,9.106125318672313e-08,32.80419377591437,32.80419377591437,0.0,0.0,0.9999070751134326,True,4.5,0.0013938732985113037,0.0013931903391124032,0.001392507379713503,57.5,13.5,[],True,9.292488656742025e-05,9.287935594082688e-05,9.287935594082689e-05,9.283382531423352e-05,robust_hit,6,3,2,,False
nav_gain_4p5,False,holdout,6,33.51466032773642,0.0,0.0,5.718396156595418e-07,3.812264104396945e-08,33.52167009118546,33.52167009118546,0.0,0.0,0.8425737449726167,True,4.5,2.3613938254107483,2.3613935394909404,2.3613932535711326,62.5,13.5,[],True,0.15742625502738322,0.1574262359660627,0.1574262359660627,0.15742621690474218,robust_hit,6,3,2,,False
nav_gain_4p5,False,holdout,0,33.3964993366592,0.0,0.0,2.35537881962955e-05,1.5702525502092612e-06,33.458609165524386,33.458609165524386,0.0,0.0,318.63659181242815,True,4.5,4794.54890074021,4794.548888963316,4794.548877186422,67.5,13.5,[],True,319.6365933826807,319.6365925975544,319.63659259755445,319.63659181242815,robust_miss,6,3,2,,False
nav_gain_4p5,False,holdout,0,30.0539842774494,0.0,0.0,3.753581586352084e-05,2.502387701497355e-06,30.23012049676647,30.23012049676647,0.0,0.0,681.8896434741914,True,4.5,10243.344689648688,10243.34467088078,10243.344652112872,72.5,13.5,[],True,682.8896459765791,682.8896447253852,682.8896447253853,682.8896434741914,robust_miss,6,3,2,,False
nav_gain_4p5,False,holdout,0,13.915794358380534,0.0,0.0,5.9013145801145583e-05,3.934209757971985e-06,14.012702232847364,14.012702232847364,0.0,0.0,859.8340493244273,True,4.5,12912.510798879555,12912.510769372982,12912.51073986641,77.5,13.5,[],True,860.834053258637,860.8340512915321,860.8340512915322,860.8340493244273,robust_miss,6,3,2,,False
nav_gain_4p5,False,holdout,0,4.631468249443265,0.0,0.0,9.11025872483151e-05,6.073505801396095e-06,4.789853222455493,4.789853222455493,0.0,0.0,894.0144605569462,True,4.5,13425.216999456781,13425.216953905488,13425.216908354194,82.5,13.5,[],True,895.014466630452,895.0144635936991,895.0144635936991,895.0144605569462,robust_miss,6,3,2,,False
nav_gain_4p5,False,holdout,0,5.96830783577422,0.0,0.0,0.00010987780660798308,7.325187084461504e-06,6.057368092570974,6.057368092570974,0.0,0.0,898.6728255336112,True,4.5,13495.092492881975,13495.092437943073,13495.092383004168,87.5,13.5,[],True,899.6728328587983,899.6728291962048,899.6728291962047,899.6728255336112,robust_miss,6,3,2,,False
nav_gain_4p5,False,holdout,6,5.105510980240723,0.0,0.0,4.140354143320705e-07,2.760236095547227e-08,6.107412098571895,6.107412098571895,0.0,0.0,0.999909168045939,True,4.5,0.0013624793109155973,0.0013622722932084312,0.0013620652755012652,2.5,14.5,[],True,9.083195406103982e-05,9.081815288056209e-05,9.081815288056207e-05,9.080435170008435e-05,robust_hit,6,3,2,,False
nav_gain_4p5,False,holdout,6,8.86357369854066,0.0,0.0,1.039520057420076e-06,6.930133716133479e-08,8.868006539138982,8.868006539138982,0.0,0.0,0.999909125394601,True,4.5,0.0013631190809851974,0.0013625993209564872,0.0013620795609277773,7.5,14.5,[],True,9.087460539901316e-05,9.083995473043248e-05,9.083995473043249e-05,9.080530406185182e-05,robust_hit,6,3,2,,False
nav_gain_4p5,False,holdout,6,12.722168214303478,0.0,0.0,2.312013323616923e-06,1.5413422157445973e-07,12.728257964993018,12.728257964993018,0.0,0.0,0.999908973296351,True,4.5,0.0013654005547347019,0.0013642445480728934,0.001363088541411085,12.5,14.5,[],True,9.102670364898013e-05,9.094963653819288e-05,9.09496365381929e-05,9.087256942740567e-05,robust_hit,6,3,2,,False
nav_gain_4p5,False,holdout,6,15.932094232417073,0.0,0.0,3.7782443112442665e-06,2.5188295408294387e-07,15.939694431699984,15.939694431699984,0.0,0.0,0.9999086662665959,True,4.5,0.0013700060010619652,0.0013681168789063433,0.001366227756750721,17.5,14.5,[],True,9.1333733404131e-05,9.120779192708953e-05,9.120779192708953e-05,9.108185045004806e-05,robust_hit,6,3,2,,False
nav_gain_4p5,False,holdout,6,18.767453033696533,0.0,0.0,2.8714172104124785e-06,1.9142781402748863e-07,18.776460244637573,18.776460244637573,0.0,0.0,0.9999088391043854,True,4.5,0.0013674134342184438,0.0013659777256132377,0.0013645420170080313,22.5,14.5,[],True,9.116089561456291e-05,9.106518170754916e-05,9.106518170754916e-05,9.096946780053543e-05,robust_hit,6,3,2,,False
nav_gain_4p5,False,holdout,6,21.359990480121148,0.0,0.0,3.303698026003608e-06,2.2024653506691895e-07,21.369752936274235,21.369752936274235,0.0,0.0,0.9999086908202786,True,4.5,0.0013696376958212426,0.0013679858468082409,0.001366333997795239,27.5,14.5,[],True,9.130917972141618e-05,9.119905645388273e-05,9.119905645388273e-05,9.108893318634926e-05,robust_hit,6,3,2,,False
nav_gain_4p5,False,holdout,6,23.72299779575308,0.0,0.0,5.280483454720352e-06,3.5203223031468926e-07,23.733835719240798,23.733835719240798,0.0,0.0,0.9999077986519975,True,4.5,0.0013830202200368284,0.0013803799783094683,0.001377739736582108,32.5,14.5,[],True,9.220134800245523e-05,9.202533188729789e-05,9.202533188729789e-05,9.184931577214054e-05,robust_hit,6,3,2,,False
nav_gain_4p5,False,holdout,6,25.866655561302043,0.0,0.0,5.039088246885145e-06,3.359392164590169e-07,25.878032616216856,25.878032616216856,0.0,0.0,0.9999075993662285,True,4.5,0.0013860095065721606,0.001383489962448718,0.0013809704183252755,37.5,14.5,[],True,9.240063377147738e-05,9.223266416324787e-05,9.223266416324787e-05,9.206469455501836e-05,robust_hit,6,3,2,,False
nav_gain_4p5,False,holdout,6,27.79312908967979,0.0,0.0,4.004838010634787e-06,2.669892007089894e-07,27.805264922635054,27.805264922635054,0.0,0.0,0.9999078061162445,True,4.5,0.0013829082563318865,0.0013809058373265692,0.0013789034183212517,42.5,14.5,[],True,9.21938837554591e-05,9.206038915510461e-05,9.206038915510461e-05,9.192689455475011e-05,robust_hit,6,3,2,,False
nav_gain_4p5,False,holdout,6,29.478758114402794,0.0,0.0,3.867508978172606e-06,2.5783393187817734e-07,29.489975837487087,29.489975837487087,0.0,0.0,0.9999071680113261,True,4.5,0.0013924798301084976,0.0013905460756194112,0.001388612321130325,47.5,14.5,[],True,9.283198867389985e-05,9.270307170796076e-05,9.270307170796076e-05,9.257415474202167e-05,robust_hit,6,3,2,,False
nav_gain_4p5,False,holdout,6,30.89299342381046,0.0,0.0,2.3570804537781116e-06,1.5713869691853896e-07,30.903290951603534,30.903290951603534,0.0,0.0,0.9999076401920995,True,4.5,0.0013853971185071735,0.0013842185782802843,0.0013830400380533954,52.5,14.5,[],True,9.235980790047823e-05,9.228123855201897e-05,9.228123855201897e-05,9.22026692035597e-05,robust_hit,6,3,2,,False
nav_gain_4p5,False,holdout,6,31.97197479975557,0.0,0.0,9.87886038087771e-07,6.585906920586135e-08,31.980823182946725,31.980823182946725,0.0,0.0,0.9999079746264095,True,4.5,0.0013803806038586541,0.0013798866608396101,0.0013793927178205663,57.5,14.5,[],True,9.202537359057695e-05,9.199244405597401e-05,9.199244405597401e-05,9.195951452137108e-05,robust_hit,6,3,2,,False
nav_gain_4p5,False,holdout,0,32.62304297762576,0.0,0.0,4.164126394812229e-06,2.7760842602475577e-07,32.62892280741925,32.62892280741925,0.0,0.0,6.897616582494975,True,4.5,118.46425290155102,118.46425081948782,118.46424873742463,62.5,14.5,[],True,7.897616860103401,7.897616721299188,7.897616721299189,7.897616582494975,robust_miss,6,3,2,,False
nav_gain_4p5,False,holdout,0,32.23584235707542,0.0,0.0,2.411271179880714e-05,1.607514150236966e-06,32.318152701508964,32.318152701508964,0.0,0.0,350.3392293938272,True,4.5,5270.088465020121,5270.088452963765,5270.088440907409,67.5,14.5,[],True,351.3392310013414,351.3392301975843,351.3392301975843,351.3392293938272,robust_miss,6,3,2,,False
nav_gain_4p5,False,holdout,0,28.66548983102359,0.0,0.0,3.777205529331695e-05,2.518136966500606e-06,28.85331197354008,28.85331197354008,0.0,0.0,736.7315611182706,True,4.5,11065.973454546114,11065.973435660087,11065.973416774059,72.5,14.5,[],True,737.7315636364076,737.7315623773392,737.7315623773391,737.7315611182706,robust_miss,6,3,2,,False
nav_gain_4p5,False,holdout,0,13.767339983260863,0.0,0.0,5.658361624227837e-05,3.7722410297647002e-06,13.849542578277113,13.849542578277113,0.0,0.0,924.1975341699977,True,4.5,13877.96306913358,13877.963040841772,13877.963012549964,77.5,14.5,[],True,925.1975379422387,925.1975360561182,925.1975360561182,925.1975341699977,robust_miss,6,3,2,,False
nav_gain_4p5,False,holdout,0,4.719782128205926,0.0,0.0,9.001673242892139e-05,6.001115480103181e-06,4.8805885143483145,4.8805885143483145,0.0,0.0,960.3929958064322,True,4.5,14420.895027113214,14420.89498210485,14420.894937096482,82.5,14.5,[],True,961.3930018075476,961.3929988069899,961.3929988069899,961.3929958064322,robust_miss,6,3,2,,False
nav_gain_4p5,False,holdout,0,6.001298364966713,0.0,0.0,0.00010968940659950022,7.3126271900036954e-06,6.08348189057189,6.08348189057189,0.0,0.0,965.3330942700203,True,4.5,14494.996523739712,14494.996468895008,14494.996414050305,87.5,14.5,[],True,966.3331015826475,966.3330979263338,966.333097926334,966.3330942700203,robust_miss,6,3,2,,False
nav_gain_4p5,False,holdout,6,5.03097836332222,0.0,0.0,5.336999940608062e-07,3.5579999604058265e-08,6.107086454719332,6.107086454719332,0.0,0.0,0.9999091613841933,True,4.5,0.001362579237100989,0.0013623123871039586,0.0013620455371069283,2.5,15.5,[],True,9.08386158067326e-05,9.082082580693057e-05,9.082082580693057e-05,9.080303580712855e-05,robust_hit,6,3,2,,False
nav_gain_4p5,False,holdout,6,8.797309857937082,0.0,0.0,1.5626266860304175e-06,1.0417511240203416e-07,8.810793619141654,8.810793619141654,0.0,0.0,0.9999090749930916,True,4.5,0.001363875103625873,0.0013630937902828577,0.0013623124769398425,7.5,15.5,[],True,9.092500690839153e-05,9.08729193521905e-05,9.087291935219052e-05,9.08208317959895e-05,robust_hit,6,3,2,,False
nav_gain_4p5,False,holdout,6,12.618305148477138,0.0,0.0,3.133558110278477e-06,2.0890387401856876e-07,12.624193347283416,12.624193347283416,0.0,0.0,0.9999088312456973,True,4.5,0.0013675313145410247,0.0013659645354858856,0.0013643977564307462,12.5,15.5,[],True,9.116875430273498e-05,9.10643023657257e-05,9.10643023657257e-05,9.095985042871642e-05,robust_hit,6,3,2,,False
nav_gain_4p5,False,holdout,6,15.759015151376524,0.0,0.0,2.6146689515098125e-06,1.743112634339884e-07,15.766101596947424,15.766101596947424,0.0,0.0,0.9999089116312239,True,4.5,0.001366325531641851,0.0013650181971660961,0.0013637108626903412,17.5,15.5,[],True,9.10883687761234e-05,9.100121314440641e-05,9.10012131444064e-05,9.091405751268941e-05,robust_hit,6,3,2,,False
nav_gain_4p5,False,holdout,6,18.541873738759282,0.0,0.0,3.575945372434868e-06,2.383963581623354e-07,18.55009086536029,18.55009086536029,0.0,0.0,0.9999086744099424,True,4.5,0.0013698838508653154,0.001368095878179098,0.0013663079054928805,22.5,15.5,[],True,9.13255900576877e-05,9.120639187860653e-05,9.120639187860653e-05,9.108719369952536e-05,robust_hit,6,3,2,,False
nav_gain_4p5,False,holdout,6,21.050398516100262,0.0,0.0,5.021382159299884e-06,3.3475881061999766e-07,21.05971164261762,21.05971164261762,0.0,0.0,0.9999081145053104,True,4.5,0.0013782824203444077,0.0013757717292647578,0.0013732610381851078,27.5,15.5,[],True,9.188549468962718e-05,9.171811528431717e-05,9.171811528431719e-05,9.155073587900719e-05,robust_hit,6,3,2,,False
nav_gain_4p5,False,holdout,6,23.343406631460216,0.0,0.0,3.7326439138118082e-06,2.4884292758744575e-07,23.353282392299548,23.353282392299548,0.0,0.0,0.9999084628047327,True,4.5,0.001373057929010386,0.00137119160705348,0.0013693252850965742,32.5,15.5,[],True,9.153719526735906e-05,9.141277380356534e-05,9.141277380356533e-05,9.128835233977161e-05,robust_hit,6,3,2,,False
nav_gain_4p5,False,holdout,6,25.409785203215794,0.0,0.0,3.871003001753269e-06,2.5806686678355036e-07,25.420217465497497,25.420217465497497,0.0,0.0,0.9999082256372016,True,4.5,0.0013766154419757237,0.0013746799404748468,0.0013727444389739704,37.5,15.5,[],True,9.177436279838158e-05,9.164532936498981e-05,9.16453293649898e-05,9.151629593159803e-05,robust_hit,6,3,2,,False
nav_gain_4p5,False,holdout,6,27.25986832482128,0.0,0.0,4.067245177563758e-06,2.711496785042487e-07,27.270422699503452,27.270422699503452,0.0,0.0,0.9999077507702525,True,4.5,0.0013837384462124125,0.0013817048236236305,0.0013796712010348488,42.5,15.5,[],True,9.224922974749417e-05,9.211365490824205e-05,9.211365490824205e-05,9.197808006898992e-05,robust_hit,6,3,2,,False
nav_gain_4p5,False,holdout,6,28.869760515328707,0.0,0.0,3.07158382044999e-06,2.047722546966597e-07,28.880302331575628,28.880302331575628,0.0,0.0,0.9999078874400366,True,4.5,0.0013816883994511343,0.0013801526075409092,0.0013786168156306843,47.5,15.5,[],True,9.211255996340895e-05,9.201017383606063e-05,9.201017383606063e-05,9.190778770871229e-05,robust_hit,6,3,2,,False
nav_gain_4p5,False,holdout,6,30.210309908063063,0.0,0.0,2.3910633616115555e-06,1.594042241074298e-07,30.2198023251587,30.2198023251587,0.0,0.0,0.9999075375020967,True,4.5,0.0013869374685487681,0.0013857419368679621,0.0013845464051871566,52.5,15.5,[],True,9.24624979032512e-05,9.238279579119749e-05,9.238279579119749e-05,9.230309367914377e-05,robust_hit,6,3,2,,False
nav_gain_4p5,False,holdout,6,31.21796998044889,0.0,0.0,1.0263062298454095e-06,6.842041532302459e-08,31.225585805244236,31.225585805244236,0.0,0.0,0.9999077148162521,True,4.5,0.001384277756218162,0.0013837646031032392,0.0013832514499883166,57.5,15.5,[],True,9.228518374787747e-05,9.225097354021595e-05,9.225097354021596e-05,9.221676333255445e-05,robust_hit,6,3,2,,False
nav_gain_4p5,False,holdout,0,31.787387220805044,0.0,0.0,5.276160436551436e-06,3.517440294587004e-07,31.805714135720148,31.805714135720148,0.0,0.0,12.067444727976442,True,4.5,196.01167619580707,196.01167355772682,196.01167091964663,62.5,15.5,[],True,13.067445079720471,13.067444903848456,13.067444903848457,13.067444727976442,robust_miss,6,3,2,,False
nav_gain_4p5,False,holdout,0,31.1324809123083,0.0,0.0,2.4604486497992184e-05,1.6402991036557069e-06,31.232303037136255,31.232303037136255,0.0,0.0,381.9068985573926,True,4.5,5743.603502965376,5743.603490663132,5743.603478360889,67.5,15.5,[],True,382.9069001976917,382.9068993775422,382.9068993775421,382.9068985573926,robust_miss,6,3,2,,False
nav_gain_4p5,False,holdout,0,27.390190695022664,0.0,0.0,3.7972604332026094e-05,2.531506879677181e-06,27.588957965315473,27.588957965315473,0.0,0.0,791.4794798373762,True,4.5,11887.192235533246,11887.192216546944,11887.192197560642,72.5,15.5,[],True,792.479482368883,792.4794811031296,792.4794811031296,792.4794798373762,robust_miss,6,3,2,,False
nav_gain_4p5,False,holdout,0,13.321364084415393,0.0,0.0,5.4042440751800314e-05,3.602829337978619e-06,13.40600436963784,13.40600436963784,0.0,0.0,988.5451386307028,True,4.5,14843.177133502983,14843.177106481764,14843.177079460542,77.5,15.5,[],True,989.5451422335321,989.5451404321175,989.5451404321175,989.5451386307028,robust_miss,6,3,2,,False
nav_gain_4p5,False,holdout,0,4.798450136654378,0.0,0.0,8.897084444470238e-05,5.93138952353911e-06,4.959778386863886,4.959778386863886,0.0,0.0,1026.775033372749,True,4.5,15416.62558956208,15416.625545076657,15416.625500591235,82.5,15.5,[],True,1027.7750393041385,1027.7750363384437,1027.775036338444,1027.775033372749,robust_miss,6,3,2,,False
nav_gain_4p5,False,holdout,0,5.998730474886723,0.0,0.0,0.00010963929707941134,7.309286502277246e-06,6.0741329385489475,6.0741329385489475,0.0,0.0,1031.9937607471263,True,4.5,15494.90652084619,15494.906466026543,15494.906411206894,87.5,15.5,[],True,1032.9937680564128,1032.9937644017696,1032.9937644017696,1032.9937607471263,robust_miss,6,3,2,,False
