source_id,tier,publisher,author_or_maintainer,title,url,domain,equipment,configuration,provenance_status,rights_status,retrieval_status,authority_status,scope_status,residual_status,manifest_path
p5-be-weapon-scarl-fn,B,FN Herstal,,Technical data FN SCAR-L Mk2,https://fnherstal.com/app/uploads/sites/2/technical-data-fn-scar-l-mk2-2.pdf,weapon,FN SCAR-L Mk2 STD,"FN SCAR-L Mk2 standard 14.5-inch barrel configuration; CQC is retained only as a source-listed alternative, not merged into the STD record.",manifest+retrieval+retention,not_recorded,success,non-authoritative,complete,open,raw/sources/fn_herstal/p5-be-weapon-scarl-fn/manifest.md
p5-ca-ground-m777-canada,A,Canadian Army,,M777 Howitzer,https://www.canada.ca/en/army/services/equipment/weapons/m777-howitzer.html,ground,M777,M777 lightweight towed howitzer; M777ER and national fire-control kits are not merged.,manifest+retrieval+retention,not_recorded,success,non-authoritative,complete,open,raw/sources/canada_army/p5-ca-ground-m777-canada/manifest.md
p5-ca-weapon-m72-law,A,Canadian Army,,M72 Light Anti-Tank Weapon,https://www.canada.ca/en/army/services/equipment/weapons/m72-law.html/1000,weapon,M72A5-C1 LAW,M72A5-C1 HEAT self-contained throwaway weapon; earlier M72A1-A3 and M72A7 differences are not merged.,manifest+retrieval+retention,not_recorded,success,non-authoritative,complete,open,raw/sources/canada_army/p5-ca-weapon-m72-law/manifest.md
p5-cn-air-h6k-migflug,C,migflug.com,migflug.com editorial; site publishes aircraft history and technical data pages,"Xian H-6 — History, Specs and Stories",https://migflug.com/aircraft/xian-h-6,air,H-6 / H-6K,"The page separates the baseline H-6 from the H-6K rebuild, which is the variant this leaf records. The H-6K differs from earlier marks in engine type, structure, crew size and maximum weight.",manifest+retrieval+retention,not_recorded,no_record,non-authoritative,complete,open,raw/sources/migflug/p5-cn-air-h6k-migflug/manifest.md
p5-cn-air-h6k-mnd,A,PRC Ministry of National Defense,,,http://eng.mod.gov.cn/xb/News_213114/TopStories/16232488.html,air,H-6 / H-6K,,manifest+retention,not_recorded,not_recorded,non-authoritative,partial,open,raw/sources/prc_ministry_of_national_defense/p5-cn-air-h6k-mnd/manifest.md
p5-cn-air-h6k-redstar,C,RedStar.gr aviation reference,,H-6K Strategic bomber,https://www.redstar.gr/en/other/world-aviation/air-force-of-the-peoples-liberation-army-of-china/xian-aircraft-industry-corparation-xac/h-6k-strategic-bomber.html,air,H-6 / H-6K,H-6K strategic bomber. Values for earlier H-6 marks and the H-6J/H-6N derivatives are not merged.,manifest+retrieval+retention,not_recorded,success,non-authoritative,complete,open,raw/sources/redstar/p5-cn-air-h6k-redstar/manifest.md
p5-cn-air-j10c-armyrecognition,C,Army Recognition,no individual author named; Army Recognition editorial team,Chengdu J-10 technical data,https://www.armyrecognition.com/military-products/air/fighter/chengdu-j-10,air,J-10C,J-10C single-seat AESA/PL-15-era modernization; base J-10A and two-seat J-10S data are not merged. The page is a J-10 family reference and J-10C-specific fields are identified as estimates.,manifest+retention,not_recorded,not_recorded,non-authoritative,complete,open,raw/sources/army_recognition/p5-cn-air-j10c-armyrecognition/manifest.md
p5-cn-air-j10c-mnd,A,PRC Ministry of National Defense,,China''s fighter jet J-10C begins combat duty,http://eng.mod.gov.cn/xb/News_213114/TopStories/4809665.html,air,J-10C,J-10C combat-duty status only; technical performance is supplemented by the Tier C Army Recognition source.,manifest+retention,not_recorded,not_recorded,non-authoritative,complete,open,raw/sources/prc_ministry_of_national_defense/p5-cn-air-j10c-mnd/manifest.md
p5-cn-air-j11b-dvids,C,"Defense Visual Information Distribution Service (DVIDS), United States Department of Defense imagery service",DVIDS imagery contributor notes,Shenyang J-11 right side orthographic view,https://www.dvidshub.net/image/9081295/shenyang-j-11-right-side-orthographic-view-redo,air,J-11 / J-11B and J-11BS,"The imagery record describes the J-11 family and its engine fits across variants, including the J-11B and J-11BG.",manifest+retrieval+retention,not_recorded,partial,non-authoritative,complete,open,raw/sources/dvids/p5-cn-air-j11b-dvids/manifest.md
p5-cn-air-j11b-encyclopedic,C,"English-language encyclopedic aviation entry, Shenyang J-11 article",article editors,Shenyang J-11 — specifications,https://en.wikipedia.org/wiki/Shenyang_J-11,air,J-11 / J-11B and J-11BS,The page covers the J-11 family and its two-seat derivatives. The specifications block is stated for the single-seat J-11B airframe and the article describes the J-11BS as the twin-seat derivative.,manifest+retrieval+retention,not_recorded,partial,non-authoritative,complete,open,raw/sources/wikipedia/p5-cn-air-j11b-encyclopedic/manifest.md
p5-cn-air-j11b-mitchell,C,Mitchell Institute for Aerospace Studies,"Mitchell Institute, China Airpower Tracker series",J-11 technical data,https://www.mitchellaerospacepower.org/weapons/j-11,air,J-11 / J-11B and J-11BS,"The entry tabulates the J-11 family and lists its active variants including J-11B, J-11BS, J-11BG, J-11BH, J-11BSH and J-11D. The dimensions and masses are stated for the family rather than per variant.",manifest+retrieval+retention,not_recorded,success,non-authoritative,complete,open,raw/sources/mitchell_institute/p5-cn-air-j11b-mitchell/manifest.md
p5-cn-air-j11b-mnd,A,PRC Ministry of National Defense,,J-11B,http://eng.mod.gov.cn/2025xb/D/P_251753/16483088.html,air,J-11 / J-11B/BS,The page confirms J-11B service use and states that variant-level dimensions and performance are not officially disclosed. It is admitted on the J-11B / J-11BS leaf for the service-use row only.,manifest+retrieval+retention,not_recorded,not_attempted,non-authoritative,complete,open,raw/sources/prc_ministry_of_national_defense/p5-cn-air-j11b-mnd/manifest.md
p5-cn-air-j15-deagel,C,Deagel.com,"Deagel.com, defence equipment database",J-15 combat aircraft specification entry,https://www.deagel.com/Combat%20Aircraft/J-15/a002954,air,J-15,Carrier-based fighter of the Su-27 family in Chinese service.,manifest+retrieval+retention,not_recorded,no_record,non-authoritative,complete,open,raw/sources/deagel/p5-cn-air-j15-deagel/manifest.md
p5-cn-air-j15-migflug,C,migflug.com,,"Shenyang J-15 Flying Shark — History, Specs & Stories",https://migflug.com/aircraft/shenyang-j-15/,air,J-15,"Baseline single-seat J-15 delivered for STOBAR operations from Liaoning and Shandong. J-15S, J-15T and J-15D deltas are not merged.",manifest+retrieval+retention,not_recorded,success,non-authoritative,complete,open,raw/sources/migflug/p5-cn-air-j15-migflug/manifest.md
p5-cn-air-j15-mnd,A,PRC Ministry of National Defense,,,http://eng.mod.gov.cn/2025xb/D/P_251753/16443256.html,air,J-15 / J-15,,manifest+retention,not_recorded,not_recorded,non-authoritative,partial,open,raw/sources/prc_ministry_of_national_defense/p5-cn-air-j15-mnd/manifest.md
p5-cn-air-j15-tni,C,The National Interest,The National Interest editorial staff; article by Brandon J. Weichert,The J-15 Flying Shark Fighter Is Just What China's Aircraft Carriers Need,https://nationalinterest.org/blog/buzz/j-15-flying-shark-fighter-just-what-chinas-aircraft-carriers-need-211360,air,J-15,Carrier-based multirole fighter derived from the Su-27 family. The baseline J-15 is a single-seat aircraft; the twin-seat derivative is the separate J-15S.,manifest+retrieval+retention,not_recorded,no_record,non-authoritative,complete,open,raw/sources/the_national_interest/p5-cn-air-j15-tni/manifest.md
p5-cn-air-j16-aviationist,C,The Aviationist,The Aviationist editorial staff,Shenyang J-16 Qianlong: specifications,https://theaviationist.com/2025/01/16/shenyang-j-16,air,J-16,Twin-seat multirole fighter and strike aircraft. The page states the type is in service only with the PLAAF.,manifest+retrieval+retention,not_recorded,success,non-authoritative,complete,open,raw/sources/the_aviationist/p5-cn-air-j16-aviationist/manifest.md
p5-cn-air-j16-mnd,A,PRC Ministry of National Defense,,J-16 multi-role fighter material,http://eng.mod.gov.cn/xb/Home/Focus/16385454.html,air,J-16,,manifest+retention,not_recorded,not_recorded,non-authoritative,partial,open,raw/sources/prc_ministry_of_national_defense/p5-cn-air-j16-mnd/manifest.md
p5-cn-air-j20-armyrecognition,C,Army Recognition,no individual author named; Army Recognition editorial team,Chengdu J-20 Mighty Dragon technical data,https://www.armyrecognition.com/military-products/air/fighter/chengdu-j-20,air,J-20,Single-seat early operational J-20 with WS-10B context and PL-10/PL-12/PL-15 internal weapon carriage; WS-15/J-20S and later A/B variants excluded.,manifest+retention,not_recorded,not_recorded,non-authoritative,complete,open,raw/sources/army_recognition/p5-cn-air-j20-armyrecognition/manifest.md
p5-cn-air-j20-mnd,A,PRC Ministry of National Defense,,China''s J-20 stealth jet put into air force combat service,http://eng.mod.gov.cn/xb/Home/Focus/4804598.html,air,J-20,J-20 combat-service status only; technical performance is supplemented by the Tier C Army Recognition source.,manifest+retention,not_recorded,not_recorded,non-authoritative,complete,open,raw/sources/prc_ministry_of_national_defense/p5-cn-air-j20-mnd/manifest.md
p5-cn-air-kj500-armyrecognition,C,Army Recognition,Army Recognition editorial team,China's KJ-500 airborne early warning aircraft upgrade boosts detection of US F-22 and F-35 stealth fighters,https://www.armyrecognition.com/archives/archives-aerospace-defense/2024/chinas-kj-500-airborne-early-warning-aircraft-upgrade-boosts-detection-of-us-f-22-and-f-35-stealth-fighters,air,KJ-500,The article discusses the KJ-500 on the Y-9 airframe and its detection upgrade.,manifest+retrieval+retention,not_recorded,no_record,non-authoritative,complete,open,raw/sources/army_recognition/p5-cn-air-kj500-armyrecognition/manifest.md
p5-cn-air-kj500-mitchell,C,Mitchell Institute for Aerospace Studies,"Mitchell Institute, China Airpower Tracker series",KJ-500 (Y-9W) technical data,https://www.mitchellaerospacepower.org/weapons/kj-500,air,KJ-500,Airborne early warning and control aircraft built by Shaanxi Aircraft Corporation on the Y-9 airframe. Variants KJ-500 and KJ-500H.,manifest+retrieval+retention,not_recorded,success,non-authoritative,complete,open,raw/sources/mitchell_institute/p5-cn-air-kj500-mitchell/manifest.md
p5-cn-air-kj500-mnd,A,PRC Ministry of National Defense,,,http://eng.mod.gov.cn/2025xb/D/P_251753/16454973.html,air,KJ-500 / KJ-500,,manifest+retention,not_recorded,not_recorded,non-authoritative,partial,open,raw/sources/prc_ministry_of_national_defense/p5-cn-air-kj500-mnd/manifest.md
p5-cn-air-kj500-odin,B,U.S. Army TRADOC G-2 Threats Integration / ODIN Worldwide Equipment Guide,,KJ-500 Chinese Airborne Early Warning and Control Aircraft,https://odin.t2com.army.mil/WEG/Asset/5189c21e2a18cc5edbc906ca7d341daf,air,KJ-500,KJ-500 base airborne early warning and control aircraft on the Y-9 family. KJ-500H and later refuelling variants are not merged.,manifest+retrieval+retention,not_recorded,success,non-authoritative,complete,open,raw/sources/odin/p5-cn-air-kj500-odin/manifest.md
p5-cn-air-kj500-pla-navy,A,"China Military Online, the official English-language site of the People's Liberation Army",China Military Online editorial staff,PLA Navy KJ-500 trains day and night,http://eng.chinamil.com.cn/2025xb/M_251449/P_251468/16454971.html,air,KJ-500,"The report covers a KJ-500 airborne early warning aircraft attached to an aviation unit during an early warning and reconnaissance training exercise, and places the unit under PLA Navy aviation.",manifest+retrieval+retention,not_recorded,no_record,non-authoritative,complete,open,raw/sources/china_military_online/p5-cn-air-kj500-pla-navy/manifest.md
p5-cn-air-y20-compiled,C,"English-language encyclopedic aviation entry, Xi'an Y-20 article",article editors,Xi'an Y-20 — specifications,https://en.wikipedia.org/wiki/Xi%27an_Y-20,air,Y-20,The Y-20 transport family. The YY-20A tanker and YY-20B are separate configurations recorded on their own leaf.,manifest+retrieval+retention,not_recorded,no_record,non-authoritative,complete,open,raw/sources/compiled_secondary/p5-cn-air-y20-compiled/manifest.md
p5-cn-air-y20-militaryfactory,C,MilitaryFactory.com,Staff Writer,Xian Y-20 (Kunpeng) Long-Range Strategic Airlifter Transport Aircraft,https://www.militaryfactory.com/aircraft/detail.php?aircraft_id=1046,air,Y-20,Generic Xian Y-20 entry. The page mentions later WS-20 and earlier D-30/WS-18 fits; its engine text is not used to collapse the separate Y-20/Y-20B powerplant rows.,manifest+retrieval+retention,not_recorded,success,non-authoritative,complete,open,raw/sources/military_factory/p5-cn-air-y20-militaryfactory/manifest.md
p5-cn-air-y20-mnd,A,PRC Ministry of National Defense,,China''s Y-20 Transport Aircraft,http://eng.mod.gov.cn/2025xb/D/P_251753/16478358.html,air,Y-20,,manifest+retention,not_recorded,not_recorded,non-authoritative,partial,open,raw/sources/prc_ministry_of_national_defense/p5-cn-air-y20-mnd/manifest.md
p5-cn-air-y20-snl,C,Store norske leksikon,Yngve Jarslett,Y-20,https://snl.no/Y-20,air,Y-20,"Generic Y-20 entry. It does not describe Y-20A, Y-20B or YY-20A as separate configurations.",manifest+retrieval+retention,not_recorded,success,non-authoritative,complete,open,raw/sources/store_norske_leksikon/p5-cn-air-y20-snl/manifest.md
p5-cn-air-yy20a-janes,C,Janes Defence Intelligence,,Images confirm Y-20U aerial tanker is in PLAAF service,https://www.janes.com/defence-intelligence-insights/defence-news/air/images-confirm-y-20u-aerial-tanker-is-in-plaaf-service,air,YY-20 / Y-20U,Y-20U / YY-20A tanker configuration. Transport and Y-20B configurations are not merged.,manifest+retrieval+retention,not_recorded,success,non-authoritative,complete,open,raw/sources/janes/p5-cn-air-yy20a-janes/manifest.md
p5-cn-air-yy20a-mitchell,C,Mitchell Institute for Aerospace Studies,"Mitchell Institute, China Airpower Tracker series",YY-20 (Tanker) technical data,https://www.mitchellaerospacepower.org/weapons/yy-20,air,YY-20 / YY-20A,Aerial refuelling tanker built by Xi'an Aircraft Industrial Corporation on the Y-20 airframe. Active variant listed as YY-20A (Y-20U).,manifest+retrieval+retention,not_recorded,success,non-authoritative,complete,open,raw/sources/mitchell_institute/p5-cn-air-yy20a-mitchell/manifest.md
p5-cn-air-yy20a-mnd,A,PRC Ministry of National Defense,,,http://eng.mod.gov.cn/xb/Home/Focus/16410757.html,air,YY-20 / YY-20A,,manifest+retention,not_recorded,not_recorded,non-authoritative,partial,open,raw/sources/prc_ministry_of_national_defense/p5-cn-air-yy20a-mnd/manifest.md
p5-cn-air-yy20a-redstar,C,RedStar.gr aviation reference,,YY-20A Aerial refuelling tanker,https://www.redstar.gr/en/other/world-aviation/air-force-of-the-peoples-liberation-army-of-china/xian-aircraft-industry-corparation-xac/yy-20a-aerial-refuelling-tanker.html,air,YY-20 / YY-20A,YY-20A / Y-20U tanker based on the earlier Y-20A powerplant family. YY-20B with WS-20 engines is a separate configuration.,manifest+retrieval+retention,not_recorded,success,non-authoritative,complete,open,raw/sources/redstar/p5-cn-air-yy20a-redstar/manifest.md
p5-cn-air-z20-encyclopedic,C,"English-language encyclopedic aviation entry, Harbin Z-20 article",article editors,Harbin Z-20 — specifications,https://en.wikipedia.org/wiki/Harbin_Z-20,air,Z-20,"The specifications block describes the Z-20 utility type. The Z-20F, Z-20J and other marks are covered elsewhere in the same article and are not merged into this record.",manifest+retrieval+retention,not_recorded,partial,non-authoritative,complete,open,raw/sources/wikipedia/p5-cn-air-z20-encyclopedic/manifest.md
p5-cn-air-z20-globalmilitary,C,GlobalMilitary.net,GlobalMilitary.net open-source compilation,"Z-20 — helicopter specs, top speed and range",https://www.globalmilitary.net/aircraft/z20/,air,Z-20,The page carries an explicit Z-20 version block for both technical specifications and performance. The armed marks and the naval marks are not tabulated separately.,manifest+retrieval+retention,not_recorded,success,non-authoritative,complete,open,raw/sources/globalmilitary/p5-cn-air-z20-globalmilitary/manifest.md
p5-cn-air-z20-gs,C,GlobalSecurity.org,"John Pike, site maintainer",Z-20 Copyhawk 10-ton Helicopter — specifications,https://www.globalsecurity.org/military/world/china/z-20-specs.htm,air,Z-20,"Medium-lift utility helicopter developed by AVICOPTER and Harbin Aviation Industry. The page lists a wide role set including transport, assault, anti-submarine warfare, anti-ship, medical evacuation, search and rescue and reconnaissance.",manifest+retrieval+retention,not_recorded,success,non-authoritative,complete,open,raw/sources/globalsecurity/p5-cn-air-z20-gs/manifest.md
p5-cn-air-z20-mnd,A,PRC Ministry of National Defense,,,http://eng.mod.gov.cn/news/2019-10/01/content_4851983.htm,air,Z-20 / Z-20,,manifest+retention,not_recorded,not_recorded,non-authoritative,partial,open,raw/sources/prc_ministry_of_national_defense/p5-cn-air-z20-mnd/manifest.md
p5-cn-air-z20-scio,A,State Council Information Office of the PRC,,"A proud, profitable takeoff",https://english.scio.gov.cn/in-depth/2019-11/18/content_75418679_0.htm,air,Z-20,"Base Z-20 multipurpose transport/utility configuration. Naval, armed and other service variants are separate.",manifest+retrieval+retention,not_recorded,success,non-authoritative,complete,open,raw/sources/prc_scio/p5-cn-air-z20-scio/manifest.md
p5-cn-naval-type052d-armyrecognition,C,Army Recognition,no individual author named; Army Recognition editorial team; page displays an editorial update dated 2026-06-02,Type 052D Kunming class destroyer,https://www.armyrecognition.com/military-products/navy/destroyers-cruisers/type-052d-kungming-class,naval,Type 052D Kunming/Luyang III destroyer,"Baseline Type 052D/Kunming class. Type 052C, stretched Type 052DL, export Type 052DE and batch-specific CIWS/diesel changes are not merged.",manifest+retention,not_recorded,not_recorded,non-authoritative,complete,open,raw/sources/army_recognition/p5-cn-naval-type052d-armyrecognition/manifest.md
p5-cn-naval-type052d-mnd,A,Ministry of National Defense of the People's Republic of China / China Military Online,,Destroyers sail in training,http://eng.mod.gov.cn/xb/Home/Focus/16402494.html,naval,Type 052D guided-missile destroyer Cangzhou (hull 125),"Official image/caption identifies a Type 052D hull in PLAN Northern Theater Command training; it does not publish class dimensions, loading, propulsion or combat-system specifications.",manifest+retention,not_recorded,not_recorded,non-authoritative,complete,open,raw/sources/prc_ministry_of_national_defense/p5-cn-naval-type052d-mnd/manifest.md
p5-cn-naval-type052d-navaltechnology,C,Naval Technology (GlobalData),Praveen (page author); Naval Technology editorial/GlobalData maintenance,Luyang-III Class / Type 052D Destroyers,https://www.naval-technology.com/projects/luyang-052d-destroyers/,naval,Type 052D Luyang III destroyer,"Baseline Type 052D hull and published PLAN fit (not stretched Type 052DL, export Type 052DE or ship-specific later upgrades). The page describes the class, not one named hull.",manifest+retention,not_recorded,not_recorded,non-authoritative,complete,open,raw/sources/naval_technology/p5-cn-naval-type052d-navaltechnology/manifest.md
p5-cn-naval-type052d-wikipedia,C,Wikimedia Foundation / Wikipedia,no individual author named; Wikimedia volunteer contributors; revision history is public,Type 052D destroyer,https://en.wikipedia.org/wiki/Type_052D_destroyer,naval,Type 052D and Type 052DL destroyer family,Community-compiled class page; baseline Type 052D and stretched Type 052DL are listed separately. The leaf uses it only for public displacement context and does not copy later-batch values.,manifest+retention,not_recorded,not_recorded,non-authoritative,complete,open,raw/sources/wikipedia/p5-cn-naval-type052d-wikipedia/manifest.md
p5-de-air-tornadoids-bundeswehr,A,Bundeswehr,German Air Force public-affairs and equipment-information team,Tornado IDS / ECR aircraft,https://www.bundeswehr.de/en/organization/german-air-force/equipment-and-technology/tornado,air,Panavia Tornado IDS,"German IDS dimensions, crew, navigation and terrain-following systems; ECR and national retrofit pods excluded",manifest+retention,not_recorded,not_recorded,non-authoritative,complete,open,raw/sources/bundeswehr/p5-de-air-tornadoids-bundeswehr/manifest.md
p5-de-ground-leopard2a4-bundeswehr,A,Bundeswehr,,Leopard 2 main battle tank equipment reference,https://www.bundeswehr.de/de/ausruestung-technik-bundeswehr/landsysteme/leopard-2,ground,Leopard 2A4,,manifest+retention,not_recorded,not_recorded,non-authoritative,partial,open,raw/sources/bundeswehr/p5-de-ground-leopard2a4-bundeswehr/manifest.md
p5-de-ground-leopard2a4-knds,C,,no individual author named; KNDS public product team,Leopard 2 technical data and family history,https://www.knds.com/products/tracked-vehicles/leopard-2/,ground,Leopard 2A4,"Leopard 2A4 baseline/product context; customer or national upgrade packages, exact fuel/stowage state and later A5-A8 variants are excluded.",manifest+retention,not_recorded,not_recorded,non-authoritative,complete,open,raw/sources/knds/p5-de-ground-leopard2a4-knds/manifest.md
p5-de-ground-leopard2a4-weaponspecs,C,,no individual author named; WeaponSpecs editorial team,"KNDS Leopard 2A4, specs & comparison",https://www.weaponspecs.com/systems/knds/leopard-2a4/,ground,Leopard 2A4,Leopard 2A4 Cold War production standard; national upgrades and later A5-A8 variants are excluded.,manifest+retention,not_recorded,not_recorded,non-authoritative,complete,open,raw/sources/weaponspecs/p5-de-ground-leopard2a4-weaponspecs/manifest.md
p5-de-ground-leopard2a7-bundeswehr,A,Bundeswehr,,Leopard 2 equipment reference and current upgrade context,https://www.bundeswehr.de/de/ausruestung-technik-bundeswehr/landsysteme/leopard-2,ground,Leopard 2A7,,manifest+retention,not_recorded,not_recorded,non-authoritative,partial,open,raw/sources/bundeswehr/p5-de-ground-leopard2a7-bundeswehr/manifest.md
p5-de-ground-leopard2a7-knds,C,,no individual author named; KNDS public product team,Leopard 2 A7 product information,https://www.knds.com/products/tracked-vehicles/leopard-2/leopard-2-a7/,ground,Leopard 2A7,Leopard 2A7 manufacturer product context; A7V and customer-specific gun/kit variants are excluded.,manifest+retention,not_recorded,not_recorded,non-authoritative,complete,open,raw/sources/knds/p5-de-ground-leopard2a7-knds/manifest.md
p5-de-ground-leopard2a7-weaponspecs,C,,no individual author named; WeaponSpecs editorial team,"KNDS Leopard 2A7, specs & comparison",https://www.weaponspecs.com/systems/knds/leopard-2a7/,ground,Leopard 2A7,Leopard 2A7 production standard as compiled by WeaponSpecs; A7V and customer-specific kits are excluded.,manifest+retention,not_recorded,not_recorded,non-authoritative,complete,open,raw/sources/weaponspecs/p5-de-ground-leopard2a7-weaponspecs/manifest.md
p5-de-ground-pzh2000-armyrecognition,C,Army Recognition,no individual author named; Army Recognition editorial team (page metadata lists Administrator),PzH 2000 Germany/UK 155 mm self-propelled howitzer technical data sheet,https://www.armyrecognition.com/military-products/army/artillery-vehicles-and-weapons/self-propelled-howitzers/pzh-2000-germany-uk,ground,Panzerhaubitze 2000,German/KMW baseline PzH 2000; Italian PzH 2000M and later A4 retrofit claims are excluded.,manifest+retention,not_recorded,not_recorded,non-authoritative,complete,open,raw/sources/army_recognition/p5-de-ground-pzh2000-armyrecognition/manifest.md
p5-de-ground-pzh2000-bundeswehr,B,Bundeswehr (German Federal Ministry of Defence),,Panzerhaubitze 2000 equipment and technical data,https://www.bundeswehr.de/de/ausruestung-technik-bundeswehr/landsysteme-bundeswehr/panzerhaubitze-2000,ground,Panzerhaubitze 2000,German Bundeswehr PzH 2000 baseline; A1/A2 and export retrofit configurations are not merged.,manifest+retention,not_recorded,not_recorded,non-authoritative,complete,open,raw/sources/bundeswehr/p5-de-ground-pzh2000-bundeswehr/manifest.md
p5-de-weapon-hk416a5,B,Heckler & Koch,,HK416 A5 technical data,https://s3.amazonaws.com/hk-manuals/files/Military/HK416/HK416A5_Technical_Data.pdf,weapon,HK416 A5 14.5-inch,"HK416 A5 14.5-inch configuration; 11, 16.5 and 20-inch barrel columns are not merged.",manifest+retrieval+retention,not_recorded,success,non-authoritative,complete,open,raw/sources/heckler_koch/p5-de-weapon-hk416a5/manifest.md
p5-de-weapon-mg3-bundeswehr,A,Bundeswehr,,Das Maschinengewehr MG3,https://www.bundeswehr.de/de/ausruestung-technik-bundeswehr/ausruestung-bewaffnung/mg3,weapon,MG3,Bundeswehr MG3 standard machine-gun configuration; MG3A1 vehicle variant is noted but not merged.,manifest+retrieval+retention,not_recorded,success,non-authoritative,complete,open,raw/sources/bundeswehr/p5-de-weapon-mg3-bundeswehr/manifest.md
p5-de-weapon-mg3-wikipedia,C,Wikipedia community reference,,MG3 machine gun,https://en.wikipedia.org/wiki/MG_3_machine_gun,weapon,MG3,Standard MG3 geometry; MG3A1 and national derivatives are excluded.,manifest+retrieval+retention,not_recorded,success,non-authoritative,complete,open,raw/sources/wikipedia/p5-de-weapon-mg3-wikipedia/manifest.md
p5-de-weapon-mg4-bundeswehr,A,Bundeswehr,,Maschinengewehr MG4,https://www.bundeswehr.de/de/ausruestung-technik-bundeswehr/ausruestung-bewaffnung/mg4,weapon,MG4,Baseline Bundeswehr MG4 with bipod and carrying handle; A1/A2/A3 changes are not merged.,manifest+retrieval+retention,not_recorded,success,non-authoritative,complete,open,raw/sources/bundeswehr/p5-de-weapon-mg4-bundeswehr/manifest.md
p5-de-weapon-panzerfaust3-bundeswehr,A,Bundeswehr,,Panzerfaust 3,https://www.bundeswehr.de/de/ausruestung-technik-bundeswehr/ausruestung-bewaffnung/panzerfaust-3,weapon,Panzerfaust 3,Bundeswehr Panzerfaust 3 with DM72 tandem ammunition context; Bunkerfaust DM32 is retained as a separate ammunition role.,manifest+retrieval+retention,not_recorded,success,non-authoritative,complete,open,raw/sources/bundeswehr/p5-de-weapon-panzerfaust3-bundeswehr/manifest.md
p5-eu-air-a330mrtt-airbus,B,Airbus Defence and Space,"Airbus, military aircraft product pages",A330 MRTT — multi role tanker transport,https://www.airbus.com/en/products-services/defence/military-aircraft/a330-mrtt,air,A330 MRTT / Voyager,"The manufacturer page covers the A330 MRTT family, which includes the A330 MRTT+ based on the A330neo. The Royal Air Force Voyager is the A330 MRTT in British service, and the family-level figures here are recorded as family readings rather than as Voyager-specific ones.",manifest+retrieval+retention,not_recorded,success,non-authoritative,complete,open,raw/sources/airbus/p5-eu-air-a330mrtt-airbus/manifest.md
p5-eu-air-a330mrtt-specs,B,Airbus Defence and Space,Airbus Defence and Space,"A330 MRTT — The Tanker of Choice, technical brochure",https://www.airbus.com/sites/g/files/jlcbta136/files/2023-08/TMMP0014_01_2023_A330%20MRTT%20Brochure_ENG_Low.pdf,air,A330 MRTT / Voyager KC2,Airbus common A330 MRTT specification block based on the A330-200-derived tanker. The RAF Voyager KC2 is a national configuration and is not treated as identical to every MRTT customer fit.,manifest+retrieval+retention,not_recorded,success,non-authoritative,complete,open,raw/sources/airbus/p5-eu-air-a330mrtt-specs/manifest.md
p5-eu-air-tornadoids-wikipedia,C,Wikimedia Foundation / Wikipedia,Wikimedia volunteer contributors; revision history is public,Panavia Tornado,https://en.wikipedia.org/wiki/Panavia_Tornado,air,Tornado IDS / GR1 family,"IDS/GR1 geometry, RB199 Mk103 thrust, mass, performance, radar, gun and station values; ADV/F3, ECR and GR4 upgrades excluded",manifest+retention,not_recorded,not_recorded,non-authoritative,complete,open,raw/sources/wikipedia/p5-eu-air-tornadoids-wikipedia/manifest.md
p5-eu-ground-cv90mk4-bae,A,BAE Systems Hagglunds,,CV90MkIV,https://www.baesystems.com/en-us/product/cv90-mkiv,ground,CV90 Mk IV,"Manufacturer MkIV family page; D-series turrets, ATGM, APS and customer options are presented as modular capability rather than one fixed vehicle.",manifest+retention,not_recorded,not_recorded,non-authoritative,complete,open,raw/sources/bae_systems/p5-eu-ground-cv90mk4-bae/manifest.md
p5-eu-ground-cv90mk4-baebrochure,C,BAE Systems Hagglunds (archived brochure; mirror copy),no individual author named; BAE Systems Hagglunds product team; mirror maintained by MilitaryPedia.it,CV90 specifications brochure,https://www.militarypedia.it/wp-content/uploads/2015/11/CV90_12-page0.pdf,ground,"CV90 family, used for Mk IV environmental/fording cross-check","2011-era family brochure, not a Mk IV-specific card; family-level 1.5 m fording, 3+7 operators, 70 km/h and 900 km range are retained only as comparison bounds.",manifest+retention,not_recorded,not_recorded,non-authoritative,complete,open,raw/sources/bae_systems/p5-eu-ground-cv90mk4-baebrochure/manifest.md
p5-eu-ground-cv90mk4-cv90cz,C,CV90.cz Czech programme portal,no individual author named; CV90.cz editorial team / Czech BAE Systems programme communications,CV90 MkIV detailed specification and protection overview,https://cv90.cz/do-detailu/,ground,CV90 Mk IV Czech configuration context,"Czech customer offer; MkIV D-series turret and Czech armor/protection package, not a universal European Mk IV.",manifest+retention,not_recorded,not_recorded,non-authoritative,complete,open,raw/sources/cv90_cz/p5-eu-ground-cv90mk4-cv90cz/manifest.md
p5-eu-ground-cv90mk4-czdefence,C,CZ Defence,no individual author named; CZ Defence editorial team (article cites Czech/European defence data),"Modernisation of wheeled IFVs: Pandur II 8x8 CZ, 30 or 35 mm calibre?",https://www.czdefence.com/article/modernisation-of-wheeled-ifvs-pandur-ii-8x8-cz-30-or-35-mm-calibre,ground,CV9035 export turret (representative Mk IV 35 mm fit),"Comparative article describes CV9035 35 mm ammunition arrangement, not a certified Mk IV D35 load.",manifest+retention,not_recorded,not_recorded,non-authoritative,complete,open,raw/sources/czdefence/p5-eu-ground-cv90mk4-czdefence/manifest.md
p5-eu-ground-cv90mk4-defensie,A,Dutch Ministry of Defence,,Combat Vehicle 90 infantry fighting vehicle,https://www.defensie.nl/onderwerpen/m/materieel/voertuigen/combat-vehicle-90,ground,CV9035NL (operator cross-check for representative Mk IV D35/CV9035 fit),"Dutch CV9035NL operator page, primarily Mk III hull/MLU context; not a generic Mk IV hull specification.",manifest+retention,not_recorded,not_recorded,non-authoritative,complete,open,raw/sources/defensie_nl/p5-eu-ground-cv90mk4-defensie/manifest.md
p5-eu-ground-cv90mk4-odin,B,U.S. Army TRADOC G-2 Threats Integration / ODIN Worldwide Equipment Guide,,CV90 Mk IV Swedish Infantry Fighting Vehicle (IFV),https://odin.t2com.army.mil/WEG/Asset/8ead449f3c3ba50304ed82163369437c,ground,CV90 Mk IV,"ODIN standard Mk IV card, introduced 2017; dimensions, 1,000 hp, 70 km/h, 350 km, 3 crew and 8 passengers are scoped to this card. Weapon section is not populated by ODIN.",manifest+retention,not_recorded,not_recorded,non-authoritative,complete,open,raw/sources/odin/p5-eu-ground-cv90mk4-odin/manifest.md
p5-fr-air-a330-mrtt,A,Ministere des Armees,,,https://www.defense.gouv.fr/air/nos-aeronefs/nos-avions/airbus-a330-phenix,air,A330 MRTT / Phénix,,manifest+retention,not_recorded,not_recorded,non-authoritative,partial,open,raw/sources/ministere_des_armees/p5-fr-air-a330-mrtt/manifest.md
p5-fr-air-atl2,A,Ministere des Armees,,,http://www.defense.gouv.fr/marine/force-laeronautique-navale/atlantique-2-atl-2,air,Atlantique 2 / Atlantique 2,,manifest+retention,not_recorded,not_recorded,non-authoritative,partial,open,raw/sources/ministere_des_armees/p5-fr-air-atl2/manifest.md
p5-fr-air-atl2-dassault,B,Dassault Aviation,"Dassault Aviation, passion and heritage aircraft pages","Atlantique 2 — origins, characteristics and performance data",https://www.dassault-aviation.com/en/passion/aircraft/military-dassault-aircraft/atlantique-2,air,Atlantique 2 / ATL2,"The page is specific to the Atlantique 2, the maritime patrol variant operated by the French Navy. The ATL1 and the proposed ATL3 are separate configurations.",manifest+retrieval+retention,not_recorded,success,non-authoritative,complete,open,raw/sources/dassault_aviation/p5-fr-air-atl2-dassault/manifest.md
p5-fr-air-atl2-dga-standard6-2026,A,"French Directorate General of Armament (DGA), Ministère des Armées",DGA editorial service,ATL2 Standard 6 modernization,https://www.defense.gouv.fr/dga/actualites/dga-livre-dernier-avion-atlantique-2-renove-marine-nationale,air,Atlantique 2 / ATL2,French Navy ATL2 after the Standard 6 modernization; the page describes the modernized combat-system and current operational block rather than every airframe's exact fit history.,manifest+retrieval+retention,not_recorded,success,non-authoritative,complete,open,raw/sources/defense_gouv_fr/p5-fr-air-atl2-dga-standard6-2026/manifest.md
p5-fr-air-atl2-encyclopedic,C,"English-language encyclopedic aviation entry, Bréguet 1150 Atlantic article",article editors,"Bréguet 1150 Atlantic — specifications, Atlantique 2",https://en.wikipedia.org/wiki/Br%C3%A9guet_1150_Atlantic,air,Atlantique 2 / ATL2,"The specifications block is headed `Specifications (Atlantique 2)`, so it is the ATL2 the values describe. The ATL1 and the proposed ATL3 are separate configurations.",manifest+retrieval+retention,not_recorded,partial,non-authoritative,complete,open,raw/sources/wikipedia/p5-fr-air-atl2-encyclopedic/manifest.md
p5-fr-air-atl2-militaryfactory,C,"Military Factory, military equipment reference site",Military Factory editorial staff,Dassault-Breguet Br.1150 (Atlantique 2) Maritime Patrol / Anti-Submarine Warfare Aircraft,https://www.militaryfactory.com/aircraft/detail.php?aircraft_id=1047,air,Atlantique 2 / ATL2,The page covers the Br.1150 Atlantique 2 maritime patrol and anti-submarine warfare aircraft.,manifest+retrieval+retention,not_recorded,success,non-authoritative,complete,open,raw/sources/military_factory/p5-fr-air-atl2-militaryfactory/manifest.md
p5-fr-air-atl2-seaforces,C,"Seaforces.org, naval reference site","Seaforces.org, site maintainer","Breguet Atlantique ATL2, French Navy, Marine Nationale",https://www.seaforces.org/marint/French-Navy/AVIATION/Atlantique-FN.htm,air,Atlantique 2 / ATL2,The page is specific to the French Navy Atlantique ATL2.,manifest+retrieval+retention,not_recorded,success,non-authoritative,complete,open,raw/sources/seaforces/p5-fr-air-atl2-seaforces/manifest.md
p5-fr-air-c130j30,A,Ministere des Armees,French Ministry of the Armed Forces,Lockheed C-130J Super Hercules — French Ministry technical record,https://www.defense.gouv.fr/en/node/8395,air,C-130 / C-130J-30,French Air and Space Force C-130J-30. The source page distinguishes the stretched J-30 from the KC-130J tanker role; the linked technical table is retained for the J-30 columns.,manifest+retrieval+retention,not_recorded,success,non-authoritative,complete,open,raw/sources/ministere_des_armees/p5-fr-air-c130j30/manifest.md
p5-fr-air-e3f,A,Ministere des Armees,,E-3F SDCA,https://www.defense.gouv.fr/air/e-3f-systeme-detection-commandement-aeroporte-sdca,air,E-3 / E-3F,French E-3F SDCA. The technical card and the page's characteristics block are used for variant-level values; family E-3 readings from other packages remain separate cross-checks.,manifest+retrieval+retention,not_recorded,success,non-authoritative,complete,open,raw/sources/ministere_des_armees/p5-fr-air-e3f/manifest.md
p5-fr-air-e3f-airforcetechnology,C,"Airforce Technology, defence programme reference site",Airforce Technology editorial staff,"E-3 AWACS (Sentry) Airborne Warning and Control System, US",https://www.airforce-technology.com/projects/e3awacs,air,E-3 / E-3F,"The page covers the E-3 AWACS programme across operators and states the powerplant split between the United States and NATO aircraft on one hand and the remaining operators on the other, which is the line that covers the French aircraft.",manifest+retrieval+retention,not_recorded,success,non-authoritative,complete,open,raw/sources/airforce_technology/p5-fr-air-e3f-airforcetechnology/manifest.md
p5-fr-air-e3f-awacs-systems,A,Ministere des Armees,French Air and Space Force editorial service,E-3F AWACS mission systems,https://www.defense.gouv.fr/air/nos-aeronefs/nos-avions/awacs,air,E-3 / E-3F,"French E-3F SDCA airborne early-warning and command system. The page is used only for mission-system and sensor claims; the technical-card package remains the source for aircraft mass, geometry and performance.",manifest+retrieval+retention,not_recorded,success,non-authoritative,complete,open,raw/sources/ministere_des_armees/p5-fr-air-e3f-awacs-systems/manifest.md
p5-fr-air-e3f-encyclopedic,C,"English-language encyclopedic aviation entry, Boeing E-3 Sentry article",article editors,"Boeing E-3 Sentry — specifications and variants, E-3F",https://en.wikipedia.org/wiki/Boeing_E-3_Sentry,air,E-3 / E-3F,The article's variants section identifies E-3F as the production aircraft for the French Air and Space Force. The specifications block is stated for the E-3 family on the TF33-powered airframe.,manifest+retrieval+retention,not_recorded,partial,non-authoritative,complete,open,raw/sources/wikipedia/p5-fr-air-e3f-encyclopedic/manifest.md
p5-fr-air-mirage2000-5f,A,Ministere des Armees,,Mirage 2000-5F,https://www.defense.gouv.fr/en/node/14361,air,Mirage 2000 / 2000-5F,"French Mirage 2000-5F single-seat air-defence configuration. The page is used for variant role, service entry, cockpit, radar and missile-family rows; numeric geometry, mass and performance remain attributed to the separate technical packages.",manifest+retrieval+retention,not_recorded,success,non-authoritative,complete,open,raw/sources/ministere_des_armees/p5-fr-air-mirage2000-5f/manifest.md
p5-fr-air-mirage2000-5f-armyrecognition,C,"Army Recognition, defence equipment reference site",Army Recognition editorial staff,"Mirage 2000-5F — military products, fighter",https://www.armyrecognition.com/military-products/air/fighter/mirage-2000-5f,air,Mirage 2000 family / 2000-5F,"The page is specific to the Mirage 2000-5F, the French air-defence rebuild. Its descriptive block lists the Thales RDY multimode radar, a SPECTRA self-protection suite, a GPS-aided inertial navigation system, a helmet-mounted display and a NATO Link 16 datalink.",manifest+retrieval+retention,not_recorded,success,non-authoritative,complete,open,raw/sources/army_recognition/p5-fr-air-mirage2000-5f-armyrecognition/manifest.md
p5-fr-air-mirage2000-gs,C,GlobalSecurity.org,"John Pike, site maintainer; page last modified 2025-12-16",Mirage 2000 — Specifications,https://www.globalsecurity.org/military/world/europe/mirage-2000-specs.htm,air,Mirage 2000 family / 2000D,"The page states that its tables present the Mirage 2000C interceptor baseline and that two-seat and strike variants differ marginally. It gives a separate two-seat length, which is the value applicable to the 2000D.",manifest+retrieval+retention,not_recorded,no_record,non-authoritative,complete,open,raw/sources/globalsecurity/p5-fr-air-mirage2000-gs/manifest.md
p5-fr-air-mirage2000d-flugzeuginfo,C,"flugzeuginfo.net, aircraft technical data reference","Karsten Palt, site maintainer","Dassault Mirage 2000 — fighter, technical data",http://www.flugzeuginfo.net/acdata_php/acdata_mirage2000_en.php,air,Mirage 2000 family / 2000D,"The page describes the family and separates the marks in prose, then presents a single technical table. The table is explicitly labelled by the page itself, in a `Data for (Version)` field at the foot, as `Dassault Mirage 2000c`, and its crew field is 1.",manifest+retrieval+retention,not_recorded,success,non-authoritative,complete,open,raw/sources/flugzeuginfo/p5-fr-air-mirage2000d-flugzeuginfo/manifest.md
p5-fr-air-mirage2000d-rmv,A,Ministere des Armees,,,http://www.defense.gouv.fr/air/actualites/mirage-2000-retour-djibouti,air,Mirage 2000 / 2000D RMV,,manifest+retention,not_recorded,not_recorded,non-authoritative,partial,open,raw/sources/ministere_des_armees/p5-fr-air-mirage2000d-rmv/manifest.md
p5-fr-air-mirage2000d-rmv-dassault,B,Dassault Aviation,"Dassault Aviation, annual report",Aircraft programmes — Dassault Aviation 2023 Annual Report,https://dassault-aviation.publispeak.com/2023-annual-report/doc/article/44,air,Mirage 2000D,"The report states Mirage 2000D (twin-seat) figures. The Rmv upgrade changes mission systems and weapons integration, not the airframe, so these are airframe values.",manifest+retrieval+retention,not_recorded,no_record,non-authoritative,complete,open,raw/sources/dassault_aviation/p5-fr-air-mirage2000d-rmv-dassault/manifest.md
p5-fr-air-mirage2000d-rmv-official,A,Ministère des Armées et des Anciens combattants,,Mirage 2000 D,https://www.defense.gouv.fr/air/nos-aeronefs/nos-avions/mirage-2000,air,Mirage 2000 / 2000D RMV,Official French technical card for the two-seat Mirage 2000 D. The separate 2025 RMV article supplies the mid-life-renovation weapons and mission-system changes; the numeric card is retained as the platform-level 2000 D reading.,manifest+retrieval+retention,not_recorded,success,non-authoritative,complete,open,raw/sources/ministere_des_armees/p5-fr-air-mirage2000d-rmv-official/manifest.md
p5-fr-air-miragef1-dassault,A,Dassault Aviation,Dassault Aviation heritage and communications team,Mirage F1 military aircraft history and specifications,https://www.dassault-aviation.com/en/passion/aircraft/military/mirage-f1/,air,Mirage F1C,F1C single-seat air-defence aircraft; reconnaissance pods and two-seat F1B equipment excluded,manifest+retention,not_recorded,not_recorded,non-authoritative,complete,open,raw/sources/dassault_aviation/p5-fr-air-miragef1-dassault/manifest.md
p5-fr-air-miragef1-mindef,A,French Ministry for the Armed Forces,"Direction de la communication et de la presse, French Air and Space Force",Mirage F1 aircraft reference,https://www.defense.gouv.fr/air/avions/chasse/mirage-f1,air,Mirage F1C,Single-seat F1C interceptor; F1CR/F1CT reconnaissance/strike conversions and export variants excluded,manifest+retention,not_recorded,not_recorded,non-authoritative,complete,open,raw/sources/ministere_des_armees/p5-fr-air-miragef1-mindef/manifest.md
p5-fr-air-miragef1-wikipedia,C,Wikimedia Foundation / Wikipedia,Wikimedia volunteer contributors; revision history is public,Dassault Mirage F1,https://en.wikipedia.org/wiki/Dassault_Mirage_F1,air,Mirage F1C,"F1C single-seat interceptor geometry, mass, fuel, Atar 9K-50, Cyrano IV and DEFA values; F1CR/F1CT/F1B and export fits excluded",manifest+retention,not_recorded,not_recorded,non-authoritative,complete,open,raw/sources/wikipedia/p5-fr-air-miragef1-wikipedia/manifest.md
p5-fr-air-nh90-nfh,A,Ministere des Armees,,,http://www.defense.gouv.fr/dga/lhelicoptere-nh90,air,NH90 / NFH,,manifest+retention,not_recorded,not_recorded,non-authoritative,partial,open,raw/sources/ministere_des_armees/p5-fr-air-nh90-nfh/manifest.md
p5-fr-air-nh90-nfh-airbus,B,Airbus Helicopters / NH90 programme,Airbus Helicopters technical publications,NH90 NFH technical data,https://mediaassets.airbus.com/pm_38_379_379477-atewgmdurt.pdf,air,NH90 / NFH,"NATO Frigate Helicopter (NFH) technical data, used for the French Navy NFH variant record. It is distinct from the TTH transport configuration.",manifest+retrieval+retention,not_recorded,success,non-authoritative,complete,open,raw/sources/airbus/p5-fr-air-nh90-nfh-airbus/manifest.md
p5-fr-air-nh90-nhindustries,B,"NHIndustries (consortium of Airbus Helicopters 62.5 percent, Leonardo 32 percent, Fokker 5.5 percent)","NHIndustries, the programme manufacturer",NH90 Helicopter Platform Overview,https://www.nhindustries.com/nh90-helicopter,air,NH90 / NFH,"This package carries common NH90 platform data. Its performance block is labelled `NH90 General Performance (basic aircraft)` and footnoted `(*) at 10000 kg`, which is below the NFH maximum gross weight of 11,000 kg. Weight, dimension, capacity and fuel rows are not footnoted; the separate Airbus NFH card carries the variant-specific headline block.",manifest+retrieval+retention,not_recorded,success,non-authoritative,complete,open,raw/sources/nhindustries/p5-fr-air-nh90-nhindustries/manifest.md
p5-fr-air-rafale-adapt-dassault,A,Dassault Aviation,Dassault Aviation Defence,Adapt and deliver — Rafale,https://www.dassault-aviation.com/en/defense/rafale/adapt-and-deliver/,air,Rafale C / B / Marine,Common Rafale armament and stores-integration page. It explicitly distinguishes 14 hard points for the Air marks and 13 for Rafale M.,manifest+retrieval+retention,not_recorded,success,non-authoritative,complete,open,raw/sources/dassault_aviation/p5-fr-air-rafale-adapt-dassault/manifest.md
p5-fr-air-rafale-aviationist,C,The Aviationist,The Aviationist editorial staff,Dassault Rafale — general characteristics and variants,https://theaviationist.com/2024/11/28/dassault-rafale,air,Rafale B / C / M,"The page tabulates the Rafale B, C and M variants separately, so the C column is directly available and is not inferred from a sibling mark.",manifest+retrieval+retention,not_recorded,success,non-authoritative,complete,open,raw/sources/the_aviationist/p5-fr-air-rafale-aviationist/manifest.md
p5-fr-air-rafale-b-dassault,A,Dassault Aviation,,Rafale — specifications and performance data (Air B context),https://www.dassault-aviation.com/en/defense/rafale/specifications-and-performance-data/,air,Rafale B,"Rafale Air B, twin-seat land-based mark. The source's common performance block is not presented as a B-only measurement.",manifest+retrieval+retention,not_recorded,success,non-authoritative,complete,open,raw/sources/dassault_aviation/p5-fr-air-rafale-b-dassault/manifest.md
p5-fr-air-rafale-dassault,A,Dassault Aviation,,Rafale — specifications and performance data,https://www.dassault-aviation.com/en/defense/rafale/specifications-and-performance-data/,air,Rafale C / B / Marine,"The page publishes a common Rafale specification block. It is used for family-level values only; C, B and M-specific rows are not inferred from one another.",manifest+retrieval+retention,not_recorded,success,non-authoritative,complete,open,raw/sources/dassault_aviation/p5-fr-air-rafale-dassault/manifest.md
p5-fr-air-rafale-m-dassault,A,Dassault Aviation,,Rafale — specifications and performance data (Marine context),https://www.dassault-aviation.com/en/defense/rafale/specifications-and-performance-data/,air,Rafale M,"Rafale Marine, single-seat carrier-capable mark. The source's common performance block is not presented as an M-only measurement.",manifest+retrieval+retention,not_recorded,success,non-authoritative,complete,open,raw/sources/dassault_aviation/p5-fr-air-rafale-m-dassault/manifest.md
p5-fr-air-tigerhad-airbus,B,Airbus Helicopters,,Tiger HAD technical information brochure,https://mediaassets.airbus.com/pm_38_379_379510-6dwkt12akx.pdf?dl=true,air,Tiger / Tiger HAD,"Tiger HAD multi-role attack helicopter; HAP, UHT, ARH and Tiger MkIII upgrade-specific values are excluded.",manifest+retrieval+retention,not_recorded,success,non-authoritative,complete,open,raw/sources/airbus/p5-fr-air-tigerhad-airbus/manifest.md
p5-fr-air-tigerhad-airbus-missions,B,Airbus Helicopters,,Tiger missions,https://www.airbus.com/en/products-services/helicopters/military-helicopters/tiger/tiger-missions,air,Tiger HAD,Tiger HAD mission and weapon page; HAP/UHT and Tiger MkIII-specific stores are excluded.,manifest+retrieval+retention,not_recorded,success,non-authoritative,complete,open,raw/sources/airbus/p5-fr-air-tigerhad-airbus-missions/manifest.md
p5-fr-air-tigerhad-airbus-retrofit,B,Airbus Helicopters,,First Tiger HAD retrofit delivered to the French Army Aviation,https://www.airbus.com/en/newsroom/press-releases/2017-12-first-tiger-had-retrofit-delivered-to-the-french-army-aviation,air,Tiger HAD,French Army Aviation Tiger HAD retrofit; programme/operator context only.,manifest+retrieval+retention,not_recorded,success,non-authoritative,complete,open,raw/sources/airbus/p5-fr-air-tigerhad-airbus-retrofit/manifest.md
p5-fr-ground-caesar-knds,B,KNDS,,CAESAR 6x6 main specifications,https://backend.knds.com/uploads/K2_V_001_CAESAR_6_X6_EN_BAT_BDEF_91a6b0aeb4.pdf,ground,CAESAR 6x6,CAESAR 6x6 brochure; Mk II and 8x8 variants are not merged.,manifest+retrieval+retention,not_recorded,success,non-authoritative,complete,open,raw/sources/knds/p5-fr-ground-caesar-knds/manifest.md
p5-fr-ground-caesar-official,A,French Ministry of the Armed Forces,,CAESAR artillery system,https://www.defense.gouv.fr/terre/nos-materiels/nos-equipements-terre/vehicules-larmee-terre/vehicules-dartillerie/caesar-camion-equipe-dun,ground,CAESAR Mk I / Mk IR,French CAESAR Mk I/Mk IR family context; CAESAR Mk II and CAESAR 8x8 are separate configurations.,manifest+retrieval+retention,not_recorded,success,non-authoritative,complete,open,raw/sources/fr_ministry/p5-fr-ground-caesar-official/manifest.md
p5-fr-ground-caesar-wikipedia,C,Wikipedia community reference,,CAESAR self-propelled howitzer,https://en.wikipedia.org/wiki/CAESAR_self-propelled_howitzer,ground,CAESAR 6x6,Baseline CAESAR 6x6 public summary; Mk II and 8x8 values excluded.,manifest+retrieval+retention,not_recorded,success,non-authoritative,complete,open,raw/sources/wikipedia/p5-fr-ground-caesar-wikipedia/manifest.md
p5-fr-weapon-exocetmm40-mbda,C,MBDA France,MBDA Maritime product-information team,EXOCET MM40 BLOCK 3C datasheet,https://www.mbda-systems.com/sites/mbda/files/2024-11/2024-exocet-mm40-block-3c-datasheet.pdf,weapon,Exocet MM40 Block 3 / Block 3C,Surface-launched MM40 B3C technical baseline used to bound B3 missile body; later seeker/ECCM improvements are not silently back-projected,manifest+retention,not_recorded,not_recorded,non-authoritative,complete,open,raw/sources/mbda/p5-fr-weapon-exocetmm40-mbda/manifest.md
p5-fr-weapon-exocetmm40-mindef,A,French Ministry of the Armed Forces / DGA,DGA public-information team,EXOCET MM40 Block 3C equipment page,https://www.defense.gouv.fr/en/exocet-mm40-block-3c,weapon,Exocet MM40 Block 3 (B3/B3C continuity),"French MM40 Block 3 family; Block 3C is retained only as a direct continuity cross-check, while AM39/SM39 and MM38/Block 2 excluded",manifest+retention,not_recorded,not_recorded,non-authoritative,complete,open,raw/sources/ministere_des_armees/p5-fr-weapon-exocetmm40-mindef/manifest.md
p5-gb-ground-challenger2-british-army,A,British Army / UK Ministry of Defence,,Challenger 2 main battle tank,https://www.army.mod.uk/learn-and-explore/equipment/tanks/challenger-2/,ground,Challenger 2,,manifest+retention,not_recorded,not_recorded,non-authoritative,partial,open,raw/sources/uk_army/p5-gb-ground-challenger2-british-army/manifest.md
p5-gb-ground-challenger2-weaponspecs,C,,no individual author named; WeaponSpecs editorial team,"Rheinmetall BAE Systems Land Challenger 2, specs & comparison",https://www.weaponspecs.com/systems/rbsl/challenger-2/,ground,Challenger 2,"Challenger 2 current baseline as compiled by WeaponSpecs; Challenger 3, theatre-specific armour kits and refit-specific states are excluded.",manifest+retention,not_recorded,not_recorded,non-authoritative,complete,open,raw/sources/weaponspecs/p5-gb-ground-challenger2-weaponspecs/manifest.md
p5-gb-ground-chieftainmk11-netmaquettes,C,Net-Maquettes,Net-Maquettes editorial team (individual author not stated),Chieftain Mk11 - Walk Around,https://www.net-maquettes.com/pictures/chieftain-mk11/,ground,Chieftain Mk11,"Mk11 walk-around page; dimensions and combat mass refer to a Stillbrew-equipped late vehicle, while historical engine/weapon values are summarized from public references.",manifest+retention,not_recorded,not_recorded,non-authoritative,complete,open,raw/sources/net_maquettes/p5-gb-ground-chieftainmk11-netmaquettes/manifest.md
p5-gb-ground-chieftainmk11-tankmuseum,B,"The Tank Museum, Bovington",The Tank Museum collections/editorial team,Chieftain,https://tankmuseum.org/tank-nuts/tank-collection/chieftain/,ground,FV4201 Chieftain Mark 11C,"Museum Mk11C, a Mk5-built hull upgraded with IFCS, TOGS and Stillbrew armor; museum vehicle condition is not a complete British Army issue state.",manifest+retention,not_recorded,not_recorded,non-authoritative,complete,open,raw/sources/tank_museum/p5-gb-ground-chieftainmk11-tankmuseum/manifest.md
p5-gb-ground-chieftainmk11-wikipedia,C,Wikipedia,Wikipedia contributors (page revision current at access),Chieftain (tank),https://en.wikipedia.org/wiki/Chieftain_(tank),ground,"Chieftain FV4201 family, Mk11-relevant Mk5-derived configuration",Historical family table; Mk1-5 values are not all Mk11-specific. Mk11 leaf uses only family values consistent with Mk5-derived late standard and marks them bounded.,manifest+retention,not_recorded,not_recorded,non-authoritative,complete,open,raw/sources/wikipedia/p5-gb-ground-chieftainmk11-wikipedia/manifest.md
p5-il-weapon-spike-lr2,B,Rafael Advanced Defense Systems,,SPIKE LR II,https://he.rafael.co.il/wp-content/uploads/2019/03/Spike-LR2.pdf,weapon,SPIKE LR II,SPIKE LR II ground-launch and helicopter-launch data; other SPIKE family members are excluded.,manifest+retrieval+retention,not_recorded,success,non-authoritative,complete,open,raw/sources/rafael/p5-il-weapon-spike-lr2/manifest.md
p5-it-air-tornadoids-ami,A,Aeronautica Militare Italiana,Italian Air Force public-affairs office,Tornado IDS,https://www.aeronautica.difesa.it/2023/09/tornado/,air,Panavia Tornado IDS,Italian IDS two-seat strike baseline; ADV and ECR variants excluded,manifest+retention,not_recorded,not_recorded,non-authoritative,complete,open,raw/sources/aeronautica_militare/p5-it-air-tornadoids-ami/manifest.md
p5-kr-ground-k2-armyguide,C,Army Guide,no individual author named; Army Guide editorial/product database team; manufacturer data attributed to Rotem/ADD,K2 Black Panther main battle tank product entry,https://www.army-guide.com/eng/product.php?printmode=1&prodID=2311,ground,K2 Black Panther,"Production-ready K2 baseline and development-era technical narrative; early prototype and batch-specific claims are retained as alternates, not silently merged.",manifest+retention,not_recorded,not_recorded,non-authoritative,complete,open,raw/sources/army_guide/p5-kr-ground-k2-armyguide/manifest.md
p5-kr-ground-k2-hyundairotem,A,Hyundai Rotem,,K2 Main Battle Tank,https://www.hyundai-rotem.co.kr/en/business/defense/details.do?productCt03=defense0101,ground,K2 Black Panther,Republic of Korea baseline product page; export K2GF/K2PL and batch-specific supplier/armor options are not merged.,manifest+retention,not_recorded,not_recorded,non-authoritative,complete,open,raw/sources/hyundai_rotem/p5-kr-ground-k2-hyundairotem/manifest.md
p5-pk-weapon-rpg7-dgrde,A,"Directorate General Research and Development Establishment, Pakistan Ministry of Defence Production",,RPG-7 Rocket Launcher,https://rde.gov.pk/Detail/YzY4NTZiMDgtZTllZS00YmRkLTg4MWMtMjgwMmMyYjRjZjc2,weapon,RPG-7,RPG-7 launcher reference for Pakistan Army inventory; RPG-7V2 and ammunition variants are not merged.,manifest+retrieval+retention,not_recorded,success,non-authoritative,complete,open,raw/sources/pakistan_dgrde/p5-pk-weapon-rpg7-dgrde/manifest.md
p5-ru-air-a50u-airforcetechnology,C,Airforce Technology,,A-50 Mainstay Airborne Early Warning and Control Aircraft (AEW&C),https://www.airforce-technology.com/projects/a50/,air,A-50 / A-50U,A-50U upgrade discussion and A-50 family mission system; export A-50EI and other variants are excluded.,manifest+retrieval+retention,not_recorded,success,non-authoritative,complete,open,raw/sources/airforce_technology/p5-ru-air-a50u-airforcetechnology/manifest.md
p5-ru-air-a50u-redstar,C,RedStar.gr aviation reference,,A-50 Mainstay Airborne early warning and control,https://www.redstar.gr/en/russian-aerial-means/aircraft/ilyushin/a-50-mainstay-airborne-early-warning-and-control.html,air,A-50 / A-50U,A-50 family carrier baseline used only for common airframe geometry and mission-aircraft context; A-50U-specific performance is taken from the separate Xinhua package. A-50EI and other export variants are excluded.,manifest+retrieval+retention,not_recorded,success,non-authoritative,complete,open,raw/sources/redstar/p5-ru-air-a50u-redstar/manifest.md
p5-ru-air-a50u-xinhua,A,Xinhua News Agency,,"Russian A-50U early-warning aircraft reaches 7,500 km operational range",https://www.xinhuanet.com/mil/2016-07/30/c_129190592.htm,air,A-50 / A-50U,Russian A-50U upgrade; baseline A-50 and export A-50EI are excluded from the variant performance rows.,manifest+retrieval+retention,not_recorded,success,non-authoritative,complete,open,raw/sources/xinhuanet/p5-ru-air-a50u-xinhua/manifest.md
p5-ru-air-il76md90a-encyclopedic,C,"English-language encyclopedic aviation entry, Ilyushin Il-76 article",article editors,Ilyushin Il-76 — specifications,https://en.wikipedia.org/wiki/Ilyushin_Il-76,air,Il-76 / Il-76MD-90A,"The page covers the whole Il-76 family. Its capacity line separates the marks explicitly, giving the Il-76M 42,000 kg, the Il-76MD 48,000 kg and the Il-76MD-90A 60,000 kg, and its maximum takeoff weight is labelled for the Il-76MD-90A.",manifest+retrieval+retention,not_recorded,partial,non-authoritative,complete,open,raw/sources/wikipedia/p5-ru-air-il76md90a-encyclopedic/manifest.md
p5-ru-air-il76md90a-roe,A,ROSOBORONEXPORT,,Il-76MD-90A,http://roe.ru/eng/catalog/aerospace-systems/military-transport/il-76md-90a,air,Il-76 / Il-76MD-90A,"The page states the role as a modernized military transport and describes the new-generation integrated flight, sighting and navigation system, and carries no specification table. It is admitted on the Il-76MD-90A leaf for the operator row and the role row only.",manifest+retrieval+retention,not_recorded,not_attempted,non-authoritative,complete,open,raw/sources/rosoboronexport/p5-ru-air-il76md90a-roe/manifest.md
p5-ru-air-il76md90a-ruaviation,C,"Russian Aviation, Russian aviation reference site",Russian Aviation editorial staff,Il-76MD-90A,https://www.ruaviation.com/docs/3/2017/4/3/133,air,Il-76 / Il-76MD-90A,"The page is specific to the Il-76MD-90A, the re-engined modernized military transport. The older Il-76MD and the Il-76TD-90 are separate configurations.",manifest+retrieval+retention,not_recorded,success,non-authoritative,complete,open,raw/sources/russian_aviation/p5-ru-air-il76md90a-ruaviation/manifest.md
p5-ru-air-il76md90a-uac,B,"United Aircraft Corporation (UAC), Russia",,Il-76MD-90A / Il-78M-90A,https://uacrussia.ru/en/aircraft/lineup/l/IL-76MD-90A/,air,Il-76 / Il-76MD-90A,Il-76MD-90A modernized military transport. The adjacent Il-78M-90A tanker block on the same page is not merged into this leaf.,manifest+retrieval+retention,not_recorded,success,non-authoritative,complete,open,raw/sources/uac/p5-ru-air-il76md90a-uac/manifest.md
p5-ru-air-ka52-redstar,C,RedStar.gr aviation reference,,Ka-52 Alligator Multipurpose assault helicopter,https://www.redstar.gr/en/russian-aerial-means/helicopters/russian-helicopters-kamov/ka-52-alligator-multipurpose-assault-helicopter.html,air,Ka-52,Ka-52 Alligator baseline attack helicopter; Ka-52K and Ka-52M-specific values are excluded.,manifest+retrieval+retention,not_recorded,success,non-authoritative,complete,open,raw/sources/redstar/p5-ru-air-ka52-redstar/manifest.md
p5-ru-air-mi28nm-redstar,C,RedStar.gr aviation reference,,Mi-28NM Multipurpose attack helicopter,https://www.redstar.gr/en/russian-aerial-means/helicopters/russian-helicopters-mil/mi-28nm-multipurpose-attack-helicopter.html,air,Mi-28 / Mi-28NM,"Mi-28NM modernised attack helicopter; Mi-28N, Mi-28NE and export configurations are excluded.",manifest+retrieval+retention,not_recorded,success,non-authoritative,complete,open,raw/sources/redstar/p5-ru-air-mi28nm-redstar/manifest.md
p5-ru-air-mig29a-armyrecognition,C,Army Recognition,no individual author named; Army Recognition editorial team,MiG-29 Fulcrum Mikoyan technical data,https://www.armyrecognition.com/military-products/air/fighter/mig-29-fulcrum-mikoyan,air,MiG-29A (9.12A baseline),"Single-seat baseline MiG-29A/9.12A; MiG-29B, SE, SMT and M/M2 upgrades excluded.",manifest+retention,not_recorded,not_recorded,non-authoritative,complete,open,raw/sources/army_recognition/p5-ru-air-mig29a-armyrecognition/manifest.md
p5-ru-air-mig31b-armyrecognition,C,Army Recognition,no individual author named; Army Recognition editorial team,MiG-31 Foxhound Mikoyan technical data,https://www.armyrecognition.com/military-products/air/fighter/mig-31-foxhound-mikoyan,air,MiG-31B,"MiG-31B with upgraded Zaslon-M/digital datalink context; MiG-31BM, D, E and later missile refits excluded.",manifest+retention,not_recorded,not_recorded,non-authoritative,complete,open,raw/sources/army_recognition/p5-ru-air-mig31b-armyrecognition/manifest.md
p5-ru-air-mig31bm-redstar,C,RedStar.gr aviation reference,,MiG-31BM Foxhound Multipurpose fighter,https://www.redstar.gr/en/russian-aerial-means/aircraft/mikoyan-gurevich/mig-31bm-foxhound-multipurpose-fighter.html,air,MiG-31 / MiG-31BM,"MiG-31BM modernised interceptor and multirole fighter; MiG-31B, MiG-31K and export marks are excluded.",manifest+retrieval+retention,not_recorded,success,non-authoritative,complete,open,raw/sources/redstar/p5-ru-air-mig31bm-redstar/manifest.md
p5-ru-air-su27s-armyrecognition,C,Army Recognition,no individual author named; Army Recognition editorial team,Su-27 Flanker Sukhoi technical data,https://www.armyrecognition.com/military-products/air/fighter/su-27-flanker-sukhoi,air,Su-27S (Flanker-B),"Initial-production single-seat Su-27S with AL-31F, N001 radar and OLS-27; Su-27P, UB, SK and Su-35 derivatives excluded.",manifest+retention,not_recorded,not_recorded,non-authoritative,complete,open,raw/sources/army_recognition/p5-ru-air-su27s-armyrecognition/manifest.md
p5-ru-air-su30sme-roe,A,ROSOBORONEXPORT,,Su-30SME,https://roe.ru/pdfs/pdf_6932.pdf,air,Su-30SME export variant,Su-30SME export variant.,manifest+retrieval+retention,not_recorded,success,non-authoritative,complete,open,raw/sources/rosoboronexport/p5-ru-air-su30sme-roe/manifest.md
p5-ru-air-su30sme-uac,B,"United Aircraft Corporation (UAC), Russia","UAC, the manufacturer group holding Sukhoi and Irkut","Su-30SME — model range, military aircraft",https://uacrussia.ru/en/aircraft/lineup/military/su-30sme,air,Su-30SME,The Su-30SME is the export designation of the Su-30SM family.,manifest+retrieval+retention,not_recorded,success,non-authoritative,complete,open,raw/sources/uac/p5-ru-air-su30sme-uac/manifest.md
p5-ru-air-su34e-roe,A,ROSOBORONEXPORT,,Su-34E,https://roe.ru/pdfs/pdf_1959.pdf,air,Su-34E export variant; Russian service variant requires separate evidence,Su-34E export variant. Russian service Su-34 is a separate record.,manifest+retrieval+retention,not_recorded,success,non-authoritative,complete,open,raw/sources/rosoboronexport/p5-ru-air-su34e-roe/manifest.md
p5-ru-air-su34e-uac,B,"United Aircraft Corporation (UAC), Russia",,Su-34,https://uacrussia.ru/en/aircraft/lineup/lineup/su-34/,air,Su-34E export analogue,The UAC page labels the table Su-34E and marks it export; it is used together with the ROSOBORONEXPORT Su-34E sheet. Russian service Su-34 is not merged.,manifest+retrieval+retention,not_recorded,success,non-authoritative,complete,open,raw/sources/uac/p5-ru-air-su34e-uac/manifest.md
p5-ru-air-su35-roe,A,ROSOBORONEXPORT,,Su-35,https://roe.ru/pdfs/pdf_4667.pdf,air,Su-35 / Su-35S,Su-35 export technical sheet used for the Su-35S leaf's common official performance and propulsion fields; the separate secondary package supplies the approximate Su-35S empty mass.,manifest+retrieval+retention,not_recorded,success,non-authoritative,complete,open,raw/sources/rosoboronexport/p5-ru-air-su35-roe/manifest.md
p5-ru-air-su35-uac,B,"United Aircraft Corporation (UAC), Russia",,Su-35,https://uacrussia.ru/en/aircraft/lineup/military/su-35/,air,Su-35 / Su-35S,UAC Su-35 family data used for the Russian Su-35S research record's common airframe and performance fields. The separate Tier C package remains the source for approximate Su-35S empty mass.,manifest+retrieval+retention,not_recorded,success,non-authoritative,complete,open,raw/sources/uac/p5-ru-air-su35-uac/manifest.md
p5-ru-air-su35s-defencesecurityasia,C,Defence Security Asia,Defence Security Asia editorial staff,Russia Defies Sanctions as UAC Delivers Seventh Su-35S Batch to VKS in Record-Breaking 2025 Fighter Production Surge,https://defencesecurityasia.com/en/russia-su-35s-seventh-batch-delivery-record-2025-fighter-production,air,Su-35 / Su-35S,"The article carries an explicit Su-35S designation block, which is the variant the leaf records.",manifest+retrieval+retention,not_recorded,success,non-authoritative,complete,open,raw/sources/defence_security_asia/p5-ru-air-su35s-defencesecurityasia/manifest.md
p5-ru-air-su57-redstar,C,RedStar.gr aviation reference,,Su-57 Multiple role stealth fighter,https://www.redstar.gr/en/russian-aerial-means/aircraft/sukhoi/su-57-multiple-role-stealth-fighter.html,air,Su-57,"Public Su-57/PAK FA baseline profile; the article's early development narrative and the later production aircraft share one named Su-57 profile, so prototype-history claims are not used as current inventory claims. Su-57E export data is excluded.",manifest+retrieval+retention,not_recorded,success,non-authoritative,complete,open,raw/sources/redstar/p5-ru-air-su57-redstar/manifest.md
p5-ru-air-su57-uac,A,United Aircraft Corporation,,Su-57,https://uacrussia.ru/en/aircraft/lineup/military/su-57/,air,Su-57,Russian Su-57 fifth-generation multirole aviation complex; export Su-57E is excluded.,manifest+retrieval+retention,not_recorded,success,non-authoritative,complete,open,raw/sources/uac/p5-ru-air-su57-uac/manifest.md
p5-ru-air-tu160m-19f45,C,19FortyFive,19FortyFive editorial staff,Russia's New Tu-160M Supersonic Bomber Has a Message for the U.S. Air Force,https://www.19fortyfive.com/2025/05/russias-new-tu-160m-supersonic-bomber-has-a-message-for-the-u-s-air-force,air,Tu-160 / Tu-160M,"The article covers the Tu-160M modernization, including the NK-32-02 engine fit reported by the United Aircraft Corporation press office.",manifest+retrieval+retention,not_recorded,success,non-authoritative,complete,open,raw/sources/19fortyfive/p5-ru-air-tu160m-19f45/manifest.md
p5-ru-air-tu160m-mod,A,Russian Ministry of Defence,,,https://eng.mil.ru/print?print=1&id=41f87688-44a0-48ed-a5cc-c21cc98c7b06&filler=ssp-news.one,air,Tu-160 / Tu-160M,,manifest+retention,not_recorded,not_recorded,non-authoritative,partial,open,raw/sources/russian_ministry_of_defence/p5-ru-air-tu160m-mod/manifest.md
p5-ru-air-tu160m-rostec,A,Rostec / United Engine Corporation,,Tu-160M Makes First Flight with New Engines,https://rostec.ru/en/media/news/tu-160m-makes-first-flight-with-new-engines/,air,Tu-160 / Tu-160M,"Tu-160M modernization context. It is used for the variant-specific engine and systems boundary, while the named secondary package supplies the public platform figures.",manifest+retrieval+retention,not_recorded,success,non-authoritative,complete,open,raw/sources/rostec/p5-ru-air-tu160m-rostec/manifest.md
p5-ru-air-tu95ms-redstar,C,RedStar.gr aviation reference,,Tu-95MS Strategical bomber,https://www.redstar.gr/en/russian-aerial-means/aircraft/tupolev/tu-95ms-strategical-bomber.html,air,Tu-95 / Tu-95MS,"Tu-95MS missile-carrier bomber; Tu-95M, Tu-142 and Tu-95MSM upgrade-specific values are excluded unless the page explicitly names the MS configuration.",manifest+retrieval+retention,not_recorded,success,non-authoritative,complete,open,raw/sources/redstar/p5-ru-air-tu95ms-redstar/manifest.md
p5-ru-ground-bm21-fas,B,Federation of American Scientists document archive,,BM-21 122-mm Multiple Rocket Launcher,https://man.fas.org/dod-101/sys/land/row/bm-21.htm,ground,BM-21 Grad,Standard 9K51/BM-21 context; later rockets and derivative launchers are not merged.,manifest+retrieval+retention,not_recorded,success,non-authoritative,complete,open,raw/sources/fas/p5-ru-ground-bm21-fas/manifest.md
p5-ru-ground-bm21-wikipedia,C,Wikipedia community reference,,BM-21 Grad,https://en.wikipedia.org/wiki/BM-21_Grad,ground,BM-21 Grad,"Standard BM-21 on the ZiL-375 6x6 chassis; BM-21U, Grad-1 and Tornado-G are excluded.",manifest+retrieval+retention,not_recorded,success,non-authoritative,complete,open,raw/sources/wikipedia/p5-ru-ground-bm21-wikipedia/manifest.md
p5-ru-ground-bmp1-mcia,B,U.S. Marine Corps Intelligence Activity,,"Georgia handbook, Appendix A-14 BMP-1 entry",https://info.publicintelligence.net/MCIA-GeorgiaHandbook.pdf,ground,BMP-1,"Generic amphibious BMP-1 entry (3 crew, 6-8 passengers, 13,500 kg, 6.7 x 2.9 x 2.2 m, 80 km/h and 550-600 km); not a replacement for the Valka Object 765 subseries data.",manifest+retention,not_recorded,not_recorded,non-authoritative,complete,open,raw/sources/ntis/p5-ru-ground-bmp1-mcia/manifest.md
p5-ru-ground-bmp1-valka,C,Valka.cz,"Valka.cz armor database; technical entry by user `Cichy`, expanded by moderator Martin Smisek",SOV - BMP-1 (pasove BVP) technical data,https://www.valka.cz/SOV-BMP-1-pasove-BVP-t29228,ground,BMP-1 (Object 765 Sp2-Sp4),"Soviet baseline BMP-1 with 2A28 Grom turret; Sp1-Sp4 production, Czech/Polish BVP-1 licensing, BMP-1P Fagot/Konkurs and 30/40 mm retrofit turrets are not merged.",manifest+retention,not_recorded,not_recorded,non-authoritative,complete,open,raw/sources/valka/p5-ru-ground-bmp1-valka/manifest.md
p5-ru-ground-bmp2-armyguide,C,Army Guide,no individual author named; Army Guide editorial desk,BMP-2 Infantry fighting vehicle,https://www.army-guide.com/eng/product.php?printmode=1&prodID=119,ground,BMP-2,"Kurganmashzavod baseline BMP-2 product entry; Improved, BMP-2D, BMP-2K and other retrofit variants are excluded.",manifest+retention,not_recorded,not_recorded,non-authoritative,complete,open,raw/sources/army_guide/p5-ru-ground-bmp2-armyguide/manifest.md
p5-ru-ground-bmp2-armyrecognition,C,Army Recognition,no individual author named; Army Recognition editorial team (page metadata lists Administrator),BMP-2 Russia/Ukraine infantry fighting vehicle technical data sheet,https://www.armyrecognition.com/military-products/army/infantry-fighting-vehicles/tracked-vehicles/bmp-2-russia-uk,ground,BMP-2,"Baseline BMP-2; BMP-2D, BMP-2K, BMP-2M and product-improved variants are not merged.",manifest+retention,not_recorded,not_recorded,non-authoritative,complete,open,raw/sources/army_recognition/p5-ru-ground-bmp2-armyrecognition/manifest.md
p5-ru-ground-bmp2-roe,C,Rosoboronexport,no individual author named; Rosoboronexport product-page/editorial team,BMP-2 infantry fighting vehicle product description,https://roe.ru/eng/catalog/land-forces/armored-combat-vehicles/bmp-2/,ground,BMP-2,"Historical baseline BMP-2 exporter/product pointer; BMP-2D, BMP-2K, BMP-2M and retrofit packages excluded.",manifest+retention,not_recorded,not_recorded,non-authoritative,complete,open,raw/sources/rosoboronexport/p5-ru-ground-bmp2-roe/manifest.md
p5-ru-ground-t72a-mcia,B,U.S. Marine Corps Intelligence Activity / Institute for Defense Analyses,,"Georgia handbook, Appendix A-12 T-72 entry",https://info.publicintelligence.net/MCIA-GeorgiaHandbook.pdf,ground,T-72 family (T-72 entry; used as historical cross-check for T-72A),Generic T-72 entry in the Georgia handbook and associated MCIA technical-study material; not a substitute for T-72A-specific serial data.,manifest+retention,not_recorded,not_recorded,non-authoritative,complete,open,raw/sources/ntis/p5-ru-ground-t72a-mcia/manifest.md
p5-ru-ground-t72a-valka,C,Valka.cz,"Valka.cz armor database; technical entry by user `buko1`, updated/annotated by moderator Martin Smisek",SOV - T-72A (pásové tanky) technical data,https://www.valka.cz/T-72A-t40101,ground,T-72A (Object 172A),"Base serial-production T-72A, 1979-1985; page notes that later modernization after 1980 is not part of the base data. Gun-forward/rear, side-skirt, deep-fording and V-84 overhaul alternates are retained as separate bounds.",manifest+retention,not_recorded,not_recorded,non-authoritative,complete,open,raw/sources/valka/p5-ru-ground-t72a-valka/manifest.md
p5-ru-ground-t72b3-armyrecognition,C,Army Recognition,no individual author named; Army Recognition editorial team (page metadata lists Administrator),T-72B3 Russia/Ukraine main battle tank technical data sheet,https://www.armyrecognition.com/military-products/army/main-battle-tanks/main-battle-tanks/t-72b3-russia-uk,ground,T-72B3,T-72B3 modernization described on the page; Model 2016 and T-72B3M are not merged into this leaf.,manifest+retention,not_recorded,not_recorded,non-authoritative,complete,open,raw/sources/army_recognition/p5-ru-ground-t72b3-armyrecognition/manifest.md
p5-ru-ground-t72b3-roe,C,Rosoboronexport,no individual author named; Rosoboronexport product-page/editorial team,T-72B3 main battle tank product description,https://roe.ru/eng/catalog/land-forces/main-battle-tanks/t-72b3/,ground,T-72B3,"Historical T-72B3 modernization exporter/product pointer; not merged with T-72B, T-72B3M or Model 2016.",manifest+retention,not_recorded,not_recorded,non-authoritative,complete,open,raw/sources/rosoboronexport/p5-ru-ground-t72b3-roe/manifest.md
p5-ru-ground-t90m-armyrecognition,C,Army Recognition,no individual author named; Army Recognition editorial team (page metadata lists Administrator),T-90M Model 2017 Proryv-3 main battle tank technical data sheet,https://www.armyrecognition.com/military-products/army/main-battle-tanks/main-battle-tanks/t-90m-model-2017-mbt-main-battle-tank-technical-data-sheet,ground,T-90M Model 2017 Proryv-3,Russian Army T-90M Model 2017/Proryv-3 description; export T-90MS and T-90AM claims are kept separate.,manifest+retention,not_recorded,not_recorded,non-authoritative,complete,open,raw/sources/army_recognition/p5-ru-ground-t90m-armyrecognition/manifest.md
p5-ru-ground-t90m-roe,C,Rosoboronexport,no individual author named; Rosoboronexport product-page/editorial team,T-90M main battle tank product description,https://roe.ru/eng/catalog/land-forces/main-battle-tanks/t-90m/,ground,T-90M Proryv,"Historical T-90M Proryv exporter/product pointer; not merged with T-90A, T-90AM or T-90MS.",manifest+retention,not_recorded,not_recorded,non-authoritative,complete,open,raw/sources/rosoboronexport/p5-ru-ground-t90m-roe/manifest.md
p5-ru-naval-sovremenny-forecastinternational,C,Forecast International,no individual author named; Forecast International Warships Forecast analyst team,Project 956 (Sovremenny),https://www.forecastinternational.com/archive/disp_pdf.cfm?DACH_RECNO=1255,naval,Project 956 Sovremenny-class destroyer,"Russian Project 956 baseline technical-data table. Project 956A, 956E/EM export ships, Chinese refits and Project 956U are excluded.",manifest+retention,not_recorded,not_recorded,non-authoritative,complete,open,raw/sources/forecast_international/p5-ru-naval-sovremenny-forecastinternational/manifest.md
p5-ru-naval-sovremenny-navalencyclopedia,C,Naval Encyclopedia,no individual author named; Naval Encyclopedia editorial team; revision history is site-maintained,Sovremenny class destroyers (1978),https://naval-encyclopedia.com/cold-war/ussr/sovremenny-class-destroyers.php,naval,Project 956 Sovremenny-class destroyer,"Soviet/Russian Project 956 baseline. Export Project 956E/EM, Chinese modernization and later Project 956U variants are excluded from the extracted baseline.",manifest+retention,not_recorded,not_recorded,non-authoritative,complete,open,raw/sources/naval_encyclopedia/p5-ru-naval-sovremenny-navalencyclopedia/manifest.md
p5-ru-weapon-ags17-fas,B,Federation of American Scientists document archive,,FM 100-2-3 grenade launcher characteristics,https://irp.fas.org/doddir/army/fm100-2-3.pdf,weapon,AGS-17,Soviet-era AGS-17 table; no AGS-30 or helicopter fit is merged.,manifest+retrieval+retention,not_recorded,success,non-authoritative,complete,open,raw/sources/fas/p5-ru-weapon-ags17-fas/manifest.md
p5-ru-weapon-ags17-rosgvardia,A,Federal Service of the National Guard of the Russian Federation,,АГС-17,https://rosguard.gov.ru/page/index/ags17,weapon,AGS-17 Plamya,AGS-17 infantry-mounted configuration; AG-17A helicopter and AGS-30 derivatives are excluded.,manifest+retrieval+retention,not_recorded,success,non-authoritative,complete,open,raw/sources/rosgvardia/p5-ru-weapon-ags17-rosgvardia/manifest.md
p5-ru-weapon-ak74m-rosgvardia,A,Federal Service of the National Guard of the Russian Federation,,Автомат АК-74М,https://rosguard.gov.ru/ru/page/index/avtomat-ak74m,weapon,AK-74M,"Russian AK-74M service rifle. AK-74, AKS-74 and RPK-74 are separate configurations.",manifest+retrieval+retention,not_recorded,success,non-authoritative,complete,open,raw/sources/kalashnikov/p5-ru-weapon-ak74m-rosgvardia/manifest.md
p5-ru-weapon-ak74m-wikipedia,C,Wikipedia community reference,,AK-74,https://en.wikipedia.org/wiki/AK-74,weapon,AK-74M,AK-74M row only; AK-74 and AKS-74 values are not silently substituted.,manifest+retrieval+retention,not_recorded,success,non-authoritative,complete,open,raw/sources/wikipedia/p5-ru-weapon-ak74m-wikipedia/manifest.md
p5-ru-weapon-pkm-operator,C,Reproduced operator-manual reference,,TM 8370-50107 PKM characteristics,https://www.scribd.com/document/670868006/TM-8370-50107-PKM-Oper-Man,weapon,PKM,Baseline PKM operator-manual data; PKP and export refits excluded.,manifest+retrieval+retention,not_recorded,success,non-authoritative,complete,open,raw/sources/usmc_manuals/p5-ru-weapon-pkm-operator/manifest.md
p5-ru-weapon-pkm-roe,B,Rosoboronexport,,PKM — Handy Fire Support,https://roe.ru/pdfs/pdf_7081.pdf,weapon,PKM,PKM general-purpose machine gun; PKP and PK variants are separate.,manifest+retrieval+retention,not_recorded,success,non-authoritative,complete,open,raw/sources/rosoboronexport/p5-ru-weapon-pkm-roe/manifest.md
p5-ru-weapon-r73-globalsecurity,C,GlobalSecurity.org,GlobalSecurity editorial staff; source bibliography identifies ODIN/WEG and Russian technical references,AA-11 ARCHER R-73 design and specifications,https://www.globalsecurity.org/military/world/russia/aa-11-design.htm,weapon,R-73 (AA-11 Archer),"Baseline R-73 canard airframe with gas-dynamic thrust vectoring, passive IR seeker, active proximity/impact fuze and continuous-rod warhead; R-74 upgrades excluded",manifest+retention,not_recorded,not_recorded,non-authoritative,complete,open,raw/sources/globalsecurity/p5-ru-weapon-r73-globalsecurity/manifest.md
p5-ru-weapon-r73-roe,C,Rosoboronexport / Russian defence export catalogue,Rosoboronexport catalogue editorial team; page mirrors may be maintained by regional distributors,R-73E short-range air-to-air missile,http://roe.ru/eng/catalog/aerospace-systems/air-to-air-missile/r-73e/,weapon,R-73 baseline / R-73E export-equivalent parameters,R-73A/E geometry and all-aspect IR seeker; R-73M/R-74M upgrades and R-73EL laser-fuze subvariant excluded,manifest+retention,not_recorded,not_recorded,non-authoritative,complete,open,raw/sources/rosoboronexport/p5-ru-weapon-r73-roe/manifest.md
p5-se-air-gripenc-fm,A,Swedish Armed Forces (Försvarsmakten),Swedish Air Force public-information office,JAS 39 Gripen,https://www.forsvarsmakten.se/en/about-the-swedish-armed-forces/our-equipment/aircraft/gripen/,air,JAS 39 Gripen C,Swedish Gripen C single-seat operational fit; Gripen A/D/E/F differences excluded,manifest+retention,not_recorded,not_recorded,non-authoritative,complete,open,raw/sources/swedish_armed_forces/p5-se-air-gripenc-fm/manifest.md
p5-se-air-gripenc-saab,A,Saab AB,Saab Gripen product team,Gripen C-series,https://www.saab.com/products/gripen-c-series,air,JAS 39 Gripen C,"Single-seat Gripen C dimensions, RM12 engine, payload and road-base operating concept; D and E/F variants excluded",manifest+retention,not_recorded,not_recorded,non-authoritative,complete,open,raw/sources/saab/p5-se-air-gripenc-saab/manifest.md
p5-se-air-gripenc-wikipedia,C,Wikimedia Foundation / Wikipedia,Wikimedia volunteer contributors; revision history is public,Saab JAS 39 Gripen,https://en.wikipedia.org/wiki/Saab_JAS_39_Gripen,air,JAS 39 Gripen C,"Gripen C single-seat geometry, mass, RM12 thrust, fuel, range, PS-05/A and BK-27 values; A/D/E/F variants excluded",manifest+retention,not_recorded,not_recorded,non-authoritative,complete,open,raw/sources/wikipedia/p5-se-air-gripenc-wikipedia/manifest.md
p5-se-weapon-at4cs-hp,B,Saab,,AT4 weapons — AT4CS HP technical data,https://www.saab.com/contentassets/2448d088b2414cc0b79674b3616d714f/gcs_handbook_update_2026_aw_web.pdf,weapon,AT4CS HP,AT4CS HP confined-space anti-armour configuration; other AT4 variants are not merged.,manifest+retrieval+retention,not_recorded,success,non-authoritative,complete,open,raw/sources/saab/p5-se-weapon-at4cs-hp/manifest.md
p5-se-weapon-carlgustaf-m4,B,Saab,,Carl-Gustaf Recoilless Multi-Purpose Weapon System,https://www.saab.com/products/carl-gustaf-m4,weapon,Carl-Gustaf M4,Carl-Gustaf M4 weapon system excluding sight/stand mass; M1/M2/M3 and ammunition-specific performance are not merged.,manifest+retrieval+retention,not_recorded,success,non-authoritative,complete,open,raw/sources/saab/p5-se-weapon-carlgustaf-m4/manifest.md
p5-uk-air-a400m-airbus-official,B,Airbus Defence and Space,Airbus Defence and Space,"A400M — The 21st Century Airlifter, specifications and dimensions",https://image.contactad.airbus.com/lib/fe2d1171756404747c1678/m/1/7f52cf78-0b6e-49b2-8028-4cc0b85158bd.pdf,air,A400M / Atlas C1,"Airbus common A400M specification block. It is used for common airframe and performance values; RAF-specific crew, radar and Atlas C.1 role context remain on the RAF package.",manifest+retrieval+retention,not_recorded,success,non-authoritative,complete,open,raw/sources/airbus/p5-uk-air-a400m-airbus-official/manifest.md
p5-uk-air-a400m-airbus-ukdefenceforum,C,"UK Defence Forum, reproducing Airbus A400M manufacturer figures","UK Defence Forum, forum compilation of published A400M data",Airbus A400M Atlas (RAF),https://ukdefenceforum.net/viewtopic.php?t=176,air,A400M / Atlas C1,A400M as operated by the Royal Air Force as Atlas C.1. Airframe and performance figures are the common A400M values.,manifest+retrieval+retention,not_recorded,no_record,non-authoritative,complete,open,raw/sources/uk_defence_forum/p5-uk-air-a400m-airbus-ukdefenceforum/manifest.md
p5-uk-air-a400m-c1-raf,A,Royal Air Force,,Atlas C.1 (A400M),https://www.raf.mod.uk/aircraft/current-aircraft/atlas-c1-a400m,air,A400M Atlas C1,"RAF Atlas C.1. The page's 42.2 m length and 30-tonne/2,400 nmi capability are retained as RAF-specific readings beside Airbus common-type values where they differ.",manifest+retrieval+retention,not_recorded,success,non-authoritative,complete,open,raw/sources/royal_air_force/p5-uk-air-a400m-c1-raf/manifest.md
p5-uk-air-apache-ah64e-army,A,British Army,British Army communications service,AH-64E Apache attack helicopter,https://www.army.mod.uk/learn-and-explore/equipment/aircraft/ah-64e-apache-attack-helicopter/,air,AH-64E Apache / UK Army,"British Army AH-64E operational record. The page is used for UK operator capability and direct UK headline values, not for an empty-weight certification.",manifest+retrieval+retention,not_recorded,success,non-authoritative,complete,open,raw/sources/british_army/p5-uk-air-apache-ah64e-army/manifest.md
p5-uk-air-c17a-raf,A,Royal Air Force,,,https://www.raf.mod.uk/aircraft/current-aircraft/globemaster-c-171,air,C-17 / C-17A,,manifest+retention,not_recorded,not_recorded,non-authoritative,partial,open,raw/sources/royal_air_force/p5-uk-air-c17a-raf/manifest.md
p5-uk-air-chinook-hc6a-raf,A,Royal Air Force,,Chinook current aircraft technical specifications,https://www.raf.mod.uk/aircraft/current-aircraft/chinook1,air,Chinook / HC6A,Current RAF fleet page covering Mk5/Mk6/Mk6A together. Fleet-wide values are not asserted as HC6A-only measurements.,manifest+retrieval+retention,not_recorded,success,non-authoritative,complete,open,raw/sources/royal_air_force/p5-uk-air-chinook-hc6a-raf/manifest.md
p5-uk-air-f35b-bae-compiled,B,BAE Systems plc,"BAE Systems, F-35 product page",F-35B Lightning II — short take-off and vertical landing fighter-bomber,https://www.baesystems.com/dam/jcr:47fbc276-ac6f-43f9-92c2-3652530d4dd4,air,F-35 / F-35B,The document is specific to the F-35B short take-off and vertical landing variant. The A and C marks are not tabulated on it and no value is carried between the marks.,manifest+retrieval+retention,not_recorded,failed,non-authoritative,complete,open,raw/sources/bae_systems/p5-uk-air-f35b-bae-compiled/manifest.md
p5-uk-air-f35b-migflug,C,"MiGFlug GmbH, flight experience operator",MiGFlug editorial staff,F-35 Lightning II — aircraft profile,https://migflug.com/aircraft/f-35-lightning-ii,air,"F-35 / F-35A, F-35B, F-35C","The page tabulates the A, B and C marks separately, so the B column is directly available and is not inferred from a sibling mark.",manifest+retrieval+retention,not_recorded,partial,non-authoritative,complete,open,raw/sources/migflug/p5-uk-air-f35b-migflug/manifest.md
p5-uk-air-f35b-raf-aircraft,A,Royal Air Force,"Royal Air Force, current aircraft pages",F-35B Lightning,https://www.raf.mod.uk/aircraft/current-aircraft/lightning-f35b,air,F-35 / F-35B,"The aircraft page for the F-35B Lightning as operated by the Royal Air Force. It carries one technical specification group, one weapons group and one sensors group for the B mark.",manifest+retrieval+retention,not_recorded,success,non-authoritative,complete,open,raw/sources/royal_air_force/p5-uk-air-f35b-raf-aircraft/manifest.md
p5-uk-air-f35b-raf-comparison,A,Royal Air Force,"Royal Air Force, news articles",RAF F-35A marks a significant step in delivering a more lethal Integrated Force and joining NATO Nuclear Mission,https://www.raf.mod.uk/news/articles/raf-f-35a-marks-a-significant-step-in-delivering-a-more-lethal-integrated-force-and-joining-nato-nuclear-mission,air,F-35 / F-35A and F-35B,The article's specification table tabulates the F-35A and the F-35B side by side. The F-35B column is directly available and is not inferred from the A.,manifest+retrieval+retention,not_recorded,success,non-authoritative,complete,open,raw/sources/royal_air_force/p5-uk-air-f35b-raf-comparison/manifest.md
p5-uk-air-merlin-aw101-leonardo,B,Leonardo Helicopters (formerly AgustaWestland),"Leonardo Helicopters, product page and technical data section","AW101 — Military Helicopters, technical data",https://helicopters.leonardo.com/en/products/aw101,air,AW101 / Merlin HM2,"The page presents the AW101 as a multi-role platform covering maritime, battlefield and search-and-rescue configurations. Its technical data is platform-level and is not separated by customer or mark, so these figures are not asserted as Merlin HM2-unique.",manifest+retrieval+retention,not_recorded,success,non-authoritative,complete,open,raw/sources/leonardo/p5-uk-air-merlin-aw101-leonardo/manifest.md
p5-uk-air-merlin-hm2-raf,A,Royal Air Force,,,https://www.raf.mod.uk/news/articles/how-the-raf-is-integrating-and-strengthening-air-defence-through-royal-navy-merlin-and-wildcat,air,Merlin / HM2,,manifest+retention,not_recorded,not_recorded,non-authoritative,partial,open,raw/sources/royal_air_force/p5-uk-air-merlin-hm2-raf/manifest.md
p5-uk-air-merlin-hm2-royalnavy,A,Royal Navy,Royal Navy communications service,Merlin helicopter,https://www.royalnavy.mod.uk/equipment/aircraft/merlin,air,Merlin / HM2,"Royal Navy Merlin page covering Mk2 and Mk4; the Mk2 role, crew and mission-system rows are separated from platform-level Leonardo AW101 figures and from Mk4 troop-lift context.",manifest+retrieval+retention,not_recorded,success,non-authoritative,complete,open,raw/sources/royal_navy/p5-uk-air-merlin-hm2-royalnavy/manifest.md
p5-uk-air-merlin-hm2-seaforces,C,"Seaforces.org, naval reference site","Seaforces.org, site maintainer","Merlin HM2 Helicopter, Royal Navy, Agusta Westland AW101",https://www.seaforces.org/marint/Royal-Navy/AIRCRAFT/Merlin-HM2-RN.htm,air,Merlin / HM2,"The page is specific to the Royal Navy Merlin HM2 and covers the naval adaptations, including the folding tail and blades. Its own specification block is headed as applying to the HM1.",manifest+retrieval+retention,not_recorded,partial,non-authoritative,complete,open,raw/sources/seaforces/p5-uk-air-merlin-hm2-seaforces/manifest.md
p5-uk-air-merlin-hm2-weapons,A,Royal Navy,Royal Navy communications service,Merlin Mk2 weapons and support,https://www.royalnavy.mod.uk/news/2025/april/01/20250401-merlin-contract-extension,air,Merlin / HM2,Royal Navy Merlin Mk2 operational armament and mission role.,manifest+retrieval+retention,not_recorded,success,non-authoritative,complete,open,raw/sources/royal_navy/p5-uk-air-merlin-hm2-weapons/manifest.md
p5-uk-air-p8a-boeing,B,The Boeing Company,"Boeing Defense, Space and Security",P-8 Poseidon product page,https://www.boeing.com/defense/patrol-early-warning-and-battle-management/p-8-poseidon,air,P-8A / Poseidon MRA1,"Boeing P-8 family specification block. It is used for common P-8A airframe and performance values, not for UK-specific mission-system software.",manifest+retrieval+retention,not_recorded,success,non-authoritative,complete,open,raw/sources/boeing/p5-uk-air-p8a-boeing/manifest.md
p5-uk-air-p8a-raf,A,Royal Air Force,,Poseidon MRA1,https://www.raf.mod.uk/aircraft/current-aircraft/poseidon-mra11,air,P-8A / Poseidon MRA1,"UK Poseidon MRA1, the RAF designation for the P-8A. RAF-specific sensors and weapon context are separated from Boeing's common airframe block.",manifest+retrieval+retention,not_recorded,success,non-authoritative,complete,open,raw/sources/royal_air_force/p5-uk-air-p8a-raf/manifest.md
p5-uk-air-protector-rg1-gaasi,B,"General Atomics Aeronautical Systems, Inc.",GA-ASI,MQ-9B SkyGuardian — technical data sheet,https://www.ga-asi.com/images/products/aircraft_systems/pdf/mq9b-skyguardian-datasheet.pdf,air,MQ-9B SkyGuardian / Protector RG Mk1,"Common MQ-9B SkyGuardian air vehicle data. It is not used to replace the RAF-specific Brimstone, Paveway, sensor or crew rows.",manifest+retrieval+retention,not_recorded,success,non-authoritative,complete,open,raw/sources/general_atomics/p5-uk-air-protector-rg1-gaasi/manifest.md
p5-uk-air-protector-rg1-raf,A,Royal Air Force,,,https://www.raf.mod.uk/aircraft/current-aircraft/protector-rg-mk-1-mq-9b11,air,Protector / RG1,"UK Protector RG Mk1 based on MQ-9B SkyGuardian. Brimstone 3A, Paveway IV and the RAF remote-crew organization are UK-specific rows.",manifest+retrieval+retention,not_recorded,success,non-authoritative,complete,open,raw/sources/royal_air_force/p5-uk-air-protector-rg1-raf/manifest.md
p5-uk-air-tornadoids-raf,A,Royal Air Force,RAF Air Historical Branch / Defence Communications,Tornado GR1/IDS aircraft,https://www.raf.mod.uk/aircraft/tornado-gr4/,air,Panavia Tornado IDS / GR1 family,"Baseline IDS/GR1 dimensions, two-person crew, variable-sweep wing and strike mission; GR4 avionics upgrades are excluded",manifest+retention,not_recorded,not_recorded,non-authoritative,complete,open,raw/sources/royal_air_force/p5-uk-air-tornadoids-raf/manifest.md
p5-uk-air-typhoon-fgr4-compiled,C,GlobalMilitary.net,GlobalMilitary.net open-source compilation,"Typhoon — combat aircraft specs, top speed and range",https://www.globalmilitary.net/aircraft/typhoon/,air,Typhoon / FGR4,"The page carries an explicit Typhoon FGR.4 version block for both technical specifications and performance, which is the variant the leaf records. The general Typhoon headline figures on the same page are not the FGR.4 block.",manifest+retrieval+retention,not_recorded,success,non-authoritative,complete,open,raw/sources/compiled_secondary/p5-uk-air-typhoon-fgr4-compiled/manifest.md
p5-uk-air-typhoon-fgr4-encyclopedic,C,"English-language encyclopedic aviation entry, Eurofighter Typhoon article",article editors,Eurofighter Typhoon — specifications,https://en.wikipedia.org/wiki/Eurofighter_Typhoon,air,Typhoon / FGR4,"The general-characteristics block describes the Eurofighter Typhoon type, not the FGR Mk 4. It is admitted as a cross-check only and no value from it is the source of record on the leaf for any row the service page states.",manifest+retrieval+retention,not_recorded,partial,non-authoritative,complete,open,raw/sources/wikipedia/p5-uk-air-typhoon-fgr4-encyclopedic/manifest.md
p5-uk-air-typhoon-fgr4-forcesnews,C,"Forces News, Services Sound and Vision Corporation",Forces News editorial staff,Typhoon: the RAF's primary multi-role fighter jet that packs a mighty punch,https://www.forcesnews.com/news/what-typhoon-aircraft,air,Typhoon / FGR4,The article describes the RAF Typhoon FGR Mk 4 and its operations. It is a narrative service article and not a specification sheet.,manifest+retrieval+retention,not_recorded,failed,non-authoritative,complete,open,raw/sources/forces_news/p5-uk-air-typhoon-fgr4-forcesnews/manifest.md
p5-uk-air-typhoon-fgr4-raf,A,Royal Air Force,"Royal Air Force, aircraft pages",Typhoon FGR4,https://www.raf.mod.uk/aircraft/current-aircraft/typhoon-fgr41,air,Typhoon FGR4,"The page is specific to the Typhoon FGR Mk4 as operated by the Royal Air Force, which is the variant the leaf records.",manifest+retrieval+retention,not_recorded,success,non-authoritative,complete,open,raw/sources/royal_air_force/p5-uk-air-typhoon-fgr4-raf/manifest.md
p5-uk-air-voyager-kc2-raf,A,Royal Air Force,,,https://www.raf.mod.uk/aircraft/current-aircraft/voyager,air,Voyager / KC2,RAF Voyager KC2 has two underwing pods; KC3 adds a centreline hose. This package records the RAF fit and does not merge KC3-only hardware into the KC2 leaf.,manifest+retrieval+retention,not_recorded,success,non-authoritative,complete,open,raw/sources/royal_air_force/p5-uk-air-voyager-kc2-raf/manifest.md
p5-uk-air-voyager-kc2-ukdf,C,UK Defence Forum,"forum thread 177, ""Airbus A330 Voyager (MRTT) (RAF)""; specification post by member SKB",Airbus A330 Voyager (MRTT) (RAF) — thread specification post,https://ukdefenceforum.net/viewtopic.php?t=177,air,Voyager / KC2,"The thread covers the RAF Voyager, which is the A330 MRTT in British service, in both the KC2 and KC3 fits. The specification post states the fuel capability for the type rather than separating the two marks.",manifest+retrieval+retention,not_recorded,success,non-authoritative,complete,open,raw/sources/uk_defence_forum/p5-uk-air-voyager-kc2-ukdf/manifest.md
p5-uk-air-wildcat-aw159-leonardo,B,Leonardo Helicopters (formerly AgustaWestland),"Leonardo Helicopters, product page and technical data section","AW159 — Military Helicopters, technical data",https://helicopters.leonardo.com/en/products/aw159,air,AW159 / Wildcat HMA2,"The AW159 is presented as a single platform covering maritime and battlefield roles. The page does not separate the Royal Navy HMA2 from the Army AH1 in its technical data, so the figures below are platform-level rather than HMA2-unique.",manifest+retrieval+retention,not_recorded,success,non-authoritative,complete,open,raw/sources/leonardo/p5-uk-air-wildcat-aw159-leonardo/manifest.md
p5-uk-air-wildcat-hma2-815nas,A,"Royal Navy, 815 Naval Air Squadron",Royal Navy communications service,815 Naval Air Squadron Wildcat role,https://www.royalnavy.mod.uk/organisation/units-and-squadrons/wildcat/815-naval-air-squadron,air,Wildcat HMA2,"Royal Navy HMA2 operational role and weapon integration, distinct from the platform-level Leonardo data.",manifest+retrieval+retention,not_recorded,success,non-authoritative,complete,open,raw/sources/royal_navy/p5-uk-air-wildcat-hma2-815nas/manifest.md
p5-uk-air-wildcat-hma2-raf,A,Royal Air Force,,,https://www.raf.mod.uk/news/articles/how-the-raf-is-integrating-and-strengthening-air-defence-through-royal-navy-merlin-and-wildcat,air,Wildcat / HMA2,,manifest+retention,not_recorded,not_recorded,non-authoritative,partial,open,raw/sources/royal_air_force/p5-uk-air-wildcat-hma2-raf/manifest.md
p5-uk-air-wildcat-hma2-royalnavy,A,Royal Navy,Royal Navy communications service,Wildcat helicopter,https://www.royalnavy.mod.uk/equipment/aircraft/wildcat,air,Wildcat / HMA2,Royal Navy Wildcat maritime helicopter page. It describes the naval aircraft and its common operating statistics; the 815 NAS package supplies the HMA2-specific combat-role wording.,manifest+retrieval+retention,not_recorded,success,non-authoritative,complete,open,raw/sources/royal_navy/p5-uk-air-wildcat-hma2-royalnavy/manifest.md
p5-us-air-a10c-usaf,A,U.S. Air Force,,A-10C Thunderbolt II,https://www.af.mil/About-Us/Fact-Sheets/Display/Article/104490/a-10c-thunderbolt-ii/,air,A-10 / A-10C,"A-10C Thunderbolt II. The fact sheet is an aircraft-level capability and characteristic source; the listed weapons are an employment set, not a claim that every load is simultaneous.",manifest+retrieval+retention,not_recorded,success,non-authoritative,complete,open,raw/sources/us_air_force/p5-us-air-a10c-usaf/manifest.md
p5-us-air-a10c-usaf-factsheet,A,U.S. Air Force,U.S. Air Force fact sheet editorial staff,A-10C Thunderbolt II — Air Force Fact Sheet Display,https://www.af.mil/about-us/fact-sheets/display/article/104490/a-10c-thunderbolt-ii,air,A-10 / A-10C,The fact sheet is specific to the A-10C and gives an A-10C general characteristics block.,manifest+retrieval+retention,not_recorded,partial,non-authoritative,complete,open,raw/sources/us_air_force/p5-us-air-a10c-usaf-factsheet/manifest.md
p5-us-air-ac130j-usaf,A,U.S. Air Force,,AC-130J Ghostrider,https://www.af.mil/About-Us/Fact-Sheets/Display/Article/467756/ac-130j-ghostrider/,air,AC-130 / AC-130J,AC-130J Ghostrider. The weapon list is the published Precision Strike Package capability set; it is not a simultaneous-load assertion.,manifest+retrieval+retention,not_recorded,success,non-authoritative,complete,open,raw/sources/us_air_force/p5-us-air-ac130j-usaf/manifest.md
p5-us-air-ah64e-armyrecognition,C,"Army Recognition, defence equipment reference site",Army Recognition editorial staff,"AH-64E Apache Guardian — military products, attack helicopters",https://www.armyrecognition.com/military-products/air/helicopters/attack-helicopters/ah-64e-apache-guardian,air,AH-64 / AH-64E,The page is specific to the AH-64E Apache Guardian.,manifest+retrieval+retention,not_recorded,success,non-authoritative,complete,open,raw/sources/army_recognition/p5-us-air-ah64e-armyrecognition/manifest.md
p5-us-air-ah64e-cmano,C,CMANO Database community reference,community database maintainers,AH-64E Apache Guardian variant record,https://cmano-db.com/aircraft/7061/,air,AH-64E Apache Guardian,"Community versioned E-variant data record, used only as a secondary empty-weight and cross-check source.",manifest+retrieval+retention,not_recorded,success,non-authoritative,complete,open,raw/sources/cmano_db/p5-us-air-ah64e-cmano/manifest.md
p5-us-air-ah64e-encyclopedic,C,"English-language encyclopedic aviation entry, Boeing AH-64 Apache article",article editors,Boeing AH-64 Apache — specifications,https://en.wikipedia.org/wiki/Boeing_AH-64_Apache,air,AH-64 / AH-64E,"The specifications block is stated for the Apache family, with the engine note separating the T700-GE-701 of the early marks from the -701C introduced on the A and D from 1990. It is not an E-specific block.",manifest+retrieval+retention,not_recorded,partial,non-authoritative,complete,open,raw/sources/wikipedia/p5-us-air-ah64e-encyclopedic/manifest.md
p5-us-air-ah64e-migflug,C,"MiGFlug GmbH, flight experience operator",MiGFlug editorial staff,"Boeing AH-64 Apache — history, specs and photos",https://migflug.com/aircraft/ah-64-apache,air,AH-64 / AH-64E,The page covers the Apache family and separates the A and D from the E in its own notes. It is not an E-specific specification sheet.,manifest+retrieval+retention,not_recorded,success,non-authoritative,complete,open,raw/sources/migflug/p5-us-air-ah64e-migflug/manifest.md
p5-us-air-apache-ah64e-boeing,B,The Boeing Company,"Boeing Defense, Space and Security",AH-64 Apache - product specifications,https://www.boeing.com/defense/ah-64-apache/,air,AH-64 / AH-64E,The manufacturer specification block covers the Apache family and does not split every figure by mark. The leaf therefore labels these readings as family or E-variant context rather than as a United Kingdom-specific measurement.,manifest+retrieval+retention,not_recorded,success,non-authoritative,complete,open,raw/sources/boeing/p5-us-air-apache-ah64e-boeing/manifest.md
p5-us-air-apg68v9-globalsecurity,C,GlobalSecurity.org,,AN/APG-68 Radar System,https://www.globalsecurity.org/military/systems/aircraft/systems/an-apg-68.htm,air / sensor,AN/APG-68(V)9 radar system on F-16 Block 50/52,"Secondary system summary covering V9 capabilities and the F-16 Block 50/52 context; it also discusses unrelated B-1 derivative use, which is excluded from this leaf.",manifest+retention,not_recorded,not_recorded,non-authoritative,complete,open,raw/sources/globalsecurity/p5-us-air-apg68v9-globalsecurity/manifest.md
p5-us-air-apg68v9-lockheed,A,Lockheed Martin Aeronautics,,Performance Flight-Testing of Updated Radar Under Way for Lockheed Martin F-16,https://news.lockheedmartin.com/2002-06-25-Performance-Flight-Testing-of-Updated-Radar-Under-Way-for-Lockheed-Martin-F-16-New-Technology-Expected-to-Significantly-Increase-Radar-Performance,air / sensor,Northrop Grumman AN/APG-68(V)9 on F-16C/D,2002 development/early-production V9 for F-16 Block 50/52 integration; later customer software and retrofit batches may change mode limits.,manifest+retention,not_recorded,not_recorded,non-authoritative,complete,open,raw/sources/lockheed_martin/p5-us-air-apg68v9-lockheed/manifest.md
p5-us-air-apg68v9-northrop,A,Northrop Grumman Electronic Systems,,AN/APG-68(V)9 — F-16 Multimode Fire Control Radar,https://web.archive.org/web/20091121030353/http://www.es.northropgrumman.com/solutions/apg68/,air / sensor,AN/APG-68(V)9,"Manufacturer page for the V9 radar and its F-16 retrofit/new-build use; customer-specific software, waveform tables and export release baselines are outside the page.",manifest+retention,not_recorded,not_recorded,non-authoritative,complete,open,raw/sources/northrop_grumman/p5-us-air-apg68v9-northrop/manifest.md
p5-us-air-apg68v9-northrop-brochure,A,Northrop Grumman Electronic Systems,,AN/APG-68(V)9 Improved Multimode Fire Control Radar brochure,https://web.archive.org/web/20110526024024/http://www.es.northropgrumman.com/solutions/apg68/assets/APG68.pdf,air / sensor,AN/APG-68(V)9,V9 retrofit/new-build radar physical-statistics and mode/interface sheet; values for earlier APG-68 versions in the comparison diagram are not substituted into the V9 leaf.,manifest+retention,not_recorded,not_recorded,non-authoritative,complete,open,raw/sources/northrop_grumman/p5-us-air-apg68v9-northrop-brochure/manifest.md
p5-us-air-apg68v9-shephard,C,Shephard Media,,"Radar and Electronic Warfare Systems Handbook, Issue 1 (airborne radar entry)",https://mags.shephardmedia.com/legacy-handbooks/REWSH2022.pdf,air / sensor,"AN/APG-68 family, with the entry identifying AN/APG-68(V)9 on F-16 Block 50/52","Professional handbook summary of the APG-68 family; the V9 label, range, weight and modes are retained, but target RCS, customer OFP, waveform and environmental assumptions are not supplied.",manifest+retention,not_recorded,not_recorded,non-authoritative,complete,open,raw/sources/shephard/p5-us-air-apg68v9-shephard/manifest.md
p5-us-air-apg68v9-wikipedia,C,Wikimedia Foundation / Wikipedia,,AN/APG-68,https://en.wikipedia.org/wiki/AN/APG-68,air / sensor,"AN/APG-68 family, with V9 LRU and F-16 context","Community-maintained family page; family-level X-band, search-cone, azimuth and electrical-supply figures are used only as bounded cross-checks. They are not treated as V9 customer-certified limits.",manifest+retention,not_recorded,not_recorded,non-authoritative,complete,open,raw/sources/wikipedia/p5-us-air-apg68v9-wikipedia/manifest.md
p5-us-air-b1b-usaf,A,U.S. Air Force,,B-1B Lancer,https://www.af.mil/About-Us/Fact-Sheets/Display/Article/104500/b-1b-lancer/,air,B-1 / B-1B,Conventional B-1B. The page documents a conventional-only mission after nuclear-role removal; no nuclear loadout is inferred.,manifest+retrieval+retention,not_recorded,success,non-authoritative,complete,open,raw/sources/us_air_force/p5-us-air-b1b-usaf/manifest.md
p5-us-air-b2a-usaf,A,U.S. Air Force,,B-2 Spirit,https://www.af.mil/about-us/fact-sheets/display/article/104482/b-2-spirit,air,B-2A,,manifest+retrieval+retention,not_recorded,partial,non-authoritative,partial,open,raw/sources/us_air_force/p5-us-air-b2a-usaf/manifest.md
p5-us-air-b52h-usaf,A,U.S. Air Force,,B-52H Stratofortress,https://www.af.mil/about-us/fact-sheets/display/article/104465/b-52h-stratofortress,air,B-52H,,manifest+retrieval+retention,not_recorded,partial,non-authoritative,partial,open,raw/sources/us_air_force/p5-us-air-b52h-usaf/manifest.md
p5-us-air-c130j-usaf,A,U.S. Air Force,Air Force public affairs,C-130 Hercules,https://www.af.mil/About-Us/Fact-Sheets/Display/Article/1555054/c-130-hercules/,air,C-130 / C-130J,Standard-length C-130J column in the mixed C-130 fact sheet. C-130E/H and stretched C-130J-30 readings are excluded from this package's C-130J rows.,manifest+retrieval+retention,not_recorded,success,non-authoritative,complete,open,raw/sources/us_air_force/p5-us-air-c130j-usaf/manifest.md
p5-us-air-c130j30-ang-factsheet,A,"130th Airlift Wing, Air National Guard, United States Air Force",130th Airlift Wing public affairs,Fact Sheet: The C-130J-30 Super Hercules,https://www.130aw.ang.af.mil/About-Us/Fact-Sheets/Display/Article/4525571/fact-sheet-the-c-130j-30-super-hercules,air,C-130J-30,"The page is written as a direct comparison between the stretched C-130J-30 and the standard C-130J, which makes it the source that supplies the J-30 columns the main Air Force fact sheet does not publish.",manifest+retrieval+retention,not_recorded,success,non-authoritative,complete,open,raw/sources/us_air_force/p5-us-air-c130j30-ang-factsheet/manifest.md
p5-us-air-c17a-usaf,A,"U.S. Air Force, Dover Air Force Base",Dover Air Force Base public affairs,C-17 Globemaster III,https://www.dover.af.mil/Units/Fact-Sheets/Article/4402368/c-17-globemaster-iii/,air,C-17,"U.S. Air Force C-17A production transport configuration. Cargo, troop and aeromedical figures retain the source's stated mission conditions.",manifest+retrieval+retention,not_recorded,success,non-authoritative,complete,open,raw/sources/us_air_force/p5-us-air-c17a-usaf/manifest.md
p5-us-air-c5m-usaf,A,U.S. Air Force,,C-5 A/B/C Galaxy and C-5M Super Galaxy,https://www.af.mil/About-Us/Fact-Sheets/Display/Article/1529718/c-5-abc-galaxy-and-c-5m-super-galaxy/,air,C-5 / C-5M,C-5M Super Galaxy. The range values are retained with their cargo conditions and are not collapsed into one generic range.,manifest+retrieval+retention,not_recorded,success,non-authoritative,complete,open,raw/sources/us_air_force/p5-us-air-c5m-usaf/manifest.md
p5-us-air-ch47f-army-facts,A,United States Army,U.S. Army public affairs,CH-47F Chinook characteristics,https://www.army.mil/article/137584/CH_47_CHINOOK_HELICOPTER/,air,CH-47F / Chinook family reference for RAF HC6A,U.S. Army CH-47F family values used only as a clearly labelled mass and family-capability reference for the RAF HC6A leaf.,manifest+retrieval+retention,not_recorded,success,non-authoritative,complete,open,raw/sources/us_army/p5-us-air-ch47f-army-facts/manifest.md
p5-us-air-cv22b-usaf,A,U.S. Air Force,,CV-22 Osprey,https://www.af.mil/About-Us/Fact-Sheets/Display/Article/104531/cv-22-osprey/,air,CV-22 / CV-22B,"Air Force CV-22B/SOF configuration. Gross-weight bands are retained separately for self-deployment, STOL and VTOL conditions.",manifest+retrieval+retention,not_recorded,success,non-authoritative,complete,open,raw/sources/us_air_force/p5-us-air-cv22b-usaf/manifest.md
p5-us-air-e3g-block4045-af,A,U.S. Air Force,Air Force public affairs,Upgraded AWACS platform tested at Northern Edge,https://www.af.mil/News/Features/Article/602615/upgraded-awacs-platform-tested-at-northern-edge/,air,E-3 / E-3G,U.S. Air Force E-3G Block 40/45 mission-system and operational context. Airframe values remain on the separate family fact-sheet package.,manifest+retrieval+retention,not_recorded,success,non-authoritative,complete,open,raw/sources/us_air_force/p5-us-air-e3g-block4045-af/manifest.md
p5-us-air-e3g-usaf,A,U.S. Air Force,,,https://www.af.mil/News/Tag/20714/e-3-sentry,air,E-3 / E-3G,,manifest+retention,not_recorded,not_recorded,non-authoritative,partial,open,raw/sources/us_air_force/p5-us-air-e3g-usaf/manifest.md
p5-us-air-e3sentry-tinker,A,"Tinker Air Force Base, U.S. Air Force",Tinker AFB public affairs,"E-3 Sentry (AWACS) — Fact Sheet Display, Tinker Air Force Base",https://www.tinker.af.mil/About-Tinker/Fact-Sheets/Display/Article/384781/e-3-sentry-awacs,air,E-3 / E-3G,E-3 Sentry family figures as published by the base that supports the fleet.,manifest+retrieval+retention,not_recorded,no_record,non-authoritative,complete,open,raw/sources/tinker_air_force_base/p5-us-air-e3sentry-tinker/manifest.md
p5-us-air-e3sentry-usaf-factsheet,A,U.S. Air Force,"U.S. Air Force, fact sheet editorial staff",E-3 Sentry (AWACS) — Air Force Fact Sheet Display,https://www.af.mil/About-Us/Fact-Sheets/Display/article/104504/e-3-sentry-awacs,air,E-3 / E-3G,"The fact sheet describes the E-3 Sentry (AWACS) as a family, not the E-3G block specifically. Airframe, powerplant and performance figures are therefore family-level.",manifest+retrieval+retention,not_recorded,no_record,non-authoritative,complete,open,raw/sources/us_air_force/p5-us-air-e3sentry-usaf-factsheet/manifest.md
p5-us-air-ea18g-navair,A,NAVAIR,,EA-18G Growler,https://www.navair.navy.mil/product/EA-18G-Growler,air,EA-18G,EA-18G Growler electronic-attack configuration derived from the F/A-18F platform. The page's combat load is retained as a mission condition rather than a universal payload.,manifest+retrieval+retention,not_recorded,success,non-authoritative,complete,open,raw/sources/us_navy/p5-us-air-ea18g-navair/manifest.md
p5-us-air-f15c-usaf,A,U.S. Air Force,USAF Air Force Public Affairs historical fact-sheet team,F-15 Eagle,https://www.af.mil/About-Us/Fact-Sheets/Display/Article/104512/f-15-eagle/,air,F-15C/D Eagle baseline,"Single-seat C dimensions, F100 engine family, M61 gun and air-superiority role; F-15E/EX and foreign F-15J fits excluded",manifest+retention,not_recorded,not_recorded,non-authoritative,complete,open,raw/sources/us_air_force/p5-us-air-f15c-usaf/manifest.md
p5-us-air-f15c-wikipedia,C,Wikimedia Foundation / Wikipedia,Wikimedia volunteer contributors; revision history is public,McDonnell Douglas F-15 Eagle,https://en.wikipedia.org/wiki/McDonnell_Douglas_F-15_Eagle,air,F-15C/D Eagle,"F-15C/D single-seat dimensions, F100-PW-220 option, fuel and payload values; F-15E/EX and F-15J values are excluded from the leaf",manifest+retention,not_recorded,not_recorded,non-authoritative,complete,open,raw/sources/wikipedia/p5-us-air-f15c-wikipedia/manifest.md
p5-us-air-f15e-usaf,A,U.S. Air Force,,F-15E Strike Eagle,https://www.af.mil/about-us/fact-sheets/display/article/104499/f-15e-strike-eagle,air,F-15E,,manifest+retrieval+retention,not_recorded,success,non-authoritative,partial,open,raw/sources/us_air_force/p5-us-air-f15e-usaf/manifest.md
p5-us-air-f15ex-afsf,C,"Air and Space Forces Magazine, Air and Space Forces Association",Air and Space Forces Magazine weapons database,F-15EX Eagle II — weapons and platforms entry,https://www.airandspaceforces.com/weapons/f-15ex,air,F-15 / F-15EX,"The entry states it is based on the F-15QA developed for Qatar and is the planned replacement for the F-15C/D, so it is specific to the F-15EX and does not describe the F-15E.",manifest+retrieval+retention,not_recorded,success,non-authoritative,complete,open,raw/sources/air_and_space_forces/p5-us-air-f15ex-afsf/manifest.md
p5-us-air-f15ex-boeing,B,The Boeing Company,"Boeing Defense, Space and Security",F-15EX — fighters and bombers product page,https://www.boeing.com/defense/fighters-and-bombers/f-15ex-eagle,air,F-15 / F-15EX,"The page is specific to the F-15EX and does not tabulate the F-15E, F-15C or the Advanced Eagle export marks.",manifest+retrieval+retention,not_recorded,success,non-authoritative,complete,open,raw/sources/boeing/p5-us-air-f15ex-boeing/manifest.md
p5-us-air-f15ex-f16net,C,"F-16.net, the F-16 reference and military aviation forum","forum thread 59389, ""Boeing F-15EX Eagle II""; the specification post is by member jetblast16, 6 September 2023",Boeing F-15EX Eagle II — post reproducing the F-15EX specification block,https://www.f-16.net/forum/viewtopic.php?f=36&t=59389,air,F-15 / F-15EX,"The thread is specific to the F-15EX. The post carrying the specification block is on page 1 of 76 and is a forum post, not an article.",manifest+retrieval+retention,not_recorded,success,non-authoritative,complete,open,raw/sources/f16net/p5-us-air-f15ex-f16net/manifest.md
p5-us-air-f15ex-globalmilitary,C,GlobalMilitary.net,GlobalMilitary.net open-source compilation,"F-15EX Eagle II — combat aircraft specs, top speed and range",https://www.globalmilitary.net/aircraft/f15ex-eagle-ii/,air,F-15 / F-15EX,The page carries an explicit F-15EX Eagle II version block for both technical specifications and performance.,manifest+retrieval+retention,not_recorded,success,non-authoritative,complete,open,raw/sources/globalmilitary/p5-us-air-f15ex-globalmilitary/manifest.md
p5-us-air-f15ex-lincs,C,Lincs Military Aviation Enthusiast Group,group site editors,"F-15EX Eagle II ""Super Eagle""",https://sites.google.com/site/lincsmilitaryaviationgroup/home/aircraft/f-15a-bc-d-e-s-sa-eagle/f-15ex-eagle-ii,air,F-15 / F-15EX,The page carries an F-15EX specification block and a production and squadron history for the variant. It is a variant page and not a general F-15 page.,manifest+retrieval+retention,not_recorded,success,non-authoritative,complete,open,raw/sources/lincs_military_aviation/p5-us-air-f15ex-lincs/manifest.md
p5-us-air-f15ex-usaf,A,U.S. Air Force,,F-15EX Eagle II public material — photograph news item,https://www.af.mil/News/Photos/igphoto/2002616093/mediaid/4989458,air,F-15EX,"A photographic news item on af.mil about the F-15EX. It is a news photograph page, not a fact sheet.",manifest+retrieval+retention,not_recorded,not_attempted,non-authoritative,complete,open,raw/sources/us_air_force/p5-us-air-f15ex-usaf/manifest.md
p5-us-air-f16c-shaw,A,"Shaw Air Force Base, United States Air Force","Shaw AFB public affairs; the fact sheet draws on Lockheed-Martin ""Code 1"" material",F-16C Fighting Falcon — Shaw Air Force Base fact sheet display,https://www.shaw.af.mil/About-Us/Fact-Sheets/Display/Article/663884/f-16c-fighting-falcon,air,F-16 / F-16C Block 50,"The page is written about the F-16C Block 50 model in United States Air Force service, which is the variant the leaf records. It states its general characteristics block as F-16C.",manifest+retrieval+retention,not_recorded,success,non-authoritative,complete,open,raw/sources/us_air_force/p5-us-air-f16c-shaw/manifest.md
p5-us-air-f16cd-usaf,A,U.S. Air Force,Air Force public affairs,F-16 Fighting Falcon,https://www.af.mil/about-us/fact-sheets/display/article/104505/f-16-fighting-falcon,air,F-16C/D,Family context only. This package is retained because the backlog candidate includes the USAF F-16C/D family source; exact Block 50 values are taken from the Shaw package.,manifest+retrieval+retention,not_recorded,success,non-authoritative,complete,open,raw/sources/us_air_force/p5-us-air-f16cd-usaf/manifest.md
p5-us-air-f22-usaf,A,U.S. Air Force,,F-22 Raptor,https://www.af.mil/about-us/fact-sheets/display/article/104506/f-22-raptor,air,F-22A,,manifest+retrieval+retention,not_recorded,success,non-authoritative,partial,open,raw/sources/us_air_force/p5-us-air-f22-usaf/manifest.md
p5-us-air-f35a-usaf,A,U.S. Air Force,,F-35A Lightning II,https://www.af.mil/about-us/fact-sheets/display/article/478441/f-35a-lightning-ii,air,F-35A Lightning II,,manifest+retrieval+retention,not_recorded,success,non-authoritative,partial,open,raw/sources/us_air_force/p5-us-air-f35a-usaf/manifest.md
p5-us-air-f35b-1stmaw,A,"United States Marine Corps, 1st Marine Aircraft Wing, Marine Aircraft Group 12",1st Marine Aircraft Wing public affairs,Aircraft Facts,https://www.1stmaw.marines.mil/Subordinate-Units/Marine-Aircraft-Group-12/Aircraft-Facts,air,F-35 / F-35B,"The page tabulates the aircraft types operated by Marine Aircraft Group 12. The F-35B row is the short take-off and vertical landing mark, which is the variant this leaf records.",manifest+retrieval+retention,not_recorded,success,non-authoritative,complete,open,raw/sources/us_marine_corps/p5-us-air-f35b-1stmaw/manifest.md
p5-us-air-f35b-lockheed,B,Lockheed Martin Aeronautics,Lockheed Martin F-35 program office,F-35 Lightning II Program Status and Fast Facts — maximum weight by variant,https://www.lockheedmartin.com/content/dam/lockheed-martin/aero/documents/F-35/FG19-24749_004%20F35FastFacts4_2020.pdf,air,F-35 / F-35B,"The Fast Facts sheet tabulates the A, B and C variants side by side, so the B column is directly available and is not inferred from a sibling mark.",manifest+retrieval+retention,not_recorded,success,non-authoritative,complete,open,raw/sources/lockheed_martin/p5-us-air-f35b-lockheed/manifest.md
p5-us-air-f35c-hiwars,C,HiWars,HiWars editorial team,F-35C — Strike Fighter — Lockheed Martin — United States,https://hiwars.com/en/equipment/usa-f-35c,air,F-35C,F-35C carrier strike-fighter specification page; the page's values are used only for the explicitly listed variant.,manifest+retrieval+retention,not_recorded,success,non-authoritative,complete,open,raw/sources/hiwars/p5-us-air-f35c-hiwars/manifest.md
p5-us-air-f35c-lockheed,B,Lockheed Martin Aeronautics,Lockheed Martin F-35 program office,F-35 Lightning II Fast Facts (March 2021),https://www.lockheedmartin.com/content/dam/lockheed-martin/aero/f35/documents/F-35%20Fast%20Facts%20-%20March%202021.pdf,air,F-35 / F-35C,"The document tabulates the A, B and C variants side by side, so the C column is directly available and is not inferred from a sibling mark.",manifest+retrieval+retention,not_recorded,success,non-authoritative,complete,open,raw/sources/lockheed_martin/p5-us-air-f35c-lockheed/manifest.md
p5-us-air-f35c-navair,A,Naval Air Systems Command (NAVAIR),PEO(JSF) Integrated Test Facility Public Affairs,First F-35C lands aboard U.S. Navy aircraft carrier,https://www.navair.navy.mil/node/21676,air,F-35C,U.S. Navy carrier variant; the page describes the developmental carrier-integration configuration and is used only for role/operator context.,manifest+retrieval+retention,not_recorded,success,non-authoritative,complete,open,raw/sources/us_navy/p5-us-air-f35c-navair/manifest.md
p5-us-air-f4e-usaf,A,U.S. Air Force,USAF Air Force Public Affairs historical fact-sheet team,F-4 Phantom II,https://www.af.mil/About-Us/Fact-Sheets/Display/Article/104523/f-4-phantom-ii/,air,F-4E Phantom II,Fixed-gun F-4E with two-person crew; Navy F-4B/J and export retrofit packages excluded,manifest+retention,not_recorded,not_recorded,non-authoritative,complete,open,raw/sources/us_air_force/p5-us-air-f4e-usaf/manifest.md
p5-us-air-f4e-wikipedia,C,Wikimedia Foundation / Wikipedia,Wikimedia volunteer contributors; revision history is public,McDonnell Douglas F-4 Phantom II,https://en.wikipedia.org/wiki/McDonnell_Douglas_F-4_Phantom_II,air,F-4E Phantom II,"Fixed-gun F-4E dimensions, mass, J79-17A, APQ-120, M61A1 and station values; Navy, Wild Weasel and export fits excluded",manifest+retention,not_recorded,not_recorded,non-authoritative,complete,open,raw/sources/wikipedia/p5-us-air-f4e-wikipedia/manifest.md
p5-us-air-fa18c-navair,A,Naval Air Systems Command,,F/A-18 A-D Hornet,https://www.navair.navy.mil/product/FA-18-D-Hornet,air,F/A-18 / F/A-18C,"F/A-18C single-seat Hornet. The numerical geometry, propulsion and performance block is explicitly the NAVAIR A-D common block; C-specific service/crew statements are not presented as a separate C-only test card.",manifest+retrieval+retention,not_recorded,success,non-authoritative,complete,open,raw/sources/us_navy/p5-us-air-fa18c-navair/manifest.md
p5-us-air-fa18e-boeing,B,The Boeing Company,"Boeing Defense, Space and Security",F/A-18 Super Hornet and EA-18 Growler — specifications,https://www.boeing.com/defense/fighters-and-bombers/fa-18-super-hornet-and-ea-18-growler,air,F/A-18 / F/A-18E,"The page covers the Super Hornet family. Its specification block gives width, length, height and maximum takeoff weight for the type rather than separating the E and F marks.",manifest+retrieval+retention,not_recorded,success,non-authoritative,complete,open,raw/sources/boeing/p5-us-air-fa18e-boeing/manifest.md
p5-us-air-fa18e-navair,A,NAVAIR,,F/A-18E/F Super Hornet,https://www.navair.navy.mil/product/FA-18EF-Super-Hornet,air,F/A-18E/F,F/A-18E single-seat Super Hornet. Family rows are retained only where the page explicitly identifies the E and F models together.,manifest+retrieval+retention,not_recorded,success,non-authoritative,complete,open,raw/sources/us_navy/p5-us-air-fa18e-navair/manifest.md
p5-us-air-hc130j-usaf,A,U.S. Air Force,,HC-130J Combat King II,https://www.af.mil/About-Us/Fact-Sheets/Display/Article/104468/hc-130j-combat-king-ii/,air,HC-130 / HC-130J,HC-130J Combat King II. The aircraft is an extended-range C-130J-derived personnel-recovery platform; the page's stated operating block is not generalized to every C-130J.,manifest+retrieval+retention,not_recorded,success,non-authoritative,complete,open,raw/sources/us_air_force/p5-us-air-hc130j-usaf/manifest.md
p5-us-air-kc130j-lockheed2023,B,Lockheed Martin Aeronautics,,C-130J Super Hercules Fast Facts (October 2023),https://www.lockheedmartin.com/content/dam/lockheed-martin/aero/documents/October%202023%20C-130J%20Fast%20Facts.pdf,air,KC-130J / C-130J family,Manufacturer table's KC/HC/C-130J standard-length column; C-130J-30 and MC-130J columns are excluded. The table is used only where it names the common KC/HC standard-length column or common powerplant.,manifest+retrieval+retention,not_recorded,success,non-authoritative,complete,open,raw/sources/lockheed_martin/p5-us-air-kc130j-lockheed2023/manifest.md
p5-us-air-kc130j-navair,A,Naval Air Systems Command,,C/KC-130 Hercules / Super Hercules,https://www.navair.navy.mil/product/CKC-130-Hercules-Super-Hercules,air,KC-130J,"KC-130J tanker/transport platform; C-130J-30, HC-130J and KC-130T figures are excluded.",manifest+retrieval+retention,not_recorded,success,non-authoritative,complete,open,raw/sources/us_navy/p5-us-air-kc130j-navair/manifest.md
p5-us-air-kc135r-usaf,A,U.S. Air Force,,KC-135 Stratotanker,https://www.af.mil/About-Us/Fact-Sheets/Display/Article/1529736/kc-135-stratotanker,air,KC-135R,,manifest+retrieval+retention,not_recorded,success,non-authoritative,partial,open,raw/sources/us_air_force/p5-us-air-kc135r-usaf/manifest.md
p5-us-air-kc46a-usaf,A,U.S. Air Force Air Mobility Command,Air Mobility Command public affairs,KC-46A Pegasus,https://www.amc.af.mil/About-Us/Fact-Sheets/Display/Article/1738527/kc-46a-pegasus/,air,KC-46A,"U.S. Air Force KC-46A Pegasus tanker/airlift configuration. Cargo, passenger and aeromedical figures are retained with their stated load condition.",manifest+retrieval+retention,not_recorded,success,non-authoritative,complete,open,raw/sources/us_air_force/p5-us-air-kc46a-usaf/manifest.md
p5-us-air-mq9a-creech,A,"Creech Air Force Base, United States Air Force",Creech AFB public affairs,MQ-9 Reaper Fact Sheet,https://www.creech.af.mil/About-Us/Fact-Sheets/Display/Article/669890/mq-9-reaper-fact-sheet,air,MQ-9 / MQ-9A,MQ-9 Reaper as flown by the United States Air Force. This page is the operating base's own fact sheet and duplicates most of the main Air Force fact sheet figures while adding the ones the main sheet omits.,manifest+retrieval+retention,not_recorded,success,non-authoritative,complete,open,raw/sources/us_air_force/p5-us-air-mq9a-creech/manifest.md
p5-us-air-mq9a-usaf,A,U.S. Air Force,Air Force public affairs,MQ-9 Reaper,https://www.af.mil/about-us/fact-sheets/display/article/104470/mq-9-reaper,air,MQ-9 / MQ-9A,Baseline U.S. Air Force MQ-9 Reaper with the source's extended-range modification recorded separately. No MQ-1 or later export variant values are merged.,manifest+retrieval+retention,not_recorded,success,non-authoritative,complete,open,raw/sources/us_air_force/p5-us-air-mq9a-usaf/manifest.md
p5-us-air-p3c-navair,A,U.S. Navy / Naval Air Systems Command,,P-3C Orion,https://www.navy.mil/Resources/Fact-Files/Display-Fact-Files/Article/2166367/p-3c-orion/,air,P-3 / P-3C,"P-3C Orion, with the page's P-3C Update III baseline and its stated reserve-squadron context. The EP-3E and other derivatives are not merged.",manifest+retrieval+retention,not_recorded,success,non-authoritative,complete,open,raw/sources/us_navy/p5-us-air-p3c-navair/manifest.md
p5-us-air-uh1y-navair,A,Naval Air Systems Command,,UH-1Y Venom,https://www.navair.navy.mil/product/UH-1Y-Venom,air,H-1 / UH-1Y,UH-1Y Venom. The AH-1Z and other H-1 configurations are not merged.,manifest+retrieval+retention,not_recorded,success,non-authoritative,complete,open,raw/sources/us_navy/p5-us-air-uh1y-navair/manifest.md
p5-us-air-uh1y-usmc,A,U.S. Marine Corps,,U.S. Marine Corps Aviation Plan — UH-1Y Venom,https://www.aviation.marines.mil/Portals/11/2017%20MARINE%20AVIATIOIN%20PLAN.pdf,air,UH-1Y,UH-1Y Venom Marine Corps aircraft. The combat-radius row retains the source's eight-troop/HOGE/on-station/reserve condition.,manifest+retrieval+retention,not_recorded,success,non-authoritative,complete,open,raw/sources/us_marine_corps/p5-us-air-uh1y-usmc/manifest.md
p5-us-ground-fmtv-m1078-ctis-tm9232036510,A,U.S. Department of the Army,"Headquarters, Department of the Army","TM 9-2320-365-10, Operator's Manual for M1078 Series 2-1/2-Ton 4x4 Light Medium Tactical Vehicles (LMTV)",https://trucks25tonv1-2.tpub.com/TM-9-2320-365-10/css/TM-9-2320-365-10_262.htm,ground,FMTV/LMTV M1078/M1081 CTIS,"M1078/M1081 2-1/2-ton 4x4 LMTV operator configuration and its CTIS ECU; M1079 van, M1083-series 5-ton MTV, later FMTV upgrades, and customer tire/load packages are not silently merged.",manifest+retention,not_recorded,not_recorded,non-authoritative,complete,open,raw/sources/us_army/p5-us-ground-fmtv-m1078-ctis-tm9232036510/manifest.md
p5-us-ground-m109a2-armyhandbook,B,U.S. Marine Corps Intelligence Activity,Defense Intelligence community country-handbook editorial team,"Jordan Country Handbook, Equipment Recognition Appendix",https://info.publicintelligence.net/MCIA-JordanHandbook.pdf,ground,M109A2 155 mm self-propelled howitzer,2008 Jordan handbook recognition entry for M109A2; foreign-operator data is an assessment and not a US technical-manual replacement.,manifest+retention,not_recorded,not_recorded,non-authoritative,complete,open,raw/sources/army_handbook/p5-us-ground-m109a2-armyhandbook/manifest.md
p5-us-ground-m109a2-historynet,C,HistoryNet (Military History magazine),Jon Guttman,M109 Self-Propelled Howitzer,https://historynet.com/m109-self-propelled-howitzer/,ground,M109A2,Historical US M109A2 baseline; later A5/A6/A7 upgrades excluded.,manifest+retention,not_recorded,not_recorded,non-authoritative,complete,open,raw/sources/historynet/p5-us-ground-m109a2-historynet/manifest.md
p5-us-ground-m109a2-tm92350311,A,U.S. Department of the Army,"Headquarters, Department of the Army","Operator's Manual for Howitzer, Medium, Self-Propelled, 155 mm, M109A2/M109A3/M109A4/M109A5, TM 9-2350-311-10",https://www.nsndepot.com/Library/TM/TM-9-2350-311-10,ground,M109A2,M109A2 EIC 3EZ; shared pages with A3-A5 are used only where the table explicitly identifies the A2/A3/A4 configuration.,manifest+retention,not_recorded,not_recorded,non-authoritative,complete,open,raw/sources/us_army/p5-us-ground-m109a2-tm92350311/manifest.md
p5-us-ground-m109a2-tm9235031134,A,U.S. Department of the Army / Government Publishing Office,"Army Department, Defense Department","Direct Support and General Support Maintenance Manual, TM 9-2350-311-34-1",https://www.govinfo.gov/app/details/GOVPUB-D101-PURL-LPS36916,ground,M109A2/M109A3/M109A4/M109A5,Maintenance data for M109A2 EIC 3EZ and related A2-A5 models; A2-specific table rows are kept separate from later A5 values.,manifest+retention,not_recorded,not_recorded,non-authoritative,complete,open,raw/sources/govinfo/p5-us-ground-m109a2-tm9235031134/manifest.md
p5-us-ground-m109a7-armytechnology,C,,Praveen Duddu (article author); Verdict Media / Army Technology editorial team,"Paladin M109A7 155mm Artillery System, United States of America",https://www.army-technology.com/projects/paladin-m109a7-155mm-artillery-system/,ground,M109A7 Paladin,Current M109A7/PIM baseline from a trade-publication summary; ERCA/XM1299 and other prototype states are excluded.,manifest+retention,not_recorded,not_recorded,non-authoritative,complete,open,raw/sources/army_technology/p5-us-ground-m109a7-armytechnology/manifest.md
p5-us-ground-m109a7-baesystems,C,,no individual author named; BAE Systems Land Systems public product team,M109A7 self-propelled howitzer,https://www.baesystems.com/en-us/product/m109a7-paladin,ground,M109A7 Paladin,"Manufacturer M109A7 Paladin/PIM product context; exact Army block, payload, fuel and customer configuration are not resolved.",manifest+retention,not_recorded,not_recorded,non-authoritative,complete,open,raw/sources/bae_systems/p5-us-ground-m109a7-baesystems/manifest.md
p5-us-ground-m109a7-peo,A,"U.S. Army, Program Executive Office Ground Combat Systems",,M109A7 155 mm self-propelled howitzer programme description,https://peogcs.army.mil/Programs/Artillery/M109A7/,ground,M109A7 Paladin,,manifest+retention,not_recorded,not_recorded,non-authoritative,partial,open,raw/sources/us_army/p5-us-ground-m109a7-peo/manifest.md
p5-us-ground-m109a7-weaponspecs,C,,no individual author named; WeaponSpecs editorial team,"M109A7 Paladin, specs & comparison",https://www.weaponspecs.com/systems/bae-systems-inc/m109a7-paladin/,ground,M109A7 Paladin,Current M109A7/PIM baseline; ERCA/XM1299 and incompatible engine/powertrain states are excluded.,manifest+retention,not_recorded,not_recorded,non-authoritative,complete,open,raw/sources/weaponspecs/p5-us-ground-m109a7-weaponspecs/manifest.md
p5-us-ground-m1127-armor-army,A,U.S. Army Armor School / ARMOR,,The Stryker Reconnaissance Vehicle,https://www.benning.army.mil/armor/eARMOR/content/issues/2003/JUL_AUG/ArmorJulyAugust2003web.pdf,ground,M1127 RV,,manifest+retention,not_recorded,not_recorded,non-authoritative,partial,open,raw/sources/army_armor/p5-us-ground-m1127-armor-army/manifest.md
p5-us-ground-m1128-armor-army,A,U.S. Army Armor School / ARMOR,,Stryker Mobile Gun System Gunnery at Battalion and Brigade Level,https://www.benning.army.mil/armor/eARMOR/content/issues/2012/SEP_OCT/Tomlinson_Markiewicz.html,ground,M1128 MGS,,manifest+retention,not_recorded,not_recorded,non-authoritative,partial,open,raw/sources/army_armor/p5-us-ground-m1128-armor-army/manifest.md
p5-us-ground-m1128-army,A,U.S. Army,,Stryker crews train on new Mobile Gun System,https://www.army.mil/article/4718/stryker_crews_train_on_new_mobile_gun_system,ground,M1128 MGS,,manifest+retention,not_recorded,not_recorded,non-authoritative,partial,open,raw/sources/us_army/p5-us-ground-m1128-army/manifest.md
p5-us-ground-m142-armyrecognition,C,,no individual author named; Army Recognition editorial database (page metadata lists Administrator),HIMARS M142 high mobility rocket missile launcher data,https://www.armyrecognition.com/military-products/army/artillery-vehicles-and-weapons/multiple-launch-rocket-systems/himars-m142-high-mobility-rocket-missile-launcher-data,ground,M142 HIMARS,Current M142 HIMARS launcher; rocket and missile pod loadouts are mutually exclusive and are not merged.,manifest+retention,not_recorded,not_recorded,non-authoritative,complete,open,raw/sources/army_recognition/p5-us-ground-m142-armyrecognition/manifest.md
p5-us-ground-m142-armytechnology,C,,no individual author named; Verdict Media / Army Technology editorial team,"HIMARS — High-Mobility Artillery Rocket System, US",https://www.army-technology.com/projects/himars/,ground,M142 HIMARS,Current M142 launcher profile; MLRS-family rocket and missile loadouts are kept mutually exclusive.,manifest+retention,not_recorded,not_recorded,non-authoritative,complete,open,raw/sources/army_technology/p5-us-ground-m142-armytechnology/manifest.md
p5-us-ground-m142-himars-lockheedmartin,C,,no individual author named; Lockheed Martin Missiles and Fire Control public product team,HIMARS: Mobile Artillery Rocket Launcher System,https://www.lockheedmartin.com/en-us/products/himars.html,ground,M142 HIMARS,"M142 on the FMTV 5-ton chassis; GMLRS, PrSM and ATACMS launcher loadouts are retained as mutually exclusive variants.",manifest+retention,not_recorded,not_recorded,non-authoritative,complete,open,raw/sources/lockheed_martin/p5-us-ground-m142-himars-lockheedmartin/manifest.md
p5-us-ground-m142-weaponspecs,C,,no individual author named; WeaponSpecs editorial team,"M142 HIMARS, specs & comparison",https://www.weaponspecs.com/systems/lockheed-martin/m142-himars/,ground,M142 HIMARS,"Current M142 launcher; six-GMLRS, two-PrSM and one-ATACMS loadouts are mutually exclusive and not merged.",manifest+retention,not_recorded,not_recorded,non-authoritative,complete,open,raw/sources/weaponspecs/p5-us-ground-m142-weaponspecs/manifest.md
p5-us-ground-m1a1-army-tm,A,U.S. Army,,Abrams tank technical and weapon-systems reference material,https://www.army.mil/article/251102/abrams_tank,ground,M1A1 Abrams,,manifest+retention,not_recorded,not_recorded,non-authoritative,partial,open,raw/sources/us_army/p5-us-ground-m1a1-army-tm/manifest.md
p5-us-ground-m1a1-armyrecognition,C,,no individual author named; Army Recognition editorial database (page metadata lists Administrator),M1A1 Abrams main battle tank,https://www.armyrecognition.com/military-products/army/main-battle-tanks/main-battle-tanks/m1a1-abrams-united-states-uk,ground,M1A1 Abrams,"Cold War baseline M1A1; AIM/SA packages, M1A2 conversions and later upgrade states are excluded.",manifest+retention,not_recorded,not_recorded,non-authoritative,complete,open,raw/sources/army_recognition/p5-us-ground-m1a1-armyrecognition/manifest.md
p5-us-ground-m1a1-weaponspecs,C,,no individual author named; WeaponSpecs editorial team,"General Dynamics Land Systems M1A1 Abrams, specs & comparison",https://www.weaponspecs.com/systems/general-dynamics/m1a1-abrams/,ground,M1A1 Abrams,"Cold War baseline M1A1 as compiled by WeaponSpecs; AIM/SA, M1A2 conversions and later upgrade states are excluded.",manifest+retention,not_recorded,not_recorded,non-authoritative,complete,open,raw/sources/weaponspecs/p5-us-ground-m1a1-weaponspecs/manifest.md
p5-us-ground-m1a2sepv3-army-peogcs,A,U.S. Army Program Executive Office Ground Combat Systems,,Abrams M1A2 SEP v3 programme and modernization reference,https://peogcs.army.mil/Programs/Abrams/,ground,M1A2 Abrams SEP v3,,manifest+retention,not_recorded,not_recorded,non-authoritative,partial,open,raw/sources/us_army/p5-us-ground-m1a2sepv3-army-peogcs/manifest.md
p5-us-ground-m1a2sepv3-armytechnology,C,,Praveen Duddu (article author); Verdict Media / Army Technology editorial team,Abrams M1A2 SEPv3 Main Battle Tank: Specs,https://www.army-technology.com/projects/abrams-m1a2-sepv3-main-battle-tank/,ground,M1A2 Abrams SEP v3,"Current M1A2C/SEPv3 trade-publication profile; SEPv2, SEPv4 and M1E3 are excluded.",manifest+retention,not_recorded,not_recorded,non-authoritative,complete,open,raw/sources/army_technology/p5-us-ground-m1a2sepv3-armytechnology/manifest.md
p5-us-ground-m1a2sepv3-gdls,C,,no individual author named; General Dynamics Land Systems public product team,Abrams,https://www.gdls.com/abrams/,ground,M1A2 Abrams SEP v3,"M1A2 Abrams SEPv3 manufacturer capability context; SEPv2/SEPv4, M1E3 and customer-specific kit states are excluded.",manifest+retention,not_recorded,not_recorded,non-authoritative,complete,open,raw/sources/general_dynamics_land_systems/p5-us-ground-m1a2sepv3-gdls/manifest.md
p5-us-ground-m1a2sepv3-weaponspecs,C,,no individual author named; WeaponSpecs editorial team,"M1A2 SEP v3 Abrams, specs & comparison",https://www.weaponspecs.com/systems/general-dynamics/m1a2-sep-v3-abrams/,ground,M1A2 Abrams SEP v3,"Current SEPv3/M1A2C fielded configuration as compiled by WeaponSpecs; SEPv2, M1E3 and customer-specific kit states are excluded.",manifest+retention,not_recorded,not_recorded,non-authoritative,complete,open,raw/sources/weaponspecs/p5-us-ground-m1a2sepv3-weaponspecs/manifest.md
p5-us-ground-m270a1-armyguide,C,Army Guide,Army Guide editorial desk; no named individual supplied on the product page,MLRS M270A1 launcher,https://mail.army-guide.com/eng/product3266.html,ground,M270A1 MLRS,M270A1 IFCS/ILMS public product entry; European EFCS and M270A2 are excluded.,manifest+retention,not_recorded,not_recorded,non-authoritative,complete,open,raw/sources/army_guide/p5-us-ground-m270a1-armyguide/manifest.md
p5-us-ground-m270a1-fas,B,Federation of American Scientists,FAS Military Analysis Network; original page maintained by John Pike / Robert Sherman,M270 Multiple Launch Rocket System - MLRS,https://man.fas.org/dod-101/sys/land/docs/m270.htm,ground,M270/M270A1 MLRS,Program-level M270A1 upgrade description; carrier specifications are inherited from the M270 family where the page does not split A1.,manifest+retention,not_recorded,not_recorded,non-authoritative,complete,open,raw/sources/fas/p5-us-ground-m270a1-fas/manifest.md
p5-us-ground-m270a1-redstone,A,U.S. Army Redstone Arsenal,Redstone Arsenal historical office,The United States Army MLRS chronology,https://history.redstone.army.mil/miss-mlrs.html,ground,M270/M270A1 MLRS,Program history for the 1989-2000 improved launcher development; not a complete technical data sheet.,manifest+retention,not_recorded,not_recorded,non-authoritative,complete,open,raw/sources/us_army/p5-us-ground-m270a1-redstone/manifest.md
p5-us-ground-m270a1-tm9142564610,A,U.S. Department of the Army,"Headquarters, Department of the Army","TM 9-1425-646-10, Launcher, Rocket, Armored Vehicle Mounted: M270 Operator's Manual",https://www.scribd.com/document/772042000/TM-9-1425-646-10-M270-Operator-s-Manual,ground,M270 carrier / M270A1 family,"Legacy carrier manual used only for engine 500 hp, 483 km-class mobility and 1.02 m fording bound; A1 IFCS/ILMS data are not inferred from this source.",manifest+retention,not_recorded,not_recorded,non-authoritative,complete,open,raw/sources/us_army/p5-us-ground-m270a1-tm9142564610/manifest.md
p5-us-ground-m270a1-wsh2011,A,U.S. Department of Defense / Government Publishing Office,Army precision-fires program office,"Weapon Systems Book, Precision Fires Rocket & Missile Systems (MLRS M270A1 Launcher)",https://www.govinfo.gov/content/pkg/GOVPUB-D101-PURL-gpo51357/pdf/GOVPUB-D101-PURL-gpo51357.pdf,ground,M270A1 MLRS,M270A1 IFCS/ILMS launcher; not M270A0 and not M270A2.,manifest+retention,not_recorded,not_recorded,non-authoritative,complete,open,raw/sources/govinfo/p5-us-ground-m270a1-wsh2011/manifest.md
p5-us-ground-m270a1-wsh2020,A,"U.S. Army, PEO Missiles and Space",U.S. Army Weapon Systems Handbook editorial office,"Weapon Systems Handbook 2020-2021, Multiple Launch Rocket System (MLRS) M270A1",https://www.army.mil/e2/downloads/rv7/2020-2021_Weapon_Systems_Handbook.pdf,ground,M270A1 MLRS,M270A1 launcher before M270A2 common-fire-control conversion; US Army handbook specification.,manifest+retention,not_recorded,not_recorded,non-authoritative,complete,open,raw/sources/us_army/p5-us-ground-m270a1-wsh2020/manifest.md
p5-us-ground-m2a2ods-armyrecognition,C,Army Recognition,Army Recognition editorial team (page metadata author: Administrator),Bradley M2A2 ODS technical data,https://www.armyrecognition.com/military-products/army/infantry-fighting-vehicles/tracked-vehicles/bradley-m2a2-ods,ground,M2A2 ODS Bradley,"M2A2 ODS/Operation Desert Storm; M2A3, ODS-E and M2A4 excluded.",manifest+retention,not_recorded,not_recorded,non-authoritative,complete,open,raw/sources/army_recognition/p5-us-ground-m2a2ods-armyrecognition/manifest.md
p5-us-ground-m2a2ods-fm3221,A,"U.S. Department of the Army, Infantry School",U.S. Army Infantry School,"FM 3-22.1 (FM 23-1), Bradley Gunnery",https://www.combatindex.com/store/field_man/Sample/FM_3-22_1.pdf,ground,M2A2 ODS / ODS-E Bradley,"M2A2 ODS and ODS-E table columns; values are not copied to M2A3, M3A2 ODS, or M2A4.",manifest+retention,not_recorded,not_recorded,non-authoritative,complete,open,raw/sources/us_army/p5-us-ground-m2a2ods-fm3221/manifest.md
p5-us-ground-m2a2ods-tm552350,A,U.S. Department of the Army,"Headquarters, Department of the Army","Transport Guidance, Bradley Fighting Vehicle System (BFVS), TM 55-2350-252-14",https://www.liberatedmanuals.com/tm-55-2350-252-14.pdf,ground,M2A2 Bradley,M2A2 operating and reduced transport configurations; reactive armor and later ODS-SA changes are outside this manual.,manifest+retention,not_recorded,not_recorded,non-authoritative,complete,open,raw/sources/us_army/p5-us-ground-m2a2ods-tm552350/manifest.md
p5-us-ground-m2a4-baesystems,C,,no individual author named; BAE Systems Land Systems public product team,Bradley Fighting Vehicle / Bradley A4,https://www.baesystems.com/en-us/product/bradley-fighting-vehicle,ground,M2A4 Bradley,Current Bradley A4 manufacturer product context; M2A4E1 Iron Fist and block-specific kits are excluded.,manifest+retention,not_recorded,not_recorded,non-authoritative,complete,open,raw/sources/bae_systems/p5-us-ground-m2a4-baesystems/manifest.md
p5-us-ground-m2a4-cpe,A,"U.S. Army, Project Manager Mounted Armored Vehicles",,Bradley Fighting Vehicle / M2A4 programme description,https://cpeground.army.mil/Combat-Platforms/Project-Manager-Mounted-Armored-Vehicles/,ground,M2A4 Bradley,,manifest+retention,not_recorded,not_recorded,non-authoritative,partial,open,raw/sources/us_army/p5-us-ground-m2a4-cpe/manifest.md
p5-us-ground-m2a4-defensivelines,C,,no individual author named; Defensive Lines editorial desk,US Army Signs $390 Million Contract for Bradley M2A4 Infantry Fighting Vehicle,https://www.defensivelines.com/us-army-signs-390-million-contract-for-bradley-m2a4-infantry-fighting-vehicle/,ground,M2A4 Bradley,Current M2A4 production/contract summary; M2A4E1 Iron Fist and unresolved serial/block variants are excluded.,manifest+retention,not_recorded,not_recorded,non-authoritative,complete,open,raw/sources/defensive_lines/p5-us-ground-m2a4-defensivelines/manifest.md
p5-us-ground-m2a4-weaponspecs,C,,no individual author named; WeaponSpecs editorial team,"BAE Systems M2A4 Bradley, specs & comparison",https://www.weaponspecs.com/systems/bae-systems/bae-m2a4-bradley/,ground,M2A4 Bradley,Current M2A4 fielded upgrade as compiled by WeaponSpecs; M2A4E1 Iron Fist and block-specific kits are excluded.,manifest+retention,not_recorded,not_recorded,non-authoritative,complete,open,raw/sources/weaponspecs/p5-us-ground-m2a4-weaponspecs/manifest.md
p5-us-ground-m777a2-cpe,A,U.S. Army Program Executive Office for Ammunition / CPE,,M777A2 product page,https://www.cpeae.army.mil/Project-Offices/PM-CAS/Organizations/Tactical-Artillery-Systems/Products/M777A2/,ground,M777A2,M777A2 fire-control configuration; base M777 values are retained from the Canadian page and not relabelled as A2 certification.,manifest+retrieval+retention,not_recorded,success,non-authoritative,complete,open,raw/sources/us_army/p5-us-ground-m777a2-cpe/manifest.md
p5-us-ground-m939-ctis-tm92320272,A,U.S. Department of the Army,"Headquarters, Department of the Army","TM 9-2320-272-10, Operator's Manual for Truck, 5-Ton, 6x6, M939, M939A1, and M939A2 Series Trucks (Diesel)",https://trucks5tonops.tpub.com/TM-9-2320-272-10/css/TM-9-2320-272-10_80.htm,ground,M939A2-series trucks with CTIS,M939A2 CTIS-equipped configurations covered by the operator manual; M939/M939A1 non-CTIS variants and the M936A2 wrecker's 80-psi highway exception are not merged into the shared baseline.,manifest+retention,not_recorded,not_recorded,non-authoritative,complete,open,raw/sources/us_army/p5-us-ground-m939-ctis-tm92320272/manifest.md
p5-us-ground-m939-ctis-tm9232027241,A,U.S. Department of the Army,"Headquarters, Department of the Army","TM 9-2320-272-24-1, Unit, Direct Support, and General Support Maintenance Manual, M939/M939A1/M939A2 Series Trucks, Volume 1 of 4",https://www.nsndepot.com/Library/TM/TM-9-2320-272-24-1?PageNumber=88,ground,M939A2 central tire inflation system,"M939A2 maintenance description of the CTIS pneumatic controller, wheel valves, pressure sensing, and air-brake integration; older M939/M939A1 systems and other 4x4/8x8 chassis are outside this leaf.",manifest+retention,not_recorded,not_recorded,non-authoritative,complete,open,raw/sources/us_army/p5-us-ground-m939-ctis-tm9232027241/manifest.md
p5-us-ground-mortar-atp-3-21-90,A,U.S. Army,,"ATP 3-21.90, Tactical Employment of Mortars",https://rdl.train.army.mil/catalog-ws/view/100.ATSC/AC84E255-C870-4A00-B030-CF2F3A974140-1570733072391/atp3_21x90.pdf,ground,M1129 MC and M1252 MCVV mortar mission,,manifest+retention,not_recorded,not_recorded,non-authoritative,partial,open,raw/sources/us_army/p5-us-ground-mortar-atp-3-21-90/manifest.md
p5-us-ground-stryker-army-nbcrv-2006,A,U.S. Army,,Initial tests completed on Stryker NBCRV,https://www.army.mil/article/965/initial_tests_completed_on_stryker_nbcrv,ground,M1135 NBCRV,,manifest+retention,not_recorded,not_recorded,non-authoritative,partial,open,raw/sources/us_army/p5-us-ground-stryker-army-nbcrv-2006/manifest.md
p5-us-ground-stryker-army-tb55-2023,A,U.S. Army Surface Deployment and Distribution Command / TEA,,"TB 55-46-1, Data Sheets for Transportation of Special Equipment (2023)",https://www.sddc.army.mil/sites/TEA/Functions/SystemsIntegration/DataAndSysManagement/Documents/TB%2055-46-1%20-%202023.pdf,ground,Stryker M1252 MCVV and related transport configurations,,manifest+retention,not_recorded,not_recorded,non-authoritative,partial,open,raw/sources/us_army/p5-us-ground-stryker-army-tb55-2023/manifest.md
p5-us-ground-stryker-army-wsh-2020,A,U.S. Army / USAASC,,Army Weapon Systems Handbook 2020–2021,https://www.army.mil/e2/downloads/rv7/2020-2021_Weapon_Systems_Handbook.pdf,ground,Stryker family; M1126 context,,manifest+retention,not_recorded,not_recorded,non-authoritative,partial,open,raw/sources/us_army/p5-us-ground-stryker-army-wsh-2020/manifest.md
p5-us-ground-stryker-family-armor2002,A,"U.S. Army Armor Center, Fort Knox, Kentucky",ARMOR editorial staff; Editor in Chief LTC David R. Manning,"ARMOR, September-October 2002, Vol. CXI No. 5 — back-page item ""Army Accepts First Stryker MGS""",https://www.benning.army.mil/armor/eARMOR/content/issues/2002/SEP_OCT/ArmorSeptemberOctober2002web.pdf,ground,Stryker / M1128 MGS,The item reports the U.S. Army's acceptance of the first Stryker Mobile Gun System.,manifest+retrieval+retention,not_recorded,no_record,non-authoritative,complete,open,raw/sources/benning_armor_magazine/p5-us-ground-stryker-family-armor2002/manifest.md
p5-us-ground-stryker-family-fortcarson-ea2014,A,"U.S. Army Garrison Fort Carson, Colorado",U.S. Army environmental assessment team,"Final Environmental Assessment — conversion of 4th Infantry Division brigade combat teams at Fort Carson, Colorado (2014)",https://home.army.mil/carson/3216/4934/5475/2014-final-ea-conversion-of-4id-brigade-Combat-teams-at-fort-carson-co.pdf,ground,Stryker / M1128 MGS,"The document is cited for stating the M1128 as an M68A1E4 105 mm cannon with 18 rounds of 105 mm, 400 rounds of .50 cal and 3,400 rounds of 7.62 mm. Those load figures agree with the Tier C compilation used in this tree.",manifest+retrieval+retention,not_recorded,no_record,non-authoritative,complete,open,raw/sources/fort_carson_us_army/p5-us-ground-stryker-family-fortcarson-ea2014/manifest.md
p5-us-ground-stryker-family-gao03671,B,U.S. Government Accountability Office,GAO,"GAO-03-671, defense acquisition assessment covering the Stryker and M113A3",https://www.gao.gov/products/gao-03-671,ground,Stryker family,Cited for how Stryker protection is described as a set of requirements and capabilities — such as all-around 7.62 mm AP resistance and 14.5 mm resistance in specific arcs — rather than as a single plate thickness.,manifest+retrieval+retention,not_recorded,no_record,non-authoritative,complete,open,raw/sources/gao/p5-us-ground-stryker-family-gao03671/manifest.md
p5-us-ground-stryker-family-gdlsbrochure,B,General Dynamics Land Systems,"General Dynamics Land Systems (manufacturer publication, no individual author named)",Stryker Combat Vehicles — Mobility Features and Specifications,https://international.gdls.com/english/files/StrykerCombatVehicles.pdf,ground,Stryker family / all ten variants,"The brochure states a Combat figure and a Shipping figure for height, width and length of each of the ten variants. Both columns are retained per variant. This is the manufacturer's own publication, so it is treated as higher-grade than the third-party compilation in `p5-us-ground-stryker-*-afvdatabase`.",manifest+retrieval+retention,not_recorded,no_record,non-authoritative,complete,open,raw/sources/general_dynamics_land_systems/p5-us-ground-stryker-family-gdlsbrochure/manifest.md
p5-us-ground-stryker-family-ijeat-survey,C,Blue Eyes Intelligence Engineering and Sciences Publication (BEIESP),Survey authors listed in the paper; no government provenance,Armored Modular and Non-Modular Vehicle: A Survey,https://www.ijeat.org/wp-content/uploads/papers/v8i3/C5700028319.pdf,ground,Stryker / IAV family and DVH variant context,"The paper's family-level Stryker discussion names the C7 engine and generic mobility values, then separately lists M1252 MCVV among DVH variants. The values are therefore retained as a low-tier family baseline only.",manifest+retrieval+retention,not_recorded,success,non-authoritative,complete,open,raw/sources/ijeat/p5-us-ground-stryker-family-ijeat-survey/manifest.md
p5-us-ground-stryker-family-infantry2014,A,"U.S. Army Infantry School, Fort Moore (formerly Fort Benning), Georgia",article by Scott; U.S. Army Infantry Magazine editorial staff,"U.S. Army Infantry Magazine, July-September 2014 — Scott article",https://www.moore.army.mil/infantry/magazine/issues/2014/Jul-Sep/pdfs/Scott.pdf,ground,Stryker / M1128 MGS,The article is cited for stating that the Mobile Gun System mounts an M68A1E4 105 mm cannon.,manifest+retrieval+retention,not_recorded,no_record,non-authoritative,complete,open,raw/sources/fort_moore_infantry_magazine/p5-us-ground-stryker-family-infantry2014/manifest.md
p5-us-ground-stryker-family-odin,A,"U.S. Army (ODIN, odin.t2com.army.mil, World Equipment Guide)",U.S. Army ODIN program,ODIN World Equipment Guide — Stryker family and M1128 MGS asset pages,https://odin.t2com.army.mil/WEG/Asset/M1128_(Stryker_MGS)_American_Mobile_Gun_System,ground,Stryker family / M1128 MGS / M1132 ESV,"The ODIN Stryker family page is cited for stating the M1128 main gun as a 105 mm M68A1E4, not M68A1E8.",manifest+retrieval+retention,not_recorded,no_record,non-authoritative,complete,open,raw/sources/us_army_odin/p5-us-ground-stryker-family-odin/manifest.md
p5-us-ground-stryker-m1126icv-afvdatabase,C,AFV Database (afvdatabase.com),"Chris Conners, site compiler and copyright holder 2000-2025",Infantry Carrier Vehicle M1126 Stryker,https://afvdatabase.com/usa/m1126icv.html,ground,Stryker / M1126 ICV,"Baseline flat-bottom ICV. The page notes the double-V hull from 2010 and the separate Stryker A1 upgrade (450 hp, 60,000 lb suspension, 910 A alternator, in-vehicle network); neither is merged into this record.",manifest+retrieval+retention,not_recorded,no_record,non-authoritative,complete,open,raw/sources/afv_database/p5-us-ground-stryker-m1126icv-afvdatabase/manifest.md
p5-us-ground-stryker-m1127rv-afvdatabase,C,AFV Database (afvdatabase.com),"Chris Conners, site compiler and copyright holder 2000-2025",Reconnaissance Vehicle M1127 Stryker,https://afvdatabase.com/usa/m1127rv.html,ground,Stryker / M1127 RV,"Legacy reconnaissance variant based on the ICV, carrying the LRAS3 pod. The page notes the M1127 was not given the double-V hull; the Stryker A1 upgrade is separate and is not merged into this record.",manifest+retrieval+retention,not_recorded,no_record,non-authoritative,complete,open,raw/sources/afv_database/p5-us-ground-stryker-m1127rv-afvdatabase/manifest.md
p5-us-ground-stryker-m1128mgs-afvdatabase,C,AFV Database (afvdatabase.com),"Chris Conners, site compiler and copyright holder 2000-2025",Mobile Gun System M1128 Stryker,https://afvdatabase.com/usa/m1128mgs.html,ground,Stryker / M1128 MGS,Mobile Gun System with the low-profile 105 mm turret. The page notes the M1128 was not given the double-V hull; the Stryker A1 upgrade is separate and is not merged into this record.,manifest+retrieval+retention,not_recorded,no_record,non-authoritative,complete,open,raw/sources/afv_database/p5-us-ground-stryker-m1128mgs-afvdatabase/manifest.md
p5-us-ground-stryker-m1129mc-afvdatabase,C,AFV Database (afvdatabase.com),"Chris Conners, site compiler and copyright holder 2000-2025",Mortar Carrier-B M1129 Stryker,https://afvdatabase.com/usa/m1129mc.html,ground,Stryker / M1129 MC,"The page distinguishes two vehicles that share the M1129 designation. MC-A, the ICV-like carrier that could not fire mounted, weighed 39,990 lb (18,140 kg) loaded. MC-B, fielded late 2005 with the recoiling RMS6-L 120 mm mortar, is the configuration those figures describe and is the one recorded below. The double-V hull from 2010 and the separate Stryker A1 upgrade are not merged into this record.",manifest+retrieval+retention,not_recorded,no_record,non-authoritative,complete,open,raw/sources/afv_database/p5-us-ground-stryker-m1129mc-afvdatabase/manifest.md
p5-us-ground-stryker-m1130cv-afvdatabase,C,AFV Database (afvdatabase.com),"Chris Conners, site compiler and copyright holder 2000-2025",Command Vehicle M1130 Stryker,https://afvdatabase.com/usa/m1130cv.html,ground,Stryker / M1130 CV,Command variant of the ICV with a three- or four-man staff compartment and additional antennae and masts. The double-V hull from 2010 and the separate Stryker A1 upgrade are not merged into this record.,manifest+retrieval+retention,not_recorded,no_record,non-authoritative,complete,open,raw/sources/afv_database/p5-us-ground-stryker-m1130cv-afvdatabase/manifest.md
p5-us-ground-stryker-m1131fsv-afvdatabase,C,AFV Database (afvdatabase.com),"Chris Conners, site compiler and copyright holder 2000-2025",Fire Support Vehicle M1131 Stryker,https://afvdatabase.com/usa/m1131fsv.html,ground,Stryker / M1131 FSV,Fire-support variant of the ICV carrying the G/VLLD or the later Fire Support Sensor System. The double-V hull from 2010 and the separate Stryker A1 upgrade are not merged into this record.,manifest+retrieval+retention,not_recorded,no_record,non-authoritative,complete,open,raw/sources/afv_database/p5-us-ground-stryker-m1131fsv-afvdatabase/manifest.md
p5-us-ground-stryker-m1132esv-afvdatabase,C,AFV Database (afvdatabase.com),"Chris Conners, site compiler and copyright holder 2000-2025",Engineer Squad Vehicle M1132 Stryker,https://afvdatabase.com/usa/m1132esv.html,ground,Stryker / M1132 ESV,"Engineer variant of the ICV with the Jettison Fitting Kit, MECU, and side-mounted Lane Marking System. The double-V hull from 2010 and the separate Stryker A1 upgrade are not merged into this record.",manifest+retrieval+retention,not_recorded,no_record,non-authoritative,complete,open,raw/sources/afv_database/p5-us-ground-stryker-m1132esv-afvdatabase/manifest.md
p5-us-ground-stryker-m1133mev-afvdatabase,C,AFV Database (afvdatabase.com),"Chris Conners, site compiler and copyright holder 2000-2025",Medical Evacuation Vehicle M1133 Stryker,https://afvdatabase.com/usa/m1133mev.html,ground,Stryker / M1133 MEV,Armored ambulance variant of the ICV with an enlarged rear compartment and higher roof. The double-V hull from 2010 and the separate Stryker A1 upgrade are not merged into this record.,manifest+retrieval+retention,not_recorded,no_record,non-authoritative,complete,open,raw/sources/afv_database/p5-us-ground-stryker-m1133mev-afvdatabase/manifest.md
p5-us-ground-stryker-m1134atgm-afvdatabase,C,AFV Database (afvdatabase.com),"Chris Conners, site compiler and copyright holder 2000-2025",Antitank Guided Missile M1134 Stryker,https://afvdatabase.com/usa/m1134atgm.html,ground,Stryker / M1134 ATGM,Antitank variant of the ICV carrying the Elevated TOW System with MITAS. The double-V hull from 2010 and the separate Stryker A1 upgrade are not merged into this record.,manifest+retrieval+retention,not_recorded,no_record,non-authoritative,complete,open,raw/sources/afv_database/p5-us-ground-stryker-m1134atgm-afvdatabase/manifest.md
p5-us-ground-stryker-m1135nbcrv-afvdatabase,C,AFV Database (afvdatabase.com),"Chris Conners, site compiler and copyright holder 2000-2025",NBC Reconnaissance Vehicle M1135 Stryker,https://afvdatabase.com/usa/m1135nbcrv.html,ground,Stryker / M1135 NBCRV,"Nuclear, biological, and chemical reconnaissance variant of the ICV. The page states the M1135 was not modified with the double-V hull, but received Stryker A1 upgrades from 2018 (450 hp engine, 60,000 lb suspension, 910 A alternator, in-vehicle network); the A1 configuration is not merged into this record.",manifest+retrieval+retention,not_recorded,no_record,non-authoritative,complete,open,raw/sources/afv_database/p5-us-ground-stryker-m1135nbcrv-afvdatabase/manifest.md
p5-us-ground-stryker-m1252-armyadp-pmcs,C,ArmyADP.com,ArmyADP.com editorial team; site states it is not affiliated with the U.S. Army or DoD,Free Army PMCS App — Stryker checklist coverage,https://www.armyadp.com/pmcs,ground,Stryker PMCS coverage index,"Community maintenance mirror covers the flat-bottom M1126/M1127 Stryker checklist, not the DVH M1252 MCVV variant.",manifest+retrieval+retention,not_recorded,success,non-authoritative,complete,open,raw/sources/armyadp/p5-us-ground-stryker-m1252-armyadp-pmcs/manifest.md
p5-us-ground-stryker-m1252mcvv-afvdatabase,C,AFV Database (afvdatabase.com),"Chris Conners, site compiler and copyright holder 2000-2025","Stryker vehicle data index, United States section",https://afvdatabase.com/usa/index.html,ground,Stryker / M1252 MCVV,"Index-level attribution only. The page confirms the Stryker family is covered by this compilation and links the M1129 mortar-carrier and M1200 Armored Knight entries. No separate M1252 MCVV specification page exists under this source, so this package records family-level context and does not supply M1252 parameter values.",manifest+retrieval+retention,not_recorded,no_record,non-authoritative,complete,open,raw/sources/afv_database/p5-us-ground-stryker-m1252mcvv-afvdatabase/manifest.md
p5-us-ground-stryker-m1252mcvv-warwheels,C,WarWheels.net,WarWheels.net editorial compilation; individual page author not supplied,M1129/M1252 Stryker Mortar Carrier Index,https://warwheels.net/M1129MortarStrykerINDEX.html,ground,Stryker / M1252 MCVV,Community index covering the M1129 MC-A/MC-B lineage and the DVH M1252 MCVV designation; the page explicitly separates the later M1252 MCVV-A1 ECP configuration.,manifest+retrieval+retention,not_recorded,success,non-authoritative,complete,open,raw/sources/warwheels/p5-us-ground-stryker-m1252mcvv-warwheels/manifest.md
p5-us-ground-stryker-mdex-2026,A,U.S. Army Combat Capabilities Development / CPE Ground,,ACC DTA CPE Ground MDEX 2026 briefing,https://api.army.mil/e2/c/downloads/2026/05/18/296ad5fa/acc-dta-cpe-ground-mdex-2026-final.pdf,ground,Stryker DVH/DVHA1 and mission-system context,,manifest+retention,not_recorded,not_recorded,non-authoritative,partial,open,raw/sources/us_army/p5-us-ground-stryker-mdex-2026/manifest.md
p5-us-ground-stryker-pm-atlss,A,U.S. Army Program Executive Office Ground Combat Systems,,"Project Manager Advanced Targeting, Layered Survivability and Stryker",https://cpeground.army.mil/Combat-Platforms/Project-Manager-Advanced-Targeting-Layered-Survivability-and-Stryker/,ground,Stryker variants and mission systems,,manifest+retention,not_recorded,not_recorded,non-authoritative,partial,open,raw/sources/us_army/p5-us-ground-stryker-pm-atlss/manifest.md
p5-us-ground-stryker-tradoc-gta09-14-002,A,U.S. Army Training and Doctrine Command,,GTA 09-14-002 vehicle characteristics reference,https://rdl.train.army.mil/catalog-ws/view/100.ATSC/1B1B6532-FE39-4386-904C-4A2E9326D5A3-1274530630894/gta09_14_002.pdf,ground,"Stryker family, including M1252 MCVV configuration fields",,manifest+retention,not_recorded,not_recorded,non-authoritative,partial,open,raw/sources/us_army/p5-us-ground-stryker-tradoc-gta09-14-002/manifest.md
p5-us-ground-stryker-usace-dims,A,U.S. Army Corps of Engineers,,Illustrated Equipment Data,https://www.sas.usace.army.mil/Portals/61/docs/RE/RPXGreensboro/Illustrated_Equipment_Data.pdf,ground,Stryker vehicle configurations,,manifest+retention,not_recorded,not_recorded,non-authoritative,partial,open,raw/sources/us_army/p5-us-ground-stryker-usace-dims/manifest.md
p5-us-module-caterpillar-c7-cat,C,Caterpillar Inc. / Cat Power Systems,Caterpillar product-data team; Cat.com web service,C7 Industrial Diesel Engines,https://www.cat.com/en_US/products/new/power-systems/industrial/industrial-diesel-engines/18396308.html,module,Caterpillar C7 industrial diesel engine family,"Current public industrial C7 listing, 225–300 bhp at 1,800–2,200 rpm; generic industrial configuration, not a Stryker military installation and not the 450 hp C9 used by Stryker A1/DVH-A1.",manifest+retention,not_recorded,not_recorded,non-authoritative,complete,open,raw/sources/caterpillar/p5-us-module-caterpillar-c7-cat/manifest.md
p5-us-module-caterpillar-c7-rv,C,Caterpillar Inc.,Caterpillar product engineering (LEHT4483-02); public mirror maintained by RVTechLibrary,C7 RV Diesel Engine — 300 to 350 hp,https://www.rvtechlibrary.com/engine/Cat_C7_Specs.pdf,module,Caterpillar C7 ACERT RV diesel engine,"Caterpillar LEHT4483-02 RV application sheet, 300/330/350 hp ratings at 2,400 rpm; engine-only data and optional accessories, not a Stryker-specific military installation.",manifest+retention,not_recorded,not_recorded,non-authoritative,complete,open,raw/sources/caterpillar/p5-us-module-caterpillar-c7-rv/manifest.md
p5-us-module-stryker-c7-dieselarmy,C,Power Automotive Media / Diesel Army,Bradley Iger; Diesel Army web editorial team,Monthly Military: The Stryker IAV,https://www.dieselarmy.com/features/car-features/monthly-military-the-stryker-iav/,module,Legacy/core Stryker family (M1126-centered description),"November 2017 professional feature describing the then-current general Stryker powerplant as a 7.2 L Caterpillar C7, paired with an Allison 3200SP six-speed automatic; variant, serial block and C7 governor calibration are not enumerated, and Stryker A1/C9 is outside scope.",manifest+retention,not_recorded,not_recorded,non-authoritative,complete,open,raw/sources/dieselarmy/p5-us-module-stryker-c7-dieselarmy/manifest.md
p5-us-module-stryker-c7-dote,A,"U.S. Department of Defense, Director, Operational Test and Evaluation",DOT&E annual-report editorial team,FY2017 Annual Report — Stryker DVH A1 ECP Family of Vehicles,https://www.dote.osd.mil/Portals/97/pub/reports/FY2017/other/2017DOTEAnnualReport.pdf?ver=2019-08-19-113553-787,module,Stryker DVH A1 ECP family and legacy C7 powerpack baseline,"Official program statement covering the DVH A1 ECP upgrade; the legacy Stryker configuration is the 350 hp Caterpillar C7 that the upgrade replaces with a 450 hp Caterpillar C9. It does not specify engine serial, torque, cooling, mass or interfaces.",manifest+retrieval+retention,not_recorded,success,non-authoritative,complete,open,raw/sources/us_dote/p5-us-module-stryker-c7-dote/manifest.md
p5-us-naval-losangeles-factfile,A,U.S. Navy,U.S. Navy public affairs / Fact Files editorial team,Los Angeles-class Attack Submarines,https://www.navy.mil/Resources/Fact-Files/Display-FactFiles/Article/2166812/los-angeles-class-attack-submarine/,naval,Los Angeles-class SSN-688,"U.S. Navy class baseline across Flight I, Improved Los Angeles, and 688i boats. Public dimensions, surfaced/submerged displacement, S6G plant, speed, crew, sonar and torpedo-room fit are retained; 12-cell VLS is a Flight II/III branch only.",manifest+retention,not_recorded,not_recorded,non-authoritative,complete,open,raw/sources/us_navy/p5-us-naval-losangeles-factfile/manifest.md
p5-us-naval-losangeles-globalsecurity,C,GlobalSecurity.org,"GlobalSecurity.org editorial team; maintained specialist compilation, not an official Navy specification",SSN-688 Los Angeles-class attack submarine,https://www.globalsecurity.org/military/systems/ship/ssn-688.htm,naval,Los Angeles-class fast attack submarine,"Public compilation covering early and Improved/688i variants; VLS, sonar processing and crew differ by flight and modernization.",manifest+retention,not_recorded,not_recorded,non-authoritative,complete,open,raw/sources/globalsecurity/p5-us-naval-losangeles-globalsecurity/manifest.md
p5-us-naval-losangeles-wikipedia,C,Wikimedia Foundation / Wikipedia,Wikimedia volunteer contributors; revision history is public,Los Angeles-class submarine,https://en.wikipedia.org/wiki/Los_Angeles-class_submarine,naval,Los Angeles-class SSN-688,"Class dimensions, surfaced/submerged displacement, S6G reactor, speed, crew, sonar and weapons summary. VLS is retained only for Flight II/III boats; individual refit states are excluded.",manifest+retention,not_recorded,not_recorded,non-authoritative,complete,open,raw/sources/wikipedia/p5-us-naval-losangeles-wikipedia/manifest.md
p5-us-naval-nimitz-factfile,A,U.S. Navy,U.S. Navy public affairs / Fact Files editorial team,Nimitz-Class Aircraft Carriers,https://www.navy.mil/Resources/Fact-Files/Display-FactFiles/Article/2166749/nimitz-class-aircraft-carriers/,naval,Nimitz-class CVN-68-CVN-77,"U.S. Navy class baseline for ten nuclear carriers; 333 m length, 76.8 m flight-deck beam, approximately 97,000 LT full load, A4W reactors, 260,000 shp, 30+ knots, crew/air-wing and defensive weapon summary. Individual refits are not merged.",manifest+retention,not_recorded,not_recorded,non-authoritative,complete,open,raw/sources/us_navy/p5-us-naval-nimitz-factfile/manifest.md
p5-us-naval-nimitz-globalsecurity,C,GlobalSecurity.org,"GlobalSecurity.org editorial team; maintained specialist compilation, not an official U.S. Navy specification",CVN-68 Nimitz-class aircraft carrier,https://www.globalsecurity.org/military/systems/ship/cvn-68.htm,naval,Nimitz-class nuclear-powered aircraft carrier,"Public compilation spanning early and refitted CVN-68-CVN-77 ships; defensive weapon counts, SSDS/CEC availability and air-wing composition vary by ship and deployment.",manifest+retention,not_recorded,not_recorded,non-authoritative,complete,open,raw/sources/globalsecurity/p5-us-naval-nimitz-globalsecurity/manifest.md
p5-us-naval-nimitz-navaltechnology,B,Verdict Media / Naval Technology,Naval Technology editorial team,Nimitz Class Aircraft Carrier,https://www.naval-technology.com/projects/nimitz/,naval,Nimitz-class CVN-68-CVN-77,"Open-source carrier engineering profile covering flight-deck geometry, displacement, A4W plant, speed, crew, air-wing capacity and defensive systems. Sensor and CIWS counts are treated as representative late-service fit.",manifest+retention,not_recorded,not_recorded,non-authoritative,complete,open,raw/sources/naval_technology/p5-us-naval-nimitz-navaltechnology/manifest.md
p5-us-naval-ticonderoga-factfile,A,U.S. Navy,U.S. Navy public affairs / Fact Files editorial team,Ticonderoga-class Guided-Missile Cruisers,https://www.navy.mil/Resources/Fact-Files/Display-FactFiles/Article/2166766/ticonderoga-class-guided-missile-cruiser/,naval,Ticonderoga-class (CG-47-CG-73),"U.S. Navy class baseline; dimensions, full-load displacement, LM2500 propulsion, 30+ knot speed, Aegis/SPY-1 systems, VLS/gun/CIWS/torpedo fit. CG-47-CG-51 Mk 26 launcher ships are not represented by the 122-cell leaf baseline.",manifest+retention,not_recorded,not_recorded,non-authoritative,complete,open,raw/sources/us_navy/p5-us-naval-ticonderoga-factfile/manifest.md
p5-us-naval-ticonderoga-globalsecurity,C,GlobalSecurity.org,"GlobalSecurity.org editorial team; page is a maintained specialist compilation, not a U.S. Navy specification",CG-47 Ticonderoga-class Aegis cruiser,https://www.globalsecurity.org/military/systems/ship/cg-47.htm,naval,Ticonderoga-class guided-missile cruiser,"Public class compilation spanning CG-47 through later CG-73 upgrades; exact SPY-1 baseline, Harpoon retention and CIWS fit are ship/refit dependent.",manifest+retention,not_recorded,not_recorded,non-authoritative,complete,open,raw/sources/globalsecurity/p5-us-naval-ticonderoga-globalsecurity/manifest.md
p5-us-naval-ticonderoga-navaltechnology,B,Verdict Media / Naval Technology,Naval Technology editorial team,Ticonderoga Class Guided Missile Cruiser,https://www.naval-technology.com/projects/ticonderoga-class/,naval,Ticonderoga-class (CG-47-CG-73),"Open-source engineering profile of the class, including dimensions, LM2500/COGAG plant, range, crew and hangar, Aegis sensors, Mk 41 and gun/torpedo armament. Values are class-level and may combine early and late sub-blocks.",manifest+retention,not_recorded,not_recorded,non-authoritative,complete,open,raw/sources/naval_technology/p5-us-naval-ticonderoga-navaltechnology/manifest.md
p5-us-navy-e2d-airpac,A,"U.S. Navy, Commander Naval Air Forces Pacific",,Navy Aircraft: Carrier-Based — E-2D Hawkeye,https://www.airpac.navy.mil/Portals/53/Documents/DVBrief2025.pdf,air,E-2 / E-2D,The brief labels the aircraft family as E-2 Hawkeye and presents the common carrier-based E-2 block; it is used only for the geometry and mass fields that the NAVAIR E-2D page does not publish.,manifest+retrieval+retention,not_recorded,success,non-authoritative,complete,open,raw/sources/us_navy/p5-us-navy-e2d-airpac/manifest.md
p5-us-navy-e2d-navair,A,Naval Air Systems Command,,E-2D Advanced Hawkeye (AHE),https://www.navair.navy.mil/product/E-2D,air,E-2 / E-2D,E-2D Advanced Hawkeye. The source is variant-specific; dimensions not published on this page are supplied only by the separate official AirPAC technical brief.,manifest+retrieval+retention,not_recorded,success,non-authoritative,complete,open,raw/sources/us_navy/p5-us-navy-e2d-navair/manifest.md
p5-us-weapon-agm114l-army,A,"U.S. Army, PEO Missiles and Space",Army weapon-systems handbook editorial team,HELLFIRE Family of Missiles / Longbow HELLFIRE (AGM-114L),https://asc.army.mil/docs/wsh2/2018-wsh.pdf,weapon,AGM-114L Longbow HELLFIRE,"Longbow AGM-114L MMW-guided missile; SAL HELLFIRE II, JAGM and other warheads excluded",manifest+retention,not_recorded,not_recorded,non-authoritative,complete,open,raw/sources/us_army/p5-us-weapon-agm114l-army/manifest.md
p5-us-weapon-agm114l-designationsystems,C,Designation Systems,Andreas Parsch / site maintainers; public historical reference,Boeing/Lockheed Martin AGM-114 Hellfire,https://designation-systems.net/dusrm/m-114.html,weapon,AGM-114L Longbow HELLFIRE,"AGM-114L active MMW seeker, M120E1/TX-657 motor, tandem anti-armor warhead and 8 km class envelope; other AGM-114 variants excluded",manifest+retention,not_recorded,not_recorded,non-authoritative,complete,open,raw/sources/designation_systems/p5-us-weapon-agm114l-designationsystems/manifest.md
p5-us-weapon-agm158c-lockheedmartin,C,Lockheed Martin Missiles and Fire Control,Lockheed Martin Long Range Strike product-information team,Long Range Anti-Ship Missile Fast Facts,https://www.lockheedmartin.com/content/dam/lockheed-martin/mfc/documents/business-area-landing/25-10652_ADSW_LRASM_Fast_Facts.pdf,weapon,AGM-158C LRASM C-1/C-3 family,Fielded LRASM C-1 baseline values; C-3 extended-range software/hardware changes excluded from this leaf,manifest+retention,not_recorded,not_recorded,non-authoritative,complete,open,raw/sources/lockheed_martin/p5-us-weapon-agm158c-lockheedmartin/manifest.md
p5-us-weapon-agm158c-navair,A,"U.S. Navy, Naval Air Systems Command",NAVAIR Precision Strike Weapons public program team,Offensive Anti-Surface Warfare / LRASM (AGM-158C) budget justification,https://www.secnav.navy.mil/fmc/fmb/Documents/25pres/WPN_Book.pdf,weapon,AGM-158C LRASM C-1,"AGM-158C/C-1 air-launched LRASM; C-3 forward-fit development, JASSM-A/B and surface-launch concepts excluded",manifest+retention,not_recorded,not_recorded,non-authoritative,complete,open,raw/sources/us_navy/p5-us-weapon-agm158c-navair/manifest.md
p5-us-weapon-agm65d-designationsystems,C,Designation Systems,Joseph F. Baugher / site maintainers; public historical reference,Raytheon (Hughes) AGM-65 Maverick,https://designation-systems.net/dusrm/m-65.html,weapon,AGM-65D Maverick,"AGM-65D dimensions, propulsion, imaging-infrared guidance, WDU-20/B warhead, and greater-than-12-nmi range; later E/F/G/J/K warheads and laser seekers are excluded",manifest+retention,not_recorded,not_recorded,non-authoritative,complete,open,raw/sources/designation_systems/p5-us-weapon-agm65d-designationsystems/manifest.md
p5-us-weapon-agm65d-usaf,A,U.S. Air Force,USAF public-affairs fact-sheet team,AGM-65 Maverick,http://www.af.mil/information/factsheets/factsheet.asp?id=72,weapon,AGM-65D Maverick,AGM-65D only; contrast-seeker A/B/H and laser-guided E/F/G/H/J/K variants are excluded,manifest+retention,not_recorded,not_recorded,non-authoritative,complete,open,raw/sources/us_air_force/p5-us-weapon-agm65d-usaf/manifest.md
p5-us-weapon-aim120d-navair,A,Naval Air Systems Command,,AMRAAM,https://www.navair.navy.mil/product/AMRAAM,weapon,AIM-120 / AIM-120D,AIM-120D reading within the AMRAAM family page. C/D wingspan and D mass are retained as the variant-specific fields the page publishes.,manifest+retrieval+retention,not_recorded,success,non-authoritative,complete,open,raw/sources/us_navy/p5-us-weapon-aim120d-navair/manifest.md
p5-us-weapon-aim9m-navair,A,"U.S. Navy, Naval Air Systems Command",NAVAIR public product-information team,AIM-9 Sidewinder,https://www.navair.navy.mil/product/AIM-9M-Sidewinder,weapon,AIM-9M Sidewinder,AIM-9M production family; AIM-9X and other post-M variants are excluded,manifest+retention,not_recorded,not_recorded,non-authoritative,complete,open,raw/sources/us_navy/p5-us-weapon-aim9m-navair/manifest.md
p5-us-weapon-aim9m-wikipedia,C,Wikimedia Foundation / Wikipedia,Wikimedia volunteer contributors; revision history is public,AIM-9 Sidewinder,https://en.wikipedia.org/wiki/AIM-9_Sidewinder,weapon,AIM-9M Sidewinder,U.S. AIM-9M air-to-air missile; AIM-9X imaging-array values and non-U.S. derivatives are excluded,manifest+retention,not_recorded,not_recorded,non-authoritative,complete,open,raw/sources/wikipedia/p5-us-weapon-aim9m-wikipedia/manifest.md
p5-us-weapon-aim9x-navair,A,Naval Air Systems Command,,AIM-9X Sidewinder,https://www.navair.navy.mil/product/AIM-9X-Sidewinder,weapon,AIM-9 / AIM-9X Block II,"AIM-9X Sidewinder, with Block II datalink/thrust-vectoring context retained where the page states it.",manifest+retrieval+retention,not_recorded,success,non-authoritative,complete,open,raw/sources/us_navy/p5-us-weapon-aim9x-navair/manifest.md
p5-us-weapon-gbu39-boeing,A,Boeing Defense,,Ground-Launched Small Diameter Bomb / GBU-39A/B product card,https://www.boeing.com/content/dam/boeing/boeingdotcom/defense/weapons-weapons/images/GLSDB-Product-Card.pdf,weapon,GBU-39 / GBU-39A/B,Air-launched GBU-39A/B Small Diameter Bomb. The same card also describes the ground-launched GLSDB system; launcher and rocket-stage parameters are excluded from this air-launched leaf.,manifest+retrieval+retention,not_recorded,success,non-authoritative,complete,open,raw/sources/boeing/p5-us-weapon-gbu39-boeing/manifest.md
p5-us-weapon-javelin-lockheedmartin,C,Lockheed Martin,Lockheed Martin Missiles and Fire Control product-information team,Javelin Weapon System,https://www.lockheedmartin.com/en-us/products/javelin.html,weapon,FGM-148F Javelin,"FGM-148F missile and current lightweight-CLU employment; older B/C/E/G variants, export software, and vehicle integration kits are excluded",manifest+retention,not_recorded,not_recorded,non-authoritative,complete,open,raw/sources/lockheed_martin/p5-us-weapon-javelin-lockheedmartin/manifest.md
p5-us-weapon-javelin-wikipedia,C,Wikimedia Foundation / Wikipedia,Wikimedia volunteer contributors; revision history is public,FGM-148 Javelin,https://en.wikipedia.org/wiki/FGM-148_Javelin,weapon,FGM-148F Javelin,"U.S. FGM-148F missile in launch tube with original or lightweight CLU; vehicle range is recorded separately, and older warhead variants are excluded",manifest+retention,not_recorded,not_recorded,non-authoritative,complete,open,raw/sources/wikipedia/p5-us-weapon-javelin-wikipedia/manifest.md
p5-us-weapon-m240b-cpe,A,U.S. Army Combat and Product Engineering Ground,,M240B/L/H 7.62mm Medium Machine Gun portfolio,https://cpeground.army.mil/Equipment/Equipment-Portfolio/PM-SL-Portfolio/M240B-L-H-Medium-Machine-Gun/,weapon,M240B,"Ground M240B with collapsible stock, bipod and rails; M240H aviation and M240L lightweight variants are excluded.",manifest+retrieval+retention,not_recorded,success,non-authoritative,complete,open,raw/sources/us_army/p5-us-weapon-m240b-cpe/manifest.md
p5-us-weapon-m249-cpe,A,U.S. Army Combat and Product Engineering Ground,,M249 5.56mm Squad Automatic Weapon portfolio,https://cpeground.army.mil/Equipment/Equipment-Portfolio/PM-SL-Portfolio/M249-Squad-Automatic-Weapon/,weapon,M249 Squad Automatic Weapon,Standard M249 with collapsible-stock and short-barrel alternatives kept separate from the standard row.,manifest+retrieval+retention,not_recorded,success,non-authoritative,complete,open,raw/sources/us_army/p5-us-weapon-m249-cpe/manifest.md
p5-us-weapon-m249-odin,B,U.S. Army TRADOC G-2 Threats Integration / ODIN,,M249 Squad Automatic Weapon,https://odin.t2com.army.mil/WEG/Asset/M249_Squad_Automatic_Weapon,weapon,M249 Squad Automatic Weapon,Standard M249/SAW context; Mk 46/Mk 48 variant blocks are not merged.,manifest+retrieval+retention,not_recorded,success,non-authoritative,complete,open,raw/sources/odin/p5-us-weapon-m249-odin/manifest.md
p5-us-weapon-m2a1-cpe,A,U.S. Army Combat and Product Engineering Ground,,M2/M2A1 .50 Caliber Machine Gun portfolio,https://cpeground.army.mil/Equipment/Equipment-Portfolio/PM-MBCT-Lethality-Portfolio/M2-M2A1-50-Caliber-Machine-Gun/,weapon,M2A1 .50-calibre machine gun,M2A1 receiver and barrel with flash hider and carrying handle; legacy M2 values are retained as a named alternate.,manifest+retrieval+retention,not_recorded,success,non-authoritative,complete,open,raw/sources/us_army/p5-us-weapon-m2a1-cpe/manifest.md
p5-us-weapon-m4a1-cpe,A,U.S. Army Combat and Product Engineering Ground,,M4A1 Carbine equipment portfolio,https://cpeground.army.mil/Equipment/Equipment-Portfolio/PM-SL-Portfolio/M4A1-Carbine/,weapon,M4A1 Carbine,U.S. Army M4A1 carbine; M4 burst-fire and M16 rifle values are not merged.,manifest+retrieval+retention,not_recorded,success,non-authoritative,complete,open,raw/sources/us_army/p5-us-weapon-m4a1-cpe/manifest.md
p5-us-weapon-mk19-cpe,A,U.S. Army Combat and Product Engineering Ground,,MK19 Grenade Machine Gun portfolio,https://cpeground.army.mil/Equipment/Equipment-Portfolio/PM-SL-Portfolio/MK19-Grenade-Machine-Gun/,weapon,Mk 19 Mod 3,Mk 19 weapon without mount or tripod; mounting systems are not folded into weapon mass.,manifest+retrieval+retention,not_recorded,success,non-authoritative,complete,open,raw/sources/us_army/p5-us-weapon-mk19-cpe/manifest.md
p5-us-weapon-patriotpac3-lockheedmartin,C,Lockheed Martin Missiles and Fire Control,Lockheed Martin Integrated Air and Missile Defense product-information team,PAC-3 MSE partner technical overview / media kit,https://www.lockheedmartin.com/content/dam/lockheed-martin/mfc/documents/pac-3/24-09790-iamd-pac-3-mse-partner-ppt--updates_r2.pdf,weapon,PAC-3 MSE interceptor,"PAC-3 MSE with two-pulse solid motor, active Ka-band seeker, RF data link, attitude-control motors and lethality enhancer; PAC-3 CRI and ACE excluded",manifest+retention,not_recorded,not_recorded,non-authoritative,complete,open,raw/sources/lockheed_martin/p5-us-weapon-patriotpac3-lockheedmartin/manifest.md
p5-us-weapon-patriotpac3-mda,A,U.S. Missile Defense Agency,MDA public affairs / fact-sheet team,PATRIOT Advanced Capability-3 (PAC-3),https://www.mda.mil/system/pac_3.html,weapon,PAC-3 Missile Segment Enhancement (MSE),"PAC-3 MSE hit-to-kill interceptor integrated with Patriot; PAC-2 GEM-T, PAC-3 CRI and PAC-3 ACE excluded",manifest+retention,not_recorded,not_recorded,non-authoritative,complete,open,raw/sources/missile_defense_agency/p5-us-weapon-patriotpac3-mda/manifest.md
p5-us-weapon-tow2b-army,A,U.S. Army Redstone Arsenal,Army historical information editorial staff,TOW Missile System historical information,https://history.redstone.army.mil/miss-tow.html,weapon,BGM-71F TOW 2B,BGM-71F TOW 2B flyover-shoot-down missile; TOW 2A and later RF/wireless variants excluded,manifest+retention,not_recorded,not_recorded,non-authoritative,complete,open,raw/sources/us_army/p5-us-weapon-tow2b-army/manifest.md
p5-us-weapon-tow2b-designationsystems,C,Designation Systems,Andreas Parsch / site maintainers; public historical reference,Raytheon BGM-71 TOW,https://www.designation-systems.net/dusrm/m-71.html,weapon,BGM-71F TOW 2B / TOW 2B Aero,BGM-71F dual-EFP TOW 2B; Aero 4.5 km wire-range bound; direct TOW 2A and wireless derivatives excluded,manifest+retention,not_recorded,not_recorded,non-authoritative,complete,open,raw/sources/designation_systems/p5-us-weapon-tow2b-designationsystems/manifest.md
p5-usmc-air-kc130j-avplan2019,A,U.S. Marine Corps Aviation,,2019 Aviation Plan — KC-130J/T Hercules (VMGR) plan,https://www.aviation.marines.mil/Portals/11/2019%20AvPlan.pdf,air,KC-130J,"USMC KC-130J/T plan; the KC-130J column is used, and KC-130T values are excluded.",manifest+retrieval+retention,not_recorded,success,non-authoritative,complete,open,raw/sources/us_marine_corps/p5-usmc-air-kc130j-avplan2019/manifest.md
p5-usmc-ground-m1252-rms6l-mctp301d,A,United States Marine Corps,Marine Corps doctrinal publications editorial team,"MCTP 3-01D, Tactical Employment of Mortars",https://www.marines.mil/Portals/1/Publications/MCTP%203-01D.pdf?ver=2019-10-31-084723-267,ground,Stryker / M1252 MCVV RMS6-L weapon fit,"The table identifies the RMS6-L as the 120 mm carrier system for both Stryker M1129A1 MCV and Stryker M1252 MCVV; the 6570 m maximum is an approximate HE mortar-system range, not vehicle mobility.",manifest+retrieval+retention,not_recorded,success,non-authoritative,complete,open,raw/sources/usmc/p5-usmc-ground-m1252-rms6l-mctp301d/manifest.md
