aspect_bucket,bearing_deg,case_group,case_id,clamp_fraction,entered_R_fuze,launch_class,local_forward_m,local_right_m,local_up_m,max_abs_heading_velocity_error_deg,max_apn_g,max_capture_g,max_component_sum_error_mps2,max_los_rate_rad_s,max_pn_g,max_postclamp_g,max_preclamp_g,nearest_approach_time_s,nearest_distance_m,offset_deg,pn_source_counts,profile,range_km,rho_fuze,target_kinematics_source_counts,trace_sample_count,variant_id
beam,-30.0,N30,guidance_exact_cv_4km_m30deg,0.25,True,N,-5.85852819455581,-7.42885911245238,-0.00043942538721924106,47.00994204648579,6.124999999999999,2041.7732795951342,3.637978807091713e-12,5.6984540476200385,2461.125479080874,35.0,4502.898758676009,3.5730865395543807,9.460988347533615,30.0,"{""1"": 44}","{""apn_mode"": 1, ""capture_mode"": 1, ""kinematics_source"": 0, ""lead_mode"": 2, ""pn_mode"": 0}",4.0,0.630732556502241,"{""0"": 1, ""1"": 43}",44,legacy_full_track_quadratic
beam,-30.0,N30,guidance_exact_cv_4km_m30deg,0.022727272727272728,True,N,-0.24810291487403846,-0.31789872895298393,0.0012736442203744474,45.262602237707284,4.9810651585373655,0.0,5.728578676879116e-14,0.08180658884151755,43.82713148651328,35.0,44.599851329148734,3.6210360743464483,0.40325708971878776,30.0,"{""1"": 44}","{""apn_mode"": 1, ""capture_mode"": 0, ""kinematics_source"": 0, ""lead_mode"": 2, ""pn_mode"": 0}",4.0,0.026883805981252517,"{""1"": 44}",44,legacy_no_capture
beam,-30.0,N30,guidance_exact_cv_4km_m30deg,0.20454545454545456,False,N,-9.78685354911103,-11.602479692172594,0.001327414187447487,49.042219983318205,6.124999999999999,1481.7654335419063,4.976336155918127e-13,0.0,0.0,35.0,1487.8904335419063,3.6155050177831267,15.178934058788588,30.0,"{""0"": 44}","{""apn_mode"": 1, ""capture_mode"": 1, ""kinematics_source"": 0, ""lead_mode"": 2, ""pn_mode"": 1}",4.0,1.0119289372525726,"{""1"": 44}",44,legacy_no_pn
beam,-30.0,N30,guidance_exact_cv_4km_m30deg,0.20930232558139536,True,N,-5.994665491884499,-7.5666008034785,-0.0003528780152629342,45.91754193231745,0.0,327.90109358377543,6.431098710768743e-13,0.7200027465863195,343.5817875851966,35.0,671.482881168972,3.5538102774408067,9.653468920720343,30.0,"{""1"": 43}","{""apn_mode"": 0, ""capture_mode"": 1, ""kinematics_source"": 0, ""lead_mode"": 2, ""pn_mode"": 0}",4.0,0.6435645947146895,"{""1"": 43}",43,legacy_no_apn
beam,-30.0,N30,guidance_exact_cv_4km_m30deg,0.25,False,N,-32.69903488159885,-37.05012287809895,0.00756261101097342,51.949125889356196,6.124999999999999,3072.13286845377,1.7826694532259034e-12,2.8745758159022006,980.1002491373716,35.0,4052.2331175911418,3.5898426713764664,49.415974589836246,30.0,"{""1"": 44}","{""apn_mode"": 1, ""capture_mode"": 1, ""kinematics_source"": 0, ""lead_mode"": 0, ""pn_mode"": 0}",4.0,3.294398305989083,"{""0"": 1, ""1"": 43}",44,legacy_no_lead
beam,-30.0,N30,guidance_exact_cv_4km_m30deg,0.09302325581395349,True,N,-6.776627808185845,-8.425305188123849,-0.00010412186782783888,46.78887550963608,0.0,791.4900528820683,9.094947017729282e-13,1.3748972335704406,632.0135039130522,35.0,1423.5035567951204,3.5336380593401504,10.812421189286846,30.0,"{""1"": 43}","{""apn_mode"": 0, ""capture_mode"": 1, ""kinematics_source"": 0, ""lead_mode"": 1, ""pn_mode"": 0}",4.0,0.7208280792857897,"{""1"": 43}",43,legacy_track_velocity_no_apn
beam,-30.0,N30,guidance_exact_cv_4km_m30deg,0.022727272727272728,True,N,-0.24810291487403846,-0.31789872895298393,0.0012736442203744474,45.262602237707284,4.9810651585373655,0.0,5.728578676879116e-14,0.08180658884151755,43.82713148651328,35.0,44.599851329148734,3.6210360743464483,0.40325708971878776,30.0,"{""1"": 44}","{""apn_mode"": 1, ""capture_mode"": 0, ""kinematics_source"": 0, ""lead_mode"": 0, ""pn_mode"": 0}",4.0,0.026883805981252517,"{""1"": 44}",44,legacy_no_capture_no_lead
beam,-30.0,N30,guidance_exact_cv_4km_m30deg,0.25,True,N,-5.119765803336236,-6.545177955216301,-0.0004078227472456891,46.619717512569814,6.124999999999999,406.3761083818853,3.37563890304287e-13,3.0920503868476787,2033.4896435697344,35.0,2439.8657519516196,3.5790478751946373,8.309714586721856,30.0,"{""2"": 44}","{""apn_mode"": 1, ""capture_mode"": 1, ""kinematics_source"": 0, ""lead_mode"": 2, ""pn_mode"": 2}",4.0,0.5539809724481237,"{""0"": 1, ""1"": 43}",44,history_full_track_quadratic
beam,-30.0,N30,guidance_exact_cv_4km_m30deg,0.23255813953488372,True,N,-5.223118406812998,-6.646535223001217,-0.00033029148025447846,45.55530106674548,0.0,176.26468468083948,1.1368683772161603e-13,0.5797140900318264,399.9432956480252,35.0,576.2079803288647,3.5583543290159003,8.45324768779894,30.0,"{""2"": 43}","{""apn_mode"": 0, ""capture_mode"": 1, ""kinematics_source"": 0, ""lead_mode"": 2, ""pn_mode"": 2}",4.0,0.5635498458532627,"{""1"": 43}",43,history_track_quadratic_no_apn
beam,-30.0,N30,guidance_exact_cv_4km_m30deg,0.13953488372093023,True,N,-5.856214052290048,-7.342538165672103,-0.0001317514832310095,46.43870986076687,0.0,599.9293137669545,2.033691978340166e-12,1.1978105114447237,807.4540756508419,35.0,1407.3833894177963,3.5337697566756328,9.39191725676677,30.0,"{""2"": 43}","{""apn_mode"": 0, ""capture_mode"": 1, ""kinematics_source"": 0, ""lead_mode"": 1, ""pn_mode"": 2}",4.0,0.6261278171177848,"{""1"": 43}",43,history_track_velocity_no_apn
beam,-30.0,N30,guidance_exact_cv_4km_m30deg,0.25,True,N,-5.659333311055426,-7.123997775505655,-0.0001856529114509836,47.15464886093623,0.0,422.77221888351727,2.2737367544323206e-13,0.3421665088744919,230.80424137457803,35.0,422.77221888351727,3.5803981706281984,9.098318408667232,30.0,"{""0"": 1, ""3"": 43}","{""apn_mode"": 0, ""capture_mode"": 1, ""kinematics_source"": 0, ""lead_mode"": 2, ""pn_mode"": 3}",4.0,0.6065545605778155,"{""0"": 1, ""1"": 43}",44,analytic_track_quadratic_no_apn
beam,-30.0,N30,guidance_exact_cv_4km_m30deg,0.16279069767441862,True,N,-6.283998993936429,-7.951757775098632,-0.0005091377366061266,46.45372688584586,0.0,301.9095567072442,2.2737367544323206e-13,0.5306400090653464,352.0826336770502,35.0,653.9921903842944,3.554939639407004,10.135042936705275,30.0,"{""3"": 43}","{""apn_mode"": 0, ""capture_mode"": 1, ""kinematics_source"": 0, ""lead_mode"": 1, ""pn_mode"": 3}",4.0,0.675669529113685,"{""1"": 43}",43,analytic_track_velocity_no_apn
beam,-30.0,N30,guidance_exact_cv_4km_m30deg,0.13953488372093023,True,N,-4.368147359616269,-5.5009522072731185,0.00015880639003974166,46.54277255174012,0.0,1680.6888412919525,1.6077746776921858e-13,11.580437373320983,6979.262574778732,35.0,8659.951416070684,3.5215849933815258,7.0243281933040675,30.0,"{""3"": 43}","{""apn_mode"": 0, ""capture_mode"": 1, ""kinematics_source"": 1, ""lead_mode"": 1, ""pn_mode"": 3}",4.0,0.46828854622027116,"{""2"": 43}",43,analytic_truth_velocity_no_apn
beam,-30.0,N30,guidance_exact_cv_4km_m30deg,0.13953488372093023,True,N,-4.368147359616269,-5.5009522072731185,0.00015880639003974166,46.54277255174012,0.0,1680.6888412919525,1.6077746776921858e-13,11.580437373320983,6979.262574778732,35.0,8659.951416070684,3.5215849933815258,7.0243281933040675,30.0,"{""3"": 43}","{""apn_mode"": 0, ""capture_mode"": 1, ""kinematics_source"": 1, ""lead_mode"": 2, ""pn_mode"": 3}",4.0,0.46828854622027116,"{""2"": 43}",43,analytic_truth_quadratic_no_apn
beam,-30.0,N30,guidance_exact_cv_4km_m30deg,0.13953488372093023,True,N,-4.368147359616269,-5.5009522072731185,0.00015880639003974166,46.54277255174012,0.0,1680.6888412919525,1.6077746776921858e-13,11.580437373320983,6979.262574778732,35.0,8659.951416070684,3.5215849933815258,7.0243281933040675,30.0,"{""3"": 43}","{""apn_mode"": 1, ""capture_mode"": 1, ""kinematics_source"": 1, ""lead_mode"": 1, ""pn_mode"": 3}",4.0,0.46828854622027116,"{""2"": 43}",43,analytic_truth_velocity_apn
beam,-30.0,N30,guidance_exact_cv_4km_m30deg,0.11627906976744186,True,N,-6.205148998457961,-7.75694431041883,-0.00013579740173525205,46.82982675868527,0.0,1790.706659838579,1.8189894035458565e-12,1.5086167352910795,691.8094826282711,35.0,2482.51614246685,3.5289286348744726,9.933481723265288,30.0,"{""1"": 43}","{""apn_mode"": 0, ""capture_mode"": 1, ""kinematics_source"": 1, ""lead_mode"": 1, ""pn_mode"": 0}",4.0,0.6622321148843525,"{""2"": 43}",43,legacy_truth_velocity_no_apn
beam,30.0,N30,guidance_exact_cv_4km_p30deg,0.25,True,N,-5.851977171065498,7.433886634865787,0.05427030777731803,47.0099420464858,6.124999999999999,2041.7732795949946,3.637978807091713e-12,5.698454047619771,2461.125479080765,35.0,4502.898758675759,3.5730865716803306,9.461038662695106,30.0,"{""1"": 44}","{""apn_mode"": 1, ""capture_mode"": 1, ""kinematics_source"": 0, ""lead_mode"": 2, ""pn_mode"": 0}",4.0,0.6307359108463404,"{""0"": 1, ""1"": 43}",44,legacy_full_track_quadratic
beam,30.0,N30,guidance_exact_cv_4km_p30deg,0.022727272727272728,True,N,-0.24785197040444693,0.3181397897015708,0.0036150288760257335,45.262602237707306,4.981065158537237,0.0,8.676916779265165e-14,0.08180658884145059,43.82713148647783,35.0,44.5998513291129,3.621036101367807,0.403307070925509,30.0,"{""1"": 44}","{""apn_mode"": 1, ""capture_mode"": 0, ""kinematics_source"": 0, ""lead_mode"": 2, ""pn_mode"": 0}",4.0,0.0268871380617006,"{""1"": 44}",44,legacy_no_capture
beam,30.0,N30,guidance_exact_cv_4km_p30deg,0.20454545454545456,False,N,-9.776604478195022,11.610856434460235,0.08677557701083952,49.04221998331815,6.124999999999999,1481.7654335419013,4.874343882801923e-13,0.0,0.0,35.0,1487.8904335419013,3.615505052531945,15.178982583344531,30.0,"{""0"": 44}","{""apn_mode"": 1, ""capture_mode"": 1, ""kinematics_source"": 0, ""lead_mode"": 2, ""pn_mode"": 1}",4.0,1.0119321722229688,"{""1"": 44}",44,legacy_no_pn
beam,30.0,N30,guidance_exact_cv_4km_p30deg,0.20930232558139536,True,N,-5.9879925846005175,7.571744505484145,0.05537133428823822,45.91754193231756,0.0,327.9010935837079,1.2862197421537486e-12,0.7200027465862822,343.58178758517727,35.0,671.4828811688852,3.553810309780438,9.653519360016896,30.0,"{""1"": 43}","{""apn_mode"": 0, ""capture_mode"": 1, ""kinematics_source"": 0, ""lead_mode"": 2, ""pn_mode"": 0}",4.0,0.6435679573344597,"{""1"": 43}",43,legacy_no_apn
beam,30.0,N30,guidance_exact_cv_4km_p30deg,0.25,False,N,-32.66623791811952,37.07804655294608,0.2804276962153307,51.94912588935622,6.124999999999999,3072.1328684536315,9.094947017729282e-13,2.8745758159021264,980.1002491373494,35.0,4052.233117590981,3.5898427110611335,49.416022458292026,30.0,"{""1"": 44}","{""apn_mode"": 1, ""capture_mode"": 1, ""kinematics_source"": 0, ""lead_mode"": 0, ""pn_mode"": 0}",4.0,3.2944014972194684,"{""0"": 1, ""1"": 43}",44,legacy_no_lead
beam,30.0,N30,guidance_exact_cv_4km_p30deg,0.09302325581395349,True,N,-6.769194277551052,8.431115753802132,0.061944307763280596,46.78887550963611,0.0,791.4900528819368,9.094947017729282e-13,1.374897233570262,632.0135039129689,35.0,1423.5035567949055,3.5336380924037587,10.812471554575595,30.0,"{""1"": 43}","{""apn_mode"": 0, ""capture_mode"": 1, ""kinematics_source"": 0, ""lead_mode"": 1, ""pn_mode"": 0}",4.0,0.7208314369717063,"{""1"": 43}",43,legacy_track_velocity_no_apn
beam,30.0,N30,guidance_exact_cv_4km_p30deg,0.022727272727272728,True,N,-0.24785197040444693,0.3181397897015708,0.0036150288760257335,45.262602237707306,4.981065158537237,0.0,8.676916779265165e-14,0.08180658884145059,43.82713148647783,35.0,44.5998513291129,3.621036101367807,0.403307070925509,30.0,"{""1"": 44}","{""apn_mode"": 1, ""capture_mode"": 0, ""kinematics_source"": 0, ""lead_mode"": 0, ""pn_mode"": 0}",4.0,0.0268871380617006,"{""1"": 44}",44,legacy_no_capture_no_lead
beam,30.0,N30,guidance_exact_cv_4km_p30deg,0.25,True,N,-5.113997656983956,6.54957540057417,0.04779395017696533,46.619717512569814,6.124999999999999,406.3761083818853,3.37563890304287e-13,3.0920503868476787,2033.4896435697344,35.0,2439.8657519516196,3.579047906713298,8.309764992171528,30.0,"{""2"": 44}","{""apn_mode"": 1, ""capture_mode"": 1, ""kinematics_source"": 0, ""lead_mode"": 2, ""pn_mode"": 2}",4.0,0.5539843328114352,"{""0"": 1, ""1"": 43}",44,history_full_track_quadratic
beam,30.0,N30,guidance_exact_cv_4km_p30deg,0.23255813953488372,True,N,-5.2172606258850935,6.651020890590049,0.04861799647710323,45.55530106674548,0.0,176.26468468083948,1.1368683772161603e-13,0.5797140900318264,399.9432956480252,35.0,576.2079803288647,3.5583543607919714,8.453298234124711,30.0,"{""2"": 43}","{""apn_mode"": 0, ""capture_mode"": 1, ""kinematics_source"": 0, ""lead_mode"": 2, ""pn_mode"": 2}",4.0,0.5635532156083141,"{""1"": 43}",43,history_track_quadratic_no_apn
beam,30.0,N30,guidance_exact_cv_4km_p30deg,0.13953488372093023,True,N,-5.849739844042569,7.347563736907054,0.053942482371356695,46.43870986076687,0.0,599.9293137669545,2.033691978340166e-12,1.1978105114447237,807.4540756508419,35.0,1407.3833894177963,3.5337697892901243,9.391967786480684,30.0,"{""2"": 43}","{""apn_mode"": 0, ""capture_mode"": 1, ""kinematics_source"": 0, ""lead_mode"": 1, ""pn_mode"": 2}",4.0,0.626131185765379,"{""1"": 43}",43,history_track_velocity_no_apn
beam,30.0,N30,guidance_exact_cv_4km_p30deg,0.25,True,N,-5.653052388269206,7.12885509658115,0.05227907155328475,47.15464886093623,0.0,422.77221888351727,2.2737367544323206e-13,0.3421665088744919,230.80424137457803,35.0,422.77221888351727,3.580398202555292,9.09836850176402,30.0,"{""0"": 1, ""3"": 43}","{""apn_mode"": 0, ""capture_mode"": 1, ""kinematics_source"": 0, ""lead_mode"": 2, ""pn_mode"": 3}",4.0,0.6065579001176012,"{""0"": 1, ""1"": 43}",44,analytic_track_quadratic_no_apn
beam,30.0,N30,guidance_exact_cv_4km_p30deg,0.16279069767441862,True,N,-6.276984807969252,7.957148372355201,0.058051500076956364,46.45372688584586,0.0,301.9095567072442,2.2737367544323206e-13,0.5306400090653464,352.0826336770502,35.0,653.9921903842944,3.554939671676953,10.135093412288434,30.0,"{""3"": 43}","{""apn_mode"": 0, ""capture_mode"": 1, ""kinematics_source"": 0, ""lead_mode"": 1, ""pn_mode"": 3}",4.0,0.6756728941525623,"{""1"": 43}",43,analytic_track_velocity_no_apn
beam,30.0,N30,guidance_exact_cv_4km_p30deg,0.13953488372093023,True,N,-4.363304907778487,5.50470850498499,0.04067065443498906,46.54277255174012,0.0,1680.6888412919525,1.6077746776921858e-13,11.580437373320983,6979.262574778732,35.0,8659.951416070684,3.521585025772092,7.0243789437380215,30.0,"{""3"": 43}","{""apn_mode"": 0, ""capture_mode"": 1, ""kinematics_source"": 1, ""lead_mode"": 1, ""pn_mode"": 3}",4.0,0.4682919295825348,"{""2"": 43}",43,analytic_truth_velocity_no_apn
beam,30.0,N30,guidance_exact_cv_4km_p30deg,0.13953488372093023,True,N,-4.363304907778487,5.50470850498499,0.04067065443498906,46.54277255174012,0.0,1680.6888412919525,1.6077746776921858e-13,11.580437373320983,6979.262574778732,35.0,8659.951416070684,3.521585025772092,7.0243789437380215,30.0,"{""3"": 43}","{""apn_mode"": 0, ""capture_mode"": 1, ""kinematics_source"": 1, ""lead_mode"": 2, ""pn_mode"": 3}",4.0,0.4682919295825348,"{""2"": 43}",43,analytic_truth_quadratic_no_apn
beam,30.0,N30,guidance_exact_cv_4km_p30deg,0.13953488372093023,True,N,-4.363304907778487,5.50470850498499,0.04067065443498906,46.54277255174012,0.0,1680.6888412919525,1.6077746776921858e-13,11.580437373320983,6979.262574778732,35.0,8659.951416070684,3.521585025772092,7.0243789437380215,30.0,"{""3"": 43}","{""apn_mode"": 1, ""capture_mode"": 1, ""kinematics_source"": 1, ""lead_mode"": 1, ""pn_mode"": 3}",4.0,0.4682919295825348,"{""2"": 43}",43,analytic_truth_velocity_apn
beam,30.0,N30,guidance_exact_cv_4km_p30deg,0.11627906976744186,True,N,-6.198307666093718,7.76226752258481,0.056990380389495,46.82982675868522,0.0,1790.7066598386934,1.2862197421537486e-12,1.5086167352911388,691.8094826282996,35.0,2482.516142466993,3.528928667543535,9.933532247855902,30.0,"{""1"": 43}","{""apn_mode"": 0, ""capture_mode"": 1, ""kinematics_source"": 1, ""lead_mode"": 1, ""pn_mode"": 0}",4.0,0.6622354831903935,"{""2"": 43}",43,legacy_truth_velocity_no_apn
beam,-30.0,N30,guidance_exact_cv_6km_m30deg,0.05084745762711865,True,N,-6.519867435167813,-7.9309232973239325,0.000602915482241599,48.09973861366863,5.621463872543709,487.59194007622534,1.205857176192847e-12,1.0130297224350355,424.0751781274914,35.0,915.4927952449883,4.878130522565657,10.266850348753596,30.0,"{""1"": 59}","{""apn_mode"": 1, ""capture_mode"": 1, ""kinematics_source"": 0, ""lead_mode"": 2, ""pn_mode"": 0}",6.0,0.6844566899169064,"{""1"": 59}",59,legacy_full_track_quadratic
beam,-30.0,N30,guidance_exact_cv_6km_m30deg,0.0,True,N,-0.0018016840349271215,-0.0022721884763880584,0.0013615508240807184,46.26755674312365,3.4918429982908905,0.0,3.835655860784681e-14,0.05908741674440787,22.959103889407743,26.11813965639429,26.11813965639429,5.115897489933674,0.003203549044342516,30.0,"{""1"": 62}","{""apn_mode"": 1, ""capture_mode"": 0, ""kinematics_source"": 0, ""lead_mode"": 2, ""pn_mode"": 0}",6.0,0.00021356993628950108,"{""1"": 62}",62,legacy_no_capture
beam,-30.0,N30,guidance_exact_cv_6km_m30deg,0.06451612903225806,False,N,-12.099913167332023,-12.488244586129124,0.00816948258659966,55.227636129398434,6.124999999999999,2702.005955404333,2.031829224633561e-12,0.0,0.0,35.0,2708.130955404333,5.101185081879418,17.388623241660177,30.0,"{""0"": 62}","{""apn_mode"": 1, ""capture_mode"": 1, ""kinematics_source"": 0, ""lead_mode"": 2, ""pn_mode"": 1}",6.0,1.1592415494440118,"{""1"": 62}",62,legacy_no_pn
beam,-30.0,N30,guidance_exact_cv_6km_m30deg,0.05084745762711865,True,N,-6.7776239625163175,-8.093754395003181,0.001128040685893038,48.461193535186766,0.0,317.3431635159211,6.431098710768743e-13,0.7634298072933308,318.25885832836747,35.0,635.6020218442885,4.892047030885708,10.556753670346911,30.0,"{""1"": 59}","{""apn_mode"": 0, ""capture_mode"": 1, ""kinematics_source"": 0, ""lead_mode"": 2, ""pn_mode"": 0}",6.0,0.7037835780231274,"{""1"": 59}",59,legacy_no_apn
beam,-30.0,N30,guidance_exact_cv_6km_m30deg,0.09836065573770492,False,N,-37.603792101812545,-38.825986720727485,0.0224590719019358,56.95322145431207,5.29049308475469,2559.6614151891085,3.279229782005122e-12,2.9916563358803887,757.8985440312913,35.0,3317.5599592204,5.012106536383356,54.05092903627427,30.0,"{""1"": 61}","{""apn_mode"": 1, ""capture_mode"": 1, ""kinematics_source"": 0, ""lead_mode"": 0, ""pn_mode"": 0}",6.0,3.603395269084951,"{""0"": 1, ""1"": 60}",61,legacy_no_lead
beam,-30.0,N30,guidance_exact_cv_6km_m30deg,0.05084745762711865,True,N,-7.259405715759994,-8.603646910822235,0.0013524357465994037,48.73405427808813,0.0,301.0584816298488,1.224444715065716e-12,0.7564366447070374,312.9516084815669,35.0,614.0100901114157,4.895594438671042,11.257073924479398,30.0,"{""1"": 59}","{""apn_mode"": 0, ""capture_mode"": 1, ""kinematics_source"": 0, ""lead_mode"": 1, ""pn_mode"": 0}",6.0,0.7504715949652933,"{""1"": 59}",59,legacy_track_velocity_no_apn
beam,-30.0,N30,guidance_exact_cv_6km_m30deg,0.0,True,N,-0.0018016840349271215,-0.0022721884763880584,0.0013615508240807184,46.26755674312365,3.4918429982908905,0.0,3.835655860784681e-14,0.05908741674440787,22.959103889407743,26.11813965639429,26.11813965639429,5.115897489933674,0.003203549044342516,30.0,"{""1"": 62}","{""apn_mode"": 1, ""capture_mode"": 0, ""kinematics_source"": 0, ""lead_mode"": 0, ""pn_mode"": 0}",6.0,0.00021356993628950108,"{""1"": 62}",62,legacy_no_capture_no_lead
beam,-30.0,N30,guidance_exact_cv_6km_m30deg,0.05084745762711865,True,N,-5.5780376599930905,-6.865380993248106,0.00041749419283459554,47.602733403337275,5.689447989344322,334.15742048231607,1.4550216834971827e-12,0.8735349145184008,550.6586492054878,35.0,888.3199130210701,4.878387350772889,8.845787725977479,30.0,"{""2"": 59}","{""apn_mode"": 1, ""capture_mode"": 1, ""kinematics_source"": 0, ""lead_mode"": 2, ""pn_mode"": 2}",6.0,0.5897191817318319,"{""1"": 59}",59,history_full_track_quadratic
beam,-30.0,N30,guidance_exact_cv_6km_m30deg,0.05084745762711865,True,N,-5.774002628007462,-6.9728435615685145,0.0008768938598233281,47.99644913409176,0.0,214.4466403158887,4.547473508864641e-13,0.6926250928616391,437.13318856249487,35.0,651.5798288783835,4.88976194136048,9.053157153793684,30.0,"{""2"": 59}","{""apn_mode"": 0, ""capture_mode"": 1, ""kinematics_source"": 0, ""lead_mode"": 2, ""pn_mode"": 2}",6.0,0.6035438102529123,"{""1"": 59}",59,history_track_quadratic_no_apn
beam,-30.0,N30,guidance_exact_cv_6km_m30deg,0.05084745762711865,True,N,-6.162520233598323,-7.386253118187718,0.0010496632964966364,48.27211318618711,0.0,203.24507151496854,2.2737367544323206e-13,0.6937478737195459,436.5955160531103,35.0,639.8405875680788,4.8925061581190645,9.619427834192342,30.0,"{""2"": 59}","{""apn_mode"": 0, ""capture_mode"": 1, ""kinematics_source"": 0, ""lead_mode"": 1, ""pn_mode"": 2}",6.0,0.6412951889461561,"{""1"": 59}",59,history_track_velocity_no_apn
beam,-30.0,N30,guidance_exact_cv_6km_m30deg,0.06666666666666667,True,N,-6.156859504488499,-7.395882225104325,0.0009895746677557658,49.439274928935106,0.0,177.94673299081657,2.2737367544323206e-13,0.3767741546449914,235.689470274794,35.0,316.0897033273919,4.916203286352005,9.623200809755545,30.0,"{""0"": 1, ""3"": 59}","{""apn_mode"": 0, ""capture_mode"": 1, ""kinematics_source"": 0, ""lead_mode"": 2, ""pn_mode"": 3}",6.0,0.6415467206503697,"{""0"": 1, ""1"": 59}",60,analytic_track_quadratic_no_apn
beam,-30.0,N30,guidance_exact_cv_6km_m30deg,0.06666666666666667,True,N,-6.582492381460268,-7.796617583533705,0.0013710635265997296,49.7067016310881,0.0,137.74087499648252,2.2737367544323206e-13,0.38926124438736764,243.01329507942947,35.0,322.33778055445094,4.918010812805097,10.203747036048387,30.0,"{""0"": 1, ""3"": 59}","{""apn_mode"": 0, ""capture_mode"": 1, ""kinematics_source"": 0, ""lead_mode"": 1, ""pn_mode"": 3}",6.0,0.6802498024032259,"{""0"": 1, ""1"": 59}",60,analytic_track_velocity_no_apn
beam,-30.0,N30,guidance_exact_cv_6km_m30deg,0.05084745762711865,True,N,-4.5663117001480735,-5.488040624053907,0.0010754049754263207,48.56085736739116,0.0,771.7832144011782,3.637978807091713e-12,5.097748531646939,2906.925020269335,35.0,3678.7082346705133,4.868297612922099,7.139313243629965,30.0,"{""3"": 59}","{""apn_mode"": 0, ""capture_mode"": 1, ""kinematics_source"": 1, ""lead_mode"": 1, ""pn_mode"": 3}",6.0,0.47595421624199763,"{""2"": 59}",59,analytic_truth_velocity_no_apn
beam,-30.0,N30,guidance_exact_cv_6km_m30deg,0.05084745762711865,True,N,-4.5663117001480735,-5.488040624053907,0.0010754049754263207,48.56085736739116,0.0,771.7832144011782,3.637978807091713e-12,5.097748531646939,2906.925020269335,35.0,3678.7082346705133,4.868297612922099,7.139313243629965,30.0,"{""3"": 59}","{""apn_mode"": 0, ""capture_mode"": 1, ""kinematics_source"": 1, ""lead_mode"": 2, ""pn_mode"": 3}",6.0,0.47595421624199763,"{""2"": 59}",59,analytic_truth_quadratic_no_apn
beam,-30.0,N30,guidance_exact_cv_6km_m30deg,0.05084745762711865,True,N,-4.5663117001480735,-5.488040624053907,0.0010754049754263207,48.56085736739116,0.0,771.7832144011782,3.637978807091713e-12,5.097748531646939,2906.925020269335,35.0,3678.7082346705133,4.868297612922099,7.139313243629965,30.0,"{""3"": 59}","{""apn_mode"": 1, ""capture_mode"": 1, ""kinematics_source"": 1, ""lead_mode"": 1, ""pn_mode"": 3}",6.0,0.47595421624199763,"{""2"": 59}",59,analytic_truth_velocity_apn
beam,-30.0,N30,guidance_exact_cv_6km_m30deg,0.05084745762711865,True,N,-6.727165103082573,-7.957705851095453,0.0014089160969733847,48.83944171558234,0.0,558.1796311933572,1.2862197421537486e-12,0.7370278824632935,303.24699786663626,35.0,861.4266290599934,4.893673467446235,10.420164812599639,30.0,"{""1"": 59}","{""apn_mode"": 0, ""capture_mode"": 1, ""kinematics_source"": 1, ""lead_mode"": 1, ""pn_mode"": 0}",6.0,0.6946776541733093,"{""2"": 59}",59,legacy_truth_velocity_no_apn
beam,30.0,N30,guidance_exact_cv_6km_p30deg,0.05084745762711865,True,N,-6.512862462787104,7.9365030661399505,0.0590108626343873,48.099738613668606,5.621463872543709,487.5919400762935,2.733512482915237e-13,1.01302972243511,424.0751781275226,35.0,915.4927952450879,4.878130547747063,10.266885635865135,30.0,"{""1"": 59}","{""apn_mode"": 1, ""capture_mode"": 1, ""kinematics_source"": 0, ""lead_mode"": 2, ""pn_mode"": 0}",6.0,0.684459042391009,"{""1"": 59}",59,legacy_full_track_quadratic
beam,30.0,N30,guidance_exact_cv_6km_p30deg,0.0,True,N,-0.0018210802613068153,0.00229059329327257,0.001378439841174052,46.267556743123706,3.4918429982908905,0.0,4.7796874181478123e-14,0.05908741674440787,22.959103889407746,26.118139656394288,26.118139656394288,5.115897510357031,0.0032346943207508002,30.0,"{""1"": 62}","{""apn_mode"": 1, ""capture_mode"": 0, ""kinematics_source"": 0, ""lead_mode"": 2, ""pn_mode"": 0}",6.0,0.00021564628805005335,"{""1"": 62}",62,legacy_no_capture
beam,30.0,N30,guidance_exact_cv_6km_p30deg,0.06451612903225806,False,N,-12.088868766034274,12.498581483589406,0.1001458629018183,55.2276361293984,6.124999999999998,2702.005955403985,1.6335221416048675e-12,0.0,0.0,35.0,2708.130955403985,5.101185111507059,17.388654816810334,30.0,"{""0"": 62}","{""apn_mode"": 1, ""capture_mode"": 1, ""kinematics_source"": 0, ""lead_mode"": 2, ""pn_mode"": 1}",6.0,1.1592436544540223,"{""1"": 62}",62,legacy_no_pn
beam,30.0,N30,guidance_exact_cv_6km_p30deg,0.05084745762711865,True,N,-6.770474640400549,8.099553609500074,0.060735555503596765,48.461193535186766,0.0,317.34316351587114,1.6077746776921858e-13,0.7634298072933456,318.25885832837406,35.0,635.6020218442452,4.892047056443172,10.556788542789816,30.0,"{""1"": 59}","{""apn_mode"": 0, ""capture_mode"": 1, ""kinematics_source"": 0, ""lead_mode"": 2, ""pn_mode"": 0}",6.0,0.7037859028526544,"{""1"": 59}",59,legacy_no_apn
beam,30.0,N30,guidance_exact_cv_6km_p30deg,0.09836065573770492,False,N,-37.569408825799684,38.85808468267141,0.30841353046012515,56.95322145431204,5.290493084754691,2559.6614151892118,9.094947017729282e-13,2.99165633588047,757.8985440313098,35.0,3317.5599592205217,5.012106568925893,54.05096061710222,30.0,"{""1"": 61}","{""apn_mode"": 1, ""capture_mode"": 1, ""kinematics_source"": 0, ""lead_mode"": 0, ""pn_mode"": 0}",6.0,3.6033973744734813,"{""0"": 1, ""1"": 60}",61,legacy_no_lead
beam,30.0,N30,guidance_exact_cv_6km_p30deg,0.05084745762711865,True,N,-7.251804573466851,8.609856996967014,0.06471528228007825,48.73405427808813,0.0,301.05848162984756,8.198074455012805e-13,0.7564366447070374,312.9516084815669,35.0,614.0100901114145,4.895594464376526,11.257108649548204,30.0,"{""1"": 59}","{""apn_mode"": 0, ""capture_mode"": 1, ""kinematics_source"": 0, ""lead_mode"": 1, ""pn_mode"": 0}",6.0,0.7504739099698803,"{""1"": 59}",59,legacy_track_velocity_no_apn
beam,30.0,N30,guidance_exact_cv_6km_p30deg,0.0,True,N,-0.0018210802613068153,0.00229059329327257,0.001378439841174052,46.267556743123706,3.4918429982908905,0.0,4.7796874181478123e-14,0.05908741674440787,22.959103889407746,26.118139656394288,26.118139656394288,5.115897510357031,0.0032346943207508002,30.0,"{""1"": 62}","{""apn_mode"": 1, ""capture_mode"": 0, ""kinematics_source"": 0, ""lead_mode"": 0, ""pn_mode"": 0}",6.0,0.00021564628805005335,"{""1"": 62}",62,legacy_no_capture_no_lead
beam,30.0,N30,guidance_exact_cv_6km_p30deg,0.05084745762711865,True,N,-5.571976803886308,6.870157451657264,0.05097798143133241,47.602733403337275,5.689447989344322,334.15742048231607,1.4550216834971827e-12,0.8735349145184008,550.6586492054878,35.0,888.3199130210701,4.878387375492128,8.845823176403846,30.0,"{""2"": 59}","{""apn_mode"": 1, ""capture_mode"": 1, ""kinematics_source"": 0, ""lead_mode"": 2, ""pn_mode"": 2}",6.0,0.5897215450935896,"{""1"": 59}",59,history_full_track_quadratic
beam,30.0,N30,guidance_exact_cv_6km_p30deg,0.05084745762711865,True,N,-5.767846513906182,6.977786749437547,0.052229132674121145,47.99644913409176,0.0,214.4466403158887,4.547473508864641e-13,0.6926250928616391,437.13318856249487,35.0,651.5798288783835,4.889761966513098,9.053192211087696,30.0,"{""2"": 59}","{""apn_mode"": 0, ""capture_mode"": 1, ""kinematics_source"": 0, ""lead_mode"": 2, ""pn_mode"": 2}",6.0,0.6035461474058464,"{""1"": 59}",59,history_track_quadratic_no_apn
beam,30.0,N30,guidance_exact_cv_6km_p30deg,0.05084745762711865,True,N,-6.155997802613258,7.391527609754607,0.055446635206166384,48.27211318618711,0.0,203.24507151496854,2.2737367544323206e-13,0.6937478737195459,436.5955160531103,35.0,639.8405875680788,4.89250618343705,9.61946275427585,30.0,"{""2"": 59}","{""apn_mode"": 0, ""capture_mode"": 1, ""kinematics_source"": 0, ""lead_mode"": 1, ""pn_mode"": 2}",6.0,0.6412975169517233,"{""1"": 59}",59,history_track_velocity_no_apn
beam,30.0,N30,guidance_exact_cv_6km_p30deg,0.06666666666666667,True,N,-6.150328369724777,7.4011517347308144,0.0554574171997645,49.439274928935106,0.0,177.94673299081657,2.2737367544323206e-13,0.3767741546449914,235.689470274794,35.0,316.0897033273919,4.916203311241422,9.623235504812255,30.0,"{""0"": 1, ""3"": 59}","{""apn_mode"": 0, ""capture_mode"": 1, ""kinematics_source"": 0, ""lead_mode"": 2, ""pn_mode"": 3}",6.0,0.6415490336541504,"{""0"": 1, ""1"": 59}",60,analytic_track_quadratic_no_apn
beam,30.0,N30,guidance_exact_cv_6km_p30deg,0.06666666666666667,True,N,-6.575606169551425,7.8022499514823735,0.058790448684532835,49.70670163108827,0.0,137.74087499598838,1.1368683772161603e-13,0.38926124438737475,243.01329507943333,35.0,322.3377805544569,4.918010838211244,10.203781510758825,30.0,"{""0"": 1, ""3"": 59}","{""apn_mode"": 0, ""capture_mode"": 1, ""kinematics_source"": 0, ""lead_mode"": 1, ""pn_mode"": 3}",6.0,0.680252100717255,"{""0"": 1, ""1"": 59}",60,analytic_track_velocity_no_apn
beam,30.0,N30,guidance_exact_cv_6km_p30deg,0.05084745762711865,True,N,-4.561471393900575,5.4919535304564,0.04149275997126245,48.56085736739116,0.0,771.7832144011782,3.637978807091713e-12,5.097748531646939,2906.925020269335,35.0,3678.7082346705133,4.868297638493314,7.139348465174964,30.0,"{""3"": 59}","{""apn_mode"": 0, ""capture_mode"": 1, ""kinematics_source"": 1, ""lead_mode"": 1, ""pn_mode"": 3}",6.0,0.4759565643449976,"{""2"": 59}",59,analytic_truth_velocity_no_apn
beam,30.0,N30,guidance_exact_cv_6km_p30deg,0.05084745762711865,True,N,-4.561471393900575,5.4919535304564,0.04149275997126245,48.56085736739116,0.0,771.7832144011782,3.637978807091713e-12,5.097748531646939,2906.925020269335,35.0,3678.7082346705133,4.868297638493314,7.139348465174964,30.0,"{""3"": 59}","{""apn_mode"": 0, ""capture_mode"": 1, ""kinematics_source"": 1, ""lead_mode"": 2, ""pn_mode"": 3}",6.0,0.4759565643449976,"{""2"": 59}",59,analytic_truth_quadratic_no_apn
beam,30.0,N30,guidance_exact_cv_6km_p30deg,0.05084745762711865,True,N,-4.561471393900575,5.4919535304564,0.04149275997126245,48.56085736739116,0.0,771.7832144011782,3.637978807091713e-12,5.097748531646939,2906.925020269335,35.0,3678.7082346705133,4.868297638493314,7.139348465174964,30.0,"{""3"": 59}","{""apn_mode"": 1, ""capture_mode"": 1, ""kinematics_source"": 1, ""lead_mode"": 1, ""pn_mode"": 3}",6.0,0.4759565643449976,"{""2"": 59}",59,analytic_truth_velocity_apn
beam,30.0,N30,guidance_exact_cv_6km_p30deg,0.05084745762711865,True,N,-6.720136331971066,7.963461821411647,0.060014684977319,48.839441715582275,0.0,558.1796311933132,4.547473508864641e-13,0.7370278824632638,303.24699786662535,35.0,861.4266290599385,4.893673493297046,10.420199530900454,30.0,"{""1"": 59}","{""apn_mode"": 0, ""capture_mode"": 1, ""kinematics_source"": 1, ""lead_mode"": 1, ""pn_mode"": 0}",6.0,0.694679968726697,"{""2"": 59}",59,legacy_truth_velocity_no_apn
beam,-30.0,N30,guidance_exact_cv_8km_m30deg,0.05194805194805195,True,N,-7.224355020692579,-8.246565527572555,0.0025158811773758425,51.77133609654043,4.117420543220342,116.5053548602766,4.547473508864641e-12,2.485872694638288,869.368799541847,35.0,782.4267342313051,6.338873070408751,10.963446301013404,30.0,"{""1"": 77}","{""apn_mode"": 1, ""capture_mode"": 1, ""kinematics_source"": 0, ""lead_mode"": 2, ""pn_mode"": 0}",8.0,0.7308964200675603,"{""0"": 1, ""1"": 76}",77,legacy_full_track_quadratic
beam,-30.0,N30,guidance_exact_cv_8km_m30deg,0.0,True,N,-0.002589083452961879,-0.0031451723703143754,0.0013617717579022138,49.184765869238454,2.6870904319784366,0.0,4.773081074398676e-14,0.0481374619646575,21.463153164268096,23.494882595307626,23.494882595307626,6.9947907972418255,0.004295332895615098,30.0,"{""1"": 85}","{""apn_mode"": 1, ""capture_mode"": 0, ""kinematics_source"": 0, ""lead_mode"": 2, ""pn_mode"": 0}",8.0,0.0002863555263743399,"{""0"": 1, ""1"": 84}",85,legacy_no_capture
tail,-30.0,N30,guidance_exact_cv_8km_m30deg,0.056179775280898875,False,N,-15.913992510277758,-13.263829717581068,0.02195710041326822,66.46034204138617,3.2452052924372383,525.2350140260539,3.4437507611223266e-13,0.0,0.0,35.0,528.4802193184912,7.339244938547907,20.71677625762355,30.0,"{""0"": 89}","{""apn_mode"": 1, ""capture_mode"": 1, ""kinematics_source"": 0, ""lead_mode"": 2, ""pn_mode"": 1}",8.0,1.3811184171749034,"{""0"": 1, ""1"": 88}",89,legacy_no_pn
beam,-30.0,N30,guidance_exact_cv_8km_m30deg,0.03896103896103896,True,N,-7.481983765176752,-8.411316223945235,0.0030333448868888257,51.939856516474876,0.0,1158.3041977928622,3.749942721349417e-12,2.2086959610469314,769.8427842465967,35.0,1928.1469820394589,6.358835581800026,11.257456679141702,30.0,"{""1"": 77}","{""apn_mode"": 0, ""capture_mode"": 1, ""kinematics_source"": 0, ""lead_mode"": 2, ""pn_mode"": 0}",8.0,0.7504971119427801,"{""1"": 77}",77,legacy_no_apn
tail,-30.0,N30,guidance_exact_cv_8km_m30deg,0.07692307692307693,False,N,-42.702802176907745,-40.656808324973305,0.03797058290337818,59.82723235322619,3.9719742077875577,1551.0753438243034,9.372837071042501e-13,2.588300487271523,571.3236002562761,35.0,2122.3989440805794,6.4631523039006264,58.96190989697419,30.0,"{""1"": 78}","{""apn_mode"": 1, ""capture_mode"": 1, ""kinematics_source"": 0, ""lead_mode"": 0, ""pn_mode"": 0}",8.0,3.930793993131613,"{""0"": 1, ""1"": 77}",78,legacy_no_lead
beam,-30.0,N30,guidance_exact_cv_8km_m30deg,0.05194805194805195,True,N,-7.920918262702915,-8.865161565812139,0.0032772685466833954,52.105814890036804,0.0,1366.6866860956945,1.8189894035458565e-12,2.62743882759801,907.1861767213203,35.0,2273.8728628170147,6.355824080612227,11.888315543123126,30.0,"{""1"": 77}","{""apn_mode"": 0, ""capture_mode"": 1, ""kinematics_source"": 0, ""lead_mode"": 1, ""pn_mode"": 0}",8.0,0.7925543695415417,"{""1"": 77}",77,legacy_track_velocity_no_apn
beam,-30.0,N30,guidance_exact_cv_8km_m30deg,0.0,True,N,-0.002589083452961879,-0.0031451723703143754,0.0013617717579022138,49.184765869238454,2.6870904319784366,0.0,4.773081074398676e-14,0.0481374619646575,21.463153164268096,23.494882595307626,23.494882595307626,6.9947907972418255,0.004295332895615098,30.0,"{""1"": 85}","{""apn_mode"": 1, ""capture_mode"": 0, ""kinematics_source"": 0, ""lead_mode"": 0, ""pn_mode"": 0}",8.0,0.0002863555263743399,"{""0"": 1, ""1"": 84}",85,legacy_no_capture_no_lead
beam,-30.0,N30,guidance_exact_cv_8km_m30deg,0.05194805194805195,True,N,-6.050141821209859,-7.006314926165547,0.0019596539460845965,51.16843578180679,4.153281376789102,68.88350556205025,1.2695670921804689e-13,2.7489557898911197,1556.2703941369887,35.0,1490.2217945102761,6.333970890948834,9.257033474154039,30.0,"{""2"": 77}","{""apn_mode"": 1, ""capture_mode"": 1, ""kinematics_source"": 0, ""lead_mode"": 2, ""pn_mode"": 2}",8.0,0.6171355649436026,"{""0"": 1, ""1"": 76}",77,history_full_track_quadratic
beam,-30.0,N30,guidance_exact_cv_8km_m30deg,0.03896103896103896,True,N,-6.243230675322518,-7.1202257953833135,0.0023827207767404745,51.344142512675134,0.0,1224.6230426646691,1.8189894035458565e-12,2.562460996192702,1449.6943254481782,35.0,2674.3173681128474,6.3523129672212715,9.46971754171588,30.0,"{""2"": 77}","{""apn_mode"": 0, ""capture_mode"": 1, ""kinematics_source"": 0, ""lead_mode"": 2, ""pn_mode"": 2}",8.0,0.6313145027810587,"{""1"": 77}",77,history_track_quadratic_no_apn
beam,-30.0,N30,guidance_exact_cv_8km_m30deg,0.03896103896103896,True,N,-6.5727500431251675,-7.507819601811897,0.0023931833439168413,51.568906186894694,0.0,1861.919476678781,1.8189894035458565e-12,3.9695043336607636,2206.605052381769,35.0,4068.5245290605494,6.345666706937783,9.978396866735372,30.0,"{""2"": 77}","{""apn_mode"": 0, ""capture_mode"": 1, ""kinematics_source"": 0, ""lead_mode"": 1, ""pn_mode"": 2}",8.0,0.6652264577823581,"{""1"": 77}",77,history_track_velocity_no_apn
beam,-30.0,N30,guidance_exact_cv_8km_m30deg,0.03896103896103896,True,N,-6.651002778101008,-7.51799562997467,0.0026971810852014205,50.94809103709988,0.0,343.13383611942197,4.547473508864641e-13,0.6595225879242512,376.08250621629014,35.0,719.2163423357122,6.383608341504472,10.037733983395738,30.0,"{""3"": 77}","{""apn_mode"": 0, ""capture_mode"": 1, ""kinematics_source"": 0, ""lead_mode"": 2, ""pn_mode"": 3}",8.0,0.6691822655597158,"{""1"": 77}",77,analytic_track_quadratic_no_apn
beam,-30.0,N30,guidance_exact_cv_8km_m30deg,0.03896103896103896,True,N,-6.995683363842446,-7.925940023274586,0.0026988536844033285,50.8056117809591,0.0,187.4189017427237,1.6077746776921858e-13,0.5390057602951452,308.96748091198106,35.0,496.38638265470473,6.39985764664464,10.571665822541807,30.0,"{""3"": 77}","{""apn_mode"": 0, ""capture_mode"": 1, ""kinematics_source"": 0, ""lead_mode"": 1, ""pn_mode"": 3}",8.0,0.7047777215027871,"{""1"": 77}",77,analytic_track_velocity_no_apn
beam,-30.0,N30,guidance_exact_cv_8km_m30deg,0.039473684210526314,True,N,-4.841622239273157,-5.573052642949207,0.001964569639200054,50.24091294926719,0.0,174.95262998816898,9.094947017729282e-13,1.8499199146184953,1016.4833739539157,35.0,1191.4360039420847,6.312893728561426,7.382426804814425,30.0,"{""3"": 76}","{""apn_mode"": 0, ""capture_mode"": 1, ""kinematics_source"": 1, ""lead_mode"": 1, ""pn_mode"": 3}",8.0,0.4921617869876283,"{""2"": 76}",76,analytic_truth_velocity_no_apn
beam,-30.0,N30,guidance_exact_cv_8km_m30deg,0.039473684210526314,True,N,-4.841622239273157,-5.573052642949207,0.001964569639200054,50.24091294926719,0.0,174.95262998816898,9.094947017729282e-13,1.8499199146184953,1016.4833739539157,35.0,1191.4360039420847,6.312893728561426,7.382426804814425,30.0,"{""3"": 76}","{""apn_mode"": 0, ""capture_mode"": 1, ""kinematics_source"": 1, ""lead_mode"": 2, ""pn_mode"": 3}",8.0,0.4921617869876283,"{""2"": 76}",76,analytic_truth_quadratic_no_apn
beam,-30.0,N30,guidance_exact_cv_8km_m30deg,0.039473684210526314,True,N,-4.841622239273157,-5.573052642949207,0.001964569639200054,50.24091294926719,0.0,174.95262998816898,9.094947017729282e-13,1.8499199146184953,1016.4833739539157,35.0,1191.4360039420847,6.312893728561426,7.382426804814425,30.0,"{""3"": 76}","{""apn_mode"": 1, ""capture_mode"": 1, ""kinematics_source"": 1, ""lead_mode"": 1, ""pn_mode"": 3}",8.0,0.4921617869876283,"{""2"": 76}",76,analytic_truth_velocity_apn
beam,-30.0,N30,guidance_exact_cv_8km_m30deg,0.05194805194805195,True,N,-7.346478669962279,-8.205200093618918,0.00320114421786604,52.219830385281995,0.0,2959.1649179748515,4.067383956680332e-12,2.748046999161658,943.1279666052963,35.0,3902.2928845801475,6.353601205341662,11.013449399341228,30.0,"{""1"": 77}","{""apn_mode"": 0, ""capture_mode"": 1, ""kinematics_source"": 1, ""lead_mode"": 1, ""pn_mode"": 0}",8.0,0.7342299599560819,"{""2"": 77}",77,legacy_truth_velocity_no_apn
beam,30.0,N30,guidance_exact_cv_8km_p30deg,0.05194805194805195,True,N,-7.217069435801865,8.25274428492755,0.06324979314712949,51.77133609654043,4.117420543220342,116.5053548602766,2.5724394843074972e-12,2.485872694638288,869.3687995418472,35.0,782.4267342313053,6.338873097465014,10.963479375176643,30.0,"{""1"": 77}","{""apn_mode"": 1, ""capture_mode"": 1, ""kinematics_source"": 0, ""lead_mode"": 2, ""pn_mode"": 0}",8.0,0.7308986250117762,"{""0"": 1, ""1"": 76}",77,legacy_full_track_quadratic
beam,30.0,N30,guidance_exact_cv_8km_p30deg,0.0,True,N,-0.002607870886809782,0.003163501485240624,0.0013850881080957876,49.184765869238454,2.6870904319784366,0.0,4.0428928073875014e-14,0.0481374619646575,21.463153164268096,23.494882595307626,23.494882595307626,6.994790821956466,0.004327493648715496,30.0,"{""1"": 85}","{""apn_mode"": 1, ""capture_mode"": 0, ""kinematics_source"": 0, ""lead_mode"": 2, ""pn_mode"": 0}",8.0,0.0002884995765810331,"{""0"": 1, ""1"": 84}",85,legacy_no_capture
tail,30.0,N30,guidance_exact_cv_8km_p30deg,0.056179775280898875,False,N,-15.902259298379889,13.277417560654978,0.11965529673369694,66.46034204138617,3.2452052924372383,525.2350140260539,3.4437507611223266e-13,0.0,0.0,35.0,528.4802193184912,7.339244979873188,20.71680441725856,30.0,"{""0"": 89}","{""apn_mode"": 1, ""capture_mode"": 1, ""kinematics_source"": 0, ""lead_mode"": 2, ""pn_mode"": 1}",8.0,1.381120294483904,"{""0"": 1, ""1"": 88}",89,legacy_no_pn
beam,30.0,N30,guidance_exact_cv_8km_p30deg,0.03896103896103896,True,N,-7.4745521919843085,8.41771451146543,0.064980956908438,51.939856516475416,0.0,1158.304197792355,3.279229782005122e-12,2.2086959610460832,769.8427842462861,35.0,1928.1469820386408,6.35883560914555,11.257489533283731,30.0,"{""1"": 77}","{""apn_mode"": 0, ""capture_mode"": 1, ""kinematics_source"": 0, ""lead_mode"": 2, ""pn_mode"": 0}",8.0,0.7504993022189155,"{""1"": 77}",77,legacy_no_apn
tail,30.0,N30,guidance_exact_cv_8km_p30deg,0.07692307692307693,False,N,-42.66679505222224,40.69325671959363,0.33741956549608854,59.82723235322619,3.9719742077875577,1551.0753438243023,2.033691978340166e-12,2.588300487271523,571.3236002562761,35.0,2122.398944080578,6.463152340040839,58.96194021941858,30.0,"{""1"": 78}","{""apn_mode"": 1, ""capture_mode"": 1, ""kinematics_source"": 0, ""lead_mode"": 0, ""pn_mode"": 0}",8.0,3.9307960146279055,"{""0"": 1, ""1"": 77}",78,legacy_no_lead
beam,30.0,N30,guidance_exact_cv_8km_p30deg,0.05194805194805195,True,N,-7.913084528376275,8.871934277562811,0.06856746043652134,52.10581489003664,0.0,1366.68668609563,2.033691978340166e-12,2.6274388275978238,907.1861767212661,35.0,2273.872862816896,6.35582410806465,11.88834833251694,30.0,"{""1"": 77}","{""apn_mode"": 0, ""capture_mode"": 1, ""kinematics_source"": 0, ""lead_mode"": 1, ""pn_mode"": 0}",8.0,0.7925565555011294,"{""1"": 77}",77,legacy_track_velocity_no_apn
beam,30.0,N30,guidance_exact_cv_8km_p30deg,0.0,True,N,-0.002607870886809782,0.003163501485240624,0.0013850881080957876,49.184765869238454,2.6870904319784366,0.0,4.0428928073875014e-14,0.0481374619646575,21.463153164268096,23.494882595307626,23.494882595307626,6.994790821956466,0.004327493648715496,30.0,"{""1"": 85}","{""apn_mode"": 1, ""capture_mode"": 0, ""kinematics_source"": 0, ""lead_mode"": 0, ""pn_mode"": 0}",8.0,0.0002884995765810331,"{""0"": 1, ""1"": 84}",85,legacy_no_capture_no_lead
beam,30.0,N30,guidance_exact_cv_8km_p30deg,0.05194805194805195,True,N,-6.043955223692458,7.0114921059714455,0.05355917542365211,51.16843578180675,4.153281376789319,68.88350556206703,6.574920349792189e-14,2.748955789891317,1556.2703941371017,35.0,1490.22179451054,6.333970917517517,9.25706675374938,30.0,"{""2"": 77}","{""apn_mode"": 1, ""capture_mode"": 1, ""kinematics_source"": 0, ""lead_mode"": 2, ""pn_mode"": 2}",8.0,0.617137783583292,"{""0"": 1, ""1"": 76}",77,history_full_track_quadratic
beam,30.0,N30,guidance_exact_cv_8km_p30deg,0.03896103896103896,True,N,-6.236943151433978,7.12556743127525,0.05482145766998335,51.344142512675134,0.0,1224.6230426646691,1.8189894035458565e-12,2.562460996192702,1449.6943254481782,35.0,2674.3173681128474,6.35231299408556,9.469750603056351,30.0,"{""2"": 77}","{""apn_mode"": 0, ""capture_mode"": 1, ""kinematics_source"": 0, ""lead_mode"": 2, ""pn_mode"": 2}",8.0,0.6313167068704234,"{""1"": 77}",77,history_track_quadratic_no_apn
beam,30.0,N30,guidance_exact_cv_8km_p30deg,0.03896103896103896,True,N,-6.566119067887146,7.5134424162868605,0.05768641414014196,51.568906186894694,0.0,1861.919476678781,1.8189894035458565e-12,3.9695043336607636,2206.605052381769,35.0,4068.5245290605494,6.345666733594579,9.978429950593814,30.0,"{""2"": 77}","{""apn_mode"": 0, ""capture_mode"": 1, ""kinematics_source"": 0, ""lead_mode"": 1, ""pn_mode"": 2}",8.0,0.6652286633729209,"{""1"": 77}",77,history_track_velocity_no_apn
beam,30.0,N30,guidance_exact_cv_8km_p30deg,0.03896103896103896,True,N,-6.644362788884094,7.523685014006602,0.05806557279632067,50.94809103709988,0.0,343.13383611942197,4.547473508864641e-13,0.6595225879242512,376.08250621629014,35.0,719.2163423357122,6.38360836854837,10.037766916552632,30.0,"{""3"": 77}","{""apn_mode"": 0, ""capture_mode"": 1, ""kinematics_source"": 0, ""lead_mode"": 2, ""pn_mode"": 3}",8.0,0.6691844611035088,"{""1"": 77}",77,analytic_track_quadratic_no_apn
beam,30.0,N30,guidance_exact_cv_8km_p30deg,0.03896103896103896,True,N,-6.988681889710862,7.931923536741318,0.061071607632941234,50.8056117809591,0.0,187.4189017427237,1.6077746776921858e-13,0.5390057602951452,308.96748091198106,35.0,496.38638265470473,6.399857673495214,10.57169878919844,30.0,"{""3"": 77}","{""apn_mode"": 0, ""capture_mode"": 1, ""kinematics_source"": 0, ""lead_mode"": 1, ""pn_mode"": 3}",8.0,0.7047799192798959,"{""1"": 77}",77,analytic_track_velocity_no_apn
beam,30.0,N30,guidance_exact_cv_8km_p30deg,0.039473684210526314,True,N,-4.83670567045899,5.577198592627728,0.043008643077455846,50.24091294926719,0.0,174.95262998816898,9.094947017729282e-13,1.8499199146184953,1016.4833739539157,35.0,1191.4360039420847,6.312893755085645,7.382459998377251,30.0,"{""3"": 76}","{""apn_mode"": 0, ""capture_mode"": 1, ""kinematics_source"": 1, ""lead_mode"": 1, ""pn_mode"": 3}",8.0,0.49216399989181675,"{""2"": 76}",76,analytic_truth_velocity_no_apn
beam,30.0,N30,guidance_exact_cv_8km_p30deg,0.039473684210526314,True,N,-4.83670567045899,5.577198592627728,0.043008643077455846,50.24091294926719,0.0,174.95262998816898,9.094947017729282e-13,1.8499199146184953,1016.4833739539157,35.0,1191.4360039420847,6.312893755085645,7.382459998377251,30.0,"{""3"": 76}","{""apn_mode"": 0, ""capture_mode"": 1, ""kinematics_source"": 1, ""lead_mode"": 2, ""pn_mode"": 3}",8.0,0.49216399989181675,"{""2"": 76}",76,analytic_truth_quadratic_no_apn
beam,30.0,N30,guidance_exact_cv_8km_p30deg,0.039473684210526314,True,N,-4.83670567045899,5.577198592627728,0.043008643077455846,50.24091294926719,0.0,174.95262998816898,9.094947017729282e-13,1.8499199146184953,1016.4833739539157,35.0,1191.4360039420847,6.312893755085645,7.382459998377251,30.0,"{""3"": 76}","{""apn_mode"": 1, ""capture_mode"": 1, ""kinematics_source"": 1, ""lead_mode"": 1, ""pn_mode"": 3}",8.0,0.49216399989181675,"{""2"": 76}",76,analytic_truth_velocity_apn
beam,30.0,N30,guidance_exact_cv_8km_p30deg,0.05194805194805195,True,N,-7.339229737569147,8.211482644626843,0.06363090689434961,52.21983038528193,0.0,2959.1649179746205,1.8189894035458565e-12,2.7480469991615686,943.1279666052701,35.0,3902.2928845798906,6.353601232926162,11.01348215852462,30.0,"{""1"": 77}","{""apn_mode"": 0, ""capture_mode"": 1, ""kinematics_source"": 1, ""lead_mode"": 1, ""pn_mode"": 0}",8.0,0.7342321439016414,"{""2"": 77}",77,legacy_truth_velocity_no_apn
tail,-45.0,M45,guidance_exact_cv_4km_m45deg,0.46938775510204084,False,M,-19.440382030931286,-11.20463281328273,0.04491359095153234,73.97552527650025,6.124999999999999,398.8993252717558,3.410605131648481e-13,1.7887615765359588,245.92436397762532,35.0,439.99495935522975,4.039013166229996,22.438232265927198,45.0,"{""1"": 49}","{""apn_mode"": 1, ""capture_mode"": 1, ""kinematics_source"": 0, ""lead_mode"": 2, ""pn_mode"": 0}",4.0,1.4958821510618132,"{""0"": 1, ""1"": 48}",49,legacy_full_track_quadratic
tail,-45.0,M45,guidance_exact_cv_4km_m45deg,0.2830188679245283,False,M,-26.297092979258284,-10.250105946651388,0.07835128838740504,85.20026113820603,5.844007765831839,0.0,5.613287612504791e-13,1.4549251759262012,58.22372905587295,35.0,58.22372905587295,4.388835258380268,28.22424330255316,45.0,"{""1"": 53}","{""apn_mode"": 1, ""capture_mode"": 0, ""kinematics_source"": 0, ""lead_mode"": 2, ""pn_mode"": 0}",4.0,1.8816162201702107,"{""0"": 1, ""1"": 52}",53,legacy_no_capture
tail,-45.0,M45,guidance_exact_cv_4km_m45deg,0.44,False,M,-25.258347487427603,-13.304091965920072,0.06256708615714104,77.49359865725664,6.124999999999999,1281.4082176048978,3.1368671293768267e-13,0.0,0.0,35.0,1286.237938519975,4.152445255860544,28.547975330548052,45.0,"{""0"": 50}","{""apn_mode"": 1, ""capture_mode"": 1, ""kinematics_source"": 0, ""lead_mode"": 2, ""pn_mode"": 1}",4.0,1.9031983553698701,"{""1"": 50}",50,legacy_no_pn
tail,-45.0,M45,guidance_exact_cv_4km_m45deg,0.46938775510204084,False,M,-19.435856214447337,-11.237331567533515,0.044773179036050145,74.18086938307687,0.0,432.59450637206857,1.224444715065716e-12,1.755836820913241,251.4070224906051,35.0,563.6234034682697,4.0230347707897245,22.45065994987503,45.0,"{""1"": 49}","{""apn_mode"": 0, ""capture_mode"": 1, ""kinematics_source"": 0, ""lead_mode"": 2, ""pn_mode"": 0}",4.0,1.4967106633250018,"{""0"": 1, ""1"": 48}",49,legacy_no_apn
tail,-45.0,M45,guidance_exact_cv_4km_m45deg,0.46,False,M,-90.32647053200813,-43.76273302745562,0.2342801015593072,82.74598327852836,6.124999999999999,1730.0944737750528,1.639614891002561e-12,1.1811239146160817,119.42592022472941,35.0,1799.5967863641638,4.090712978084664,100.36983096512645,45.0,"{""1"": 50}","{""apn_mode"": 1, ""capture_mode"": 1, ""kinematics_source"": 0, ""lead_mode"": 0, ""pn_mode"": 0}",4.0,6.6913220643417635,"{""0"": 3, ""1"": 47}",50,legacy_no_lead
tail,-45.0,M45,guidance_exact_cv_4km_m45deg,0.4583333333333333,False,M,-20.84571234560055,-11.938211268031651,0.04834197579768161,73.92162303295382,0.0,1594.3370367682521,2.7284841053187847e-12,2.2715918550296403,328.00693505429456,35.0,1922.3439718225466,3.964194344019183,24.022217808152423,45.0,"{""1"": 48}","{""apn_mode"": 0, ""capture_mode"": 1, ""kinematics_source"": 0, ""lead_mode"": 1, ""pn_mode"": 0}",4.0,1.6014811872101615,"{""1"": 48}",48,legacy_track_velocity_no_apn
tail,-45.0,M45,guidance_exact_cv_4km_m45deg,0.2830188679245283,False,M,-26.297092979258284,-10.250105946651388,0.07835128838740504,85.20026113820603,5.844007765831839,0.0,5.613287612504791e-13,1.4549251759262012,58.22372905587295,35.0,58.22372905587295,4.388835258380268,28.22424330255316,45.0,"{""1"": 53}","{""apn_mode"": 1, ""capture_mode"": 0, ""kinematics_source"": 0, ""lead_mode"": 0, ""pn_mode"": 0}",4.0,1.8816162201702107,"{""0"": 1, ""1"": 52}",53,legacy_no_capture_no_lead
tail,-45.0,M45,guidance_exact_cv_4km_m45deg,0.46938775510204084,False,M,-14.539152056842822,-8.289097973743875,0.034267659095433056,73.6775700770313,6.124999999999999,553.5571258586889,1.6526955210610227e-12,1.1663823671384768,612.2173684748202,35.0,1169.9703017772076,4.065699575997994,16.736106537148487,45.0,"{""2"": 49}","{""apn_mode"": 1, ""capture_mode"": 1, ""kinematics_source"": 0, ""lead_mode"": 2, ""pn_mode"": 2}",4.0,1.1157404358098992,"{""1"": 49}",49,history_full_track_quadratic
tail,-45.0,M45,guidance_exact_cv_4km_m45deg,0.46938775510204084,False,M,-14.619672597057214,-8.364863634157638,0.03433974794927212,73.84539104479032,0.0,962.6262059475571,4.687428401686771e-13,1.7224311988491512,896.0539649656712,35.0,1858.680170913228,4.046925499256638,16.84360263368494,45.0,"{""2"": 49}","{""apn_mode"": 0, ""capture_mode"": 1, ""kinematics_source"": 0, ""lead_mode"": 2, ""pn_mode"": 2}",4.0,1.1229068422456627,"{""1"": 49}",49,history_track_quadratic_no_apn
tail,-45.0,M45,guidance_exact_cv_4km_m45deg,0.4791666666666667,False,M,-15.65428421758937,-9.080562632388375,0.036217068035337356,72.95627215394084,0.0,654.3549313795062,1.016845989170083e-12,1.2719551201150376,680.8288500822039,35.0,1335.18378146171,3.980335030134114,18.097362895234756,45.0,"{""2"": 48}","{""apn_mode"": 0, ""capture_mode"": 1, ""kinematics_source"": 0, ""lead_mode"": 1, ""pn_mode"": 2}",4.0,1.2064908596823172,"{""1"": 48}",48,history_track_velocity_no_apn
tail,-45.0,M45,guidance_exact_cv_4km_m45deg,0.46938775510204084,False,M,-15.201468931964842,-8.801885159837209,0.03526895134989948,73.6913104170978,0.0,578.8550732719257,2.5421149729252077e-13,0.9233276422218856,480.1775722100155,35.0,1059.0326454819412,4.0668912168292835,17.565849935467984,45.0,"{""3"": 49}","{""apn_mode"": 0, ""capture_mode"": 1, ""kinematics_source"": 0, ""lead_mode"": 2, ""pn_mode"": 3}",4.0,1.1710566623645322,"{""1"": 49}",49,analytic_track_quadratic_no_apn
tail,-45.0,M45,guidance_exact_cv_4km_m45deg,0.46938775510204084,False,M,-16.19000165470458,-9.478261246341784,0.037090052897382854,74.05439595384925,0.0,339.52048370530514,4.547473508864641e-13,0.7270630798700132,387.9792066434838,35.0,727.4996903487889,4.007550709481139,18.760462827586753,45.0,"{""0"": 1, ""3"": 48}","{""apn_mode"": 0, ""capture_mode"": 1, ""kinematics_source"": 0, ""lead_mode"": 1, ""pn_mode"": 3}",4.0,1.250697521839117,"{""0"": 1, ""1"": 48}",49,analytic_track_velocity_no_apn
tail,-45.0,M45,guidance_exact_cv_4km_m45deg,0.5,False,M,-13.53892764403935,-7.82825001772101,0.031599990310878595,73.28785830507961,0.0,2089.8937852779427,3.637978807091713e-12,10.079459102800266,4619.44598456285,35.0,6709.3397698407925,3.953507295072485,15.639215410303406,45.0,"{""3"": 48}","{""apn_mode"": 0, ""capture_mode"": 1, ""kinematics_source"": 1, ""lead_mode"": 1, ""pn_mode"": 3}",4.0,1.0426143606868936,"{""2"": 48}",48,analytic_truth_velocity_no_apn
tail,-45.0,M45,guidance_exact_cv_4km_m45deg,0.5,False,M,-13.53892764403935,-7.82825001772101,0.031599990310878595,73.28785830507961,0.0,2089.8937852779427,3.637978807091713e-12,10.079459102800266,4619.44598456285,35.0,6709.3397698407925,3.953507295072485,15.639215410303406,45.0,"{""3"": 48}","{""apn_mode"": 0, ""capture_mode"": 1, ""kinematics_source"": 1, ""lead_mode"": 2, ""pn_mode"": 3}",4.0,1.0426143606868936,"{""2"": 48}",48,analytic_truth_quadratic_no_apn
tail,-45.0,M45,guidance_exact_cv_4km_m45deg,0.5,False,M,-13.53892764403935,-7.82825001772101,0.031599990310878595,73.28785830507961,0.0,2089.8937852779427,3.637978807091713e-12,10.079459102800266,4619.44598456285,35.0,6709.3397698407925,3.953507295072485,15.639215410303406,45.0,"{""3"": 48}","{""apn_mode"": 1, ""capture_mode"": 1, ""kinematics_source"": 1, ""lead_mode"": 1, ""pn_mode"": 3}",4.0,1.0426143606868936,"{""2"": 48}",48,analytic_truth_velocity_apn
tail,-45.0,M45,guidance_exact_cv_4km_m45deg,0.4583333333333333,False,M,-20.240747278216684,-11.530027125087981,0.047205893858231554,74.0169665657784,0.0,3474.8981123093517,4.067383956680332e-12,2.0639995032347924,302.0921757173256,35.0,3776.990288026677,3.9504008155494623,23.2944543675596,45.0,"{""1"": 48}","{""apn_mode"": 0, ""capture_mode"": 1, ""kinematics_source"": 1, ""lead_mode"": 1, ""pn_mode"": 0}",4.0,1.5529636245039733,"{""2"": 48}",48,legacy_truth_velocity_no_apn
tail,45.0,M45,guidance_exact_cv_4km_p45deg,0.46938775510204084,False,M,-19.430475161605358,11.22122741395767,0.1274630519534137,73.97552527650025,6.124999999999999,398.8993252717558,2.0853097740959987e-13,1.7887615765359588,245.9243639776254,35.0,439.99495935522975,4.039013218878889,22.4382609956996,45.0,"{""1"": 49}","{""apn_mode"": 1, ""capture_mode"": 1, ""kinematics_source"": 0, ""lead_mode"": 2, ""pn_mode"": 0}",4.0,1.4958840663799733,"{""0"": 1, ""1"": 48}",49,legacy_full_track_quadratic
tail,45.0,M45,guidance_exact_cv_4km_p45deg,0.2830188679245283,False,M,-26.288021798372043,10.272546662720192,0.15389504345917412,85.20026113820602,5.844007765831839,0.0,5.044853423896711e-13,1.454925175926216,58.223729055873896,35.0,58.223729055873896,4.388835318573735,28.2242624118656,45.0,"{""1"": 53}","{""apn_mode"": 1, ""capture_mode"": 0, ""kinematics_source"": 0, ""lead_mode"": 2, ""pn_mode"": 0}",4.0,1.8816174941243733,"{""0"": 1, ""1"": 52}",53,legacy_no_capture
tail,45.0,M45,guidance_exact_cv_4km_p45deg,0.44,False,M,-25.24657697750434,13.325649902895417,0.1605909878699066,77.49359865725664,6.124999999999999,1281.4082176048978,3.1368671293768267e-13,0.0,0.0,35.0,1286.237938519975,4.152445312164863,28.548001399064262,45.0,"{""0"": 50}","{""apn_mode"": 1, ""capture_mode"": 1, ""kinematics_source"": 0, ""lead_mode"": 2, ""pn_mode"": 1}",4.0,1.9032000932709507,"{""1"": 50}",50,legacy_no_pn
tail,45.0,M45,guidance_exact_cv_4km_p45deg,0.46938775510204084,False,M,-19.42592052545707,11.253922410874615,0.12756335371268482,74.18086938307681,0.0,432.5945063720883,4.547473508864641e-13,1.7558368209133304,251.40702249061908,35.00000000000001,563.623403468295,4.023034823297105,22.45068886026817,45.0,"{""1"": 49}","{""apn_mode"": 0, ""capture_mode"": 1, ""kinematics_source"": 0, ""lead_mode"": 2, ""pn_mode"": 0}",4.0,1.4967125906845447,"{""0"": 1, ""1"": 48}",49,legacy_no_apn
tail,45.0,M45,guidance_exact_cv_4km_p45deg,0.46,False,M,-90.2876961890738,43.83982086194355,0.5567442731635314,82.74598327852836,6.124999999999999,1730.0944737750515,1.4380373887290168e-12,1.1811239146160817,119.42592022472941,35.0,1799.5967863641622,4.090713044863033,100.36985573628913,45.0,"{""1"": 50}","{""apn_mode"": 1, ""capture_mode"": 1, ""kinematics_source"": 0, ""lead_mode"": 0, ""pn_mode"": 0}",4.0,6.691323715752608,"{""0"": 3, ""1"": 47}",50,legacy_no_lead
tail,45.0,M45,guidance_exact_cv_4km_p45deg,0.4583333333333333,False,M,-20.83515558402502,11.956005285869146,0.1362964391198619,73.92162303295382,0.0,1594.3370367682521,4.067383956680332e-12,2.2715918550296403,328.00693505429473,35.0,1922.3439718225472,3.9641943969397815,24.022246924997912,45.0,"{""1"": 48}","{""apn_mode"": 0, ""capture_mode"": 1, ""kinematics_source"": 0, ""lead_mode"": 1, ""pn_mode"": 0}",4.0,1.601483128333194,"{""1"": 48}",48,legacy_track_velocity_no_apn
tail,45.0,M45,guidance_exact_cv_4km_p45deg,0.2830188679245283,False,M,-26.288021798372043,10.272546662720192,0.15389504345917412,85.20026113820602,5.844007765831839,0.0,5.044853423896711e-13,1.454925175926216,58.223729055873896,35.0,58.223729055873896,4.388835318573735,28.2242624118656,45.0,"{""1"": 53}","{""apn_mode"": 1, ""capture_mode"": 0, ""kinematics_source"": 0, ""lead_mode"": 0, ""pn_mode"": 0}",4.0,1.8816174941243733,"{""0"": 1, ""1"": 52}",53,legacy_no_capture_no_lead
tail,45.0,M45,guidance_exact_cv_4km_p45deg,0.46938775510204084,False,M,-14.531829146392264,8.30150962159606,0.09533761651738545,73.6775700770313,6.124999999999999,553.5571258586889,1.6526955210610227e-12,1.1663823671384768,612.2173684748202,35.0,1169.9703017772076,4.065699627654261,16.73613484644853,45.0,"{""2"": 49}","{""apn_mode"": 1, ""capture_mode"": 1, ""kinematics_source"": 0, ""lead_mode"": 2, ""pn_mode"": 2}",4.0,1.1157423230965686,"{""1"": 49}",49,history_full_track_quadratic
tail,45.0,M45,guidance_exact_cv_4km_p45deg,0.46938775510204084,False,M,-14.612282709359091,8.377344123253296,0.09596774418403958,73.84539104479032,0.0,962.6262059475571,4.687428401686771e-13,1.7224311988491512,896.0539649656712,35.0,1858.680170913228,4.046925550737703,16.843631150840682,45.0,"{""2"": 49}","{""apn_mode"": 0, ""capture_mode"": 1, ""kinematics_source"": 0, ""lead_mode"": 2, ""pn_mode"": 2}",4.0,1.1229087433893787,"{""1"": 49}",49,history_track_quadratic_no_apn
tail,45.0,M45,guidance_exact_cv_4km_p45deg,0.4791666666666667,False,M,-15.646260608263711,9.09392651559669,0.10311727731534556,72.95627215394084,0.0,654.3549313795062,1.016845989170083e-12,1.2719551201150376,680.8288500822039,35.0,1335.18378146171,3.9803350817389664,18.097392178589153,45.0,"{""2"": 48}","{""apn_mode"": 0, ""capture_mode"": 1, ""kinematics_source"": 0, ""lead_mode"": 1, ""pn_mode"": 2}",4.0,1.2064928119059435,"{""1"": 48}",48,history_track_velocity_no_apn
tail,45.0,M45,guidance_exact_cv_4km_p45deg,0.46938775510204084,False,M,-15.1936917559386,8.814862303601007,0.10011612001321574,73.69131041709802,0.0,578.8550732718699,2.2737367544323206e-13,0.9233276422218549,480.17757220999687,35.0,1059.0326454818667,4.066891268435499,17.565878567364695,45.0,"{""3"": 49}","{""apn_mode"": 0, ""capture_mode"": 1, ""kinematics_source"": 0, ""lead_mode"": 2, ""pn_mode"": 3}",4.0,1.1710585711576464,"{""1"": 49}",49,analytic_track_quadratic_no_apn
tail,45.0,M45,guidance_exact_cv_4km_p45deg,0.46938775510204084,False,M,-16.181625526453768,9.492082386130237,0.10691979478743453,74.05439595384925,0.0,339.52048370530514,4.547473508864641e-13,0.7270630798700132,387.9792066434838,35.0,727.4996903487889,4.007550761425605,18.760492118971083,45.0,"{""0"": 1, ""3"": 48}","{""apn_mode"": 0, ""capture_mode"": 1, ""kinematics_source"": 0, ""lead_mode"": 1, ""pn_mode"": 3}",4.0,1.2506994745980722,"{""0"": 1, ""1"": 48}",49,analytic_track_velocity_no_apn
tail,45.0,M45,guidance_exact_cv_4km_p45deg,0.5,False,M,-13.532014183428908,7.839808708710605,0.08927405631062221,73.28785830507961,0.0,2089.8937852779427,3.637978807091713e-12,10.079459102800266,4619.44598456285,35.0,6709.3397698407925,3.9535073466155053,15.639244812548673,45.0,"{""3"": 48}","{""apn_mode"": 0, ""capture_mode"": 1, ""kinematics_source"": 1, ""lead_mode"": 1, ""pn_mode"": 3}",4.0,1.0426163208365782,"{""2"": 48}",48,analytic_truth_velocity_no_apn
tail,45.0,M45,guidance_exact_cv_4km_p45deg,0.5,False,M,-13.532014183428908,7.839808708710605,0.08927405631062221,73.28785830507961,0.0,2089.8937852779427,3.637978807091713e-12,10.079459102800266,4619.44598456285,35.0,6709.3397698407925,3.9535073466155053,15.639244812548673,45.0,"{""3"": 48}","{""apn_mode"": 0, ""capture_mode"": 1, ""kinematics_source"": 1, ""lead_mode"": 2, ""pn_mode"": 3}",4.0,1.0426163208365782,"{""2"": 48}",48,analytic_truth_quadratic_no_apn
tail,45.0,M45,guidance_exact_cv_4km_p45deg,0.5,False,M,-13.532014183428908,7.839808708710605,0.08927405631062221,73.28785830507961,0.0,2089.8937852779427,3.637978807091713e-12,10.079459102800266,4619.44598456285,35.0,6709.3397698407925,3.9535073466155053,15.639244812548673,45.0,"{""3"": 48}","{""apn_mode"": 1, ""capture_mode"": 1, ""kinematics_source"": 1, ""lead_mode"": 1, ""pn_mode"": 3}",4.0,1.0426163208365782,"{""2"": 48}",48,analytic_truth_velocity_apn
tail,45.0,M45,guidance_exact_cv_4km_p45deg,0.4583333333333333,False,M,-20.230552304745142,11.547304826955154,0.1321534138464378,74.01696656577836,0.0,3474.8981123093695,3.749942721349417e-12,2.0639995032347924,302.0921757173268,35.0,3776.9902880266964,3.9504008685432956,23.29448346382556,45.0,"{""1"": 48}","{""apn_mode"": 0, ""capture_mode"": 1, ""kinematics_source"": 1, ""lead_mode"": 1, ""pn_mode"": 0}",4.0,1.5529655642550373,"{""2"": 48}",48,legacy_truth_velocity_no_apn
tail,-45.0,M45,guidance_exact_cv_6km_m45deg,0.24615384615384617,False,M,-19.193466237326536,-10.957349851245118,0.04476281229715478,75.22314599952861,6.124999999999999,484.8181513752624,7.958078640513122e-13,2.092586225358965,266.2054900296084,35.0,627.1167158856058,5.350095602410391,22.10101051253856,45.0,"{""1"": 65}","{""apn_mode"": 1, ""capture_mode"": 1, ""kinematics_source"": 0, ""lead_mode"": 2, ""pn_mode"": 0}",6.0,1.473400700835904,"{""0"": 1, ""1"": 64}",65,legacy_full_track_quadratic
tail,-45.0,M45,guidance_exact_cv_6km_m45deg,0.0,False,M,-47.64494611154813,-17.581678746963277,0.14452082332052105,88.97288060558229,4.249456764626042,0.0,1.3192819395247515e-12,1.016994713941675,30.098147309295346,33.952624928202354,33.952624928202354,6.513637249865538,50.78560035878386,45.0,"{""1"": 79}","{""apn_mode"": 1, ""capture_mode"": 0, ""kinematics_source"": 0, ""lead_mode"": 2, ""pn_mode"": 0}",6.0,3.385706690585591,"{""0"": 2, ""1"": 77}",79,legacy_no_capture
tail,-45.0,M45,guidance_exact_cv_6km_m45deg,0.1917808219178082,False,M,-28.753190187751002,-13.307083815605383,0.07782488291806888,84.96821199913926,4.9122450867373635,440.7846464252679,5.44693112177511e-14,0.0,0.0,35.0,443.39700727128377,6.054919229638681,31.68328395796348,45.0,"{""0"": 73}","{""apn_mode"": 1, ""capture_mode"": 1, ""kinematics_source"": 0, ""lead_mode"": 2, ""pn_mode"": 1}",6.0,2.1122189305308985,"{""0"": 1, ""1"": 72}",73,legacy_no_pn
tail,-45.0,M45,guidance_exact_cv_6km_m45deg,0.2153846153846154,False,M,-19.52765412296057,-11.021853338290542,0.04598355530746548,75.17277062849712,0.0,1431.9173578584678,3.310610686312665e-12,2.1902839976936854,276.03616768322746,35.0,1707.9535255416956,5.382229388651461,22.423484141500253,45.0,"{""1"": 65}","{""apn_mode"": 0, ""capture_mode"": 1, ""kinematics_source"": 0, ""lead_mode"": 2, ""pn_mode"": 0}",6.0,1.4948989427666837,"{""1"": 65}",65,legacy_no_apn
tail,-45.0,M45,guidance_exact_cv_6km_m45deg,0.2537313432835821,False,M,-97.24043556792648,-41.89060008385186,0.27141563294564197,85.62636547538064,6.124999999999999,1020.5049744233386,1.1718571004216928e-12,1.0488702932733869,77.96279557180229,35.0,1056.111846258263,5.5780946183744415,105.88011310567748,45.0,"{""1"": 67}","{""apn_mode"": 1, ""capture_mode"": 1, ""kinematics_source"": 0, ""lead_mode"": 0, ""pn_mode"": 0}",6.0,7.058674207045166,"{""0"": 3, ""1"": 64}",67,legacy_no_lead
tail,-45.0,M45,guidance_exact_cv_6km_m45deg,0.2,False,M,-20.832868468751432,-11.545115327156637,0.04975203413240506,75.12347047941893,0.0,967.1468140439546,6.431098710768743e-13,1.5774015398075985,201.80967120418907,35.0,1168.9564852481435,5.402261240845283,23.818072378312515,45.0,"{""1"": 65}","{""apn_mode"": 0, ""capture_mode"": 1, ""kinematics_source"": 0, ""lead_mode"": 1, ""pn_mode"": 0}",6.0,1.587871491887501,"{""1"": 65}",65,legacy_track_velocity_no_apn
tail,-45.0,M45,guidance_exact_cv_6km_m45deg,0.0,False,M,-47.64494611154813,-17.581678746963277,0.14452082332052105,88.97288060558229,4.249456764626042,0.0,1.3192819395247515e-12,1.016994713941675,30.098147309295346,33.952624928202354,33.952624928202354,6.513637249865538,50.78560035878386,45.0,"{""1"": 79}","{""apn_mode"": 1, ""capture_mode"": 0, ""kinematics_source"": 0, ""lead_mode"": 0, ""pn_mode"": 0}",6.0,3.385706690585591,"{""0"": 2, ""1"": 77}",79,legacy_no_capture_no_lead
tail,-45.0,M45,guidance_exact_cv_6km_m45deg,0.26153846153846155,False,M,-14.181373321063203,-8.378728008850816,0.03238805748823114,73.48370318715978,6.124999999999999,935.9716476450448,3.531594416726243e-12,1.774764047341106,889.4484686047274,35.0,1830.213832518748,5.379528787465784,16.47165690827551,45.0,"{""2"": 65}","{""apn_mode"": 1, ""capture_mode"": 1, ""kinematics_source"": 0, ""lead_mode"": 2, ""pn_mode"": 2}",6.0,1.0981104605517007,"{""1"": 65}",65,history_full_track_quadratic
tail,-45.0,M45,guidance_exact_cv_6km_m45deg,0.23076923076923078,False,M,-14.390213855403227,-8.388377141499475,0.03326383934892425,73.54515608757669,0.0,611.4960146367611,1.1368683772161603e-13,1.2937084424501866,655.0652743636587,35.0,1266.56128900042,5.394841421636745,16.65665729836847,45.0,"{""2"": 65}","{""apn_mode"": 0, ""capture_mode"": 1, ""kinematics_source"": 0, ""lead_mode"": 2, ""pn_mode"": 2}",6.0,1.1104438198912312,"{""1"": 65}",65,history_track_quadratic_no_apn
tail,-45.0,M45,guidance_exact_cv_6km_m45deg,0.24615384615384617,False,M,-15.216578617767553,-8.806310641224622,0.03533068516905102,73.80970817104986,0.0,763.9112139089799,9.094947017729282e-13,1.5319927671012543,769.537036678665,35.0,1533.448250587645,5.388734950511088,17.581143881947888,45.0,"{""2"": 65}","{""apn_mode"": 0, ""capture_mode"": 1, ""kinematics_source"": 0, ""lead_mode"": 1, ""pn_mode"": 2}",6.0,1.1720762587965259,"{""1"": 65}",65,history_track_velocity_no_apn
tail,-45.0,M45,guidance_exact_cv_6km_m45deg,0.26865671641791045,False,M,-15.220718194402915,-8.992066088886142,0.03466449247649911,75.14387173871738,0.0,493.99112523217275,2.2737367544323206e-13,0.6157464007214247,308.4758735477527,35.0,499.43622233751165,5.523552199956578,17.6784817370543,45.0,"{""0"": 1, ""3"": 66}","{""apn_mode"": 0, ""capture_mode"": 1, ""kinematics_source"": 0, ""lead_mode"": 2, ""pn_mode"": 3}",6.0,1.1785654491369535,"{""0"": 1, ""1"": 66}",67,analytic_track_quadratic_no_apn
tail,-45.0,M45,guidance_exact_cv_6km_m45deg,0.26865671641791045,False,M,-16.079951471367476,-9.501812119000295,0.0365366393366236,74.66298501436316,0.0,280.5306698093026,1.1368683772161603e-13,0.7242427294654871,360.85014622195155,35.0,641.3808160312541,5.511555372686075,18.67754287352369,45.0,"{""0"": 1, ""3"": 66}","{""apn_mode"": 0, ""capture_mode"": 1, ""kinematics_source"": 0, ""lead_mode"": 1, ""pn_mode"": 3}",6.0,1.2451695249015795,"{""0"": 1, ""1"": 66}",67,analytic_track_velocity_no_apn
tail,-45.0,M45,guidance_exact_cv_6km_m45deg,0.203125,True,M,-12.635517793239213,-7.527037316861836,0.02877902830424532,73.09574355757401,0.0,1797.6309297291232,3.637978807091713e-12,9.256257648169662,4103.4451586922905,35.0,5901.076088421413,5.288460309477807,14.7075976592087,45.0,"{""3"": 64}","{""apn_mode"": 0, ""capture_mode"": 1, ""kinematics_source"": 1, ""lead_mode"": 1, ""pn_mode"": 3}",6.0,0.9805065106139134,"{""2"": 64}",64,analytic_truth_velocity_no_apn
tail,-45.0,M45,guidance_exact_cv_6km_m45deg,0.203125,True,M,-12.635517793239213,-7.527037316861836,0.02877902830424532,73.09574355757401,0.0,1797.6309297291232,3.637978807091713e-12,9.256257648169662,4103.4451586922905,35.0,5901.076088421413,5.288460309477807,14.7075976592087,45.0,"{""3"": 64}","{""apn_mode"": 0, ""capture_mode"": 1, ""kinematics_source"": 1, ""lead_mode"": 2, ""pn_mode"": 3}",6.0,0.9805065106139134,"{""2"": 64}",64,analytic_truth_quadratic_no_apn
tail,-45.0,M45,guidance_exact_cv_6km_m45deg,0.203125,True,M,-12.635517793239213,-7.527037316861836,0.02877902830424532,73.09574355757401,0.0,1797.6309297291232,3.637978807091713e-12,9.256257648169662,4103.4451586922905,35.0,5901.076088421413,5.288460309477807,14.7075976592087,45.0,"{""3"": 64}","{""apn_mode"": 1, ""capture_mode"": 1, ""kinematics_source"": 1, ""lead_mode"": 1, ""pn_mode"": 3}",6.0,0.9805065106139134,"{""2"": 64}",64,analytic_truth_velocity_apn
tail,-45.0,M45,guidance_exact_cv_6km_m45deg,0.2,False,M,-19.98743843642552,-11.140219738053647,0.047553995158840595,75.29232961390122,0.0,1642.3937174062523,9.094947017729282e-13,1.7371101951804289,218.35134244638212,35.0,1860.7450598526345,5.3949619354103,22.882404865845654,45.0,"{""1"": 65}","{""apn_mode"": 0, ""capture_mode"": 1, ""kinematics_source"": 1, ""lead_mode"": 1, ""pn_mode"": 0}",6.0,1.5254936577230436,"{""2"": 65}",65,legacy_truth_velocity_no_apn
tail,45.0,M45,guidance_exact_cv_6km_p45deg,0.24615384615384617,False,M,-19.183772114666173,10.973730859266036,0.12549101410348598,75.2231459995286,6.124999999999999,484.8181513752644,1.2189807948825126e-12,2.092586225358965,266.2054900296088,35.0,627.116715885608,5.350095644136144,22.101032317828015,45.0,"{""1"": 65}","{""apn_mode"": 1, ""capture_mode"": 1, ""kinematics_source"": 0, ""lead_mode"": 2, ""pn_mode"": 0}",6.0,1.4734021545218676,"{""0"": 1, ""1"": 64}",65,legacy_full_track_quadratic
tail,45.0,M45,guidance_exact_cv_6km_p45deg,0.0,False,M,-47.6293689175711,17.622339041838266,0.2741065710956149,88.97288060558233,4.249456764626043,0.0,1.143660886619493e-12,1.01699471394169,30.098147309295346,33.952624928202304,33.952624928202304,6.513637304253109,50.785615593432745,45.0,"{""1"": 79}","{""apn_mode"": 1, ""capture_mode"": 0, ""kinematics_source"": 0, ""lead_mode"": 2, ""pn_mode"": 0}",6.0,3.3857077062288496,"{""0"": 2, ""1"": 77}",79,legacy_no_capture
tail,45.0,M45,guidance_exact_cv_6km_p45deg,0.1917808219178082,False,M,-28.74140895625034,13.331621431893977,0.1758817999155062,84.96821199913926,4.9122450867373635,440.7846464252679,5.44693112177511e-14,0.0,0.0,35.0,443.39700727128377,6.054919283955338,31.683302435214504,45.0,"{""0"": 73}","{""apn_mode"": 1, ""capture_mode"": 1, ""kinematics_source"": 0, ""lead_mode"": 2, ""pn_mode"": 1}",6.0,2.1122201623476338,"{""0"": 1, ""1"": 72}",73,legacy_no_pn
tail,45.0,M45,guidance_exact_cv_6km_p45deg,0.2153846153846154,False,M,-19.517902627207103,11.03851941601397,0.12718767968685113,75.1727706284969,0.0,1431.9173578585803,1.0725194820289065e-12,2.1902839976937893,276.03616768324616,35.0,1707.9535255418266,5.3822294306425125,22.423505759999582,45.0,"{""1"": 65}","{""apn_mode"": 0, ""capture_mode"": 1, ""kinematics_source"": 0, ""lead_mode"": 2, ""pn_mode"": 0}",6.0,1.4949003839999722,"{""1"": 65}",65,legacy_no_apn
tail,45.0,M45,guidance_exact_cv_6km_p45deg,0.2537313432835821,False,M,-97.20330894817435,41.97358965451496,0.5801190638421115,85.62636547538061,6.124999999999999,1020.5049744233482,6.521771727442402e-13,1.0488702932733869,77.96279557180252,35.00000000000001,1056.111846258273,5.578094676216697,105.88013051129123,45.0,"{""1"": 67}","{""apn_mode"": 1, ""capture_mode"": 1, ""kinematics_source"": 0, ""lead_mode"": 0, ""pn_mode"": 0}",6.0,7.058675367419415,"{""0"": 3, ""1"": 64}",67,legacy_no_lead
tail,45.0,M45,guidance_exact_cv_6km_p45deg,0.2,False,M,-20.822652804156938,11.562895103506667,0.13481250322876714,75.12347047941893,0.0,967.1468140439548,6.431098710768743e-13,1.5774015398075985,201.80967120418916,35.0,1168.956485248144,5.402261283709399,23.818093697611392,45.0,"{""1"": 65}","{""apn_mode"": 0, ""capture_mode"": 1, ""kinematics_source"": 0, ""lead_mode"": 1, ""pn_mode"": 0}",6.0,1.5878729131740927,"{""1"": 65}",65,legacy_track_velocity_no_apn
tail,45.0,M45,guidance_exact_cv_6km_p45deg,0.0,False,M,-47.6293689175711,17.622339041838266,0.2741065710956149,88.97288060558233,4.249456764626043,0.0,1.143660886619493e-12,1.01699471394169,30.098147309295346,33.952624928202304,33.952624928202304,6.513637304253109,50.785615593432745,45.0,"{""1"": 79}","{""apn_mode"": 1, ""capture_mode"": 0, ""kinematics_source"": 0, ""lead_mode"": 0, ""pn_mode"": 0}",6.0,3.3857077062288496,"{""0"": 2, ""1"": 77}",79,legacy_no_capture_no_lead
tail,45.0,M45,guidance_exact_cv_6km_p45deg,0.26153846153846155,False,M,-14.173965507295303,8.390832029055384,0.09411674768867172,73.48370318715978,6.124999999999999,935.9716476450448,3.531594416726243e-12,1.774764047341106,889.4484686047274,35.0,1830.213832518748,5.379528827786548,16.47167928002516,45.0,"{""2"": 65}","{""apn_mode"": 1, ""capture_mode"": 1, ""kinematics_source"": 0, ""lead_mode"": 2, ""pn_mode"": 2}",6.0,1.0981119520016773,"{""1"": 65}",65,history_full_track_quadratic
tail,45.0,M45,guidance_exact_cv_6km_p45deg,0.23076923076923078,False,M,-14.382797289418567,8.40065920854756,0.09506422123175717,73.54515608757669,0.0,611.4960146367611,1.1368683772161603e-13,1.2937084424501866,655.0652743636587,35.0,1266.56128900042,5.394841462307017,16.656679447381272,45.0,"{""2"": 65}","{""apn_mode"": 0, ""capture_mode"": 1, ""kinematics_source"": 0, ""lead_mode"": 2, ""pn_mode"": 2}",6.0,1.1104452964920848,"{""1"": 65}",65,history_track_quadratic_no_apn
tail,45.0,M45,guidance_exact_cv_6km_p45deg,0.24615384615384617,False,M,-15.208791474192648,8.819297850440668,0.10021048161244035,73.80970817105016,0.0,763.9112139086506,4.547473508864641e-13,1.5319927671008948,769.5370366784797,35.0,1533.4482505871301,5.388734991441929,17.581165911875818,45.0,"{""2"": 65}","{""apn_mode"": 0, ""capture_mode"": 1, ""kinematics_source"": 0, ""lead_mode"": 1, ""pn_mode"": 2}",6.0,1.1720777274583878,"{""1"": 65}",65,history_track_velocity_no_apn
tail,45.0,M45,guidance_exact_cv_6km_p45deg,0.26865671641791045,False,M,-15.212766704439332,9.00505710646215,0.10091183233193673,75.14387173871738,0.0,493.99112523217275,2.2737367544323206e-13,0.6157464007214247,308.4758735477527,35.0,499.43622233751165,5.523552241448053,17.67850410787771,45.0,"{""0"": 1, ""3"": 66}","{""apn_mode"": 0, ""capture_mode"": 1, ""kinematics_source"": 0, ""lead_mode"": 2, ""pn_mode"": 3}",6.0,1.1785669405251806,"{""0"": 1, ""1"": 66}",67,analytic_track_quadratic_no_apn
tail,45.0,M45,guidance_exact_cv_6km_p45deg,0.26865671641791045,False,M,-16.07154813541158,9.51553642615115,0.10653941997797732,74.66298501436316,0.0,280.5306698093026,1.1368683772161603e-13,0.7242427294654871,360.85014622195155,35.0,641.3808160312541,5.511555413999409,18.677565248026422,45.0,"{""0"": 1, ""3"": 66}","{""apn_mode"": 0, ""capture_mode"": 1, ""kinematics_source"": 0, ""lead_mode"": 1, ""pn_mode"": 3}",6.0,1.2451710165350949,"{""0"": 1, ""1"": 66}",67,analytic_track_velocity_no_apn
tail,45.0,M45,guidance_exact_cv_6km_p45deg,0.203125,True,M,-12.628865055036842,7.53782218195563,0.08423273007216422,73.09574355757401,0.0,1797.6309297291232,3.637978807091713e-12,9.256257648169662,4103.4451586922905,35.0,5901.076088421413,5.2884603492891795,14.707620167040321,45.0,"{""3"": 64}","{""apn_mode"": 0, ""capture_mode"": 1, ""kinematics_source"": 1, ""lead_mode"": 1, ""pn_mode"": 3}",6.0,0.9805080111360215,"{""2"": 64}",64,analytic_truth_velocity_no_apn
tail,45.0,M45,guidance_exact_cv_6km_p45deg,0.203125,True,M,-12.628865055036842,7.53782218195563,0.08423273007216422,73.09574355757401,0.0,1797.6309297291232,3.637978807091713e-12,9.256257648169662,4103.4451586922905,35.0,5901.076088421413,5.2884603492891795,14.707620167040321,45.0,"{""3"": 64}","{""apn_mode"": 0, ""capture_mode"": 1, ""kinematics_source"": 1, ""lead_mode"": 2, ""pn_mode"": 3}",6.0,0.9805080111360215,"{""2"": 64}",64,analytic_truth_quadratic_no_apn
tail,45.0,M45,guidance_exact_cv_6km_p45deg,0.203125,True,M,-12.628865055036842,7.53782218195563,0.08423273007216422,73.09574355757401,0.0,1797.6309297291232,3.637978807091713e-12,9.256257648169662,4103.4451586922905,35.0,5901.076088421413,5.2884603492891795,14.707620167040321,45.0,"{""3"": 64}","{""apn_mode"": 1, ""capture_mode"": 1, ""kinematics_source"": 1, ""lead_mode"": 1, ""pn_mode"": 3}",6.0,0.9805080111360215,"{""2"": 64}",64,analytic_truth_velocity_apn
tail,45.0,M45,guidance_exact_cv_6km_p45deg,0.2,False,M,-19.977581796698757,11.157278062269777,0.12963097438016363,75.29232961390105,0.0,1642.3937174063908,1.8749713606747085e-12,1.737110195180533,218.35134244639843,35.0,1860.7450598527892,5.394961978012012,22.882426278524786,45.0,"{""1"": 65}","{""apn_mode"": 0, ""capture_mode"": 1, ""kinematics_source"": 1, ""lead_mode"": 1, ""pn_mode"": 0}",6.0,1.5254950852349858,"{""2"": 65}",65,legacy_truth_velocity_no_apn
tail,-45.0,M45,guidance_exact_cv_8km_m45deg,0.11494252873563218,False,M,-21.611209057259174,-11.430665491894302,0.05356974742722867,79.31930325593473,5.398743117320693,407.07600083912246,1.4953168872541375e-12,1.824637478762703,137.71671816287002,35.0,493.02278381197874,7.198097333452544,24.448053914821326,45.0,"{""1"": 87}","{""apn_mode"": 1, ""capture_mode"": 1, ""kinematics_source"": 0, ""lead_mode"": 2, ""pn_mode"": 0}",8.0,1.6298702609880884,"{""0"": 1, ""1"": 86}",87,legacy_full_track_quadratic
tail,-45.0,M45,guidance_exact_cv_8km_m45deg,0.0,False,M,-100.792409957443,-38.63190561542265,0.2989167371966157,89.40202975932101,3.2497742060690085,0.0,6.52960822054617e-13,0.648271183439824,28.016007377245405,30.62702579754117,30.62702579754117,9.015002149220942,107.94268566106722,45.0,"{""1"": 109}","{""apn_mode"": 1, ""capture_mode"": 0, ""kinematics_source"": 0, ""lead_mode"": 2, ""pn_mode"": 0}",8.0,7.1961790440711475,"{""0"": 5, ""1"": 104}",109,legacy_no_capture
tail,-45.0,M45,guidance_exact_cv_8km_m45deg,0.04504504504504504,False,M,-53.13230743519154,-20.890723528840084,0.15627930427279713,100.59568330335067,3.1149267196644064,655.231528813049,1.1368683772161603e-13,0.0,0.0,35.0,655.231528813049,9.24457652991657,57.091933284546336,45.0,"{""0"": 111}","{""apn_mode"": 1, ""capture_mode"": 1, ""kinematics_source"": 0, ""lead_mode"": 2, ""pn_mode"": 1}",8.0,3.8061288856364226,"{""0"": 3, ""1"": 108}",111,legacy_no_pn
tail,-45.0,M45,guidance_exact_cv_8km_m45deg,0.05555555555555555,False,M,-23.13853037129649,-11.810760255241231,0.058834737500057785,81.96265316408703,0.0,613.3943423255419,1.2710574864626038e-12,1.5705918423360872,100.12120017313411,35.0,690.4794890761953,7.428073023888164,25.978627890566703,45.0,"{""1"": 90}","{""apn_mode"": 0, ""capture_mode"": 1, ""kinematics_source"": 0, ""lead_mode"": 2, ""pn_mode"": 0}",8.0,1.7319085260377802,"{""0"": 1, ""1"": 89}",90,legacy_no_apn
tail,-45.0,M45,guidance_exact_cv_8km_m45deg,0.1,False,M,-112.21449132606749,-35.227551855333104,0.3612978948367211,97.04064205133862,5.242204715319732,573.0186703341236,9.3794332531474e-13,0.7617122313692122,48.08431191343907,35.0,540.4477437195352,7.417530001192644,117.61463773466768,45.0,"{""1"": 90}","{""apn_mode"": 1, ""capture_mode"": 1, ""kinematics_source"": 0, ""lead_mode"": 0, ""pn_mode"": 0}",8.0,7.840975848977846,"{""0"": 6, ""1"": 84}",90,legacy_no_lead
tail,-45.0,M45,guidance_exact_cv_8km_m45deg,0.05555555555555555,False,M,-24.75327004888118,-12.383333898795684,0.06377231560679664,82.27746446361746,0.0,630.4096541788342,6.12222357532858e-13,1.523941524004999,78.24093820213282,35.0,552.1687159767014,7.484074955128239,27.6780671917342,45.0,"{""1"": 90}","{""apn_mode"": 0, ""capture_mode"": 1, ""kinematics_source"": 0, ""lead_mode"": 1, ""pn_mode"": 0}",8.0,1.8452044794489466,"{""0"": 1, ""1"": 89}",90,legacy_track_velocity_no_apn
tail,-45.0,M45,guidance_exact_cv_8km_m45deg,0.0,False,M,-100.792409957443,-38.63190561542265,0.2989167371966157,89.40202975932101,3.2497742060690085,0.0,6.52960822054617e-13,0.648271183439824,28.016007377245405,30.62702579754117,30.62702579754117,9.015002149220942,107.94268566106722,45.0,"{""1"": 109}","{""apn_mode"": 1, ""capture_mode"": 0, ""kinematics_source"": 0, ""lead_mode"": 0, ""pn_mode"": 0}",8.0,7.1961790440711475,"{""0"": 5, ""1"": 104}",109,legacy_no_capture_no_lead
tail,-45.0,M45,guidance_exact_cv_8km_m45deg,0.12790697674418605,False,M,-14.940917692135793,-8.181586731248126,0.0364283586905864,77.65486740960532,5.444890104955386,813.5121993808503,1.1252530062537066e-12,1.7752262994952412,797.1774911704191,35.0,1615.100872804019,7.1336260555491,17.03439784522558,45.0,"{""2"": 86}","{""apn_mode"": 1, ""capture_mode"": 1, ""kinematics_source"": 0, ""lead_mode"": 2, ""pn_mode"": 2}",8.0,1.1356265230150386,"{""1"": 86}",86,history_full_track_quadratic
tail,-45.0,M45,guidance_exact_cv_8km_m45deg,0.10227272727272728,False,M,-15.125357311982404,-7.694779355635219,0.03902608131075086,79.26441640398284,0.0,648.800056403574,9.374856803373542e-13,1.5509560459364164,677.2802599280072,35.0,1326.0803163315811,7.309397588712419,16.970196998917718,45.0,"{""2"": 88}","{""apn_mode"": 0, ""capture_mode"": 1, ""kinematics_source"": 0, ""lead_mode"": 2, ""pn_mode"": 2}",8.0,1.1313464665945145,"{""1"": 88}",88,history_track_quadratic_no_apn
tail,-45.0,M45,guidance_exact_cv_8km_m45deg,0.10112359550561797,False,M,-15.968915110032961,-8.0809545809645,0.04128490436966734,80.78117842030389,0.0,458.8113355469124,4.687428401686771e-13,2.0107236709017693,859.9626052671662,35.0,620.0372548116213,7.349172136534927,17.897200372526875,45.0,"{""2"": 89}","{""apn_mode"": 0, ""capture_mode"": 1, ""kinematics_source"": 0, ""lead_mode"": 1, ""pn_mode"": 2}",8.0,1.1931466915017916,"{""0"": 1, ""1"": 88}",89,history_track_velocity_no_apn
tail,-45.0,M45,guidance_exact_cv_8km_m45deg,0.14444444444444443,False,M,-16.03356185357082,-8.407550131009089,0.04036417948629445,80.5889616903079,0.0,589.8961588066944,9.165725883006586e-13,1.157868459635978,487.52789736327935,35.0,1077.4240561699737,7.481233915465341,18.104243540802585,45.0,"{""3"": 90}","{""apn_mode"": 0, ""capture_mode"": 1, ""kinematics_source"": 0, ""lead_mode"": 2, ""pn_mode"": 3}",8.0,1.206949569386839,"{""1"": 90}",90,analytic_track_quadratic_no_apn
tail,-45.0,M45,guidance_exact_cv_8km_m45deg,0.13186813186813187,False,M,-16.985209728878633,-9.074116803049577,0.042062020324111986,80.2644492818892,0.0,465.62999012184906,1.1368683772161603e-13,0.7545552696498602,324.09054108362585,35.0,526.0457767755951,7.521994609255278,19.25717306623537,45.0,"{""0"": 1, ""3"": 90}","{""apn_mode"": 0, ""capture_mode"": 1, ""kinematics_source"": 0, ""lead_mode"": 1, ""pn_mode"": 3}",8.0,1.2838115377490247,"{""0"": 1, ""1"": 90}",91,analytic_track_velocity_no_apn
tail,-45.0,M45,guidance_exact_cv_8km_m45deg,0.05747126436781609,True,M,-13.165658888488666,-6.854152624460687,0.03357040776446065,79.29440161700379,0.0,2968.6133460500882,1.8189894035458565e-12,25.526265273440103,7824.821639774998,35.0,10793.434985825086,7.186528131761726,14.843015500218396,45.0,"{""3"": 87}","{""apn_mode"": 0, ""capture_mode"": 1, ""kinematics_source"": 1, ""lead_mode"": 1, ""pn_mode"": 3}",8.0,0.9895343666812264,"{""2"": 87}",87,analytic_truth_velocity_no_apn
tail,-45.0,M45,guidance_exact_cv_8km_m45deg,0.05747126436781609,True,M,-13.165658888488666,-6.854152624460687,0.03357040776446065,79.29440161700379,0.0,2968.6133460500882,1.8189894035458565e-12,25.526265273440103,7824.821639774998,35.0,10793.434985825086,7.186528131761726,14.843015500218396,45.0,"{""3"": 87}","{""apn_mode"": 0, ""capture_mode"": 1, ""kinematics_source"": 1, ""lead_mode"": 2, ""pn_mode"": 3}",8.0,0.9895343666812264,"{""2"": 87}",87,analytic_truth_quadratic_no_apn
tail,-45.0,M45,guidance_exact_cv_8km_m45deg,0.05747126436781609,True,M,-13.165658888488666,-6.854152624460687,0.03357040776446065,79.29440161700379,0.0,2968.6133460500882,1.8189894035458565e-12,25.526265273440103,7824.821639774998,35.0,10793.434985825086,7.186528131761726,14.843015500218396,45.0,"{""3"": 87}","{""apn_mode"": 1, ""capture_mode"": 1, ""kinematics_source"": 1, ""lead_mode"": 1, ""pn_mode"": 3}",8.0,0.9895343666812264,"{""2"": 87}",87,analytic_truth_velocity_apn
tail,-45.0,M45,guidance_exact_cv_8km_m45deg,0.05555555555555555,False,M,-22.674957937173502,-10.250716345919358,0.06255734510442622,83.44443465346473,0.0,1804.6283840359142,2.2737367544323206e-12,1.6997812918098807,83.68151184610043,35.0,1888.3098958820149,7.476107707955987,24.8844291973618,45.0,"{""1"": 90}","{""apn_mode"": 0, ""capture_mode"": 1, ""kinematics_source"": 1, ""lead_mode"": 1, ""pn_mode"": 0}",8.0,1.6589619464907868,"{""2"": 90}",90,legacy_truth_velocity_no_apn
tail,45.0,M45,guidance_exact_cv_8km_p45deg,0.11494252873563218,False,M,-21.60109402780949,11.449108991323353,0.13779007898768494,79.3193032559349,5.398743117320693,407.0760008392149,6.12222357532858e-13,1.8246374787629116,137.71671816288227,35.0,493.02278381207924,7.198097381381752,24.448074484493603,45.0,"{""1"": 87}","{""apn_mode"": 1, ""capture_mode"": 1, ""kinematics_source"": 0, ""lead_mode"": 2, ""pn_mode"": 0}",8.0,1.6298716322995734,"{""0"": 1, ""1"": 86}",87,legacy_full_track_quadratic
tail,45.0,M45,guidance_exact_cv_8km_p45deg,0.0,False,M,-100.75816725026306,38.71792717184224,0.5836408676123771,89.40202975932101,3.2497742060690085,0.0,6.585116112713837e-13,0.648271183439824,28.016007377245405,30.627025797541176,30.627025797541176,9.015002206452767,107.94270141504886,45.0,"{""1"": 109}","{""apn_mode"": 1, ""capture_mode"": 0, ""kinematics_source"": 0, ""lead_mode"": 2, ""pn_mode"": 0}",8.0,7.196180094336591,"{""0"": 5, ""1"": 104}",109,legacy_no_capture
tail,45.0,M45,guidance_exact_cv_8km_p45deg,0.04504504504504504,False,M,-53.113797783451176,20.936067428547116,0.3102434258230901,100.59568330335067,3.1149267196644064,655.231528813049,1.1368683772161603e-13,0.0,0.0,35.0,655.231528813049,9.24457660341331,57.09194939163755,45.0,"{""0"": 111}","{""apn_mode"": 1, ""capture_mode"": 1, ""kinematics_source"": 0, ""lead_mode"": 2, ""pn_mode"": 1}",8.0,3.806129959442503,"{""0"": 3, ""1"": 108}",111,legacy_no_pn
tail,45.0,M45,guidance_exact_cv_8km_p45deg,0.05555555555555555,False,M,-23.128077718156174,11.830506871351108,0.14585811529918574,81.96265316408703,0.0,613.3943423255419,1.3306703193301957e-12,1.5705918423360872,100.12120017313418,35.0,690.4794890761953,7.428073074301046,25.978647893220977,45.0,"{""1"": 90}","{""apn_mode"": 0, ""capture_mode"": 1, ""kinematics_source"": 0, ""lead_mode"": 2, ""pn_mode"": 0}",8.0,1.731909859548065,"{""0"": 1, ""1"": 89}",90,legacy_no_apn
tail,45.0,M45,guidance_exact_cv_8km_p45deg,0.1,False,M,-112.18325767380877,35.323323366748085,0.6209951119755222,97.04064205133864,5.242204715319732,573.0186703341234,9.10493354219929e-13,0.7617122313692122,48.08431191343907,35.0,540.4477437195351,7.4175300712668895,117.6146509194711,45.0,"{""1"": 90}","{""apn_mode"": 1, ""capture_mode"": 1, ""kinematics_source"": 0, ""lead_mode"": 0, ""pn_mode"": 0}",8.0,7.84097672796474,"{""0"": 6, ""1"": 84}",90,legacy_no_lead
tail,45.0,M45,guidance_exact_cv_8km_p45deg,0.05555555555555555,False,M,-24.742309401188884,12.404458419703273,0.15501604181235143,82.2774644636175,0.0,630.4096541788596,2.207399102070167e-12,1.5239415240049694,78.24093820213082,35.0,552.1687159767287,7.484075006507166,27.678086876869287,45.0,"{""1"": 90}","{""apn_mode"": 0, ""capture_mode"": 1, ""kinematics_source"": 0, ""lead_mode"": 1, ""pn_mode"": 0}",8.0,1.8452057917912859,"{""0"": 1, ""1"": 89}",90,legacy_track_velocity_no_apn
tail,45.0,M45,guidance_exact_cv_8km_p45deg,0.0,False,M,-100.75816725026306,38.71792717184224,0.5836408676123771,89.40202975932101,3.2497742060690085,0.0,6.585116112713837e-13,0.648271183439824,28.016007377245405,30.627025797541176,30.627025797541176,9.015002206452767,107.94270141504886,45.0,"{""1"": 109}","{""apn_mode"": 1, ""capture_mode"": 0, ""kinematics_source"": 0, ""lead_mode"": 0, ""pn_mode"": 0}",8.0,7.196180094336591,"{""0"": 5, ""1"": 104}",109,legacy_no_capture_no_lead
tail,45.0,M45,guidance_exact_cv_8km_p45deg,0.12790697674418605,False,M,-14.933683498281166,8.194337956013738,0.09670807686070981,77.65486740960532,5.444890104955386,813.5121993808503,1.1252530062537066e-12,1.7752262994952412,797.1774911704191,35.0,1615.100872804019,7.133626101132275,17.03441897501414,45.0,"{""2"": 86}","{""apn_mode"": 1, ""capture_mode"": 1, ""kinematics_source"": 0, ""lead_mode"": 2, ""pn_mode"": 2}",8.0,1.1356279316676094,"{""1"": 86}",86,history_full_track_quadratic
tail,45.0,M45,guidance_exact_cv_8km_p45deg,0.10227272727272728,False,M,-15.118553500581221,7.707687106045637,0.0957225048792595,79.26441640398284,0.0,648.800056403574,9.374856803373542e-13,1.5509560459364164,677.2802599280072,35.0,1326.0803163315811,7.309397636668994,16.970216948306213,45.0,"{""2"": 88}","{""apn_mode"": 0, ""capture_mode"": 1, ""kinematics_source"": 0, ""lead_mode"": 2, ""pn_mode"": 2}",8.0,1.1313477965537475,"{""1"": 88}",88,history_track_quadratic_no_apn
tail,45.0,M45,guidance_exact_cv_8km_p45deg,0.10112359550561797,False,M,-15.961768858640152,8.09458220500127,0.10082699288185239,80.78117842030389,0.0,458.8113355469124,4.687428401686771e-13,2.0107236709017693,859.9626052671662,35.0,620.0372548116213,7.349172184709813,17.897220238145255,45.0,"{""2"": 89}","{""apn_mode"": 0, ""capture_mode"": 1, ""kinematics_source"": 0, ""lead_mode"": 1, ""pn_mode"": 2}",8.0,1.1931480158763503,"{""0"": 1, ""1"": 88}",89,history_track_velocity_no_apn
tail,45.0,M45,guidance_exact_cv_8km_p45deg,0.14444444444444443,False,M,-16.026126655695204,8.421233335753909,0.10231086499846179,80.5889616903079,0.0,589.8961588066944,9.165725883006586e-13,1.157868459635978,487.52789736327935,35.0,1077.4240561699737,7.481233963848102,18.104263972686045,45.0,"{""3"": 90}","{""apn_mode"": 0, ""capture_mode"": 1, ""kinematics_source"": 0, ""lead_mode"": 2, ""pn_mode"": 3}",8.0,1.206950931512403,"{""1"": 90}",90,analytic_track_quadratic_no_apn
tail,45.0,M45,guidance_exact_cv_8km_p45deg,0.13186813186813187,False,M,-16.97718393100678,9.088612401894833,0.1089189494053895,80.2644492818892,0.0,465.62999012184906,1.1368683772161603e-13,0.7545552696498602,324.09054108362585,35.0,526.0457767755951,7.521994657793355,19.25719379755659,45.0,"{""0"": 1, ""3"": 90}","{""apn_mode"": 0, ""capture_mode"": 1, ""kinematics_source"": 0, ""lead_mode"": 1, ""pn_mode"": 3}",8.0,1.283812919837106,"{""0"": 1, ""1"": 90}",91,analytic_track_velocity_no_apn
tail,45.0,M45,guidance_exact_cv_8km_p45deg,0.05747126436781609,True,M,-13.159600666176939,6.865388149641634,0.08407199745944871,79.29440161700379,0.0,2968.6133460500882,1.8189894035458565e-12,25.526265273440103,7824.821639774998,35.0,10793.434985825086,7.186528178778956,14.843035816141114,45.0,"{""3"": 87}","{""apn_mode"": 0, ""capture_mode"": 1, ""kinematics_source"": 1, ""lead_mode"": 1, ""pn_mode"": 3}",8.0,0.9895357210760742,"{""2"": 87}",87,analytic_truth_velocity_no_apn
tail,45.0,M45,guidance_exact_cv_8km_p45deg,0.05747126436781609,True,M,-13.159600666176939,6.865388149641634,0.08407199745944871,79.29440161700379,0.0,2968.6133460500882,1.8189894035458565e-12,25.526265273440103,7824.821639774998,35.0,10793.434985825086,7.186528178778956,14.843035816141114,45.0,"{""3"": 87}","{""apn_mode"": 0, ""capture_mode"": 1, ""kinematics_source"": 1, ""lead_mode"": 2, ""pn_mode"": 3}",8.0,0.9895357210760742,"{""2"": 87}",87,analytic_truth_quadratic_no_apn
tail,45.0,M45,guidance_exact_cv_8km_p45deg,0.05747126436781609,True,M,-13.159600666176939,6.865388149641634,0.08407199745944871,79.29440161700379,0.0,2968.6133460500882,1.8189894035458565e-12,25.526265273440103,7824.821639774998,35.0,10793.434985825086,7.186528178778956,14.843035816141114,45.0,"{""3"": 87}","{""apn_mode"": 1, ""capture_mode"": 1, ""kinematics_source"": 1, ""lead_mode"": 1, ""pn_mode"": 3}",8.0,0.9895357210760742,"{""2"": 87}",87,analytic_truth_velocity_apn
tail,45.0,M45,guidance_exact_cv_8km_p45deg,0.05555555555555555,False,M,-22.66588601482196,10.270066199068236,0.1380942404471118,83.44443465346473,0.0,1804.6283840359365,1.9426815345735873e-12,1.6997812918098807,83.6815118461006,35.0,1888.3098958820367,7.476107760863902,24.88444732336607,45.0,"{""1"": 90}","{""apn_mode"": 0, ""capture_mode"": 1, ""kinematics_source"": 1, ""lead_mode"": 1, ""pn_mode"": 0}",8.0,1.6589631548910715,"{""2"": 90}",90,legacy_truth_velocity_no_apn
tail,-60.0,stress60,guidance_exact_cv_8km_m60deg,0.18421052631578946,False,M,-210.9453532719184,-67.42427047669827,0.6735567109056293,99.68957853476896,5.675542236526154,241.61659141890112,2.206117911819664e-13,0.14519513617828825,19.673390869736675,35.00000000000001,250.56073647514359,9.484766487753888,221.45976608624034,60.0,"{""0"": 4, ""1"": 110}","{""apn_mode"": 1, ""capture_mode"": 1, ""kinematics_source"": 0, ""lead_mode"": 2, ""pn_mode"": 0}",8.0,14.763984405749357,"{""0"": 13, ""1"": 101}",114,legacy_full_track_quadratic
tail,-60.0,stress60,guidance_exact_cv_8km_m60deg,0.0,False,M,-1603.0933503366132,-879.9682182287448,3.756006690997408,82.09279443493767,2.979256378487376,0.0,1.0048591735576161e-13,0.10611079451166124,32.27437800778819,34.75860900858053,34.75860900858053,10.358646388922452,1828.733567956907,60.0,"{""0"": 47, ""1"": 78}","{""apn_mode"": 1, ""capture_mode"": 0, ""kinematics_source"": 0, ""lead_mode"": 2, ""pn_mode"": 0}",8.0,121.91557119712714,"{""0"": 56, ""1"": 69}",125,legacy_no_capture
tail,-60.0,stress60,guidance_exact_cv_8km_m60deg,0.09701492537313433,False,M,-819.4851191711197,-331.4580651834408,2.3566562569853597,96.12298317498794,3.748773456514888,35.238133385611775,7.93814897246546e-14,0.0,0.0,35.0,37.74539756084611,11.166667249053717,883.9829542173129,60.0,"{""0"": 134}","{""apn_mode"": 1, ""capture_mode"": 1, ""kinematics_source"": 0, ""lead_mode"": 2, ""pn_mode"": 1}",8.0,58.93219694782086,"{""0"": 42, ""1"": 92}",134,legacy_no_pn
tail,-60.0,stress60,guidance_exact_cv_8km_m60deg,0.1694915254237288,False,M,-274.3235414049567,-95.1044237122743,0.8481794519913368,99.69557665008422,0.0,183.09976190343272,1.5106345774618504e-13,0.12192435835427586,20.740072907798016,35.0,190.2200623594963,9.809556437000744,290.34285971413794,60.0,"{""0"": 7, ""1"": 111}","{""apn_mode"": 0, ""capture_mode"": 1, ""kinematics_source"": 0, ""lead_mode"": 2, ""pn_mode"": 0}",8.0,19.356190647609196,"{""0"": 16, ""1"": 102}",118,legacy_no_apn
tail,-60.0,stress60,guidance_exact_cv_8km_m60deg,0.12727272727272726,False,M,-421.07112777027857,-110.102397920314,1.4333131359879425,94.57992922110478,5.605987115882487,19.589815723918207,2.0255597117556704e-13,0.15314997631212843,19.87643563748772,35.0,43.97395051733525,9.139052291629831,435.2303838843091,60.0,"{""0"": 16, ""1"": 94}","{""apn_mode"": 1, ""capture_mode"": 1, ""kinematics_source"": 0, ""lead_mode"": 0, ""pn_mode"": 0}",8.0,29.015358925620607,"{""0"": 24, ""1"": 86}",110,legacy_no_lead
tail,-60.0,stress60,guidance_exact_cv_8km_m60deg,0.16806722689075632,False,M,-283.56501309797136,-99.11090779305846,0.8737513570525489,99.57803831500961,0.0,180.59439221463148,9.947598300641403e-14,0.11827704142695745,20.919885909218657,35.0,187.58539761182467,9.865073216080935,300.3878362022182,60.0,"{""0"": 8, ""1"": 111}","{""apn_mode"": 0, ""capture_mode"": 1, ""kinematics_source"": 0, ""lead_mode"": 1, ""pn_mode"": 0}",8.0,20.025855746814546,"{""0"": 17, ""1"": 102}",119,legacy_track_velocity_no_apn
tail,-60.0,stress60,guidance_exact_cv_8km_m60deg,0.0,False,M,-1603.0933503366132,-879.9682182287448,3.756006690997408,82.09279443493767,2.979256378487376,0.0,1.0048591735576161e-13,0.10611079451166124,32.27437800778819,34.75860900858053,34.75860900858053,10.358646388922452,1828.733567956907,60.0,"{""0"": 47, ""1"": 78}","{""apn_mode"": 1, ""capture_mode"": 0, ""kinematics_source"": 0, ""lead_mode"": 0, ""pn_mode"": 0}",8.0,121.91557119712714,"{""0"": 56, ""1"": 69}",125,legacy_no_capture_no_lead
tail,-60.0,stress60,guidance_exact_cv_8km_m60deg,0.2222222222222222,False,M,-109.33043577854883,-34.78248176089569,0.35035167497761255,101.9003749546761,5.688079650999582,465.1982646612118,1.4210854715202004e-13,0.19086669542678264,65.5397898052594,35.0,399.658474855957,9.684115901195206,114.73050148618134,60.0,"{""2"": 117}","{""apn_mode"": 1, ""capture_mode"": 1, ""kinematics_source"": 0, ""lead_mode"": 2, ""pn_mode"": 2}",8.0,7.648700099078756,"{""0"": 8, ""1"": 109}",117,history_full_track_quadratic
tail,-60.0,stress60,guidance_exact_cv_8km_m60deg,0.20491803278688525,False,M,-147.006989831268,-48.514550296394845,0.46418861135030914,102.7255718804156,0.0,355.77655084677406,1.3406493525361332e-13,0.15382501507476284,50.57694937535573,35.0,305.1996014714228,10.115709266477346,154.80611138058768,60.0,"{""0"": 1, ""2"": 121}","{""apn_mode"": 0, ""capture_mode"": 1, ""kinematics_source"": 0, ""lead_mode"": 2, ""pn_mode"": 2}",8.0,10.320407425372512,"{""0"": 10, ""1"": 112}",122,history_track_quadratic_no_apn
tail,-60.0,stress60,guidance_exact_cv_8km_m60deg,0.2032520325203252,False,M,-153.45858553321932,-50.85599360644904,0.48371841017013045,102.9125207566734,0.0,350.36663504937746,1.3406493525361332e-13,0.1506020925565078,49.251210058194346,35.0,301.1154249911875,10.181613174872327,161.66664326030875,60.0,"{""0"": 2, ""2"": 121}","{""apn_mode"": 0, ""capture_mode"": 1, ""kinematics_source"": 0, ""lead_mode"": 1, ""pn_mode"": 2}",8.0,10.777776217353916,"{""0"": 11, ""1"": 112}",123,history_track_velocity_no_apn
tail,-60.0,stress60,guidance_exact_cv_8km_m60deg,0.21875,False,M,-217.56090012392363,-85.07190760068633,0.6374303333687011,103.40915950029046,0.0,268.4935191248095,1.1368683772161603e-13,0.11347881824990289,35.68223764978353,35.0,268.4935191248095,10.60246103760604,233.60304159616902,60.0,"{""0"": 14, ""3"": 114}","{""apn_mode"": 0, ""capture_mode"": 1, ""kinematics_source"": 0, ""lead_mode"": 2, ""pn_mode"": 3}",8.0,15.573536106411268,"{""0"": 14, ""1"": 114}",128,analytic_track_quadratic_no_apn
tail,-60.0,stress60,guidance_exact_cv_8km_m60deg,0.2109375,False,M,-224.8972929177998,-87.9100750577312,0.6589917680153211,103.77220052505801,0.0,246.57491010481166,1.1368683772161603e-13,0.11698602859139405,36.38831475789533,35.0,246.57491010481166,10.66464218394255,241.46926911837215,60.0,"{""0"": 13, ""3"": 115}","{""apn_mode"": 0, ""capture_mode"": 1, ""kinematics_source"": 0, ""lead_mode"": 1, ""pn_mode"": 3}",8.0,16.097951274558145,"{""0"": 13, ""1"": 115}",128,analytic_track_velocity_no_apn
tail,-60.0,stress60,guidance_exact_cv_8km_m60deg,0.2,False,M,-20.34223265451566,1.20545791420863,0.0945701163872029,117.26225129871419,0.0,293.9392312614293,5.084229945850415e-13,5.21596050768836,1183.8778552224476,35.0,1477.817086483877,9.582507391947978,20.378137835933053,60.0,"{""3"": 115}","{""apn_mode"": 0, ""capture_mode"": 1, ""kinematics_source"": 1, ""lead_mode"": 1, ""pn_mode"": 3}",8.0,1.358542522395537,"{""2"": 115}",115,analytic_truth_velocity_no_apn
tail,-60.0,stress60,guidance_exact_cv_8km_m60deg,0.2,False,M,-20.34223265451566,1.20545791420863,0.0945701163872029,117.26225129871419,0.0,293.9392312614293,5.084229945850415e-13,5.21596050768836,1183.8778552224476,35.0,1477.817086483877,9.582507391947978,20.378137835933053,60.0,"{""3"": 115}","{""apn_mode"": 0, ""capture_mode"": 1, ""kinematics_source"": 1, ""lead_mode"": 2, ""pn_mode"": 3}",8.0,1.358542522395537,"{""2"": 115}",115,analytic_truth_quadratic_no_apn
tail,-60.0,stress60,guidance_exact_cv_8km_m60deg,0.2,False,M,-20.34223265451566,1.20545791420863,0.0945701163872029,117.26225129871419,0.0,293.9392312614293,5.084229945850415e-13,5.21596050768836,1183.8778552224476,35.0,1477.817086483877,9.582507391947978,20.378137835933053,60.0,"{""3"": 115}","{""apn_mode"": 1, ""capture_mode"": 1, ""kinematics_source"": 1, ""lead_mode"": 1, ""pn_mode"": 3}",8.0,1.358542522395537,"{""2"": 115}",115,analytic_truth_velocity_apn
tail,-60.0,stress60,guidance_exact_cv_8km_m60deg,0.13333333333333333,False,M,-100.43360844890728,-8.421531872585875,0.40861349955739096,107.61818354612873,0.0,28.811396618656183,1.1741436530357944e-13,0.12184791671974186,20.822813123756074,35.0,43.88563335496072,9.920867309261308,100.78689830598722,60.0,"{""0"": 9, ""1"": 111}","{""apn_mode"": 0, ""capture_mode"": 1, ""kinematics_source"": 1, ""lead_mode"": 1, ""pn_mode"": 0}",8.0,6.719126553732481,"{""0"": 9, ""2"": 111}",120,legacy_truth_velocity_no_apn
tail,60.0,stress60,guidance_exact_cv_8km_p60deg,0.18421052631578946,False,M,-210.88556332254953,67.60431066214521,1.1705958071803892,99.68957853476874,5.675542236526154,241.61659141889965,1.9328852131274408e-13,0.14519513617828825,19.673390869736675,35.0,250.56073647514194,9.484766552529688,221.45977949170938,60.0,"{""0"": 4, ""1"": 110}","{""apn_mode"": 1, ""capture_mode"": 1, ""kinematics_source"": 0, ""lead_mode"": 2, ""pn_mode"": 0}",8.0,14.763985299447292,"{""0"": 13, ""1"": 101}",114,legacy_full_track_quadratic
tail,60.0,stress60,guidance_exact_cv_8km_p60deg,0.0,False,M,-1602.313305919403,881.336351990664,10.239353676721437,82.09279443493773,2.9792563784873614,0.0,1.102090973348809e-13,0.10611079451166124,32.27437800778819,34.75860900858056,34.75860900858056,10.358646444388324,1828.7335891349223,60.0,"{""0"": 47, ""1"": 78}","{""apn_mode"": 1, ""capture_mode"": 0, ""kinematics_source"": 0, ""lead_mode"": 2, ""pn_mode"": 0}",8.0,121.91557260899482,"{""0"": 56, ""1"": 69}",125,legacy_no_capture
tail,60.0,stress60,guidance_exact_cv_8km_p60deg,0.09701492537313433,False,M,-819.1912109221912,332.1575199426634,4.799419491620152,96.12298317498794,3.748773456514888,35.238133385611775,7.93814897246546e-14,0.0,0.0,35.0,37.74539756084611,11.166667249053717,883.9829707262937,60.0,"{""0"": 134}","{""apn_mode"": 1, ""capture_mode"": 1, ""kinematics_source"": 0, ""lead_mode"": 2, ""pn_mode"": 1}",8.0,58.93219804841958,"{""0"": 42, ""1"": 92}",134,legacy_no_pn
tail,60.0,stress60,guidance_exact_cv_8km_p60deg,0.1694915254237288,False,M,-274.239209867346,95.33855629814946,1.5491984754449042,99.69557665008436,0.0,183.0997619034328,1.3083251757779753e-13,0.12192435835427586,20.74007290779802,35.0,190.22006235949644,9.809556502082996,290.34287413607717,60.0,"{""0"": 7, ""1"": 111}","{""apn_mode"": 0, ""capture_mode"": 1, ""kinematics_source"": 0, ""lead_mode"": 2, ""pn_mode"": 0}",8.0,19.35619160907181,"{""0"": 16, ""1"": 102}",118,legacy_no_apn
tail,60.0,stress60,guidance_exact_cv_8km_p60deg,0.12727272727272726,False,M,-420.97345302328654,110.46179269233001,2.2452080631038136,94.57992922110478,5.605987115882487,19.589815723918207,2.0537952873920312e-13,0.15314997631212843,19.87643563748772,35.0,43.97395051733525,9.139052347925015,435.23039502589785,60.0,"{""0"": 16, ""1"": 94}","{""apn_mode"": 1, ""capture_mode"": 1, ""kinematics_source"": 0, ""lead_mode"": 0, ""pn_mode"": 0}",8.0,29.01535966839319,"{""0"": 24, ""1"": 86}",110,legacy_no_lead
tail,60.0,stress60,guidance_exact_cv_8km_p60deg,0.16806722689075632,False,M,-283.477129296176,99.35292783270906,1.6042950810994756,99.57803831500961,0.0,180.59439221463123,1.233896894832203e-13,0.11827704142695745,20.919885909218657,35.0,187.5853976118244,9.865073281135528,300.3878507290859,60.0,"{""0"": 8, ""1"": 111}","{""apn_mode"": 0, ""capture_mode"": 1, ""kinematics_source"": 0, ""lead_mode"": 1, ""pn_mode"": 0}",8.0,20.025856715272393,"{""0"": 17, ""1"": 102}",119,legacy_track_velocity_no_apn
tail,60.0,stress60,guidance_exact_cv_8km_p60deg,0.0,False,M,-1602.313305919403,881.336351990664,10.239353676721437,82.09279443493773,2.9792563784873614,0.0,1.102090973348809e-13,0.10611079451166124,32.27437800778819,34.75860900858056,34.75860900858056,10.358646444388324,1828.7335891349223,60.0,"{""0"": 47, ""1"": 78}","{""apn_mode"": 1, ""capture_mode"": 0, ""kinematics_source"": 0, ""lead_mode"": 0, ""pn_mode"": 0}",8.0,121.91557260899482,"{""0"": 56, ""1"": 69}",125,legacy_no_capture_no_lead
tail,60.0,stress60,guidance_exact_cv_8km_p60deg,0.2222222222222222,False,M,-109.29959759238238,34.87579158846436,0.6067632328415751,101.90037495467624,5.688079650999582,465.1982646612078,2.278173318171838e-13,0.19086669542678245,65.53978980525912,35.0,399.6584748559487,9.68411596974168,114.73051483541526,60.0,"{""2"": 117}","{""apn_mode"": 1, ""capture_mode"": 1, ""kinematics_source"": 0, ""lead_mode"": 2, ""pn_mode"": 2}",8.0,7.6487009890276845,"{""0"": 8, ""1"": 109}",117,history_full_track_quadratic
tail,60.0,stress60,guidance_exact_cv_8km_p60deg,0.20491803278688525,False,M,-146.96397421339708,48.64001746255257,0.8218137930160586,102.7255718804156,0.0,355.77655084677406,1.3406493525361332e-13,0.15382501507476284,50.57694937535573,35.0,305.1996014714228,10.115709335540515,154.8061251800581,60.0,"{""0"": 1, ""2"": 121}","{""apn_mode"": 0, ""capture_mode"": 1, ""kinematics_source"": 0, ""lead_mode"": 2, ""pn_mode"": 2}",8.0,10.320408345337206,"{""0"": 10, ""1"": 112}",122,history_track_quadratic_no_apn
tail,60.0,stress60,guidance_exact_cv_8km_p60deg,0.2032520325203252,False,M,-153.41349352027393,50.98696726694856,0.8586015265696159,102.9125207566734,0.0,350.36663504937746,1.3406493525361332e-13,0.1506020925565078,49.251210058194346,35.0,301.1154249911875,10.181613244088327,161.6666571119641,60.0,"{""0"": 2, ""2"": 121}","{""apn_mode"": 0, ""capture_mode"": 1, ""kinematics_source"": 0, ""lead_mode"": 1, ""pn_mode"": 2}",8.0,10.777777140797607,"{""0"": 11, ""1"": 112}",123,history_track_velocity_no_apn
tail,60.0,stress60,guidance_exact_cv_8km_p60deg,0.21875,False,M,-217.48547793908708,85.25759017405245,1.2644118080958022,103.40915950029046,0.0,268.4935191248095,1.1368683772161603e-13,0.11347881824990289,35.68223764978353,35.0,268.4935191248095,10.60246110768238,233.60305762960442,60.0,"{""0"": 14, ""3"": 114}","{""apn_mode"": 0, ""capture_mode"": 1, ""kinematics_source"": 0, ""lead_mode"": 2, ""pn_mode"": 3}",8.0,15.573537175306962,"{""0"": 14, ""1"": 114}",128,analytic_track_quadratic_no_apn
tail,60.0,stress60,guidance_exact_cv_8km_p60deg,0.2109375,False,M,-224.81935396806165,88.1020192004515,1.3068908312754155,103.77220052505801,0.0,246.57491010481166,1.1368683772161603e-13,0.11698602859139405,36.38831475789533,35.0,246.57491010481166,10.664642254140556,241.46928514711377,60.0,"{""0"": 13, ""3"": 115}","{""apn_mode"": 0, ""capture_mode"": 1, ""kinematics_source"": 0, ""lead_mode"": 1, ""pn_mode"": 3}",8.0,16.097952343140918,"{""0"": 13, ""1"": 115}",128,analytic_track_velocity_no_apn
tail,60.0,stress60,guidance_exact_cv_8km_p60deg,0.2,False,M,-20.343290158802727,-1.188102370573629,0.08575943040901331,117.26225129871419,0.0,293.9392312614293,5.084229945850415e-13,5.21596050768836,1183.8778552224476,35.0,1477.817086483877,9.582507481041917,20.378135253454932,60.0,"{""3"": 115}","{""apn_mode"": 0, ""capture_mode"": 1, ""kinematics_source"": 1, ""lead_mode"": 1, ""pn_mode"": 3}",8.0,1.3585423502303289,"{""2"": 115}",115,analytic_truth_velocity_no_apn
tail,60.0,stress60,guidance_exact_cv_8km_p60deg,0.2,False,M,-20.343290158802727,-1.188102370573629,0.08575943040901331,117.26225129871419,0.0,293.9392312614293,5.084229945850415e-13,5.21596050768836,1183.8778552224476,35.0,1477.817086483877,9.582507481041917,20.378135253454932,60.0,"{""3"": 115}","{""apn_mode"": 0, ""capture_mode"": 1, ""kinematics_source"": 1, ""lead_mode"": 2, ""pn_mode"": 3}",8.0,1.3585423502303289,"{""2"": 115}",115,analytic_truth_quadratic_no_apn
tail,60.0,stress60,guidance_exact_cv_8km_p60deg,0.2,False,M,-20.343290158802727,-1.188102370573629,0.08575943040901331,117.26225129871419,0.0,293.9392312614293,5.084229945850415e-13,5.21596050768836,1183.8778552224476,35.0,1477.817086483877,9.582507481041917,20.378135253454932,60.0,"{""3"": 115}","{""apn_mode"": 1, ""capture_mode"": 1, ""kinematics_source"": 1, ""lead_mode"": 1, ""pn_mode"": 3}",8.0,1.3585423502303289,"{""2"": 115}",115,analytic_truth_velocity_apn
tail,60.0,stress60,guidance_exact_cv_8km_p60deg,0.13333333333333333,False,M,-100.42611455090807,8.50725322286659,0.47092822728762285,107.61818354612872,0.0,28.811396618656513,1.0048591735576161e-13,0.12184791671974186,20.82281312375608,35.0,43.88563335496073,9.920867379447504,100.7869019991453,60.0,"{""0"": 9, ""1"": 111}","{""apn_mode"": 0, ""capture_mode"": 1, ""kinematics_source"": 1, ""lead_mode"": 1, ""pn_mode"": 0}",8.0,6.71912679994302,"{""0"": 9, ""2"": 111}",120,legacy_truth_velocity_no_apn
tail,-60.0,O_near,guidance_exact_cv_10km_m60deg,0.08496732026143791,False,O,-569.590372280674,-224.8316303773241,1.6588745814672115,98.55482723103411,3.6803366951173215,77.63851377710539,1.0146059682770074e-13,0.08146072337664254,18.74830846769814,35.0,81.57499375484308,12.682876092839212,612.3603563897975,60.0,"{""0"": 22, ""1"": 131}","{""apn_mode"": 1, ""capture_mode"": 1, ""kinematics_source"": 0, ""lead_mode"": 2, ""pn_mode"": 0}",10.0,40.824023759319836,"{""0"": 31, ""1"": 122}",153,legacy_full_track_quadratic
tail,-60.0,O_near,guidance_exact_cv_10km_m60deg,0.0,False,O,-2140.1516947088526,-1295.4799346734724,4.569295791004856,81.23354992712726,1.964854414652455,0.0,1.001576242791481e-13,0.092266282487352,30.7557914261689,32.44170529933689,32.44170529933689,13.249441068057182,2501.7071003558317,60.0,"{""0"": 65, ""1"": 94}","{""apn_mode"": 1, ""capture_mode"": 0, ""kinematics_source"": 0, ""lead_mode"": 2, ""pn_mode"": 0}",10.0,166.78047335705546,"{""0"": 74, ""1"": 85}",159,legacy_no_capture
tail,-60.0,O_near,guidance_exact_cv_10km_m60deg,0.0,False,O,-1525.3358397460258,-707.3528211379949,4.052419654450944,91.17166831439576,2.1436689663278976,31.599137662976908,4.650019076531615e-14,0.0,0.0,33.28342039760254,33.28342039760254,14.6390457819402,1681.3726117939025,60.0,"{""0"": 176}","{""apn_mode"": 1, ""capture_mode"": 1, ""kinematics_source"": 0, ""lead_mode"": 2, ""pn_mode"": 1}",10.0,112.09150745292683,"{""0"": 76, ""1"": 100}",176,legacy_no_pn
tail,-60.0,O_near,guidance_exact_cv_10km_m60deg,0.08280254777070063,False,O,-663.7661087499159,-264.11237181935223,1.925165952320918,97.55575012158766,0.0,51.32241696509729,7.105427357601002e-14,0.07897186141291007,19.88373525222336,35.0,54.321994847123676,13.027097092501915,714.3839992168031,60.0,"{""0"": 27, ""1"": 130}","{""apn_mode"": 0, ""capture_mode"": 1, ""kinematics_source"": 0, ""lead_mode"": 2, ""pn_mode"": 0}",10.0,47.625599947786874,"{""0"": 35, ""1"": 122}",157,legacy_no_apn
tail,-60.0,O_near,guidance_exact_cv_10km_m60deg,0.06756756756756757,False,O,-724.5714381621757,-243.9404593227166,2.264797029442215,92.70296759964256,3.62590845929885,15.692196298178924,8.495263520673624e-14,0.10536086614800683,18.932888132534988,35.0,37.77596850687136,12.262675470916392,764.536360155988,60.0,"{""0"": 30, ""1"": 118}","{""apn_mode"": 1, ""capture_mode"": 1, ""kinematics_source"": 0, ""lead_mode"": 0, ""pn_mode"": 0}",10.0,50.969090677065864,"{""0"": 39, ""1"": 109}",148,legacy_no_lead
tail,-60.0,O_near,guidance_exact_cv_10km_m60deg,0.08280254777070063,False,O,-675.1325878482099,-269.19100174042194,1.9560622162691699,97.14900751572739,0.0,56.35846218774237,7.496562604817282e-14,0.07884560148166063,19.9954087357651,35.0,59.59154470816629,13.057149431207094,726.8229720998277,60.0,"{""0"": 27, ""1"": 130}","{""apn_mode"": 0, ""capture_mode"": 1, ""kinematics_source"": 0, ""lead_mode"": 1, ""pn_mode"": 0}",10.0,48.45486480665518,"{""0"": 36, ""1"": 121}",157,legacy_track_velocity_no_apn
tail,-60.0,O_near,guidance_exact_cv_10km_m60deg,0.0,False,O,-2140.1516947088526,-1295.4799346734724,4.569295791004856,81.23354992712726,1.964854414652455,0.0,1.001576242791481e-13,0.092266282487352,30.7557914261689,32.44170529933689,32.44170529933689,13.249441068057182,2501.7071003558317,60.0,"{""0"": 65, ""1"": 94}","{""apn_mode"": 1, ""capture_mode"": 0, ""kinematics_source"": 0, ""lead_mode"": 0, ""pn_mode"": 0}",10.0,166.78047335705546,"{""0"": 74, ""1"": 85}",159,legacy_no_capture_no_lead
tail,-60.0,O_near,guidance_exact_cv_10km_m60deg,0.1375,False,O,-296.79007590087593,-115.1954328714791,0.8722238518473739,104.05089494085409,3.72741766350848,194.48995444052716,1.0845964142784046e-13,0.09460594889163472,28.119688509230393,35.0,166.37026593129673,13.27943830364404,318.36315377590853,60.0,"{""0"": 10, ""2"": 150}","{""apn_mode"": 1, ""capture_mode"": 1, ""kinematics_source"": 0, ""lead_mode"": 2, ""pn_mode"": 2}",10.0,21.224210251727236,"{""0"": 19, ""1"": 141}",160,history_full_track_quadratic
tail,-60.0,O_near,guidance_exact_cv_10km_m60deg,0.12574850299401197,False,O,-404.74855093174716,-169.4963324945769,1.1433415364076294,105.09764585855584,0.0,150.89428214710767,7.105427357601002e-14,0.07243915745616061,25.62413957690061,35.0,130.27629646869303,13.84263806808226,438.80713695236346,60.0,"{""0"": 16, ""2"": 151}","{""apn_mode"": 0, ""capture_mode"": 1, ""kinematics_source"": 0, ""lead_mode"": 2, ""pn_mode"": 2}",10.0,29.253809130157563,"{""0"": 25, ""1"": 142}",167,history_track_quadratic_no_apn
tail,-60.0,O_near,guidance_exact_cv_10km_m60deg,0.12574850299401197,False,O,-418.72930884463443,-174.61922784399562,1.1854828316433312,104.82491825811873,0.0,141.0164498618398,8.788928253162695e-14,0.07339296040086794,25.734668942015205,35.0,120.11742460242885,13.887934808712687,453.6821730990566,60.0,"{""0"": 16, ""2"": 151}","{""apn_mode"": 0, ""capture_mode"": 1, ""kinematics_source"": 0, ""lead_mode"": 1, ""pn_mode"": 2}",10.0,30.245478206603774,"{""0"": 25, ""1"": 142}",167,history_track_velocity_no_apn
tail,-60.0,O_near,guidance_exact_cv_10km_m60deg,0.14035087719298245,False,O,-521.6793792369333,-241.78392860258305,1.3873686890392234,103.51461621023081,0.0,111.54593396934568,5.684341886080802e-14,0.07284949645226432,26.009964671571186,35.0,111.54593396934568,14.18555397316738,574.9876239045589,60.0,"{""0"": 29, ""3"": 142}","{""apn_mode"": 0, ""capture_mode"": 1, ""kinematics_source"": 0, ""lead_mode"": 2, ""pn_mode"": 3}",10.0,38.332508260303925,"{""0"": 29, ""1"": 142}",171,analytic_track_quadratic_no_apn
tail,-60.0,O_near,guidance_exact_cv_10km_m60deg,0.13450292397660818,False,O,-531.7695829097157,-246.16679180128776,1.4152580592954518,103.30843922499598,0.0,107.5163964635199,4.0194366942304644e-14,0.07331180120817878,26.116154084364105,35.0,107.5163964635199,14.225129559825739,585.9854790428566,60.0,"{""0"": 29, ""3"": 142}","{""apn_mode"": 0, ""capture_mode"": 1, ""kinematics_source"": 0, ""lead_mode"": 1, ""pn_mode"": 3}",10.0,39.065698602857104,"{""0"": 29, ""1"": 142}",171,analytic_track_velocity_no_apn
tail,-60.0,O_near,guidance_exact_cv_10km_m60deg,0.09433962264150944,False,O,-82.13919196023728,-6.345999029448328,0.33642515982821286,110.63800150544077,0.0,47.45357885578935,6.355287432313019e-14,0.2167602971570021,59.242473170556806,35.0,40.30702493134257,13.242148742287336,82.38465719689938,60.0,"{""0"": 9, ""3"": 150}","{""apn_mode"": 0, ""capture_mode"": 1, ""kinematics_source"": 1, ""lead_mode"": 1, ""pn_mode"": 3}",10.0,5.492310479793292,"{""0"": 9, ""2"": 150}",159,analytic_truth_velocity_no_apn
tail,-60.0,O_near,guidance_exact_cv_10km_m60deg,0.09433962264150944,False,O,-82.13919196023728,-6.345999029448328,0.33642515982821286,110.63800150544077,0.0,47.45357885578935,6.355287432313019e-14,0.2167602971570021,59.242473170556806,35.0,40.30702493134257,13.242148742287336,82.38465719689938,60.0,"{""0"": 9, ""3"": 150}","{""apn_mode"": 0, ""capture_mode"": 1, ""kinematics_source"": 1, ""lead_mode"": 2, ""pn_mode"": 3}",10.0,5.492310479793292,"{""0"": 9, ""2"": 150}",159,analytic_truth_quadratic_no_apn
tail,-60.0,O_near,guidance_exact_cv_10km_m60deg,0.09433962264150944,False,O,-82.13919196023728,-6.345999029448328,0.33642515982821286,110.63800150544077,0.0,47.45357885578935,6.355287432313019e-14,0.2167602971570021,59.242473170556806,35.0,40.30702493134257,13.242148742287336,82.38465719689938,60.0,"{""0"": 9, ""3"": 150}","{""apn_mode"": 1, ""capture_mode"": 1, ""kinematics_source"": 1, ""lead_mode"": 1, ""pn_mode"": 3}",10.0,5.492310479793292,"{""0"": 9, ""2"": 150}",159,analytic_truth_velocity_apn
tail,-60.0,O_near,guidance_exact_cv_10km_m60deg,0.06832298136645963,False,O,-369.2591147416242,-72.81562367366742,1.3445422607669217,103.35748670598815,0.0,17.90588118582844,8.987733679556355e-14,0.07821913662794909,19.94630969961929,35.0,37.85219088544773,13.34351274441682,376.37244408251235,60.0,"{""0"": 30, ""1"": 131}","{""apn_mode"": 0, ""capture_mode"": 1, ""kinematics_source"": 1, ""lead_mode"": 1, ""pn_mode"": 0}",10.0,25.09149627216749,"{""0"": 30, ""2"": 131}",161,legacy_truth_velocity_no_apn
tail,60.0,O_near,guidance_exact_cv_10km_p60deg,0.08496732026143791,False,O,-569.391020964357,225.3177670028177,3.315870688687288,98.55482723103412,3.6803366951173215,77.6385137771054,1.0186942095899487e-13,0.08146072337664254,18.74830846769814,35.0,81.57499375484309,12.6828761589018,612.3603725588337,60.0,"{""0"": 22, ""1"": 131}","{""apn_mode"": 1, ""capture_mode"": 1, ""kinematics_source"": 0, ""lead_mode"": 2, ""pn_mode"": 0}",10.0,40.82402483725558,"{""0"": 31, ""1"": 122}",153,legacy_full_track_quadratic
tail,60.0,O_near,guidance_exact_cv_10km_p60deg,0.0,False,O,-2139.003396891384,1297.30636795197,14.113319848388683,81.23354992712727,1.964854414652455,0.0,7.990151003550338e-14,0.092266282487352,30.7557914261689,32.4417052993369,32.4417052993369,13.249441126181761,2501.707123153858,60.0,"{""0"": 65, ""1"": 94}","{""apn_mode"": 1, ""capture_mode"": 0, ""kinematics_source"": 0, ""lead_mode"": 2, ""pn_mode"": 0}",10.0,166.78047487692388,"{""0"": 74, ""1"": 85}",159,legacy_no_capture
tail,60.0,O_near,guidance_exact_cv_10km_p60deg,0.0,False,O,-1524.7087220064298,708.654640707492,9.264730955901632,91.17166831439576,2.1436689663278976,31.599137662976908,4.650019076531615e-14,0.0,0.0,33.28342039760254,33.28342039760254,14.639045851789447,1681.3726303227465,60.0,"{""0"": 176}","{""apn_mode"": 1, ""capture_mode"": 1, ""kinematics_source"": 0, ""lead_mode"": 2, ""pn_mode"": 1}",10.0,112.0915086881831,"{""0"": 76, ""1"": 100}",176,legacy_no_pn
tail,60.0,O_near,guidance_exact_cv_10km_p60deg,0.08280254777070063,False,O,-663.5319278842852,264.6788859467348,3.8716420682643995,97.55575012158766,0.0,51.322416965097275,7.105427357601002e-14,0.07897186141291007,19.883735252223364,35.0,54.321994847123655,13.027097158648415,714.3840154987695,60.0,"{""0"": 27, ""1"": 130}","{""apn_mode"": 0, ""capture_mode"": 1, ""kinematics_source"": 0, ""lead_mode"": 2, ""pn_mode"": 0}",10.0,47.6256010332513,"{""0"": 35, ""1"": 122}",157,legacy_no_apn
tail,60.0,O_near,guidance_exact_cv_10km_p60deg,0.06756756756756757,False,O,-724.3551003429911,244.55888546649732,4.062958954291278,92.70296759964256,3.62590845929885,15.692196298178924,8.742691777610069e-14,0.10536086614800683,18.93288813253499,35.0,37.77596850687136,12.262675531639431,764.5363742092221,60.0,"{""0"": 30, ""1"": 118}","{""apn_mode"": 1, ""capture_mode"": 1, ""kinematics_source"": 0, ""lead_mode"": 0, ""pn_mode"": 0}",10.0,50.969091613948144,"{""0"": 39, ""1"": 109}",148,legacy_no_lead
tail,60.0,O_near,guidance_exact_cv_10km_p60deg,0.08280254777070063,False,O,-674.8939041672601,269.767216861763,3.9399628272728378,97.14900751572743,0.0,56.35846218774261,8.644125458514252e-14,0.07884560148166063,19.995408735765103,35.0,59.591544708166545,13.057149497280038,726.8229884108986,60.0,"{""0"": 27, ""1"": 130}","{""apn_mode"": 0, ""capture_mode"": 1, ""kinematics_source"": 0, ""lead_mode"": 1, ""pn_mode"": 0}",10.0,48.45486589405991,"{""0"": 36, ""1"": 121}",157,legacy_track_velocity_no_apn
tail,60.0,O_near,guidance_exact_cv_10km_p60deg,0.0,False,O,-2139.003396891384,1297.30636795197,14.113319848388683,81.23354992712727,1.964854414652455,0.0,7.990151003550338e-14,0.092266282487352,30.7557914261689,32.4417052993369,32.4417052993369,13.249441126181761,2501.707123153858,60.0,"{""0"": 65, ""1"": 94}","{""apn_mode"": 1, ""capture_mode"": 0, ""kinematics_source"": 0, ""lead_mode"": 0, ""pn_mode"": 0}",10.0,166.78047487692388,"{""0"": 74, ""1"": 85}",159,legacy_no_capture_no_lead
tail,60.0,O_near,guidance_exact_cv_10km_p60deg,0.1375,False,O,-296.6879409194572,115.4487372524804,1.721223113589049,104.05089494085409,3.72741766350848,194.48995444052716,1.0845964142784046e-13,0.09460594889163472,28.119688509230393,35.0,166.37026593129673,13.279438375669397,318.36316971224244,60.0,"{""0"": 10, ""2"": 150}","{""apn_mode"": 1, ""capture_mode"": 1, ""kinematics_source"": 0, ""lead_mode"": 2, ""pn_mode"": 2}",10.0,21.224211314149496,"{""0"": 19, ""1"": 141}",160,history_full_track_quadratic
tail,60.0,O_near,guidance_exact_cv_10km_p60deg,0.12574850299401197,False,O,-404.59827740430643,169.84177493194582,2.392442245502075,105.09764585855584,0.0,150.89428214710767,7.105427357601002e-14,0.07243915745616061,25.62413957690061,35.0,130.27629646869303,13.84263814176048,438.80715396454457,60.0,"{""0"": 16, ""2"": 151}","{""apn_mode"": 0, ""capture_mode"": 1, ""kinematics_source"": 0, ""lead_mode"": 2, ""pn_mode"": 2}",10.0,29.25381026430297,"{""0"": 25, ""1"": 142}",167,history_track_quadratic_no_apn
tail,60.0,O_near,guidance_exact_cv_10km_p60deg,0.12574850299401197,False,O,-418.5744922355662,174.97660284606482,2.4723421312039346,104.82491825811873,0.0,141.0164498618398,8.788928253162695e-14,0.07339296040086794,25.734668942015205,35.0,120.11742460242885,13.887934882469255,453.6821900509489,60.0,"{""0"": 16, ""2"": 151}","{""apn_mode"": 0, ""capture_mode"": 1, ""kinematics_source"": 0, ""lead_mode"": 1, ""pn_mode"": 2}",10.0,30.24547933672993,"{""0"": 25, ""1"": 142}",167,history_track_velocity_no_apn
tail,60.0,O_near,guidance_exact_cv_10km_p60deg,0.14035087719298245,False,O,-521.4650318183707,242.22916187631026,3.169016765089786,103.51461621023081,0.0,111.54593396934568,5.684341886080802e-14,0.07284949645226432,26.009964671571186,35.0,111.54593396934568,14.18555404585793,574.9876424236359,60.0,"{""0"": 29, ""3"": 142}","{""apn_mode"": 0, ""capture_mode"": 1, ""kinematics_source"": 0, ""lead_mode"": 2, ""pn_mode"": 3}",10.0,38.332509494909054,"{""0"": 29, ""1"": 142}",171,analytic_track_quadratic_no_apn
tail,60.0,O_near,guidance_exact_cv_10km_p60deg,0.13450292397660818,False,O,-531.5513494179568,246.62063681422438,3.2292043981232714,103.30843922499598,0.0,107.5163964635199,4.0194366942304644e-14,0.07331180120817878,26.116154084364105,35.0,107.5163964635199,14.225129632534642,585.9854975438803,60.0,"{""0"": 29, ""3"": 142}","{""apn_mode"": 0, ""capture_mode"": 1, ""kinematics_source"": 0, ""lead_mode"": 1, ""pn_mode"": 3}",10.0,39.06569983625869,"{""0"": 29, ""1"": 142}",171,analytic_track_velocity_no_apn
tail,60.0,O_near,guidance_exact_cv_10km_p60deg,0.09433962264150944,False,O,-82.13354315853343,6.416104251125946,0.38340236653495124,110.63800150544077,0.0,47.45357885578935,6.355287432313019e-14,0.2167602971570021,59.242473170556806,35.0,40.30702493134257,13.242148821757153,82.38466060445155,60.0,"{""0"": 9, ""3"": 150}","{""apn_mode"": 0, ""capture_mode"": 1, ""kinematics_source"": 1, ""lead_mode"": 1, ""pn_mode"": 3}",10.0,5.492310706963437,"{""0"": 9, ""2"": 150}",159,analytic_truth_velocity_no_apn
tail,60.0,O_near,guidance_exact_cv_10km_p60deg,0.09433962264150944,False,O,-82.13354315853343,6.416104251125946,0.38340236653495124,110.63800150544077,0.0,47.45357885578935,6.355287432313019e-14,0.2167602971570021,59.242473170556806,35.0,40.30702493134257,13.242148821757153,82.38466060445155,60.0,"{""0"": 9, ""3"": 150}","{""apn_mode"": 0, ""capture_mode"": 1, ""kinematics_source"": 1, ""lead_mode"": 2, ""pn_mode"": 3}",10.0,5.492310706963437,"{""0"": 9, ""2"": 150}",159,analytic_truth_quadratic_no_apn
tail,60.0,O_near,guidance_exact_cv_10km_p60deg,0.09433962264150944,False,O,-82.13354315853343,6.416104251125946,0.38340236653495124,110.63800150544077,0.0,47.45357885578935,6.355287432313019e-14,0.2167602971570021,59.242473170556806,35.0,40.30702493134257,13.242148821757153,82.38466060445155,60.0,"{""0"": 9, ""3"": 150}","{""apn_mode"": 1, ""capture_mode"": 1, ""kinematics_source"": 1, ""lead_mode"": 1, ""pn_mode"": 3}",10.0,5.492310706963437,"{""0"": 9, ""2"": 150}",159,analytic_truth_velocity_apn
tail,60.0,O_near,guidance_exact_cv_10km_p60deg,0.06832298136645963,False,O,-369.1944849991451,73.13080249842908,1.8817698306989643,103.35748670598815,0.0,17.90588118582844,9.099386826154683e-14,0.07821913662794909,19.946309699619295,35.0,37.85219088544773,13.343512818103221,376.3724526124939,60.0,"{""0"": 30, ""1"": 131}","{""apn_mode"": 0, ""capture_mode"": 1, ""kinematics_source"": 1, ""lead_mode"": 1, ""pn_mode"": 0}",10.0,25.091496840832924,"{""0"": 30, ""2"": 131}",161,legacy_truth_velocity_no_apn
tail,-45.0,O_near,guidance_exact_cv_12km_m45deg,0.032467532467532464,False,O,-44.76256860677898,-18.570221113958326,0.12830202784169986,99.48201459072129,2.2447064368605574,592.5537507700408,8.049405734471754e-13,0.6643103046060137,30.974743356678733,35.0,617.4673227202071,12.821203922498649,48.46191413788951,45.0,"{""1"": 154}","{""apn_mode"": 1, ""capture_mode"": 1, ""kinematics_source"": 0, ""lead_mode"": 2, ""pn_mode"": 0}",12.0,3.2307942758593007,"{""0"": 2, ""1"": 152}",154,legacy_full_track_quadratic
tail,-45.0,O_near,guidance_exact_cv_12km_m45deg,0.0,False,O,-282.3502379977434,-125.76210743938715,0.7702956302353297,89.35718249044679,1.478264918365262,0.0,2.6299681399168757e-13,0.3067941034699027,26.207436453624975,27.37706679536402,27.37706679536402,14.583918468265011,309.09279823434235,45.0,"{""0"": 5, ""1"": 171}","{""apn_mode"": 1, ""capture_mode"": 0, ""kinematics_source"": 0, ""lead_mode"": 2, ""pn_mode"": 0}",12.0,20.606186548956156,"{""0"": 13, ""1"": 163}",176,legacy_no_capture
tail,-45.0,O_near,guidance_exact_cv_12km_m45deg,0.015625,False,O,-547.6853805096162,-257.7261757226737,1.4421380042115979,100.3728639423844,1.1582959220619886,75.82684682522954,4.430443710754243e-14,0.0,0.0,35.0,75.82684682522954,15.942139697436195,605.2967350305297,45.0,"{""0"": 192}","{""apn_mode"": 1, ""capture_mode"": 1, ""kinematics_source"": 0, ""lead_mode"": 2, ""pn_mode"": 1}",12.0,40.35311566870198,"{""0"": 30, ""1"": 162}",192,legacy_no_pn
tail,-45.0,O_near,guidance_exact_cv_12km_m45deg,0.025157232704402517,False,O,-51.87582996027659,-21.08817875346365,0.150069073908372,100.33119340989768,0.0,706.6038418875486,4.263256414560601e-13,0.5829235330649379,32.36501271384879,35.0,738.9688546013973,13.180218440976077,55.998531569429716,45.0,"{""1"": 159}","{""apn_mode"": 0, ""capture_mode"": 1, ""kinematics_source"": 0, ""lead_mode"": 2, ""pn_mode"": 0}",12.0,3.733235437961981,"{""0"": 4, ""1"": 155}",159,legacy_no_apn
tail,-45.0,O_near,guidance_exact_cv_12km_m45deg,0.0,False,O,-206.273081672734,-51.598194450579555,0.7114541013247574,101.40035953066037,2.2207327855750654,41.06893853444523,3.697554072703522e-13,0.3519595762897393,19.497954184572727,29.27784196558022,29.27784196558022,12.875314726217468,212.6298757471867,45.0,"{""0"": 5, ""1"": 150}","{""apn_mode"": 1, ""capture_mode"": 1, ""kinematics_source"": 0, ""lead_mode"": 0, ""pn_mode"": 0}",12.0,14.175325049812447,"{""0"": 13, ""1"": 142}",155,legacy_no_lead
tail,-45.0,O_near,guidance_exact_cv_12km_m45deg,0.031446540880503145,False,O,-55.0988736264799,-22.099660478434995,0.16040842129162527,100.53652155001913,0.0,521.9325286600176,4.263256414560601e-13,0.5778131144329893,29.426986780291234,35.0,546.1694141808957,13.20831158666591,59.365870658404994,45.0,"{""1"": 159}","{""apn_mode"": 0, ""capture_mode"": 1, ""kinematics_source"": 0, ""lead_mode"": 1, ""pn_mode"": 0}",12.0,3.957724710560333,"{""0"": 3, ""1"": 156}",159,legacy_track_velocity_no_apn
tail,-45.0,O_near,guidance_exact_cv_12km_m45deg,0.0,False,O,-282.3502379977434,-125.76210743938715,0.7702956302353297,89.35718249044679,1.478264918365262,0.0,2.6299681399168757e-13,0.3067941034699027,26.207436453624975,27.37706679536402,27.37706679536402,14.583918468265011,309.09279823434235,45.0,"{""0"": 5, ""1"": 171}","{""apn_mode"": 1, ""capture_mode"": 0, ""kinematics_source"": 0, ""lead_mode"": 0, ""pn_mode"": 0}",12.0,20.606186548956156,"{""0"": 13, ""1"": 163}",176,legacy_no_capture_no_lead
tail,-45.0,O_near,guidance_exact_cv_12km_m45deg,0.032467532467532464,False,O,-20.262146421460898,-7.911327041293961,0.060644193935416126,97.26339325984728,2.564189933557924,587.8224258099766,1.3760747497474536e-13,1.0971443524680897,336.1929009721835,35.0,497.544121763729,12.775593155580754,21.75195050742059,45.0,"{""2"": 154}","{""apn_mode"": 1, ""capture_mode"": 1, ""kinematics_source"": 0, ""lead_mode"": 2, ""pn_mode"": 2}",12.0,1.4501300338280394,"{""0"": 1, ""1"": 153}",154,history_full_track_quadratic
tail,-45.0,O_near,guidance_exact_cv_12km_m45deg,0.031446540880503145,False,O,-22.13040719229317,-8.385164226467639,0.06705170891525024,98.36713459880883,0.0,1040.8727142212738,4.547473508864641e-13,0.9330880936006414,274.9727440190329,35.0,765.8999702022409,13.18111046875992,23.665806505022783,45.0,"{""2"": 159}","{""apn_mode"": 0, ""capture_mode"": 1, ""kinematics_source"": 0, ""lead_mode"": 2, ""pn_mode"": 2}",12.0,1.5777204336681856,"{""0"": 2, ""1"": 157}",159,history_track_quadratic_no_apn
tail,-45.0,O_near,guidance_exact_cv_12km_m45deg,0.025157232704402517,False,O,-23.203513305800445,-8.759210962543358,0.07035689026813663,99.70159084433931,0.0,668.0237076861254,5.684341886080802e-14,0.9518117476174134,279.364893173175,35.0,388.6588145129503,13.216607713618309,24.801849860661815,45.0,"{""2"": 159}","{""apn_mode"": 0, ""capture_mode"": 1, ""kinematics_source"": 0, ""lead_mode"": 1, ""pn_mode"": 2}",12.0,1.6534566573774543,"{""0"": 1, ""1"": 158}",159,history_track_velocity_no_apn
tail,-45.0,O_near,guidance_exact_cv_12km_m45deg,0.024691358024691357,False,O,-23.601107098882647,-8.85296664961416,0.07174659337279785,101.15522171259686,0.0,717.7832078761201,5.123796534383003e-14,0.8227306818191856,231.5860383076552,35.0,717.7832078761201,13.47533076778221,25.20699153738398,45.0,"{""0"": 1, ""3"": 161}","{""apn_mode"": 0, ""capture_mode"": 1, ""kinematics_source"": 0, ""lead_mode"": 2, ""pn_mode"": 3}",12.0,1.6804661024922654,"{""0"": 1, ""1"": 161}",162,analytic_track_quadratic_no_apn
tail,-45.0,O_near,guidance_exact_cv_12km_m45deg,0.03067484662576687,False,O,-25.88113820272124,-10.20186578155746,0.07672818667049107,100.07093398703584,0.0,851.263388663422,4.0194366942304644e-14,0.6835815595007453,195.67571703110372,35.0,851.263388663422,13.50900936125804,27.81936856414812,45.0,"{""0"": 2, ""3"": 161}","{""apn_mode"": 0, ""capture_mode"": 1, ""kinematics_source"": 0, ""lead_mode"": 1, ""pn_mode"": 3}",12.0,1.854624570943208,"{""0"": 2, ""1"": 161}",163,analytic_track_velocity_no_apn
tail,-45.0,O_near,guidance_exact_cv_12km_m45deg,0.032467532467532464,False,O,-15.947451044469373,-4.343395969136077,0.05495635859100033,100.82342026314952,0.0,1840.6623974045974,9.094947017729282e-13,29.11280055932933,3058.0920222313475,35.0,4898.754419635945,12.762399400948274,16.52843923550657,45.0,"{""3"": 154}","{""apn_mode"": 0, ""capture_mode"": 1, ""kinematics_source"": 1, ""lead_mode"": 1, ""pn_mode"": 3}",12.0,1.1018959490337714,"{""2"": 154}",154,analytic_truth_velocity_no_apn
tail,-45.0,O_near,guidance_exact_cv_12km_m45deg,0.032467532467532464,False,O,-15.947451044469373,-4.343395969136077,0.05495635859100033,100.82342026314952,0.0,1840.6623974045974,9.094947017729282e-13,29.11280055932933,3058.0920222313475,35.0,4898.754419635945,12.762399400948274,16.52843923550657,45.0,"{""3"": 154}","{""apn_mode"": 0, ""capture_mode"": 1, ""kinematics_source"": 1, ""lead_mode"": 2, ""pn_mode"": 3}",12.0,1.1018959490337714,"{""2"": 154}",154,analytic_truth_quadratic_no_apn
tail,-45.0,O_near,guidance_exact_cv_12km_m45deg,0.032467532467532464,False,O,-15.947451044469373,-4.343395969136077,0.05495635859100033,100.82342026314952,0.0,1840.6623974045974,9.094947017729282e-13,29.11280055932933,3058.0920222313475,35.0,4898.754419635945,12.762399400948274,16.52843923550657,45.0,"{""3"": 154}","{""apn_mode"": 1, ""capture_mode"": 1, ""kinematics_source"": 1, ""lead_mode"": 1, ""pn_mode"": 3}",12.0,1.1018959490337714,"{""2"": 154}",154,analytic_truth_velocity_apn
tail,-45.0,O_near,guidance_exact_cv_12km_m45deg,0.031446540880503145,False,O,-32.391132460295836,-3.9625594005596487,0.12811507038733363,110.02664732131362,0.0,954.5883322864943,4.687428401686771e-13,0.5688336164536177,55.86156599718188,35.0,898.7267662893125,13.23749938398574,32.6328630759651,45.0,"{""1"": 159}","{""apn_mode"": 0, ""capture_mode"": 1, ""kinematics_source"": 1, ""lead_mode"": 1, ""pn_mode"": 0}",12.0,2.17552420506434,"{""2"": 159}",159,legacy_truth_velocity_no_apn
tail,45.0,O_near,guidance_exact_cv_12km_p45deg,0.032467532467532464,False,O,-44.746118167228154,18.608421709974657,0.26515635878123933,99.48201459072129,2.2447064368605574,592.5537507700408,7.766580702032364e-13,0.6643103046060137,30.97474335667871,35.0,617.4673227202071,12.821203994193025,48.461931012562566,45.0,"{""1"": 154}","{""apn_mode"": 1, ""capture_mode"": 1, ""kinematics_source"": 0, ""lead_mode"": 2, ""pn_mode"": 0}",12.0,3.2307954008375046,"{""0"": 2, ""1"": 152}",154,legacy_full_track_quadratic
tail,45.0,O_near,guidance_exact_cv_12km_p45deg,0.0,False,O,-282.2387502570773,126.00308291092136,1.6970411912691137,89.35718249044679,1.478264918365262,0.0,2.735553542559731e-13,0.3067941034699027,26.207436453624975,27.37706679536402,27.37706679536402,14.583918532083784,309.0928161548532,45.0,"{""0"": 5, ""1"": 171}","{""apn_mode"": 1, ""capture_mode"": 0, ""kinematics_source"": 0, ""lead_mode"": 2, ""pn_mode"": 0}",12.0,20.606187743656882,"{""0"": 13, ""1"": 163}",176,legacy_no_capture
tail,45.0,O_near,guidance_exact_cv_12km_p45deg,0.015625,False,O,-547.4569021334904,258.1936029491262,3.3412343238451814,100.3728639423844,1.1582959220621167,75.82684682522944,3.457235211735345e-14,0.0,0.0,35.0,75.82684682522944,15.94213977230029,605.2967537863191,45.0,"{""0"": 192}","{""apn_mode"": 1, ""capture_mode"": 1, ""kinematics_source"": 0, ""lead_mode"": 2, ""pn_mode"": 1}",12.0,40.35311691908794,"{""0"": 30, ""1"": 162}",192,legacy_no_pn
tail,45.0,O_near,guidance_exact_cv_12km_p45deg,0.025157232704402517,False,O,-51.857146256397236,21.13245034818916,0.30548291178163595,100.33119340989685,0.0,706.6038418875268,6.022452254347028e-13,0.5829235330649527,32.36501271384758,35.0,738.9688546013743,13.18021851473981,55.99854815426392,45.0,"{""1"": 159}","{""apn_mode"": 0, ""capture_mode"": 1, ""kinematics_source"": 0, ""lead_mode"": 2, ""pn_mode"": 0}",12.0,3.7332365436175947,"{""0"": 4, ""1"": 155}",159,legacy_no_apn
tail,45.0,O_near,guidance_exact_cv_12km_p45deg,0.0,False,O,-206.22730949540065,51.77425068230208,1.091967223773017,101.40035953066037,2.2207327855750654,41.06893853444522,3.9139555044312746e-13,0.3519595762897393,19.497954184572727,29.27784196558022,29.27784196558022,12.875314801093982,212.6298864408382,45.0,"{""0"": 5, ""1"": 150}","{""apn_mode"": 1, ""capture_mode"": 1, ""kinematics_source"": 0, ""lead_mode"": 0, ""pn_mode"": 0}",12.0,14.175325762722546,"{""0"": 13, ""1"": 142}",155,legacy_no_lead
tail,45.0,O_near,guidance_exact_cv_12km_p45deg,0.031446540880503145,False,O,-55.07929260803962,22.146682870429203,0.32327889515788394,100.5365215500192,0.0,521.9325286600252,2.5579538487363607e-13,0.5778131144329893,29.426986780291408,35.0,546.1694141809033,13.20831166108102,59.36588705316785,45.0,"{""1"": 159}","{""apn_mode"": 0, ""capture_mode"": 1, ""kinematics_source"": 0, ""lead_mode"": 1, ""pn_mode"": 0}",12.0,3.9577258035445237,"{""0"": 3, ""1"": 156}",159,legacy_track_velocity_no_apn
tail,45.0,O_near,guidance_exact_cv_12km_p45deg,0.0,False,O,-282.2387502570773,126.00308291092136,1.6970411912691137,89.35718249044679,1.478264918365262,0.0,2.735553542559731e-13,0.3067941034699027,26.207436453624975,27.37706679536402,27.37706679536402,14.583918532083784,309.0928161548532,45.0,"{""0"": 5, ""1"": 171}","{""apn_mode"": 1, ""capture_mode"": 0, ""kinematics_source"": 0, ""lead_mode"": 0, ""pn_mode"": 0}",12.0,20.606187743656882,"{""0"": 13, ""1"": 163}",176,legacy_no_capture_no_lead
tail,45.0,O_near,guidance_exact_cv_12km_p45deg,0.032467532467532464,False,O,-20.25514599780103,7.928616460653739,0.11895095417544621,97.26339325984728,2.564189933557924,587.8224258099766,1.3760747497474536e-13,1.0971443524680897,336.1929009721835,35.0,497.544121763729,12.775593225226991,21.751966524934822,45.0,"{""2"": 154}","{""apn_mode"": 1, ""capture_mode"": 1, ""kinematics_source"": 0, ""lead_mode"": 2, ""pn_mode"": 2}",12.0,1.4501311016623215,"{""0"": 1, ""1"": 153}",154,history_full_track_quadratic
tail,45.0,O_near,guidance_exact_cv_12km_p45deg,0.031446540880503145,False,O,-22.122986020220957,8.404047993881283,0.1288527176704596,98.36713459880883,0.0,1040.8727142212738,4.547473508864641e-13,0.9330880936006414,274.9727440190329,35.0,765.8999702022409,13.181110541449344,23.66582211031815,45.0,"{""2"": 159}","{""apn_mode"": 0, ""capture_mode"": 1, ""kinematics_source"": 0, ""lead_mode"": 2, ""pn_mode"": 2}",12.0,1.57772147402121,"{""0"": 2, ""1"": 157}",159,history_track_quadratic_no_apn
tail,45.0,O_near,guidance_exact_cv_12km_p45deg,0.025157232704402517,False,O,-23.195760365125093,8.779010600172905,0.13491499576284596,99.70159084433931,0.0,668.0237076861254,5.684341886080802e-14,0.9518117476174134,279.364893173175,35.0,388.6588145129503,13.216607786524936,24.80186541553584,45.0,"{""2"": 159}","{""apn_mode"": 0, ""capture_mode"": 1, ""kinematics_source"": 0, ""lead_mode"": 1, ""pn_mode"": 2}",12.0,1.653457694369056,"{""0"": 1, ""1"": 158}",159,history_track_velocity_no_apn
tail,45.0,O_near,guidance_exact_cv_12km_p45deg,0.024691358024691357,False,O,-23.593270892556134,8.873105593573015,0.13699617529616837,101.15522171259686,0.0,717.7832078761201,5.123796534383003e-14,0.8227306818191856,231.5860383076552,35.0,717.7832078761201,13.475330842491603,25.207007006708807,45.0,"{""0"": 1, ""3"": 161}","{""apn_mode"": 0, ""capture_mode"": 1, ""kinematics_source"": 0, ""lead_mode"": 2, ""pn_mode"": 3}",12.0,1.6804671337805872,"{""0"": 1, ""1"": 161}",162,analytic_track_quadratic_no_apn
tail,45.0,O_near,guidance_exact_cv_12km_p45deg,0.03067484662576687,False,O,-25.872106850621112,10.223951034125932,0.15191550739834742,100.07093398703584,0.0,851.263388663422,4.0194366942304644e-14,0.6835815595007453,195.67571703110372,35.0,851.263388663422,13.509009434983039,27.819384715688766,45.0,"{""0"": 2, ""3"": 161}","{""apn_mode"": 0, ""capture_mode"": 1, ""kinematics_source"": 0, ""lead_mode"": 1, ""pn_mode"": 3}",12.0,1.8546256477125844,"{""0"": 2, ""1"": 161}",163,analytic_track_velocity_no_apn
tail,45.0,O_near,guidance_exact_cv_12km_p45deg,0.032467532467532464,False,O,-15.943608901833676,4.357000750172375,0.08698249246929633,100.82342026314952,0.0,1840.6623974045974,9.094947017729282e-13,29.11280055932933,3058.0920222313475,35.0,4898.754419635945,12.762399476939857,16.528450813842788,45.0,"{""3"": 154}","{""apn_mode"": 0, ""capture_mode"": 1, ""kinematics_source"": 1, ""lead_mode"": 1, ""pn_mode"": 3}",12.0,1.1018967209228525,"{""2"": 154}",154,analytic_truth_velocity_no_apn
tail,45.0,O_near,guidance_exact_cv_12km_p45deg,0.032467532467532464,False,O,-15.943608901833676,4.357000750172375,0.08698249246929633,100.82342026314952,0.0,1840.6623974045974,9.094947017729282e-13,29.11280055932933,3058.0920222313475,35.0,4898.754419635945,12.762399476939857,16.528450813842788,45.0,"{""3"": 154}","{""apn_mode"": 0, ""capture_mode"": 1, ""kinematics_source"": 1, ""lead_mode"": 2, ""pn_mode"": 3}",12.0,1.1018967209228525,"{""2"": 154}",154,analytic_truth_quadratic_no_apn
tail,45.0,O_near,guidance_exact_cv_12km_p45deg,0.032467532467532464,False,O,-15.943608901833676,4.357000750172375,0.08698249246929633,100.82342026314952,0.0,1840.6623974045974,9.094947017729282e-13,29.11280055932933,3058.0920222313475,35.0,4898.754419635945,12.762399476939857,16.528450813842788,45.0,"{""3"": 154}","{""apn_mode"": 1, ""capture_mode"": 1, ""kinematics_source"": 1, ""lead_mode"": 1, ""pn_mode"": 3}",12.0,1.1018967209228525,"{""2"": 154}",154,analytic_truth_velocity_apn
tail,45.0,O_near,guidance_exact_cv_12km_p45deg,0.031446540880503145,False,O,-32.38761558951752,3.9901989296991998,0.15738912828947973,110.02664732131363,0.0,954.5883322864943,5.684341886080801e-13,0.5688336164536177,55.861565997181856,35.0,898.7267662893124,13.23749947748642,32.63286843675648,45.0,"{""1"": 159}","{""apn_mode"": 0, ""capture_mode"": 1, ""kinematics_source"": 1, ""lead_mode"": 1, ""pn_mode"": 0}",12.0,2.1755245624504322,"{""2"": 159}",159,legacy_truth_velocity_no_apn
tail,-30.0,O_far,guidance_exact_cv_16km_m30deg,0.022222222222222223,False,O,-13.54916286397585,-10.284379299245336,0.0226106279465193,72.28020289824936,2.6095021929465827,358.91317402052084,1.5463081705019526e-12,2.8028061787191505,289.8313506190104,35.0,325.92135706639056,14.93831960106073,17.01025523399874,30.0,"{""1"": 180}","{""apn_mode"": 1, ""capture_mode"": 1, ""kinematics_source"": 0, ""lead_mode"": 2, ""pn_mode"": 0}",16.0,1.134017015599916,"{""0"": 1, ""1"": 179}",180,legacy_full_track_quadratic
beam,-30.0,O_far,guidance_exact_cv_16km_m30deg,0.0,True,O,-0.01608312629288582,-0.0176169174222046,0.0013673580384684857,57.383145931167455,0.6818356085410682,0.0,2.8212774648516952e-14,0.03216051325706369,19.726212417740346,20.21128280310538,20.21128280310538,15.79423412664632,0.02389335470061404,30.0,"{""1"": 190}","{""apn_mode"": 1, ""capture_mode"": 0, ""kinematics_source"": 0, ""lead_mode"": 2, ""pn_mode"": 0}",16.0,0.0015928903133742695,"{""1"": 190}",190,legacy_no_capture
tail,-30.0,O_far,guidance_exact_cv_16km_m30deg,0.019230769230769232,False,O,-55.874688320678494,-26.118423251523,0.14899301556834138,102.88571412395451,1.1861902647249878,652.7798563576215,2.2737367544323206e-13,0.0,0.0,35.0,652.7798563576215,17.285791628241046,61.67799467393052,30.0,"{""0"": 208}","{""apn_mode"": 1, ""capture_mode"": 1, ""kinematics_source"": 0, ""lead_mode"": 2, ""pn_mode"": 1}",16.0,4.111866311595368,"{""0"": 4, ""1"": 204}",208,legacy_no_pn
tail,-30.0,O_far,guidance_exact_cv_16km_m30deg,0.02197802197802198,False,O,-14.071299856155415,-10.47500238970051,0.024187052061848673,73.82395361869234,0.0,771.9917227280308,4.547473508864641e-13,2.476550007891357,247.1563182702554,35.0,1019.1480409982862,15.128202933465628,17.54217032523507,30.0,"{""1"": 182}","{""apn_mode"": 0, ""capture_mode"": 1, ""kinematics_source"": 0, ""lead_mode"": 2, ""pn_mode"": 0}",16.0,1.169478021682338,"{""1"": 182}",182,legacy_no_apn
tail,-30.0,O_far,guidance_exact_cv_16km_m30deg,0.03867403314917127,False,O,-86.78753783692713,-44.34409356605648,0.21676523823957747,87.53010007136506,2.123305391309934,616.1056016690133,4.982324700492001e-13,1.2059765198674026,74.45828280620853,35.0,635.8823166606637,15.059944266612678,97.46036294391578,30.0,"{""1"": 181}","{""apn_mode"": 1, ""capture_mode"": 1, ""kinematics_source"": 0, ""lead_mode"": 0, ""pn_mode"": 0}",16.0,6.497357529594385,"{""0"": 3, ""1"": 178}",181,legacy_no_lead
tail,-30.0,O_far,guidance_exact_cv_16km_m30deg,0.02197802197802198,False,O,-14.719770062799928,-10.527506841436175,0.02682344385756801,73.58853128607427,0.0,675.399275075362,2.799213746640164e-13,2.172969579212329,221.31000704600825,35.0,896.7092821213702,15.136807929324558,18.096981806238617,30.0,"{""1"": 182}","{""apn_mode"": 0, ""capture_mode"": 1, ""kinematics_source"": 0, ""lead_mode"": 1, ""pn_mode"": 0}",16.0,1.2064654537492412,"{""1"": 182}",182,legacy_track_velocity_no_apn
beam,-30.0,O_far,guidance_exact_cv_16km_m30deg,0.0,True,O,-0.01608312629288582,-0.0176169174222046,0.0013673580384684857,57.383145931167455,0.6818356085410682,0.0,2.8212774648516952e-14,0.03216051325706369,19.726212417740346,20.21128280310538,20.21128280310538,15.79423412664632,0.02389335470061404,30.0,"{""1"": 190}","{""apn_mode"": 1, ""capture_mode"": 0, ""kinematics_source"": 0, ""lead_mode"": 0, ""pn_mode"": 0}",16.0,0.0015928903133742695,"{""1"": 190}",190,legacy_no_capture_no_lead
tail,-30.0,O_far,guidance_exact_cv_16km_m30deg,0.022099447513812154,True,O,-9.479008613215784,-7.407970512742824,0.015443087460798248,71.53759678386619,2.5573312665119605,489.2583679151173,4.547473508864641e-13,2.3229967030693737,845.9476135565409,35.0,414.00481918712194,15.002663092334632,12.030372807857537,30.0,"{""2"": 181}","{""apn_mode"": 1, ""capture_mode"": 1, ""kinematics_source"": 0, ""lead_mode"": 2, ""pn_mode"": 2}",16.0,0.8020248538571692,"{""0"": 1, ""1"": 180}",181,history_full_track_quadratic
tail,-30.0,O_far,guidance_exact_cv_16km_m30deg,0.01639344262295082,True,O,-9.738815731141747,-7.432651136910165,0.016485923289417084,71.6073191147764,0.0,569.0280128889917,1.2862197421537486e-12,2.4683652904393725,879.2210649886202,35.0,1448.249077877612,15.201596944022045,12.251085933655627,30.0,"{""2"": 183}","{""apn_mode"": 0, ""capture_mode"": 1, ""kinematics_source"": 0, ""lead_mode"": 2, ""pn_mode"": 2}",16.0,0.8167390622437085,"{""1"": 183}",183,history_track_quadratic_no_apn
tail,-30.0,O_far,guidance_exact_cv_16km_m30deg,0.01639344262295082,True,O,-10.18549848166348,-7.81284864131513,0.01703489655106711,71.38188333407376,0.0,438.11621721343397,1.1368683772161603e-13,2.0151228772110366,723.3485001134786,35.0,1161.4647173269125,15.210606325056414,12.83687163602486,30.0,"{""2"": 183}","{""apn_mode"": 0, ""capture_mode"": 1, ""kinematics_source"": 0, ""lead_mode"": 1, ""pn_mode"": 2}",16.0,0.8557914424016573,"{""1"": 183}",183,history_track_velocity_no_apn
tail,-30.0,O_far,guidance_exact_cv_16km_m30deg,0.021505376344086023,True,O,-10.333855218628125,-8.066901059367092,0.016746631857661117,71.54355443430333,0.0,263.63486721601777,4.687428401686771e-13,0.8247400984863004,294.9031608638865,35.0,426.02816702720366,15.415861916792235,13.109681034671953,30.0,"{""0"": 1, ""3"": 185}","{""apn_mode"": 0, ""capture_mode"": 1, ""kinematics_source"": 0, ""lead_mode"": 2, ""pn_mode"": 3}",16.0,0.8739787356447969,"{""0"": 1, ""1"": 185}",186,analytic_track_quadratic_no_apn
tail,-30.0,O_far,guidance_exact_cv_16km_m30deg,0.021505376344086023,True,O,-10.83936693434259,-8.674367504234484,0.016715305682428846,71.31438392841848,0.0,410.57353031555203,2.2737367544323206e-13,0.77554476294558,278.0851211346929,35.0,410.57353031555203,15.424632302166755,13.882968217829637,30.0,"{""0"": 1, ""3"": 185}","{""apn_mode"": 0, ""capture_mode"": 1, ""kinematics_source"": 0, ""lead_mode"": 1, ""pn_mode"": 3}",16.0,0.9255312145219758,"{""0"": 1, ""1"": 185}",186,analytic_track_velocity_no_apn
tail,-30.0,O_far,guidance_exact_cv_16km_m30deg,0.0223463687150838,True,O,-7.449009399751427,-5.90083908167464,0.012135329551526297,71.39060173238005,0.0,4426.834874167862,4.547473508864641e-13,29.535287268904813,1100.9716377393493,35.0,4426.834874167862,14.816806679155954,9.50304110122745,30.0,"{""3"": 179}","{""apn_mode"": 0, ""capture_mode"": 1, ""kinematics_source"": 1, ""lead_mode"": 1, ""pn_mode"": 3}",16.0,0.6335360734151633,"{""2"": 179}",179,analytic_truth_velocity_no_apn
tail,-30.0,O_far,guidance_exact_cv_16km_m30deg,0.0223463687150838,True,O,-7.449009399751427,-5.90083908167464,0.012135329551526297,71.39060173238005,0.0,4426.834874167862,4.547473508864641e-13,29.535287268904813,1100.9716377393493,35.0,4426.834874167862,14.816806679155954,9.50304110122745,30.0,"{""3"": 179}","{""apn_mode"": 0, ""capture_mode"": 1, ""kinematics_source"": 1, ""lead_mode"": 2, ""pn_mode"": 3}",16.0,0.6335360734151633,"{""2"": 179}",179,analytic_truth_quadratic_no_apn
tail,-30.0,O_far,guidance_exact_cv_16km_m30deg,0.0223463687150838,True,O,-7.449009399751427,-5.90083908167464,0.012135329551526297,71.39060173238005,0.0,4426.834874167862,4.547473508864641e-13,29.535287268904813,1100.9716377393493,35.0,4426.834874167862,14.816806679155954,9.50304110122745,30.0,"{""3"": 179}","{""apn_mode"": 1, ""capture_mode"": 1, ""kinematics_source"": 1, ""lead_mode"": 1, ""pn_mode"": 3}",16.0,0.6335360734151633,"{""2"": 179}",179,analytic_truth_velocity_apn
tail,-30.0,O_far,guidance_exact_cv_16km_m30deg,0.02197802197802198,False,O,-13.62216786145569,-9.819984536662178,0.024639533361569724,73.82097282798854,0.0,1201.1182898036793,1.2862197421537486e-12,2.393786431976926,239.36497006091147,35.0,1440.483259864591,15.129491951247354,16.7927413084526,30.0,"{""1"": 182}","{""apn_mode"": 0, ""capture_mode"": 1, ""kinematics_source"": 1, ""lead_mode"": 1, ""pn_mode"": 0}",16.0,1.1195160872301735,"{""2"": 182}",182,legacy_truth_velocity_no_apn
tail,30.0,O_far,guidance_exact_cv_16km_p30deg,0.022222222222222223,False,O,-13.540069253873003,10.295947617080133,0.09836672593535402,72.28020289824936,2.6095021929465827,358.91317402052084,1.7648943294557312e-12,2.8028061787191505,289.83135061901044,35.0,325.92135706639056,14.938319651396492,17.010281853812412,30.0,"{""1"": 180}","{""apn_mode"": 1, ""capture_mode"": 1, ""kinematics_source"": 0, ""lead_mode"": 2, ""pn_mode"": 0}",16.0,1.1340187902541607,"{""0"": 1, ""1"": 179}",180,legacy_full_track_quadratic
beam,30.0,O_far,guidance_exact_cv_16km_p30deg,0.0,True,O,-0.01608942214265786,0.017644629877103496,0.001497251111297288,57.383145931167455,0.6818356085410682,0.0,2.626985688291157e-14,0.03216051325706369,19.726212417740346,20.21128280310538,20.21128280310538,15.794234163311609,0.023925806763450005,30.0,"{""1"": 190}","{""apn_mode"": 1, ""capture_mode"": 0, ""kinematics_source"": 0, ""lead_mode"": 2, ""pn_mode"": 0}",16.0,0.0015950537842300003,"{""1"": 190}",190,legacy_no_capture
tail,30.0,O_far,guidance_exact_cv_16km_p30deg,0.019230769230769232,False,O,-55.85154896021155,26.166108188406692,0.341451997532648,102.88571412395451,1.1861902647249878,652.7798563576215,2.2737367544323206e-13,0.0,0.0,35.0,652.7798563576215,17.28579170906318,61.67801333091834,30.0,"{""0"": 208}","{""apn_mode"": 1, ""capture_mode"": 1, ""kinematics_source"": 0, ""lead_mode"": 2, ""pn_mode"": 1}",16.0,4.111867555394556,"{""0"": 4, ""1"": 204}",208,legacy_no_pn
tail,30.0,O_far,guidance_exact_cv_16km_p30deg,0.02197802197802198,False,O,-14.062037085674374,10.487015958421729,0.10134815241471538,73.82395361869234,0.0,771.9917227280303,4.547473508864641e-13,2.476550007891357,247.15631827025535,35.0,1019.1480409982856,15.128202984941444,17.542196617273653,30.0,"{""1"": 182}","{""apn_mode"": 0, ""capture_mode"": 1, ""kinematics_source"": 0, ""lead_mode"": 2, ""pn_mode"": 0}",16.0,1.1694797744849101,"{""1"": 182}",182,legacy_no_apn
tail,30.0,O_far,guidance_exact_cv_16km_p30deg,0.03867403314917127,False,O,-86.74824382498598,44.41816130697475,0.5434984090558718,87.53010007136507,2.123305391310036,616.1056016689673,6.584326076535139e-13,1.2059765198673729,74.45828280620675,35.0,635.8823166606172,15.059944336746351,97.46038298268972,30.0,"{""1"": 181}","{""apn_mode"": 1, ""capture_mode"": 1, ""kinematics_source"": 0, ""lead_mode"": 0, ""pn_mode"": 0}",16.0,6.497358865512648,"{""0"": 3, ""1"": 178}",181,legacy_no_lead
tail,30.0,O_far,guidance_exact_cv_16km_p30deg,0.02197802197802198,False,O,-14.71046028489699,10.540073151575738,0.10437311459852039,73.58853128607427,0.0,675.3992750753624,9.374856803373542e-13,2.172969579212329,221.31000704600837,35.0,896.709282121371,15.136807982108477,18.097007420598334,30.0,"{""1"": 182}","{""apn_mode"": 0, ""capture_mode"": 1, ""kinematics_source"": 0, ""lead_mode"": 1, ""pn_mode"": 0}",16.0,1.2064671613732223,"{""1"": 182}",182,legacy_track_velocity_no_apn
beam,30.0,O_far,guidance_exact_cv_16km_p30deg,0.0,True,O,-0.01608942214265786,0.017644629877103496,0.001497251111297288,57.383145931167455,0.6818356085410682,0.0,2.626985688291157e-14,0.03216051325706369,19.726212417740346,20.21128280310538,20.21128280310538,15.794234163311609,0.023925806763450005,30.0,"{""1"": 190}","{""apn_mode"": 1, ""capture_mode"": 0, ""kinematics_source"": 0, ""lead_mode"": 0, ""pn_mode"": 0}",16.0,0.0015950537842300003,"{""1"": 190}",190,legacy_no_capture_no_lead
tail,30.0,O_far,guidance_exact_cv_16km_p30deg,0.022099447513812154,True,O,-9.472464560585973,7.416066067876972,0.07001033116756689,71.53759678386619,2.5573312665119605,489.2583679151173,4.547473508864641e-13,2.3229967030693737,845.9476135565409,35.0,414.00481918712194,15.00266314129434,12.030399919418219,30.0,"{""2"": 181}","{""apn_mode"": 1, ""capture_mode"": 1, ""kinematics_source"": 0, ""lead_mode"": 2, ""pn_mode"": 2}",16.0,0.8020266612945479,"{""0"": 1, ""1"": 180}",181,history_full_track_quadratic
tail,30.0,O_far,guidance_exact_cv_16km_p30deg,0.01639344262295082,True,O,-9.732249592339851,7.440967976570969,0.07123567931651045,71.6073191147764,0.0,569.0280128889917,1.2862197421537486e-12,2.4683652904393725,879.2210649886202,35.0,1448.249077877612,15.201596994392064,12.251112646530041,30.0,"{""2"": 183}","{""apn_mode"": 0, ""capture_mode"": 1, ""kinematics_source"": 0, ""lead_mode"": 2, ""pn_mode"": 2}",16.0,0.8167408431020028,"{""1"": 183}",183,history_track_quadratic_no_apn
tail,30.0,O_far,guidance_exact_cv_16km_p30deg,0.01639344262295082,True,O,-10.178595431131864,7.821546747343755,0.07458506359309998,71.38188333407376,0.0,438.11621721343397,1.1368683772161603e-13,2.0151228772110366,723.3485001134786,35.0,1161.4647173269125,15.210606375182325,12.836898433938286,30.0,"{""2"": 183}","{""apn_mode"": 0, ""capture_mode"": 1, ""kinematics_source"": 0, ""lead_mode"": 1, ""pn_mode"": 2}",16.0,0.855793228929219,"{""1"": 183}",183,history_track_velocity_no_apn
tail,30.0,O_far,guidance_exact_cv_16km_p30deg,0.021505376344086023,True,O,-10.326727171721553,8.07572607490187,0.07616759597029635,71.54355443430333,0.0,263.63486721601777,4.687428401686771e-13,0.8247400984863004,294.9031608638865,35.0,426.02816702720366,15.415861966929457,13.10970812866114,30.0,"{""0"": 1, ""3"": 185}","{""apn_mode"": 0, ""capture_mode"": 1, ""kinematics_source"": 0, ""lead_mode"": 2, ""pn_mode"": 3}",16.0,0.8739805419107427,"{""0"": 1, ""1"": 185}",186,analytic_track_quadratic_no_apn
tail,30.0,O_far,guidance_exact_cv_16km_p30deg,0.021505376344086023,True,O,-10.831700737846246,8.683624333271007,0.08061001729632004,71.31438392841848,0.0,410.57353031555203,2.2737367544323206e-13,0.77554476294558,278.0851211346929,35.0,410.57353031555203,15.424632351790345,13.88299572896618,30.0,"{""0"": 1, ""3"": 185}","{""apn_mode"": 0, ""capture_mode"": 1, ""kinematics_source"": 0, ""lead_mode"": 1, ""pn_mode"": 3}",16.0,0.9255330485977453,"{""0"": 1, ""1"": 185}",186,analytic_track_velocity_no_apn
tail,30.0,O_far,guidance_exact_cv_16km_p30deg,0.0223463687150838,True,O,-7.443801166287909,5.907202597074017,0.05560072238863234,71.39060173238005,0.0,4426.834874167862,4.547473508864641e-13,29.535287268904813,1100.9716377393493,35.0,4426.834874167862,14.81680672728357,9.503068439533214,30.0,"{""3"": 179}","{""apn_mode"": 0, ""capture_mode"": 1, ""kinematics_source"": 1, ""lead_mode"": 1, ""pn_mode"": 3}",16.0,0.633537895968881,"{""2"": 179}",179,analytic_truth_velocity_no_apn
tail,30.0,O_far,guidance_exact_cv_16km_p30deg,0.0223463687150838,True,O,-7.443801166287909,5.907202597074017,0.05560072238863234,71.39060173238005,0.0,4426.834874167862,4.547473508864641e-13,29.535287268904813,1100.9716377393493,35.0,4426.834874167862,14.81680672728357,9.503068439533214,30.0,"{""3"": 179}","{""apn_mode"": 0, ""capture_mode"": 1, ""kinematics_source"": 1, ""lead_mode"": 2, ""pn_mode"": 3}",16.0,0.633537895968881,"{""2"": 179}",179,analytic_truth_quadratic_no_apn
tail,30.0,O_far,guidance_exact_cv_16km_p30deg,0.0223463687150838,True,O,-7.443801166287909,5.907202597074017,0.05560072238863234,71.39060173238005,0.0,4426.834874167862,4.547473508864641e-13,29.535287268904813,1100.9716377393493,35.0,4426.834874167862,14.81680672728357,9.503068439533214,30.0,"{""3"": 179}","{""apn_mode"": 1, ""capture_mode"": 1, ""kinematics_source"": 1, ""lead_mode"": 1, ""pn_mode"": 3}",16.0,0.633537895968881,"{""2"": 179}",179,analytic_truth_velocity_apn
tail,30.0,O_far,guidance_exact_cv_16km_p30deg,0.02197802197802198,False,O,-13.613485259067435,9.831614312589638,0.0969769899814382,73.82097282798877,0.0,1201.118289803642,4.547473508864641e-13,2.393786431976926,239.3649700609075,35.0,1440.4832598645494,15.12949200367429,16.792767056889133,30.0,"{""1"": 182}","{""apn_mode"": 0, ""capture_mode"": 1, ""kinematics_source"": 1, ""lead_mode"": 1, ""pn_mode"": 0}",16.0,1.1195178037926088,"{""2"": 182}",182,legacy_truth_velocity_no_apn
