aspect_bucket,bearing_deg,case_id,closest_sample_filtered_range_m,closest_sample_heading_velocity_error_deg,closest_sample_speed_mps,closure_mps,command_saturation_fraction,entered_R_fuze,launch_class,local_forward_m,local_right_m,local_up_m,max_abs_bearing_rate_deg_s,max_abs_heading_velocity_error_deg,max_achieved_g,max_apn_g,max_commanded_g,max_lead_blend,max_lead_time_s,max_track_accel_g,mechanisms,nearest_approach_time_s,nearest_distance_m,offset_deg,range_km,rho_fuze,sample_count,terminal_max_abs_bearing_rate_deg_s,terminal_mean_achieved_g,terminal_mean_commanded_g,terminal_mean_track_accel_g,terminal_sample_count,tuning_overrides,variant_id
tail,-30.0,guidance_ablation_cv_4km_m30deg,169.54964132620754,-57.53586558746875,815.3393602371915,961.7098432603706,0.15555555555555556,False,N,-57.41004237663707,-56.872886094477764,0.042367840233371395,153.124847639034,57.941671088905665,34.9999870335286,0.0,35.0,0.0,0.0,0.0,"[""capture""]",3.7360504888813204,80.81113743436971,30.0,4.0,5.3874091622913145,225,153.124847639034,33.52389344682484,33.992314062906715,0.0,46,"{""apn_target_accel_gain"": 0.0, ""nav_gain"": 1e-09}",capture_only
beam,-30.0,guidance_ablation_cv_4km_m30deg,176.64290588329254,-52.012238780660105,911.1198680297433,1112.6009593522983,0.1527777777777778,False,N,-33.57823499842305,-37.60444208186892,0.009356706740034144,169.51591720499908,52.37579073748817,34.99995614762303,0.0,35.0,0.0,0.0,0.0,"[""capture"", ""pn""]",3.588839471626123,50.41420452061008,30.0,4.0,3.360946968040672,216,169.51591720499908,31.699411514014425,32.55749486076926,0.0,46,"{""apn_target_accel_gain"": 0.0, ""nav_gain"": 4.0}",capture_pn
beam,-30.0,guidance_ablation_cv_4km_m30deg,176.61554083712545,-49.75208391287472,1003.403794282032,1243.9184814953173,0.15137614678899083,False,N,-10.073695272127567,-11.728553989776213,0.002114598950917479,221.1230339646529,50.08251003621137,34.99519769163485,2.0434838362976983e-08,35.0,0.55,2.5,25.01940941942556,"[""capture"", ""lead""]",3.616907305748845,15.460864128447382,30.0,4.0,1.0307242752298253,218,221.1230339646529,24.734988800423878,26.174109654164635,10.345591819679239,46,"{""apn_target_accel_gain"": 1e-09, ""nav_gain"": 1e-09}",capture_lead
beam,-30.0,guidance_ablation_cv_4km_m30deg,190.35199171286513,-46.52806428157922,1065.7637669180642,1352.7809613465329,0.21395348837209302,True,N,-5.994665491477354,-7.566600803141936,-0.0003528780157995952,122.13491979009888,47.154220098212726,34.999894779152356,1.4616103596173949e-08,35.0,0.55,2.5,23.38412426333689,"[""capture"", ""pn"", ""lead""]",3.5538102774777065,9.653468920203697,30.0,4.0,0.6435645946802464,215,122.13491979009888,22.178787020312267,23.769482478356803,9.302820920284066,47,"{""apn_target_accel_gain"": 1e-09, ""nav_gain"": 4.0}",capture_pn_lead
beam,-30.0,guidance_ablation_cv_4km_m30deg,175.08157456866036,-49.369034823649955,1002.7249592677634,1241.0641732454042,0.2119815668202765,False,N,-9.786853547694314,-11.602479690715288,0.0013274141866340267,234.20615155599984,49.369034823649955,34.99981767579306,6.124999999999999,35.0,0.55,2.5,25.69712311351342,"[""capture"", ""lead"", ""apn""]",3.6155050177672288,15.17893405676123,30.0,4.0,1.0119289371174154,217,234.20615155599984,23.88725337647075,25.428432606578912,9.820534881683027,46,"{""apn_target_accel_gain"": 0.5, ""nav_gain"": 1e-09}",capture_lead_apn
beam,-30.0,guidance_ablation_cv_4km_m30deg,193.2923187175151,-46.38329019776107,1064.766607464244,1286.483342434432,0.24537037037037038,True,N,-5.85852819455581,-7.428859112452153,-0.0004394253872184049,326.4973666778539,47.0099420464858,34.99998941345311,6.124999999999999,35.0,0.55,2.5,29.086144788399938,"[""capture"", ""pn"", ""lead"", ""apn""]",3.573086539554381,9.460988347533402,30.0,4.0,0.6307325565022268,216,326.4973666778539,22.138486322319835,23.794009730032087,9.527184586529268,47,"{""apn_target_accel_gain"": 0.5, ""nav_gain"": 4.0}",full
beam,-30.0,guidance_ablation_cv_4km_m30deg,22.697885058998512,-46.232793269919966,1066.4520421900456,1193.9778404977656,0.2523364485981308,True,N,-4.636982092607677,-5.9043945128762925,-0.00015417418893291378,563.3409399677324,46.858638318714036,34.99994217543647,4.614772903382589,35.0,0.55,2.5,28.847264807392424,"[""capture"", ""pn"", ""lead"", ""apn"", ""unfiltered_track""]",3.5337923037768584,7.507561356034236,30.0,4.0,0.5005040904022824,214,563.3409399677324,22.101492088777203,23.58518751280869,0.11466311146828104,47,"{""apn_target_accel_gain"": 0.5, ""bearing_filter_tau_s"": 0.0, ""elevation_filter_tau_s"": 0.0, ""nav_gain"": 4.0, ""range_filter_tau_s"": 0.0}",full_no_track_filter
beam,-30.0,guidance_ablation_cv_4km_m30deg,193.4355284790252,-45.92706081113722,1065.3576291619847,1291.8687563194312,0.19626168224299065,True,N,-5.491659514505482,-7.059394556598876,-0.0006793527733618022,329.6377472726653,46.5538431941014,35.0,6.124999999999999,35.0,0.55,2.5,29.452772227926037,"[""capture"", ""pn"", ""lead"", ""apn"", ""near_instant_scalar_autopilot""]",3.5393625744732704,8.94390162012749,30.0,4.0,0.5962601080084993,214,329.6377472726653,22.099990916550603,22.13784266005009,9.659040779197861,47,"{""apn_target_accel_gain"": 0.5, ""autopilot_tau_s"": 0.001, ""max_accel_response_g_per_s"": 1000000.0, ""nav_gain"": 4.0}",full_fast_scalar_autopilot
beam,-30.0,guidance_ablation_cv_4km_m30deg,189.7282513215753,-46.958264007330506,1058.9301412715909,1339.4643888263156,0.28440366972477066,True,N,-6.139064381517257,-7.661314063109558,-7.152072080039706e-05,118.78100875811423,47.58611926657089,34.999869030400816,6.124999999999999,35.0,0.55,2.5,23.13230182381405,"[""capture"", ""pn"", ""lead"", ""apn"", ""second_order_autopilot""]",3.6047705438679714,9.817527420849359,30.0,4.0,0.6545018280566239,218,118.78100875811423,22.179263337377233,24.879302687240767,9.129747466370944,47,"{""apn_target_accel_gain"": 0.5, ""autopilot_damping"": 1.0, ""autopilot_order"": 2, ""nav_gain"": 4.0}",full_autopilot_order2
beam,-30.0,guidance_ablation_cv_4km_m30deg,169.27990195961885,-48.75859206357358,1012.0088140989852,1241.73640804181,0.4117647058823529,True,N,-7.786950758625697,-9.376853580911616,0.000799679834446364,292.3925630120633,49.08587519659922,34.99995923955278,6.124999999999999,35.0,0.55,2.5,28.267265242718715,"[""capture"", ""pn"", ""lead"", ""apn"", ""third_order_autopilot""]",3.65962539051177,12.188600651207077,30.0,4.0,0.8125733767471385,221,292.3925630120633,22.560208754103943,29.706742854772312,9.79850510556531,47,"{""apn_target_accel_gain"": 0.5, ""autopilot_damping"": 1.0, ""autopilot_order"": 3, ""nav_gain"": 4.0}",full_autopilot_order3
tail,30.0,guidance_ablation_cv_4km_p30deg,169.54964132620754,57.53586558746875,815.3393602371915,961.7098432603706,0.15555555555555556,False,N,-57.35967752705256,56.921890413710216,0.46124527881831495,153.124847639034,57.941671088905665,34.9999870335286,0.0,35.0,0.0,0.0,0.0,"[""capture""]",3.7360505352409192,80.81118091876345,30.0,4.0,5.387412061250897,225,153.124847639034,33.52389344682484,33.992314062906715,0.0,46,"{""apn_target_accel_gain"": 0.0, ""nav_gain"": 1e-09}",capture_only
beam,30.0,guidance_ablation_cv_4km_p30deg,176.64290588329254,52.012238780660105,911.1198680297435,1112.6009593522986,0.1527777777777778,False,N,-33.54494677834637,37.63311567065713,0.28630543793582414,169.51591720499908,52.37579073748815,34.99995614762303,0.0,35.0,0.0,0.0,0.0,"[""capture"", ""pn""]",3.588839511706066,50.41425215399851,30.0,4.0,3.3609501435999007,216,169.51591720499908,31.69941151401442,32.557494860769246,0.0,46,"{""apn_target_accel_gain"": 0.0, ""nav_gain"": 4.0}",capture_pn
beam,30.0,guidance_ablation_cv_4km_p30deg,176.61554083712258,49.75208391287446,1003.403794282043,1243.918481495315,0.15137614678899083,False,N,-10.063334501129594,11.737174965565963,0.08849181790759185,221.12303396469852,50.082510036211104,34.99519769163485,2.043483836298048e-08,35.0,0.55,2.5,25.01940941942843,"[""capture"", ""lead""]",3.6169073412389534,15.460912271136108,30.0,4.0,1.0307274847424073,218,221.12303396469852,24.734988800423118,26.17410965416387,10.345591819679168,46,"{""apn_target_accel_gain"": 1e-09, ""nav_gain"": 1e-09}",capture_lead
beam,30.0,guidance_ablation_cv_4km_p30deg,190.35199171286388,46.528064281579134,1065.7637669180692,1352.7809613465363,0.21395348837209302,True,N,-5.987992584193671,7.571744505147233,0.05537133428522251,122.13491979010655,47.15422009821263,34.999894779152356,1.4616103596173949e-08,35.0,0.55,2.5,23.38412426333689,"[""capture"", ""pn"", ""lead""]",3.5538103098173344,9.653519359500189,30.0,4.0,0.6435679573000126,215,122.13491979010655,22.178787020312072,23.76948247835661,9.302820920284045,47,"{""apn_target_accel_gain"": 1e-09, ""nav_gain"": 4.0}",capture_pn_lead
beam,30.0,guidance_ablation_cv_4km_p30deg,175.08157456866036,49.369034823649955,1002.7249592677634,1241.0641732454042,0.2119815668202765,False,N,-9.776604476780053,11.610856433001947,0.08677557699929578,234.20615155599984,49.369034823649955,34.99981767579306,6.124999999999999,35.0,0.55,2.5,25.69712311351342,"[""capture"", ""lead"", ""apn""]",3.6155050525160473,15.17898258131747,30.0,4.0,1.0119321720878314,217,234.20615155599984,23.88725337647075,25.428432606578912,9.820534881683027,46,"{""apn_target_accel_gain"": 0.5, ""nav_gain"": 1e-09}",capture_lead_apn
beam,30.0,guidance_ablation_cv_4km_p30deg,193.2923187175151,46.38329019776107,1064.766607464244,1286.4833424344317,0.24537037037037038,True,N,-5.851977171065498,7.433886634865787,0.05427030777731803,326.4973666778539,47.0099420464858,34.99998941345311,6.124999999999999,35.0,0.55,2.5,29.086144788399938,"[""capture"", ""pn"", ""lead"", ""apn""]",3.5730865716803306,9.461038662695106,30.0,4.0,0.6307359108463404,216,326.4973666778539,22.13848632231984,23.794009730032094,9.527184586529268,47,"{""apn_target_accel_gain"": 0.5, ""nav_gain"": 4.0}",full
beam,30.0,guidance_ablation_cv_4km_p30deg,22.69788505899488,46.23279326991975,1066.452042190062,1193.9778404977537,0.2523364485981308,True,N,-4.631782033209306,5.908380367969866,0.043328651438722915,563.3409399678732,46.858638318713815,34.99994217543647,4.614772903382589,35.0,0.55,2.5,28.847264807392424,"[""capture"", ""pn"", ""lead"", ""apn"", ""unfiltered_track""]",3.5337923360299133,7.507612186827921,30.0,4.0,0.5005074791218614,214,563.3409399678732,22.101492088776812,23.585187512808318,0.11466311146828002,47,"{""apn_target_accel_gain"": 0.5, ""bearing_filter_tau_s"": 0.0, ""elevation_filter_tau_s"": 0.0, ""nav_gain"": 4.0, ""range_filter_tau_s"": 0.0}",full_no_track_filter
beam,30.0,guidance_ablation_cv_4km_p30deg,193.4355284790252,45.927060811137224,1065.3576291619843,1291.8687563194308,0.19626168224299065,True,N,-5.485436009376932,7.064109764302451,0.051309240919292606,329.6377472726653,46.5538431941014,35.0,6.124999999999999,35.0,0.55,2.5,29.452772227926037,"[""capture"", ""pn"", ""lead"", ""apn"", ""near_instant_scalar_autopilot""]",3.539362606515111,8.943952572173108,30.0,4.0,0.5962635048115406,214,329.6377472726653,22.09999091655062,22.1378426600501,9.659040779197861,47,"{""apn_target_accel_gain"": 0.5, ""autopilot_tau_s"": 0.001, ""max_accel_response_g_per_s"": 1000000.0, ""nav_gain"": 4.0}",full_fast_scalar_autopilot
beam,30.0,guidance_ablation_cv_4km_p30deg,189.72825132156896,46.95826400733011,1058.9301412716127,1339.4643888263288,0.28440366972477066,True,N,-6.132307247936221,7.6665802104880685,0.05635041924292319,118.78100875816325,47.58611926657049,34.999869030400816,6.124999999999999,35.0,0.55,2.5,23.13230182381405,"[""capture"", ""pn"", ""lead"", ""apn"", ""second_order_autopilot""]",3.6047705762723568,9.81757707770521,30.0,4.0,0.6545051385136806,218,118.78100875816325,22.179263337376455,24.87930268724003,9.129747466370793,47,"{""apn_target_accel_gain"": 0.5, ""autopilot_damping"": 1.0, ""autopilot_order"": 2, ""nav_gain"": 4.0}",full_autopilot_order2
beam,30.0,guidance_ablation_cv_4km_p30deg,169.27990195961885,48.75859206357357,1012.0088140989852,1241.73640804181,0.4117647058823529,True,N,-7.778673334352371,9.383524173395271,0.06985655333997082,292.3925630120633,49.08587519659921,34.99995923955278,6.124999999999999,35.0,0.55,2.5,28.267265242718715,"[""capture"", ""pn"", ""lead"", ""apn"", ""third_order_autopilot""]",3.6596254242732926,12.188649010177484,30.0,4.0,0.8125766006784989,221,292.3925630120633,22.56020875410395,29.706742854772312,9.79850510556531,47,"{""apn_target_accel_gain"": 0.5, ""autopilot_damping"": 1.0, ""autopilot_order"": 3, ""nav_gain"": 4.0}",full_autopilot_order3
tail,-30.0,guidance_ablation_cv_6km_m30deg,144.6769893297683,-68.66574256456602,661.501340952224,792.1230810843192,0.1162079510703364,False,N,-75.45214365927538,-59.4055733269457,0.11183116223470417,109.88587416384468,69.16502320777242,34.99999474493566,0.0,35.0,0.0,0.0,0.0,"[""capture""]",5.434734550126164,96.03156060010637,30.0,6.0,6.402104040007091,327,109.88587416384468,33.90907738025528,34.34267360472731,0.0,46,"{""apn_target_accel_gain"": 0.0, ""nav_gain"": 1e-09}",capture_only
beam,-30.0,guidance_ablation_cv_6km_m30deg,146.8413743685481,-57.649868179796044,774.826103724659,927.2365171070876,0.09933774834437085,False,N,-38.83756087746977,-39.39877054063915,0.025733768739344257,174.13924826883505,57.649868179796044,34.99989761036524,0.0,35.0,0.0,0.0,0.0,"[""capture"", ""pn""]",5.028643467399439,55.32286974888379,30.0,6.0,3.6881913165922526,302,174.13924826883505,31.496042738185785,32.26985681192184,0.0,46,"{""apn_target_accel_gain"": 0.0, ""nav_gain"": 4.0}",capture_pn
beam,-30.0,guidance_ablation_cv_6km_m30deg,143.18099107010022,-56.817463804367875,849.6325900643176,1059.7277828353854,0.0641025641025641,False,N,-12.652043382820356,-12.710897112803089,0.009759210855264598,182.49424138650886,56.817463804367875,34.995393683074305,1.4941242313324573e-08,35.0,0.55,2.5,21.294281588373998,"[""capture"", ""lead""]",5.1932128656502705,17.934358154537527,30.0,6.0,1.1956238769691685,312,182.49424138650886,25.652276750432247,26.86090992748686,4.731828332114046,46,"{""apn_target_accel_gain"": 1e-09, ""nav_gain"": 1e-09}",capture_lead
beam,-30.0,guidance_ablation_cv_6km_m30deg,160.37704539222614,-49.46544831037662,967.1406667122503,1186.5423316165761,0.0576271186440678,True,N,-6.777623962075057,-8.093754394642302,0.0011280406852966504,295.9722067286881,49.80799761638108,34.983100903645195,2.1579205950896392e-08,35.0,0.55,2.5,22.57474399278135,"[""capture"", ""pn"", ""lead""]",4.892047030853303,10.556753669786836,30.0,6.0,0.703783577985789,295,295.9722067286881,22.215370718834432,23.543239476950923,4.945781131603369,47,"{""apn_target_accel_gain"": 1e-09, ""nav_gain"": 4.0}",capture_pn_lead
beam,-30.0,guidance_ablation_cv_6km_m30deg,156.05862586407633,-55.227636130227765,878.5174494848185,1069.2651587533708,0.06514657980456026,False,N,-12.099913165581777,-12.488244584210396,0.008169482586028596,246.37314033452176,55.60449132610159,34.995872252878264,6.124999999999999,35.0,0.55,2.5,21.331098819447103,"[""capture"", ""lead"", ""apn""]",5.101185081691185,17.38862323906414,30.0,6.0,1.1592415492709427,307,246.37314033452176,25.799971380358222,27.009986899321532,5.313710695368837,46,"{""apn_target_accel_gain"": 0.5, ""nav_gain"": 1e-09}",capture_lead_apn
beam,-30.0,guidance_ablation_cv_6km_m30deg,164.6660237372283,-48.76789064776452,974.6374075305823,1213.500851101555,0.05782312925170068,True,N,-6.519867435167813,-7.9309232973239325,0.000602915482241599,235.84161591331645,49.10781311522803,34.9809072461049,6.124999999999999,35.0,0.55,2.5,22.08412106006115,"[""capture"", ""pn"", ""lead"", ""apn""]",4.878130522565655,10.266850348753392,30.0,6.0,0.6844566899168928,294,235.84161591331645,21.891725202984226,23.236429076127397,4.748785663849286,47,"{""apn_target_accel_gain"": 0.5, ""nav_gain"": 4.0}",full
beam,-30.0,guidance_ablation_cv_6km_m30deg,27.40899612246362,-48.60482930279989,977.5425018743773,767.5619561710274,0.05802047781569966,True,N,-4.98441200212998,-6.0458402122081045,0.0008454169019587415,1909.6204601812494,49.28649961053296,34.984692667748924,3.369503239854941,35.0,0.55,2.5,28.847264807391383,"[""capture"", ""pn"", ""lead"", ""apn"", ""unfiltered_track""]",4.856091096231798,7.835594909976872,30.0,6.0,0.5223729939984582,293,1909.6204601812494,22.366520576781856,23.695126095063927,0.00647980452071455,47,"{""apn_target_accel_gain"": 0.5, ""bearing_filter_tau_s"": 0.0, ""elevation_filter_tau_s"": 0.0, ""nav_gain"": 4.0, ""range_filter_tau_s"": 0.0}",full_no_track_filter
beam,-30.0,guidance_ablation_cv_6km_m30deg,163.09103430219852,-48.75071505719189,967.9817070905465,1208.2230959729377,0.051194539249146756,True,N,-6.175053195707163,-7.529776879100696,0.0005756130751095249,240.3739082737235,49.09313892409889,35.0,6.124999999999999,35.0,0.55,2.5,22.259077497611372,"[""capture"", ""pn"", ""lead"", ""apn"", ""near_instant_scalar_autopilot""]",4.860776464604284,9.738009147160897,30.0,6.0,0.6492006098107265,293,240.3739082737235,22.194673662737216,22.22835320819516,4.817940608757659,47,"{""apn_target_accel_gain"": 0.5, ""autopilot_tau_s"": 0.001, ""max_accel_response_g_per_s"": 1000000.0, ""nav_gain"": 4.0}",full_fast_scalar_autopilot
beam,-30.0,guidance_ablation_cv_6km_m30deg,178.87976710028408,-48.53561338535051,987.3555202832348,1248.5024170484933,0.061016949152542375,True,N,-6.759975078604413,-8.194436585794513,0.0006802236971038796,127.44944565956963,49.20872795814843,34.90044496564313,6.124999999999999,35.0,0.55,2.5,21.97934647464118,"[""capture"", ""pn"", ""lead"", ""apn"", ""second_order_autopilot""]",4.889228464444583,10.622902356920497,30.0,6.0,0.7081934904613665,295,127.44944565956963,21.834283493602594,23.953453828610858,4.56638063730069,47,"{""apn_target_accel_gain"": 0.5, ""autopilot_damping"": 1.0, ""autopilot_order"": 2, ""nav_gain"": 4.0}",full_autopilot_order2
beam,-30.0,guidance_ablation_cv_6km_m30deg,179.36240683673574,-48.52099233966543,994.3647775682682,1251.682359720274,0.06418918918918919,True,N,-7.132469680715137,-8.633527875412444,0.0006885793522998665,134.45723157580244,49.187763632833345,34.825823040388116,6.124999999999999,35.0,0.55,2.5,21.84667143808465,"[""capture"", ""pn"", ""lead"", ""apn"", ""third_order_autopilot""]",4.9055678511131,11.198657410421344,30.0,6.0,0.7465771606947562,296,134.45723157580244,21.44966168683381,24.706869724492858,4.526886223996591,47,"{""apn_target_accel_gain"": 0.5, ""autopilot_damping"": 1.0, ""autopilot_order"": 3, ""nav_gain"": 4.0}",full_autopilot_order3
tail,30.0,guidance_ablation_cv_6km_p30deg,144.6769893297683,68.66574256456602,661.501340952224,792.1230810843192,0.1162079510703364,False,N,-75.3995162304948,59.469966835425474,0.549411097495593,109.88587416384468,69.16502320777242,34.99999474493566,0.0,35.0,0.0,0.0,0.0,"[""capture""]",5.434734594314776,96.03158780189614,30.0,6.0,6.402105853459743,327,109.88587416384468,33.90907738025528,34.34267360472731,0.0,46,"{""apn_target_accel_gain"": 0.0, ""nav_gain"": 1e-09}",capture_only
beam,30.0,guidance_ablation_cv_6km_p30deg,146.8413743685481,57.649868179796044,774.826103724659,927.2365171070876,0.09933774834437085,False,N,-38.80266977118329,39.4319211017439,0.3159089282454968,174.13924826883505,57.649868179796044,34.99989761036524,0.0,35.0,0.0,0.0,0.0,"[""capture"", ""pn""]",5.028643500457453,55.32290105911477,30.0,6.0,3.6881934039409847,302,174.13924826883505,31.496042738185793,32.26985681192185,0.0,46,"{""apn_target_accel_gain"": 0.0, ""nav_gain"": 4.0}",capture_pn
beam,30.0,guidance_ablation_cv_6km_p30deg,143.18099107010255,56.817463804367854,849.6325900643167,1059.7277828353886,0.0641025641025641,False,N,-12.640801540733136,12.721704674531354,0.10337649092527562,182.4942413864931,56.817463804367854,34.995393683074305,1.4941242313323773e-08,35.0,0.55,2.5,21.294281588373995,"[""capture"", ""lead""]",5.193212896381646,17.934389315420713,30.0,6.0,1.195625954361381,312,182.4942413864931,25.652276750432453,26.860909927487125,4.7318283321139445,46,"{""apn_target_accel_gain"": 1e-09, ""nav_gain"": 1e-09}",capture_lead
beam,30.0,guidance_ablation_cv_6km_p30deg,160.37704539222614,49.46544831037662,967.1406667122503,1186.5423316165761,0.0576271186440678,True,N,-6.770474639960063,8.099553609139273,0.06073555550034587,295.9722067286881,49.80799761638108,34.983100903645195,2.1579205950896392e-08,35.0,0.55,2.5,22.57474399278135,"[""capture"", ""pn"", ""lead""]",4.892047056410767,10.556788542230152,30.0,6.0,0.7037859028153435,295,295.9722067286881,22.215370718834436,23.54323947695093,4.94578113160337,47,"{""apn_target_accel_gain"": 1e-09, ""nav_gain"": 4.0}",capture_pn_lead
beam,30.0,guidance_ablation_cv_6km_p30deg,156.05862586407318,55.22763613022776,878.5174494848218,1069.2651587533608,0.06514657980456026,False,N,-12.088868764286183,12.498581481668731,0.10014586288711641,246.3731403345597,55.60449132610158,34.995872252878264,6.124999999999999,35.0,0.55,2.5,21.331098819447103,"[""capture"", ""lead"", ""apn""]",5.101185111318817,17.388654814213854,30.0,6.0,1.1592436542809237,307,246.3731403345597,25.799971380357906,27.009986899321273,5.313710695368994,46,"{""apn_target_accel_gain"": 0.5, ""nav_gain"": 1e-09}",capture_lead_apn
beam,30.0,guidance_ablation_cv_6km_p30deg,164.66602373723012,48.76789064776463,974.6374075305778,1213.5008511015546,0.05782312925170068,True,N,-6.512862462787104,7.9365030661399505,0.0590108626343873,235.84161591329257,49.107813115228154,34.9809072461049,6.124999999999998,35.0,0.55,2.5,22.08412106006115,"[""capture"", ""pn"", ""lead"", ""apn""]",4.878130547747063,10.266885635865135,30.0,6.0,0.684459042391009,294,235.84161591329257,21.891725202984496,23.23642907612767,4.7487856638493104,47,"{""apn_target_accel_gain"": 0.5, ""nav_gain"": 4.0}",full
beam,30.0,guidance_ablation_cv_6km_p30deg,27.40899612246362,48.60482930279989,977.5425018743773,767.5619561710274,0.05802047781569966,True,N,-4.979077509602996,6.050110112018459,0.045370596082788255,1909.6204601812494,49.28649961053296,34.984692667748924,3.369503239854941,35.0,0.55,2.5,28.847264807391383,"[""capture"", ""pn"", ""lead"", ""apn"", ""unfiltered_track""]",4.8560911217950515,7.83563039615651,30.0,6.0,0.5223753597437674,293,1909.6204601812494,22.36652057678186,23.69512609506393,0.00647980452071455,47,"{""apn_target_accel_gain"": 0.5, ""bearing_filter_tau_s"": 0.0, ""elevation_filter_tau_s"": 0.0, ""nav_gain"": 4.0, ""range_filter_tau_s"": 0.0}",full_no_track_filter
beam,30.0,guidance_ablation_cv_6km_p30deg,163.09103430219875,48.7507150571919,967.9817070905465,1208.2230959729407,0.051194539249146756,True,N,-6.1684037861150305,7.535062655150854,0.05602924560509387,240.37390827371325,49.093138924098895,35.0,6.124999999999999,35.0,0.55,2.5,22.259077497611372,"[""capture"", ""pn"", ""lead"", ""apn"", ""near_instant_scalar_autopilot""]",4.860776490023171,9.738044658039568,30.0,6.0,0.6492029772026379,293,240.37390827371325,22.194673662737213,22.228353208195152,4.817940608757652,47,"{""apn_target_accel_gain"": 0.5, ""autopilot_tau_s"": 0.001, ""max_accel_response_g_per_s"": 1000000.0, ""nav_gain"": 4.0}",full_fast_scalar_autopilot
beam,30.0,guidance_ablation_cv_6km_p30deg,178.87976710028323,48.53561338535034,987.3555202832418,1248.5024170484962,0.061016949152542375,True,N,-6.752736540470928,8.200221049440344,0.061028904461325646,127.44944565958711,49.20872795814825,34.90044496564311,6.124999999999999,35.0,0.55,2.5,21.97934647464118,"[""capture"", ""pn"", ""lead"", ""apn"", ""second_order_autopilot""]",4.889228489567188,10.622937473781283,30.0,6.0,0.7081958315854189,295,127.44944565958711,21.834283493602015,23.953453828610233,4.566380637300659,47,"{""apn_target_accel_gain"": 0.5, ""autopilot_damping"": 1.0, ""autopilot_order"": 2, ""nav_gain"": 4.0}",full_autopilot_order2
beam,30.0,guidance_ablation_cv_6km_p30deg,179.36240683673574,48.52099233966543,994.3647775682682,1251.682359720274,0.06418918918918919,True,N,-7.124841960855948,8.639629977809337,0.06427101131506492,134.45723157580244,49.18776363283334,34.825823040388116,6.124999999999998,35.0,0.55,2.5,21.84667143808465,"[""capture"", ""pn"", ""lead"", ""apn"", ""third_order_autopilot""]",4.905567875986739,11.198692329175564,30.0,6.0,0.7465794886117043,296,134.45723157580244,21.44966168683381,24.706869724492876,4.526886223996591,47,"{""apn_target_accel_gain"": 0.5, ""autopilot_damping"": 1.0, ""autopilot_order"": 3, ""nav_gain"": 4.0}",full_autopilot_order3
tail,-30.0,guidance_ablation_cv_8km_m30deg,110.56031005738046,-85.52985807262623,539.1862427552609,677.072514852744,0.08893709327548807,False,N,-102.88467022001102,-55.83529818554818,0.24468809551711806,66.82533869003149,85.52985807262623,34.99999871992924,0.0,35.0,0.0,0.0,0.0,"[""capture""]",7.679454873123985,117.05936853585753,30.0,8.0,7.803957902390502,461,66.82533869003149,34.51819367123535,34.80332324399854,0.0,46,"{""apn_target_accel_gain"": 0.0, ""nav_gain"": 1e-09}",capture_only
tail,-30.0,guidance_ablation_cv_8km_m30deg,150.65948842955675,-61.15389943805912,730.9843630291679,864.3174691264596,0.07948717948717948,False,N,-44.11976476032887,-41.11167226716564,0.0424786264976559,161.14136031629513,61.60608783352261,34.99992999544377,0.0,35.0,0.0,0.0,0.0,"[""capture"", ""pn""]",6.490650218344817,60.30526547112924,30.0,8.0,4.020351031408616,390,161.14136031629513,31.872352211451865,32.60959625456116,0.0,46,"{""apn_target_accel_gain"": 0.0, ""nav_gain"": 4.0}",capture_pn
tail,-30.0,guidance_ablation_cv_8km_m30deg,115.10419107787591,-68.43540207074464,662.1608360099109,820.3549718575056,0.04656319290465632,False,N,-16.793775913825762,-13.442970138076818,0.025136495790304247,139.76114014390845,68.43540207074464,34.99689689491222,1.0336444718148998e-08,35.0,0.55,2.5,21.132360985988132,"[""capture"", ""lead""]",7.5139160599976105,21.51150825535992,30.0,8.0,1.434100550357328,451,139.76114014390845,26.36199679541285,27.533977614384582,3.312301405648924,46,"{""apn_target_accel_gain"": 1e-09, ""nav_gain"": 1e-09}",capture_lead
beam,-30.0,guidance_ablation_cv_8km_m30deg,148.69064885064626,-52.305271473782575,896.4195087317606,1145.891622746837,0.044386422976501305,True,N,-7.481983764720007,-8.411316223532523,0.0030333448864156903,126.54895702256557,52.674559844361184,34.98490391357975,1.1570080711784863e-08,35.0,0.55,2.5,21.458257639865167,"[""capture"", ""pn"", ""lead""]",6.358835581755343,11.25745667852981,30.0,8.0,0.7504971119019873,383,126.54895702256557,22.52388261919846,23.84598704702753,3.3908010692255646,47,"{""apn_target_accel_gain"": 1e-09, ""nav_gain"": 4.0}",capture_pn_lead
tail,-30.0,guidance_ablation_cv_8km_m30deg,126.7190182175623,-66.00501758535911,689.1440686278428,845.8422306449643,0.045351473922902494,False,N,-15.913992504011011,-13.263829710542936,0.02195710041184258,159.91039751521686,66.46034204832961,34.99412329396158,5.817991660411482,35.0,0.55,2.5,21.143145313529732,"[""capture"", ""lead"", ""apn""]",7.339244938023595,20.716776248303166,30.0,8.0,1.3811184165535444,441,159.91039751521686,26.31893579721702,27.25283712549257,3.506346231056777,46,"{""apn_target_accel_gain"": 0.5, ""nav_gain"": 1e-09}",capture_lead_apn
beam,-30.0,guidance_ablation_cv_8km_m30deg,164.59160854339925,-51.40619556876545,906.5283961127199,1145.4144447473816,0.04450261780104712,True,N,-7.224355020692579,-8.246565527572555,0.0025158811773758425,142.43001380958717,52.1403516336459,34.98450769371738,6.124999999999999,35.0,0.55,2.5,21.521456794574423,"[""capture"", ""pn"", ""lead"", ""apn""]",6.338873070408751,10.963446301013404,30.0,8.0,0.7308964200675603,382,142.43001380958717,22.45077284553766,23.77361814847065,3.4340396360661742,47,"{""apn_target_accel_gain"": 0.5, ""nav_gain"": 4.0}",full
beam,-30.0,guidance_ablation_cv_8km_m30deg,19.203235154323572,-51.40030944062638,905.9962884636002,980.0944139816627,0.044854881266490766,True,N,-5.4785701737553385,-6.302279405864924,0.002058366198163385,757.6224061309216,51.76571534687189,34.98304660573249,2.417048708303738,35.0,0.55,2.5,28.84726480739329,"[""capture"", ""pn"", ""lead"", ""apn"", ""unfiltered_track""]",6.299348427838088,8.350656327212723,30.0,8.0,0.5567104218141815,379,757.6224061309216,22.274193326509803,23.600647118236246,0.0002839618016841149,47,"{""apn_target_accel_gain"": 0.5, ""bearing_filter_tau_s"": 0.0, ""elevation_filter_tau_s"": 0.0, ""nav_gain"": 4.0, ""range_filter_tau_s"": 0.0}",full_no_track_filter
beam,-30.0,guidance_ablation_cv_8km_m30deg,156.57500926144482,-51.48268901548829,899.1752491161286,1129.442573209642,0.039473684210526314,True,N,-6.837247933016521,-7.864683726249521,0.002233083443050108,194.85382197082978,51.85101944080654,35.0,6.124999999999998,35.0,0.55,2.5,21.623133256599488,"[""capture"", ""pn"", ""lead"", ""apn"", ""near_instant_scalar_autopilot""]",6.315415347207992,10.421190642058345,30.0,8.0,0.6947460428038897,380,194.85382197082978,22.36217702117263,22.39553668671642,3.4340136952863203,47,"{""apn_target_accel_gain"": 0.5, ""autopilot_tau_s"": 0.001, ""max_accel_response_g_per_s"": 1000000.0, ""nav_gain"": 4.0}",full_fast_scalar_autopilot
beam,-30.0,guidance_ablation_cv_8km_m30deg,164.18251277130574,-51.44639320709111,908.8604269931091,1144.0622130965235,0.04699738903394256,True,N,-7.471809831464421,-8.512708669486992,0.0026155276834328887,149.62311368144253,52.17683817883902,34.90816577277882,6.124999999999999,35.0,0.55,2.5,21.46646670800022,"[""capture"", ""pn"", ""lead"", ""apn"", ""second_order_autopilot""]",6.354992434051581,11.326701103592105,30.0,8.0,0.7551134069061404,383,149.62311368144253,22.27950005717313,24.35375394461255,3.4117499230842374,47,"{""apn_target_accel_gain"": 0.5, ""autopilot_damping"": 1.0, ""autopilot_order"": 2, ""nav_gain"": 4.0}",full_autopilot_order2
beam,-30.0,guidance_ablation_cv_8km_m30deg,155.15798230017865,-51.597902381753194,909.6134516254912,1118.3781435951696,0.049479166666666664,True,N,-7.937916757577578,-9.067960681429364,0.0026045519189261002,245.14979707344781,51.95985679269274,34.79322332291413,6.124999999999998,35.0,0.55,2.5,21.400106160649624,"[""capture"", ""pn"", ""lead"", ""apn"", ""third_order_autopilot""]",6.379778396793057,12.051491200422529,30.0,8.0,0.8034327466948352,384,245.14979707344781,21.616037225863014,24.783759425026318,3.357799304153238,47,"{""apn_target_accel_gain"": 0.5, ""autopilot_damping"": 1.0, ""autopilot_order"": 3, ""nav_gain"": 4.0}",full_autopilot_order3
tail,30.0,guidance_ablation_cv_8km_p30deg,110.56031005738046,85.52985807262623,539.1862427552609,677.072514852744,0.08893709327548807,False,N,-102.83519205621347,55.92310365316922,0.6560698877303842,66.82533869003149,85.52985807262623,34.99999871992924,0.0,35.0,0.0,0.0,0.0,"[""capture""]",7.679454936269348,117.0593895214692,30.0,8.0,7.80395930143128,461,66.82533869003149,34.51819367123535,34.80332324399854,0.0,46,"{""apn_target_accel_gain"": 0.0, ""nav_gain"": 1e-09}",capture_only
tail,30.0,guidance_ablation_cv_8km_p30deg,150.65948842955675,61.15389943805912,730.9843630291679,864.3174691264596,0.07948717948717948,False,N,-44.083354163479655,41.149329596366016,0.3452807595258706,161.14136031629513,61.606087833522615,34.99992999544377,0.0,35.0,0.0,0.0,0.0,"[""capture"", ""pn""]",6.4906502552111585,60.305295450201065,30.0,8.0,4.020353030013404,390,161.14136031629513,31.872352211451865,32.60959625456116,0.0,46,"{""apn_target_accel_gain"": 0.0, ""nav_gain"": 4.0}",capture_pn
tail,30.0,guidance_ablation_cv_8km_p30deg,115.10419107787591,68.43540207074464,662.1608360099109,820.3549718575056,0.04656319290465632,False,N,-16.781883518575043,13.457308080445738,0.12415628114518289,139.76114014390845,68.43540207074464,34.99689689491222,1.0336444718148998e-08,35.0,0.55,2.5,21.132360985988132,"[""capture"", ""lead""]",7.513916103475777,21.511535742136335,30.0,8.0,1.434102382809089,451,139.76114014390845,26.36199679541285,27.533977614384582,3.312301405648924,46,"{""apn_target_accel_gain"": 1e-09, ""nav_gain"": 1e-09}",capture_lead
beam,30.0,guidance_ablation_cv_8km_p30deg,148.69064885064626,52.305271473782575,896.4195087317602,1145.8916227468364,0.044386422976501305,True,N,-7.474552191529748,8.417714511054148,0.06498095690493969,126.54895702256557,52.67455984436119,34.98490391357975,1.1570080711784863e-08,35.0,0.55,2.5,21.458257639865167,"[""capture"", ""pn"", ""lead""]",6.358835609100864,11.257489532674338,30.0,8.0,0.7504993021782892,383,126.54895702256557,22.52388261919847,23.845987047027542,3.3908010692255646,47,"{""apn_target_accel_gain"": 1e-09, ""nav_gain"": 4.0}",capture_pn_lead
tail,30.0,guidance_ablation_cv_8km_p30deg,126.7190182175623,66.00501758535911,689.1440686278428,845.8422306449643,0.045351473922902494,False,N,-15.902259292119378,13.2774175536115,0.11965529668043703,159.91039751521686,66.46034204832961,34.99412329396158,5.817991660411482,35.0,0.55,2.5,21.143145313529732,"[""capture"", ""lead"", ""apn""]",7.339244979348876,20.716804407938177,30.0,8.0,1.381120293862545,441,159.91039751521686,26.31893579721702,27.25283712549257,3.506346231056777,46,"{""apn_target_accel_gain"": 0.5, ""nav_gain"": 1e-09}",capture_lead_apn
beam,30.0,guidance_ablation_cv_8km_p30deg,164.59160854339925,51.40619556876545,906.5283961127199,1145.4144447473816,0.04450261780104712,True,N,-7.217069435801865,8.25274428492755,0.06324979314712949,142.43001380958717,52.1403516336459,34.98450769371738,6.124999999999999,35.0,0.55,2.5,21.521456794574423,"[""capture"", ""pn"", ""lead"", ""apn""]",6.338873097465014,10.963479375176643,30.0,8.0,0.7308986250117762,382,142.43001380958717,22.450772845537664,23.773618148470657,3.4340396360661742,47,"{""apn_target_accel_gain"": 0.5, ""nav_gain"": 4.0}",full
beam,30.0,guidance_ablation_cv_8km_p30deg,19.203235154322318,51.40030944062629,905.9962884636058,980.0944139816811,0.044854881266490766,True,N,-5.473007432695843,6.306968791164116,0.048472994856652914,757.6224061308998,51.76571534687179,34.98304660573246,2.417048708303738,35.0,0.55,2.5,28.84726480739329,"[""capture"", ""pn"", ""lead"", ""apn"", ""unfiltered_track""]",6.2993484545303975,8.350689511788564,30.0,8.0,0.5567126341192377,379,757.6224061308998,22.274193326509728,23.600647118236253,0.00028396180169059987,47,"{""apn_target_accel_gain"": 0.5, ""bearing_filter_tau_s"": 0.0, ""elevation_filter_tau_s"": 0.0, ""nav_gain"": 4.0, ""range_filter_tau_s"": 0.0}",full_no_track_filter
beam,30.0,guidance_ablation_cv_8km_p30deg,156.57500926144482,51.48268901548829,899.1752491161286,1129.442573209642,0.039473684210526314,True,N,-6.83030073441064,7.870532342508803,0.06015437283998023,194.85382197082978,51.85101944080654,35.0,6.124999999999998,35.0,0.55,2.5,21.623133256599488,"[""capture"", ""pn"", ""lead"", ""apn"", ""near_instant_scalar_autopilot""]",6.315415374074169,10.421223825709239,30.0,8.0,0.6947482550472827,380,194.85382197082978,22.362177021172613,22.395536686716405,3.4340136952863203,47,"{""apn_target_accel_gain"": 0.5, ""autopilot_tau_s"": 0.001, ""max_accel_response_g_per_s"": 1000000.0, ""nav_gain"": 4.0}",full_fast_scalar_autopilot
beam,30.0,guidance_ablation_cv_8km_p30deg,164.18251277130108,51.44639320709119,908.8604269931033,1144.0622130965126,0.04699738903394256,True,N,-7.4642884146566,8.519098522521046,0.0653095579328423,149.6231136814758,52.17683817883909,34.90816577277886,6.124999999999998,35.0,0.55,2.5,21.46646670800022,"[""capture"", ""pn"", ""lead"", ""apn"", ""second_order_autopilot""]",6.354992461082107,11.326734150316693,30.0,8.0,0.7551156100211128,383,149.6231136814758,22.279500057173482,24.35375394461305,3.4117499230844968,47,"{""apn_target_accel_gain"": 0.5, ""autopilot_damping"": 1.0, ""autopilot_order"": 2, ""nav_gain"": 4.0}",full_autopilot_order2
beam,30.0,guidance_ablation_cv_8km_p30deg,155.1579823001904,51.59790238175397,909.6134516254624,1118.3781435952178,0.049479166666666664,True,N,-7.929903326579589,9.074748270405681,0.06938780191863668,245.14979707317795,51.959856792693515,34.79322332291429,6.124999999999999,35.0,0.55,2.5,21.400106160649624,"[""capture"", ""pn"", ""lead"", ""apn"", ""third_order_autopilot""]",6.379778423517584,12.051524285632125,30.0,8.0,0.803434952375475,384,245.14979707317795,21.616037225864535,24.783759425027274,3.357799304152731,47,"{""apn_target_accel_gain"": 0.5, ""autopilot_damping"": 1.0, ""autopilot_order"": 3, ""nav_gain"": 4.0}",full_autopilot_order3
tail,-45.0,guidance_ablation_cv_4km_m45deg,112.83258754019042,-89.09579588499076,643.4800590242709,846.4219085555907,0.35019455252918286,False,M,-120.18411982309367,-47.802089619056964,0.3496881241824616,51.93027668522537,89.60895122377975,34.999999942150815,0.0,35.0,0.0,0.0,0.0,"[""capture""]",4.273728348490877,129.34212272645087,45.0,4.0,8.622808181763391,257,51.93027668522537,34.97258022198128,35.0,0.0,46,"{""apn_target_accel_gain"": 0.0, ""nav_gain"": 1e-09}",capture_only
tail,-45.0,guidance_ablation_cv_4km_m45deg,127.52796470296322,-82.43219783712625,709.2844542429076,905.8961627298889,0.44308943089430897,False,M,-90.88604446655226,-43.82278058810173,0.23650036208229405,64.51270455047651,82.8981032602639,34.999999998817465,0.0,35.0,0.0,0.0,0.0,"[""capture"", ""pn""]",4.084477758497527,100.89977755015246,45.0,4.0,6.726651836676831,246,64.51270455047651,34.74996151550694,34.937356238029714,0.0,46,"{""apn_target_accel_gain"": 0.0, ""nav_gain"": 4.0}",capture_pn
tail,-45.0,guidance_ablation_cv_4km_m45deg,129.98472234372707,-78.52372839055064,796.6449883119104,949.1701135020436,0.436,False,M,-25.23378527873867,-13.189524786823943,0.06288186243435007,115.28346756414138,78.52372839055064,34.99999999999937,1.3942397284881048e-08,35.0,0.55,2.5,23.085154895264765,"[""capture"", ""lead""]",4.162817135973321,28.4729948850547,45.0,4.0,1.8981996590036467,250,115.28346756414138,27.977744570015506,28.81797776418296,9.204265948871972,46,"{""apn_target_accel_gain"": 1e-09, ""nav_gain"": 1e-09}",capture_lead
tail,-45.0,guidance_ablation_cv_4km_m45deg,150.4946211685613,-74.18086938261726,865.6806699544635,1048.676113432655,0.4669421487603306,False,M,-19.435856214755557,-11.237331567835334,0.04477317903628333,100.60203928463787,74.56329029402049,34.9999999999996,1.5106211732366783e-08,35.0,0.55,2.5,23.62482803002778,"[""capture"", ""pn"", ""lead""]",4.023034770823416,22.45065995029295,45.0,4.0,1.4967106633528633,242,100.60203928463787,28.573966303724177,29.476025404377715,11.040956358040491,46,"{""apn_target_accel_gain"": 1e-09, ""nav_gain"": 4.0}",capture_pn_lead
tail,-45.0,guidance_ablation_cv_4km_m45deg,136.45399603766614,-77.90505852296918,804.0220190822588,964.1801257222012,0.448,False,M,-25.25834748507155,-13.304091964829693,0.0625670861508773,103.2163401298098,78.31651440513359,34.99999999999957,6.124999999999999,35.0,0.55,2.5,23.198372558222598,"[""capture"", ""lead"", ""apn""]",4.152445255790985,28.54797532795529,45.0,4.0,1.9031983551970193,250,103.2163401298098,27.950535869112827,28.884323161999088,9.04705993590551,46,"{""apn_target_accel_gain"": 0.5, ""nav_gain"": 1e-09}",capture_lead_apn
tail,-45.0,guidance_ablation_cv_4km_m45deg,148.9722941129226,-74.35638012833732,860.5734111299355,1041.4057983761277,0.4773662551440329,False,M,-19.440382030931286,-11.20463281328273,0.04491359095153234,102.48848889067781,74.74104867856076,34.999999999999716,6.124999999999999,35.0,0.55,2.5,23.62482803002778,"[""capture"", ""pn"", ""lead"", ""apn""]",4.039013166229996,22.438232265927198,45.0,4.0,1.4958821510618132,243,102.48848889067781,28.411055547859462,29.37102221835654,10.713958324625402,46,"{""apn_target_accel_gain"": 0.5, ""nav_gain"": 4.0}",full
tail,-45.0,guidance_ablation_cv_4km_m45deg,19.39303083257957,-74.50227776687777,874.3442554714883,924.3143597734584,0.4957983193277311,False,M,-16.586871321300283,-9.51137923817623,0.03869898057881562,337.5822703032234,74.50227776687777,34.99999999999842,4.61477290338234,35.0,0.55,2.5,28.84726480739248,"[""capture"", ""pn"", ""lead"", ""apn"", ""unfiltered_track""]",3.963997029936289,19.12046371960891,45.0,4.0,1.2746975813072607,238,337.5822703032234,29.44427561136952,30.363711999954653,0.046823556882568354,46,"{""apn_target_accel_gain"": 0.5, ""bearing_filter_tau_s"": 0.0, ""elevation_filter_tau_s"": 0.0, ""nav_gain"": 4.0, ""range_filter_tau_s"": 0.0}",full_no_track_filter
tail,-45.0,guidance_ablation_cv_4km_m45deg,147.7366770229121,-71.6569661904206,889.1164081587788,1089.9528770267627,0.41201716738197425,False,M,-17.00910426344293,-10.667813813671646,0.03628103008216634,105.49776004955153,71.6569661904206,35.0,6.124999999999999,35.0,0.55,2.5,24.14517289326905,"[""capture"", ""pn"", ""lead"", ""apn"", ""near_instant_scalar_autopilot""]",3.8817882194635045,20.07767904218471,45.0,4.0,1.3385119361456472,233,105.49776004955153,29.794195944792996,29.818363188481207,12.563944539515964,46,"{""apn_target_accel_gain"": 0.5, ""autopilot_tau_s"": 0.001, ""max_accel_response_g_per_s"": 1000000.0, ""nav_gain"": 4.0}",full_fast_scalar_autopilot
tail,-45.0,guidance_ablation_cv_4km_m45deg,128.78483836067886,-77.92836358270162,802.445276977329,963.3795315067356,0.525691699604743,False,M,-22.318144058157728,-11.871157910847712,0.0550170945305171,107.09275492611164,77.92836358270162,34.999999999856705,6.124999999999999,35.0,0.55,2.5,23.17893951524341,"[""capture"", ""pn"", ""lead"", ""apn"", ""second_order_autopilot""]",4.2113455618580895,25.27898279649835,45.0,4.0,1.6852655197665567,253,107.09275492611164,26.221553815598885,28.194885573440715,7.896269505296453,46,"{""apn_target_accel_gain"": 0.5, ""autopilot_damping"": 1.0, ""autopilot_order"": 2, ""nav_gain"": 4.0}",full_autopilot_order2
tail,-45.0,guidance_ablation_cv_4km_m45deg,117.04860734390734,-83.14448861554344,709.9119671990834,837.2556666631218,0.6176470588235294,False,M,-32.41561721981968,-15.377736134101779,0.08616618439938689,89.21068026728358,83.14448861554344,34.99999999999714,6.124999999999999,35.0,0.55,2.5,22.495937938577793,"[""capture"", ""pn"", ""lead"", ""apn"", ""third_order_autopilot""]",4.53150581319898,35.878328179602676,45.0,4.0,2.3918885453068452,272,89.21068026728358,22.544424789548497,28.32241236568651,3.581969737053552,46,"{""apn_target_accel_gain"": 0.5, ""autopilot_damping"": 1.0, ""autopilot_order"": 3, ""nav_gain"": 4.0}",full_autopilot_order3
tail,45.0,guidance_ablation_cv_4km_p45deg,112.83258754019042,89.09579588499076,643.4800590242709,846.4219085555907,0.35019455252918286,False,M,-120.14175246521106,47.90465979919516,0.7019837670097065,51.93027668522537,89.60895122377975,34.999999942150815,0.0,35.0,0.0,0.0,0.0,"[""capture""]",4.273728423137057,129.34214277294856,45.0,4.0,8.62280951819657,257,51.93027668522537,34.97258022198128,35.0,0.0,46,"{""apn_target_accel_gain"": 0.0, ""nav_gain"": 1e-09}",capture_only
tail,45.0,guidance_ablation_cv_4km_p45deg,127.52796470296327,82.43219783712625,709.2844542429076,905.896162729889,0.44308943089430897,False,M,-90.84721669288534,43.90034599203566,0.5594083603437574,64.51270455047566,82.8981032602639,34.999999998817465,0.0,35.0,0.0,0.0,0.0,"[""capture"", ""pn""]",4.084477825572145,100.89980226332533,45.0,4.0,6.726653484221688,246,64.51270455047566,34.749961515506925,34.937356238029714,0.0,46,"{""apn_target_accel_gain"": 0.0, ""nav_gain"": 4.0}",capture_pn
tail,45.0,guidance_ablation_cv_4km_p45deg,129.98472234372707,78.52372839055064,796.6449883119104,949.1701135020436,0.436,False,M,-25.222116094641905,13.211061624669172,0.16006224460585988,115.28346756414138,78.52372839055064,34.99999999999937,1.3942397284881048e-08,35.0,0.55,2.5,23.085154895264765,"[""capture"", ""lead""]",4.16281719226948,28.473020729535374,45.0,4.0,1.8982013819690249,250,115.28346756414138,27.977744570015506,28.81797776418296,9.204265948871972,46,"{""apn_target_accel_gain"": 1e-09, ""nav_gain"": 1e-09}",capture_lead
tail,45.0,guidance_ablation_cv_4km_p45deg,150.49462116856125,74.18086938261726,865.6806699544643,1048.676113432656,0.4669421487603306,False,M,-19.425920525764344,11.253922411176243,0.1275633537151363,100.60203928463787,74.56329029402049,34.9999999999996,1.5106211732366783e-08,35.0,0.55,2.5,23.62482803002778,"[""capture"", ""pn"", ""lead""]",4.023034823330797,22.45068886068533,45.0,4.0,1.4967125907123553,242,100.60203928463787,28.57396630372416,29.476025404377694,11.040956358040491,46,"{""apn_target_accel_gain"": 1e-09, ""nav_gain"": 4.0}",capture_pn_lead
tail,45.0,guidance_ablation_cv_4km_p45deg,136.45399603766614,77.90505852296918,804.0220190822588,964.1801257222012,0.448,False,M,-25.24657697514903,13.32564990180348,0.16059098785560877,103.2163401298098,78.31651440513359,34.99999999999957,6.124999999999999,35.0,0.55,2.5,23.198372558222598,"[""capture"", ""lead"", ""apn""]",4.152445312095305,28.548001396471502,45.0,4.0,1.9032000930981001,250,103.2163401298098,27.950535869112827,28.884323161999088,9.04705993590551,46,"{""apn_target_accel_gain"": 0.5, ""nav_gain"": 1e-09}",capture_lead_apn
tail,45.0,guidance_ablation_cv_4km_p45deg,148.9722941129226,74.35638012833732,860.5734111299354,1041.4057983761274,0.4773662551440329,False,M,-19.430475161605358,11.22122741395767,0.1274630519534137,102.48848889067781,74.74104867856076,34.999999999999716,6.124999999999999,35.0,0.55,2.5,23.62482803002778,"[""capture"", ""pn"", ""lead"", ""apn""]",4.039013218878889,22.4382609956996,45.0,4.0,1.4958840663799733,243,102.48848889067781,28.411055547859466,29.371022218356547,10.713958324625402,46,"{""apn_target_accel_gain"": 0.5, ""nav_gain"": 4.0}",full
tail,45.0,guidance_ablation_cv_4km_p45deg,19.393030832581807,74.50227776687794,874.344255471483,924.3143597734669,0.4957983193277311,False,M,-16.578465726508817,9.525538822281169,0.10877378067206414,337.5822703031825,74.50227776687794,34.99999999999842,4.61477290338234,35.0,0.55,2.5,28.84726480739248,"[""capture"", ""pn"", ""lead"", ""apn"", ""unfiltered_track""]",3.963997082346287,19.120492865906208,45.0,4.0,1.2746995243937471,238,337.5822703031825,29.444275611369807,30.363711999954962,0.04682355688257213,46,"{""apn_target_accel_gain"": 0.5, ""bearing_filter_tau_s"": 0.0, ""elevation_filter_tau_s"": 0.0, ""nav_gain"": 4.0, ""range_filter_tau_s"": 0.0}",full_no_track_filter
tail,45.0,guidance_ablation_cv_4km_p45deg,147.73667702290857,71.65696619042052,889.1164081587806,1089.9528770267643,0.41201716738197425,False,M,-16.999675844400475,10.682335716285518,0.11487081433800794,105.4977600495592,71.65696619042052,35.0,6.124999999999999,35.0,0.55,2.5,24.14517289326905,"[""capture"", ""pn"", ""lead"", ""apn"", ""near_instant_scalar_autopilot""]",3.881788270362404,20.07771078768969,45.0,4.0,1.338514052512646,233,105.4977600495592,29.794195944792875,29.818363188481086,12.563944539515903,46,"{""apn_target_accel_gain"": 0.5, ""autopilot_tau_s"": 0.001, ""max_accel_response_g_per_s"": 1000000.0, ""nav_gain"": 4.0}",full_fast_scalar_autopilot
tail,45.0,guidance_ablation_cv_4km_p45deg,128.78483836067423,77.92836358270131,802.4452769773361,963.3795315067421,0.525691699604743,False,M,-22.307643640209324,11.890206622984755,0.14248253032812988,107.09275492612358,77.92836358270131,34.999999999856705,6.124999999999999,35.0,0.55,2.5,23.17893951524341,"[""capture"", ""pn"", ""lead"", ""apn"", ""second_order_autopilot""]",4.21134561674008,25.279008674932175,45.0,4.0,1.6852672449954784,253,107.09275492612358,26.221553815598195,28.19488557344022,7.896269505296357,46,"{""apn_target_accel_gain"": 0.5, ""autopilot_damping"": 1.0, ""autopilot_order"": 2, ""nav_gain"": 4.0}",full_autopilot_order2
tail,45.0,guidance_ablation_cv_4km_p45deg,117.04860734390788,83.14448861554465,709.9119671990551,837.2556666631182,0.6176470588235294,False,M,-32.40200367865162,15.405400186840346,0.19947869134939078,89.21068026727676,83.14448861554465,34.99999999999714,6.124999999999999,35.0,0.55,2.5,22.495937938577793,"[""capture"", ""pn"", ""lead"", ""apn"", ""third_order_autopilot""]",4.531505872074923,35.87834986529299,45.0,4.0,2.3918899910195326,272,89.21068026727676,22.544424789551243,28.32241236569094,3.5819697370537065,46,"{""apn_target_accel_gain"": 0.5, ""autopilot_damping"": 1.0, ""autopilot_order"": 3, ""nav_gain"": 4.0}",full_autopilot_order3
tail,-45.0,guidance_ablation_cv_6km_m45deg,58.40732109242012,-107.40412019222417,528.3439749674733,747.6093330470771,0.035175879396984924,False,M,-146.83144225983852,-26.80048356671417,0.5433939776809164,28.627457003828948,107.40412019222417,34.98851443703062,0.0,35.0,0.0,0.0,0.0,"[""capture""]",6.622653613640916,149.25827827135421,45.0,6.0,9.950551884756948,398,28.627457003828948,29.77761790527489,26.95189401131014,0.0,46,"{""apn_target_accel_gain"": 0.0, ""nav_gain"": 1e-09}",capture_only
tail,-45.0,guidance_ablation_cv_6km_m45deg,106.96589691871074,-88.48617057321681,637.1368172530862,818.7238213230595,0.20771513353115728,False,M,-99.20255487469478,-41.51047581095765,0.28137767150246573,57.061667366829,88.48617057321681,34.99999913319593,0.0,35.0,0.0,0.0,0.0,"[""capture"", ""pn""]",5.612544185623847,107.53764768262786,45.0,6.0,7.1691765121751905,337,57.061667366829,34.646535563015476,34.8758062618024,0.0,46,"{""apn_target_accel_gain"": 0.0, ""nav_gain"": 4.0}",capture_pn
tail,-45.0,guidance_ablation_cv_6km_m45deg,105.20637972428531,-86.32568669399075,648.8878946202387,767.9785499443816,0.17914438502673796,False,M,-30.062106717411883,-13.521034373218418,0.08274871468077569,71.05018675606229,88.28927270110785,34.99999805979057,8.993181191282927e-09,35.0,0.55,2.5,21.531777890672043,"[""capture"", ""lead""]",6.231277661564888,32.96294098166268,45.0,6.0,2.197529398777512,374,71.05018675606229,30.63215259485051,31.507574822537816,3.8110164529778325,46,"{""apn_target_accel_gain"": 1e-09, ""nav_gain"": 1e-09}",capture_lead
tail,-45.0,guidance_ablation_cv_6km_m45deg,135.90678714006378,-75.97056674625921,817.7531880116198,980.7566151542845,0.21981424148606812,False,M,-19.527654122270075,-11.021853337848825,0.04598355530607912,125.49402927909519,75.97056674625921,34.999999801013686,1.3001606045371808e-08,35.0,0.55,2.5,22.59093793100542,"[""capture"", ""pn"", ""lead""]",5.382229388549971,22.423484140681573,45.0,6.0,1.4948989427121049,323,125.49402927909519,28.421153813966452,29.467543916799926,5.248610447571456,46,"{""apn_target_accel_gain"": 1e-09, ""nav_gain"": 4.0}",capture_pn_lead
tail,-45.0,guidance_ablation_cv_6km_m45deg,114.7898424029609,-84.47807377128281,673.9687524255376,800.2806590473182,0.18956043956043955,False,M,-28.75319017360964,-13.307083807924421,0.07782488288464784,75.64146312503965,85.89908220663784,34.99999849216867,4.912245087365034,35.0,0.55,2.5,21.60280558609681,"[""capture"", ""lead"", ""apn""]",6.054919229286785,31.683283941903902,45.0,6.0,2.1122189294602602,364,75.64146312503965,30.883978520871757,31.757048139574554,4.069862182797299,46,"{""apn_target_accel_gain"": 0.5, ""nav_gain"": 1e-09}",capture_lead_apn
tail,-45.0,guidance_ablation_cv_6km_m45deg,138.2985120027135,-75.22314599952861,827.0602502617979,994.2514210163049,0.2484472049689441,False,M,-19.193466237326536,-10.957349851245118,0.04476281229715478,119.89635898028047,75.60904616442737,34.999999986592115,6.124999999999999,35.0,0.55,2.5,22.810384750266277,"[""capture"", ""pn"", ""lead"", ""apn""]",5.350095602410391,22.10101051253856,45.0,6.0,1.473400700835904,322,119.89635898028047,28.579277849804686,29.196393448492913,5.467081740773756,46,"{""apn_target_accel_gain"": 0.5, ""nav_gain"": 4.0}",full
tail,-45.0,guidance_ablation_cv_6km_m45deg,18.538996437491697,-74.66325611270341,829.4637904104758,881.4992617627602,0.2113564668769716,False,M,-15.706588735491959,-9.207371316923778,0.03599191617479845,336.9020446545975,74.66325611270341,34.999998354823404,4.205664586840102,35.0,0.55,2.5,28.84726480739262,"[""capture"", ""pn"", ""lead"", ""apn"", ""unfiltered_track""]",5.2807038093745176,18.206425011287134,45.0,6.0,1.2137616674191423,317,336.9020446545975,28.60904371600961,29.64572604402559,0.002647101912177321,46,"{""apn_target_accel_gain"": 0.5, ""bearing_filter_tau_s"": 0.0, ""elevation_filter_tau_s"": 0.0, ""nav_gain"": 4.0, ""range_filter_tau_s"": 0.0}",full_no_track_filter
tail,-45.0,guidance_ablation_cv_6km_m45deg,139.32204554382588,-73.75042920426347,830.6018805536829,1006.3671420152707,0.21766561514195584,False,M,-18.417135291707215,-11.131120289185013,0.04073509099771551,114.90354668154886,73.75042920426347,35.0,6.125,35.0,0.55,2.5,23.11747321112588,"[""capture"", ""pn"", ""lead"", ""apn"", ""near_instant_scalar_autopilot""]",5.283086323687818,21.51962756631672,45.0,6.0,1.434641837754448,317,114.90354668154886,28.516966097034594,28.54336732445721,5.470795959453664,46,"{""apn_target_accel_gain"": 0.5, ""autopilot_tau_s"": 0.001, ""max_accel_response_g_per_s"": 1000000.0, ""nav_gain"": 4.0}",full_fast_scalar_autopilot
tail,-45.0,guidance_ablation_cv_6km_m45deg,138.10001799021308,-75.93316095742755,817.6687466871241,979.4337043273932,0.26380368098159507,False,M,-19.92884528483708,-11.16489050288646,0.04720740617074045,120.27266782290958,76.32375881425169,34.99999872671211,6.124999999999999,35.0,0.55,2.5,22.62817697570381,"[""capture"", ""pn"", ""lead"", ""apn"", ""second_order_autopilot""]",5.418348624045372,22.843289668250492,45.0,6.0,1.522885977883366,326,120.27266782290958,28.25431099173518,29.554969489510825,5.1267352734026685,46,"{""apn_target_accel_gain"": 0.5, ""autopilot_damping"": 1.0, ""autopilot_order"": 2, ""nav_gain"": 4.0}",full_autopilot_order2
tail,-45.0,guidance_ablation_cv_6km_m45deg,130.439607661359,-76.87295622874905,789.1391670260459,955.0289372775068,0.2852852852852853,False,M,-21.427371821324424,-11.955260099371387,0.050835588086276286,98.48372283146888,76.87295622874905,34.99999956995934,6.124999999999999,35.0,0.55,2.5,22.37223220933227,"[""capture"", ""pn"", ""lead"", ""apn"", ""third_order_autopilot""]",5.548574588873987,24.53697396725839,45.0,6.0,1.6357982644838927,333,98.48372283146888,27.749891263512787,30.457161915423153,4.358052951164862,46,"{""apn_target_accel_gain"": 0.5, ""autopilot_damping"": 1.0, ""autopilot_order"": 3, ""nav_gain"": 4.0}",full_autopilot_order3
tail,45.0,guidance_ablation_cv_6km_p45deg,58.40732109242012,107.40412019222417,528.3439749674733,747.6093330470771,0.035175879396984924,False,M,-146.8076552405482,26.925806185014128,0.7411600201509438,28.627457003828948,107.40412019222417,34.98851443703062,0.0,35.0,0.0,0.0,0.0,"[""capture""]",6.622653698095916,149.2582861824294,45.0,6.0,9.95055241216196,398,28.627457003828948,29.77761790527489,26.95189401131014,0.0,46,"{""apn_target_accel_gain"": 0.0, ""nav_gain"": 1e-09}",capture_only
tail,45.0,guidance_ablation_cv_6km_p45deg,106.96589691870949,88.48617057321674,637.136817253087,818.7238213230607,0.20771513353115728,False,M,-99.16576390661314,41.59514012831783,0.5872887968848179,57.061667366829,88.48617057321674,34.99999913319593,0.0,35.0,0.0,0.0,0.0,"[""capture"", ""pn""]",5.612544244324548,107.53766466502542,45.0,6.0,7.1691776443350275,337,57.061667366829,34.646535563015384,34.87580626180232,0.0,46,"{""apn_target_accel_gain"": 0.0, ""nav_gain"": 4.0}",capture_pn
tail,45.0,guidance_ablation_cv_6km_p45deg,105.20637972428531,86.32568669399075,648.8878946202387,767.9785499443816,0.17914438502673796,False,M,-30.050135167577047,13.546688896727815,0.18238484203215816,71.05018675606229,88.28927270110785,34.99999805979057,8.99318119128293e-09,35.0,0.55,2.5,21.53177789067204,"[""capture"", ""lead""]",6.231277717998348,32.96295902805176,45.0,6.0,2.1975306018701177,374,71.05018675606229,30.63215259485051,31.507574822537816,3.8110164529778325,46,"{""apn_target_accel_gain"": 1e-09, ""nav_gain"": 1e-09}",capture_lead
tail,45.0,guidance_ablation_cv_6km_p45deg,135.90678714006543,75.97056674625918,817.7531880116217,980.7566151542858,0.21981424148606812,False,M,-19.517902626518364,11.038519415572575,0.12718767968222,125.49402927909519,75.97056674625918,34.999999801013686,1.3001606045371808e-08,35.0,0.55,2.5,22.59093793100542,"[""capture"", ""pn"", ""lead""]",5.382229430541028,22.423505759182422,45.0,6.0,1.4949003839454948,323,125.49402927909519,28.421153813966352,29.46754391679978,5.248610447571317,46,"{""apn_target_accel_gain"": 1e-09, ""nav_gain"": 4.0}",capture_pn_lead
tail,45.0,guidance_ablation_cv_6km_p45deg,114.7898424029609,84.47807377128281,673.9687524255376,800.2806590473182,0.18956043956043955,False,M,-28.74140894211533,13.331621424200945,0.17588179982549165,75.64146312503965,85.89908220663784,34.99999849216867,4.912245087365034,35.0,0.55,2.5,21.60280558609681,"[""capture"", ""lead"", ""apn""]",6.054919283603442,31.683302419154924,45.0,6.0,2.112220161276995,364,75.64146312503965,30.883978520871757,31.757048139574554,4.069862182797299,46,"{""apn_target_accel_gain"": 0.5, ""nav_gain"": 1e-09}",capture_lead_apn
tail,45.0,guidance_ablation_cv_6km_p45deg,138.2985120027135,75.2231459995286,827.0602502617983,994.2514210163054,0.2484472049689441,False,M,-19.183772114666173,10.973730859266036,0.12549101410348598,119.89635898028047,75.60904616442735,34.999999986592115,6.124999999999999,35.0,0.55,2.5,22.810384750266277,"[""capture"", ""pn"", ""lead"", ""apn""]",5.350095644136144,22.101032317828015,45.0,6.0,1.4734021545218676,322,119.89635898028047,28.579277849804672,29.196393448492913,5.467081740773756,46,"{""apn_target_accel_gain"": 0.5, ""nav_gain"": 4.0}",full
tail,45.0,guidance_ablation_cv_6km_p45deg,18.538996437492376,74.66325611270328,829.4637904104802,881.4992617627705,0.2113564668769716,False,M,-15.698446284598726,9.220776866163698,0.10382585355497162,336.9020446545779,74.66325611270328,34.999998354823404,4.205664586840102,35.0,0.55,2.5,28.84726480739262,"[""capture"", ""pn"", ""lead"", ""apn"", ""unfiltered_track""]",5.280703850242642,18.206447252933962,45.0,6.0,1.2137631501955974,317,336.9020446545779,28.609043716009342,29.645726044025277,0.002647101912177201,46,"{""apn_target_accel_gain"": 0.5, ""bearing_filter_tau_s"": 0.0, ""elevation_filter_tau_s"": 0.0, ""nav_gain"": 4.0, ""range_filter_tau_s"": 0.0}",full_no_track_filter
tail,45.0,guidance_ablation_cv_6km_p45deg,139.32204554382588,73.75042920426347,830.6018805536827,1006.3671420152705,0.21766561514195584,False,M,-18.407288080388028,11.146839464530961,0.12274015261275115,114.90354668154886,73.75042920426347,35.0,6.125,35.0,0.55,2.5,23.11747321112588,"[""capture"", ""pn"", ""lead"", ""apn"", ""near_instant_scalar_autopilot""]",5.283086364033727,21.519650314712347,45.0,6.0,1.4346433543141566,317,114.90354668154886,28.516966097034594,28.54336732445721,5.470795959453664,46,"{""apn_target_accel_gain"": 0.5, ""autopilot_tau_s"": 0.001, ""max_accel_response_g_per_s"": 1000000.0, ""nav_gain"": 4.0}",full_fast_scalar_autopilot
tail,45.0,guidance_ablation_cv_6km_p45deg,138.10001799020912,75.93316095742705,817.6687466871364,979.4337043274013,0.26380368098159507,False,M,-19.918966863902998,11.181898884303413,0.12946582768652878,120.27266782293175,76.32375881425118,34.99999872671211,6.124999999999999,35.0,0.55,2.5,22.62817697570381,"[""capture"", ""pn"", ""lead"", ""apn"", ""second_order_autopilot""]",5.41834866650176,22.843311165078582,45.0,6.0,1.5228874110052388,326,120.27266782293175,28.2543109917342,29.554969489517138,5.126735273402423,46,"{""apn_target_accel_gain"": 0.5, ""autopilot_damping"": 1.0, ""autopilot_order"": 2, ""nav_gain"": 4.0}",full_autopilot_order2
tail,45.0,guidance_ablation_cv_6km_p45deg,130.43960766136266,76.87295622874842,789.1391670260617,955.0289372775326,0.2852852852852853,False,M,-21.416792702479732,11.973547320102707,0.13891740416558984,98.48372283146803,76.87295622874842,34.99999956995934,6.124999999999999,35.0,0.55,2.5,22.37223220933227,"[""capture"", ""pn"", ""lead"", ""apn"", ""third_order_autopilot""]",5.5485746324640175,24.53699539741836,45.0,6.0,1.635799693161224,333,98.48372283146803,27.749891263510758,30.45716191542303,4.358052951164167,46,"{""apn_target_accel_gain"": 0.5, ""autopilot_damping"": 1.0, ""autopilot_order"": 3, ""nav_gain"": 4.0}",full_autopilot_order3
tail,-45.0,guidance_ablation_cv_8km_m45deg,562.6354799695789,-98.6600290021536,582.3719225092524,674.689125836545,0.0,False,M,-281.35581328071385,-79.24190739373766,0.9372870011691716,15.310626087372686,98.6600290021536,31.530699305783784,0.0,31.55395939457951,0.0,0.0,0.0,"[""capture""]",9.574736953541914,292.303356226322,45.0,8.0,19.486890415088133,575,15.310626087372686,1.7016063436309485,0.36956374646309603,0.0,46,"{""apn_target_accel_gain"": 0.0, ""nav_gain"": 1e-09}",capture_only
tail,-45.0,guidance_ablation_cv_8km_m45deg,54.26543729753343,-100.36940490322995,556.9734557145508,766.3944560253233,0.09565217391304348,False,M,-118.09486434566327,-32.22400951013043,0.3980201954312266,39.02340048236988,100.36940490322995,34.99999959986963,0.0,35.0,0.0,0.0,0.0,"[""capture"", ""pn""]",7.658846260453771,122.4129984675056,45.0,8.0,8.160866564500374,460,39.02340048236988,34.81328110267419,34.9715861252191,0.0,46,"{""apn_target_accel_gain"": 0.0, ""nav_gain"": 4.0}",capture_pn
tail,-45.0,guidance_ablation_cv_8km_m45deg,83.7388048463071,-95.89887546984976,507.60307785825705,599.8462160851597,0.03832752613240418,False,M,-66.42106875546283,-25.557780905344647,0.19707973440689133,25.18438683052775,102.55622276543754,34.996583934711595,5.714701100595253e-09,35.0,0.55,2.5,21.213338623062793,"[""capture"", ""lead""]",9.551083520448351,71.16879498660327,45.0,8.0,4.744586332440218,574,25.18438683052775,29.745424798029365,29.025955245522173,2.2854828791515485,46,"{""apn_target_accel_gain"": 1e-09, ""nav_gain"": 1e-09}",capture_lead
tail,-45.0,guidance_ablation_cv_8km_m45deg,111.8649608358194,-81.5014427033567,699.1398012536098,835.5541597885436,0.05605381165919283,False,M,-23.138530356666834,-11.8107602457415,0.058834737471204386,89.98828453844476,82.41623970398207,34.99920840574795,9.756683080839184e-09,35.0,0.55,2.5,21.72309338795066,"[""capture"", ""pn"", ""lead""]",7.428073023402131,25.97862787321756,45.0,8.0,1.7319085248811708,446,89.98828453844476,28.60986341380236,29.636039440141964,3.8215629252009853,46,"{""apn_target_accel_gain"": 1e-09, ""nav_gain"": 4.0}",capture_pn_lead
tail,-45.0,guidance_ablation_cv_8km_m45deg,80.95062521464575,-95.08367173909201,520.0325916662723,611.1897072378262,0.043243243243243246,False,M,-53.13230733549923,-20.890723470529846,0.15627930405251678,30.423307644685654,101.7244057202129,34.9992776788048,3.1163171421488287,35.0,0.55,2.5,21.23778412785434,"[""capture"", ""lead"", ""apn""]",9.244576529245963,57.09193317043068,45.0,8.0,3.8061288780287117,555,30.423307644685654,30.349380995844008,30.837515721879758,2.658495113520996,46,"{""apn_target_accel_gain"": 0.5, ""nav_gain"": 1e-09}",capture_lead_apn
tail,-45.0,guidance_ablation_cv_8km_m45deg,119.7611006418453,-79.76957278589921,727.9147534316288,867.8982017742176,0.1111111111111111,False,M,-21.611209057259174,-11.430665491894302,0.05356974742722867,104.54402667449428,80.20842871503002,34.99962646793529,5.401053200543625,35.0,0.55,2.5,21.838997993157587,"[""capture"", ""pn"", ""lead"", ""apn""]",7.198097333452544,24.448053914821326,45.0,8.0,1.6298702609880884,432,104.54402667449428,28.42039896152712,29.45450434837829,3.9841241942311565,46,"{""apn_target_accel_gain"": 0.5, ""nav_gain"": 4.0}",full
tail,-45.0,guidance_ablation_cv_8km_m45deg,24.427108439570866,-80.89929019610557,734.8424413533932,767.7098993033111,0.05827505827505827,False,M,-17.361504087238714,-8.657556611546257,0.04523823723108351,301.8326847329092,81.34911709553761,34.999340593164554,3.0901048267605424,35.0,0.55,2.5,28.847264807392197,"[""capture"", ""pn"", ""lead"", ""apn"", ""unfiltered_track""]",7.139824313100568,19.400442189585156,45.0,8.0,1.2933628126390104,429,301.8326847329092,28.74849239792165,29.77941481533389,4.510844531902201e-05,46,"{""apn_target_accel_gain"": 0.5, ""bearing_filter_tau_s"": 0.0, ""elevation_filter_tau_s"": 0.0, ""nav_gain"": 4.0, ""range_filter_tau_s"": 0.0}",full_no_track_filter
tail,-45.0,guidance_ablation_cv_8km_m45deg,124.84555296614349,-78.75772730260101,739.8565303148735,886.1368328880093,0.05152224824355972,False,M,-20.9100547140935,-11.231187444387249,0.051244746577790046,93.1189237808934,79.32053736053504,35.0,5.638121967257922,35.0,0.55,2.5,22.02311548116981,"[""capture"", ""pn"", ""lead"", ""apn"", ""near_instant_scalar_autopilot""]",7.1027303174225365,23.73547104191086,45.0,8.0,1.5823647361273907,427,93.1189237808934,28.640568885921066,28.665549448764548,4.157565980927642,46,"{""apn_target_accel_gain"": 0.5, ""autopilot_tau_s"": 0.001, ""max_accel_response_g_per_s"": 1000000.0, ""nav_gain"": 4.0}",full_fast_scalar_autopilot
tail,-45.0,guidance_ablation_cv_8km_m45deg,119.66523421051566,-80.29344082115891,723.1317570405699,858.8807050309315,0.13073394495412843,False,M,-22.190045036426294,-11.566451119193248,0.0555955556503899,105.46112261109546,80.73503718986193,34.999063502184256,5.247343202208726,35.0,0.55,2.5,21.74100195519424,"[""capture"", ""pn"", ""lead"", ""apn"", ""second_order_autopilot""]",7.265694867846685,25.023668417662705,45.0,8.0,1.6682445611775136,436,105.46112261109546,28.297733759005297,29.91145227634856,3.9142377658143994,46,"{""apn_target_accel_gain"": 0.5, ""autopilot_damping"": 1.0, ""autopilot_order"": 2, ""nav_gain"": 4.0}",full_autopilot_order2
tail,-45.0,guidance_ablation_cv_8km_m45deg,119.86796210860226,-81.14778058340572,714.5181689309533,844.4111243092244,0.15349887133182843,False,M,-23.01358491437549,-11.588388051646149,0.05910848677113274,105.13118925573953,81.61011412438641,34.99979665662669,5.050869536469116,35.0,0.55,2.5,21.623144491866043,"[""capture"", ""pn"", ""lead"", ""apn"", ""third_order_autopilot""]",7.368085401553834,25.766631950255608,45.0,8.0,1.717775463350374,443,105.13118925573953,28.635547609294342,30.82963002726937,3.9992108547038843,46,"{""apn_target_accel_gain"": 0.5, ""autopilot_damping"": 1.0, ""autopilot_order"": 3, ""nav_gain"": 4.0}",full_autopilot_order3
tail,45.0,guidance_ablation_cv_8km_p45deg,562.6354799695789,98.6600290021536,582.3719225092524,674.689125836545,0.0,False,M,-281.2855276265674,79.48204752378548,1.5215485580207107,15.310626087372686,98.6600290021536,31.530699305783784,0.0,31.55395939457951,0.0,0.0,0.0,"[""capture""]",9.574737024317125,292.3033681652401,45.0,8.0,19.486891211016008,575,15.310626087372686,1.7016063436309485,0.36956374646309603,0.0,46,"{""apn_target_accel_gain"": 0.0, ""nav_gain"": 1e-09}",capture_only
tail,45.0,guidance_ablation_cv_8km_p45deg,54.265437297533964,100.36940490322996,556.9734557145506,766.394456025323,0.09565217391304348,False,M,-118.06628754663646,32.32480098562319,0.6356238580520507,39.02340048236988,100.36940490322996,34.99999959986963,0.0,35.0,0.0,0.0,0.0,"[""capture"", ""pn""]",7.658846335115395,122.41301005813938,45.0,8.0,8.160867337209291,460,39.02340048236988,34.813281102674196,34.9715861252191,0.0,46,"{""apn_target_accel_gain"": 0.0, ""nav_gain"": 4.0}",capture_pn
tail,45.0,guidance_ablation_cv_8km_p45deg,83.7388048463071,95.89887546984976,507.60307785825705,599.8462160851597,0.03832752613240418,False,M,-66.39841986519231,25.61446665571291,0.3854443999351121,25.18438683052775,102.55622276543754,34.996583934711595,5.714701100595253e-09,35.0,0.55,2.5,21.213338623062793,"[""capture"", ""lead""]",9.551083596621675,71.16881079543529,45.0,8.0,4.744587386362353,574,25.18438683052775,29.745424798029365,29.025955245522173,2.2854828791515485,46,"{""apn_target_accel_gain"": 1e-09, ""nav_gain"": 1e-09}",capture_lead
tail,45.0,guidance_ablation_cv_8km_p45deg,111.86496083580582,81.50144270335696,699.139801253606,835.5541597885316,0.05605381165919283,False,M,-23.12807770353403,11.830506861838892,0.14585811520034556,89.98828453846522,82.41623970398233,34.99920840574795,9.756683080839118e-09,35.0,0.55,2.5,21.723093387950655,"[""capture"", ""pn"", ""lead""]",7.428073073814995,25.978647875871303,45.0,8.0,1.7319098583914203,446,89.98828453846522,28.60986341380274,29.636039440142167,3.821562925201384,46,"{""apn_target_accel_gain"": 1e-09, ""nav_gain"": 4.0}",capture_pn_lead
tail,45.0,guidance_ablation_cv_8km_p45deg,80.95062521464575,95.08367173909201,520.0325916662723,611.1897072378262,0.043243243243243246,False,M,-53.1137976838101,20.936067370151797,0.3102434251732156,30.423307644685654,101.7244057202129,34.9992776788048,3.1163171421488287,35.0,0.55,2.5,21.23778412785434,"[""capture"", ""lead"", ""apn""]",9.244576602742704,57.09194927752187,45.0,8.0,3.8061299518347913,555,30.423307644685654,30.349380995844008,30.837515721879758,2.658495113520996,46,"{""apn_target_accel_gain"": 0.5, ""nav_gain"": 1e-09}",capture_lead_apn
tail,45.0,guidance_ablation_cv_8km_p45deg,119.7611006418453,79.7695727858992,727.9147534316286,867.8982017742175,0.1111111111111111,False,M,-21.601094027808582,11.449108991322444,0.13779007898767762,104.54402667449428,80.20842871503002,34.99962646793529,5.401053200543625,35.0,0.55,2.5,21.838997993157587,"[""capture"", ""pn"", ""lead"", ""apn""]",7.198097381381754,24.448074484492018,45.0,8.0,1.629871632299468,432,104.54402667449428,28.42039896152712,29.454504348378297,3.9841241942311565,46,"{""apn_target_accel_gain"": 0.5, ""nav_gain"": 4.0}",full
tail,45.0,guidance_ablation_cv_8km_p45deg,24.427108439572685,80.89929019610562,734.8424413533919,767.7098993033119,0.05827505827505827,False,M,-17.353846412809986,8.672372580530538,0.10902963354400033,301.83268473289553,81.34911709553765,34.999340593164554,3.0901048267605424,35.0,0.55,2.5,28.847264807392197,"[""capture"", ""pn"", ""lead"", ""apn"", ""unfiltered_track""]",7.139824361951108,19.40046182326375,45.0,8.0,1.2933641215509166,429,301.83268473289553,28.748492397921723,29.77941481533397,4.510844531902201e-05,46,"{""apn_target_accel_gain"": 0.5, ""bearing_filter_tau_s"": 0.0, ""elevation_filter_tau_s"": 0.0, ""nav_gain"": 4.0, ""range_filter_tau_s"": 0.0}",full_no_track_filter
tail,45.0,guidance_ablation_cv_8km_p45deg,124.84555296614342,78.75772730260103,739.8565303148735,886.1368328880104,0.05152224824355972,False,M,-20.900116798959807,11.249032718122853,0.13399432281663715,93.1189237808934,79.32053736053501,35.0,5.638121967257922,35.0,0.55,2.5,22.02311548116981,"[""capture"", ""pn"", ""lead"", ""apn"", ""near_instant_scalar_autopilot""]",7.102730364734526,23.735491858862037,45.0,8.0,1.5823661239241358,427,93.1189237808934,28.64056888592112,28.665549448764605,4.157565980927642,46,"{""apn_target_accel_gain"": 0.5, ""autopilot_tau_s"": 0.001, ""max_accel_response_g_per_s"": 1000000.0, ""nav_gain"": 4.0}",full_fast_scalar_autopilot
tail,45.0,guidance_ablation_cv_8km_p45deg,119.66523421052196,80.29344082115865,723.1317570405722,858.8807050309398,0.13073394495412843,False,M,-22.17980936238933,11.585388467529409,0.14081735585193972,105.46112261107841,80.73503718986167,34.999063502184256,5.247343202208726,35.0,0.55,2.5,21.74100195519424,"[""capture"", ""pn"", ""lead"", ""apn"", ""second_order_autopilot""]",7.265694916321614,25.023688753323693,45.0,8.0,1.6682459168882462,436,105.46112261107841,28.297733759005336,29.911452276348705,3.9142377658141863,46,"{""apn_target_accel_gain"": 0.5, ""autopilot_damping"": 1.0, ""autopilot_order"": 2, ""nav_gain"": 4.0}",full_autopilot_order2
tail,45.0,guidance_ablation_cv_8km_p45deg,119.86796210861918,81.14778058340609,714.5181689309474,844.4111243092284,0.15349887133182843,False,M,-23.003329138656767,11.608027898609242,0.14449437061224019,105.13118925569775,81.6101141243868,34.99979665662669,5.050869536469116,35.0,0.55,2.5,21.623144491866043,"[""capture"", ""pn"", ""lead"", ""apn"", ""third_order_autopilot""]",7.368085451552776,25.766651737844867,45.0,8.0,1.7177767825229913,443,105.13118925569775,28.635547609294633,30.829630027269655,3.99921085470348,46,"{""apn_target_accel_gain"": 0.5, ""autopilot_damping"": 1.0, ""autopilot_order"": 3, ""nav_gain"": 4.0}",full_autopilot_order3
tail,-60.0,guidance_ablation_cv_8km_m60deg,2845.555983968631,-91.55466720909557,585.0605285417696,673.7214129385271,0.07922272047832586,False,M,-1074.331958132561,-429.54608436022323,3.1074937080256517,5.762024594918921,91.55466720909557,34.99999998940531,0.0,35.0,0.0,0.0,0.0,"[""capture""]",11.149223006571564,1157.0257781792457,60.0,8.0,77.13505187861638,669,4.761951428520519,9.523210432276061e-29,0.0,0.0,46,"{""apn_target_accel_gain"": 0.0, ""nav_gain"": 1e-09}",capture_only
tail,-60.0,guidance_ablation_cv_8km_m60deg,1338.8699083518227,-94.02128688908037,716.4682337766784,811.7004461741935,0.12743362831858407,False,M,-477.81214311612615,-133.325945003669,1.5953862393649998,8.035951432670311,94.02128688908037,34.99999999997788,0.0,35.0,0.0,0.0,0.0,"[""capture"", ""pn""]",9.415915169420732,496.0673310928664,60.0,8.0,33.071155406191096,565,8.035951432670311,6.6876571540939e-08,0.0,0.0,46,"{""apn_target_accel_gain"": 0.0, ""nav_gain"": 4.0}",capture_pn
tail,-60.0,guidance_ablation_cv_8km_m60deg,2394.601902383158,-91.76555380024203,557.6490618320961,632.8236659065299,0.11611030478955008,False,M,-940.1900017597628,-392.41323258575085,2.6588889773807662,5.646192104411577,95.0349208852476,34.99999999999911,6.842948773342282e-09,35.0,0.55,2.5,21.285235971717942,"[""capture"", ""lead""]",11.472206855868343,1018.7995161993435,60.0,8.0,67.9199677466229,689,3.9471385110541988,9.031763653984533e-25,0.0,0.0524318965636727,46,"{""apn_target_accel_gain"": 1e-09, ""nav_gain"": 1e-09}",capture_lead
tail,-60.0,guidance_ablation_cv_8km_m60deg,511.2535595403253,-93.85819750442721,604.3511338237046,715.6099033764903,0.1697792869269949,False,M,-274.3235412409497,-95.10442364189076,0.8481794515348684,6.98575115618214,99.99267210785044,34.99999999999934,1.0603430155141845e-08,35.0,0.55,2.5,21.792678433142818,"[""capture"", ""pn"", ""lead""]",9.80955643630451,290.3428595361237,60.0,8.0,19.35619063574158,589,6.98575115618214,1.9329056304495513,1.6825595736506211,0.4043059398091543,46,"{""apn_target_accel_gain"": 1e-09, ""nav_gain"": 4.0}",capture_pn_lead
tail,-60.0,guidance_ablation_cv_8km_m60deg,2075.8571744133715,-91.91442993984383,570.7814486516208,650.6875115068664,0.10597014925373134,False,M,-819.4851191517758,-331.4580647851931,2.3566562583676647,5.403244307822589,96.12298317430141,34.99999999995252,3.7492081105765904,35.0,0.55,2.5,21.32100126632424,"[""capture"", ""lead"", ""apn""]",11.166667249053717,883.9829540500572,60.0,8.0,58.93219693667048,670,4.123267817369667,2.6494264210639123e-20,0.0,0.07659839502306426,45,"{""apn_target_accel_gain"": 0.5, ""nav_gain"": 1e-09}",capture_lead_apn
tail,-60.0,guidance_ablation_cv_8km_m60deg,318.4799188481127,-94.91066898351042,618.2800609892172,734.0785180567576,0.17894736842105263,False,M,-210.94535327191954,-67.42427047669827,0.6735567109056343,8.319068508843166,99.87181897528025,34.99999999999953,5.678288876189834,35.0,0.55,2.5,21.919630288747843,"[""capture"", ""pn"", ""lead"", ""apn""]",9.484766487753896,221.45976608624136,60.0,8.0,14.763984405749424,570,8.319068508843166,7.8266974458174365,3.9542608453228123,0.5482709167020962,46,"{""apn_target_accel_gain"": 0.5, ""nav_gain"": 4.0}",full
tail,-60.0,guidance_ablation_cv_8km_m60deg,46.223790672970495,-98.36339601712913,627.0423844281738,735.5931124525976,0.15063520871143377,False,M,-144.46254266405467,-36.91208430250317,0.49581631820477773,11.689096088080793,99.93874740117836,34.9999999998773,3.25084716991081,35.0,0.55,2.5,28.84726480739353,"[""capture"", ""pn"", ""lead"", ""apn"", ""unfiltered_track""]",9.18147905085351,149.10457415632914,60.0,8.0,9.940304943755276,551,11.689096088080793,19.93896980553302,17.100894040734612,1.246094677703258e-06,46,"{""apn_target_accel_gain"": 0.5, ""bearing_filter_tau_s"": 0.0, ""elevation_filter_tau_s"": 0.0, ""nav_gain"": 4.0, ""range_filter_tau_s"": 0.0}",full_no_track_filter
tail,-60.0,guidance_ablation_cv_8km_m60deg,169.32995630518656,-96.01907610929477,633.0840691210258,755.5539701792156,0.15970961887477314,False,M,-171.53496324407888,-49.97810788643797,0.5658324668536798,10.008821317285959,99.47290637209446,35.0,6.023791696245674,35.0,0.55,2.5,22.145632642753778,"[""capture"", ""pn"", ""lead"", ""apn"", ""near_instant_scalar_autopilot""]",9.16676973020849,178.6683381280422,60.0,8.0,11.91122254186948,551,10.008821317285959,13.756476780212266,13.710824608727147,0.734742707058205,46,"{""apn_target_accel_gain"": 0.5, ""autopilot_tau_s"": 0.001, ""max_accel_response_g_per_s"": 1000000.0, ""nav_gain"": 4.0}",full_fast_scalar_autopilot
tail,-60.0,guidance_ablation_cv_8km_m60deg,430.4425231196002,-94.26730801448295,605.8406107523382,721.2012563006928,0.18900343642611683,False,M,-245.26348758817505,-83.07162138152094,0.7656845044064993,7.448232512159443,100.14987804256708,34.99999999939134,5.480246135734581,35.0,0.55,2.5,21.805074029011006,"[""capture"", ""pn"", ""lead"", ""apn"", ""second_order_autopilot""]",9.694292404240537,258.951074328009,60.0,8.0,17.2634049552006,582,7.448232512159443,4.365594076852125,1.91913723854333,0.6541708570786142,46,"{""apn_target_accel_gain"": 0.5, ""autopilot_damping"": 1.0, ""autopilot_order"": 2, ""nav_gain"": 4.0}",full_autopilot_order2
tail,-60.0,guidance_ablation_cv_8km_m60deg,611.720971960184,-93.80798979724285,591.7460146773617,707.126579271836,0.19833333333333333,False,M,-303.9259353989051,-108.36535408211033,0.928517926827353,6.600470246968777,99.70733951446162,34.99999999982918,5.241047353827894,35.0,0.55,2.5,21.66960334350659,"[""capture"", ""pn"", ""lead"", ""apn"", ""third_order_autopilot""]",9.991541634603132,322.66838444288453,60.0,8.0,21.511225629525637,600,6.600470246968777,0.7213059718603702,0.0,0.10774718088489461,46,"{""apn_target_accel_gain"": 0.5, ""autopilot_damping"": 1.0, ""autopilot_order"": 3, ""nav_gain"": 4.0}",full_autopilot_order3
tail,60.0,guidance_ablation_cv_8km_p60deg,2845.555983968631,91.55466720909557,585.0605285417696,673.7214129385271,0.07922272047832586,False,M,-1073.9510844702536,430.46301185628465,6.2731798261965555,5.762024594918921,91.55466720909557,34.99999998940531,0.0,35.0,0.0,0.0,0.0,"[""capture""]",11.149223071380664,1157.0257945250612,60.0,8.0,77.13505296833742,669,4.761951428520519,9.523210432276061e-29,0.0,0.0,46,"{""apn_target_accel_gain"": 0.0, ""nav_gain"": 1e-09}",capture_only
tail,60.0,guidance_ablation_cv_8km_p60deg,1338.8699083518236,94.02128688908037,716.4682337766783,811.7004461741932,0.12743362831858407,False,M,-477.6938766205989,133.73376781743985,2.5784307846955605,8.035951432670311,94.02128688908037,34.99999999997788,0.0,35.0,0.0,0.0,0.0,"[""capture"", ""pn""]",9.4159152264859,496.0673429291395,60.0,8.0,33.07115619527597,565,8.035951432670311,6.687657154093897e-08,0.0,0.0,46,"{""apn_target_accel_gain"": 0.0, ""nav_gain"": 4.0}",capture_pn
tail,60.0,guidance_ablation_cv_8km_p60deg,2394.601902383158,91.76555380024203,557.6490618320961,632.8236659065299,0.11611030478955008,False,M,-939.8420707659849,393.21566550441406,5.5507822308389985,5.646192104411577,95.0349208852476,34.99999999999911,6.842948773342282e-09,35.0,0.55,2.5,21.285235971717942,"[""capture"", ""lead""]",11.472206923068942,1018.7995331580929,60.0,8.0,67.91996887720619,689,3.9471385110541988,9.031763653984533e-25,0.0,0.0524318965636727,46,"{""apn_target_accel_gain"": 1e-09, ""nav_gain"": 1e-09}",capture_lead
tail,60.0,guidance_ablation_cv_8km_p60deg,511.25355954032597,93.8581975044272,604.3511338237045,715.6099033764893,0.1697792869269949,False,M,-274.2392097033962,95.33855622762412,1.5491984744697287,6.98575115618214,99.99267210785058,34.99999999999934,1.0603430155141845e-08,35.0,0.55,2.5,21.792678433142818,"[""capture"", ""pn"", ""lead""]",9.809556501386751,290.3428739580577,60.0,8.0,19.356191597203846,589,6.98575115618214,1.9329056304494743,1.6825595736508288,0.4043059398085816,46,"{""apn_target_accel_gain"": 1e-09, ""nav_gain"": 4.0}",capture_pn_lead
tail,60.0,guidance_ablation_cv_8km_p60deg,2075.8571744133715,91.91442993984383,570.7814486516208,650.6875115068664,0.10597014925373134,False,M,-819.1912109032003,332.1575195443993,4.799419490070504,5.403244307822589,96.12298317430141,34.99999999995252,3.7492081105765904,35.0,0.55,2.5,21.32100126632424,"[""capture"", ""lead"", ""apn""]",11.166667249053717,883.9829705590381,60.0,8.0,58.93219803726921,670,4.123267817369667,2.6494264210639123e-20,0.0,0.07659839502306426,45,"{""apn_target_accel_gain"": 0.5, ""nav_gain"": 1e-09}",capture_lead_apn
tail,60.0,guidance_ablation_cv_8km_p60deg,318.4799188481044,94.91066898351042,618.2800609892207,734.0785180567623,0.17894736842105263,False,M,-210.88556332254998,67.60431066214521,1.1705958071803912,8.319068508843166,99.87181897528005,34.99999999999953,5.678288876189834,35.0,0.55,2.5,21.919630288747836,"[""capture"", ""pn"", ""lead"", ""apn""]",9.484766552529692,221.45977949170992,60.0,8.0,14.763985299447329,570,8.319068508843166,7.826697445817487,3.954260845324696,0.5482709167016697,46,"{""apn_target_accel_gain"": 0.5, ""nav_gain"": 4.0}",full
tail,60.0,guidance_ablation_cv_8km_p60deg,46.22379067297051,98.36339601712913,627.0423844281738,735.5931124525973,0.15063520871143377,False,M,-144.42980268360563,37.03538218415566,0.7680163495659906,11.689096088080793,99.93874740117836,34.9999999998773,3.25084716991081,35.0,0.55,2.5,28.84726480739353,"[""capture"", ""pn"", ""lead"", ""apn"", ""unfiltered_track""]",9.181479117371977,149.10458505983303,60.0,8.0,9.940305670655535,551,11.689096088080793,19.938969805533006,17.100894040734605,1.2460946776111841e-06,46,"{""apn_target_accel_gain"": 0.5, ""bearing_filter_tau_s"": 0.0, ""elevation_filter_tau_s"": 0.0, ""nav_gain"": 4.0, ""range_filter_tau_s"": 0.0}",full_no_track_filter
tail,60.0,guidance_ablation_cv_8km_p60deg,169.32995630517885,96.01907610929487,633.0840691210235,755.5539701792138,0.15970961887477314,False,M,-171.49064068715302,50.12451170509872,0.9343093963313464,10.008821317285959,99.47290637209471,35.0,6.023791696245674,35.0,0.55,2.5,22.145632642753778,"[""capture"", ""pn"", ""lead"", ""apn"", ""near_instant_scalar_autopilot""]",9.166769794595654,178.66835044577115,60.0,8.0,11.91122336305141,551,10.008821317285959,13.756476780212369,13.71082460872725,0.7347427070585931,46,"{""apn_target_accel_gain"": 0.5, ""autopilot_tau_s"": 0.001, ""max_accel_response_g_per_s"": 1000000.0, ""nav_gain"": 4.0}",full_fast_scalar_autopilot
tail,60.0,guidance_ablation_cv_8km_p60deg,430.44252311960054,94.26730801448296,605.840610752338,721.2012563006925,0.18900343642611683,False,M,-245.1898251863139,83.28095146917869,1.3780269461753443,7.448232512159443,100.14987804256711,34.99999999939134,5.480246135734581,35.0,0.55,2.5,21.805074029011006,"[""capture"", ""pn"", ""lead"", ""apn"", ""second_order_autopilot""]",9.69429246951416,258.95108845257084,60.0,8.0,17.263405896838055,582,7.448232512159443,4.365594076852203,1.9191372385434902,0.6541708570784386,46,"{""apn_target_accel_gain"": 0.5, ""autopilot_damping"": 1.0, ""autopilot_order"": 2, ""nav_gain"": 4.0}",full_autopilot_order2
tail,60.0,guidance_ablation_cv_8km_p60deg,611.7209719601858,93.80798979724267,591.7460146773584,707.1265792718356,0.19833333333333333,False,M,-303.82984672425863,108.62475171457245,1.7272566922215347,6.600470246968777,99.70733951446172,34.99999999982918,5.241047353827894,35.0,0.55,2.5,21.66960334350659,"[""capture"", ""pn"", ""lead"", ""apn"", ""third_order_autopilot""]",9.991541700687742,322.66839922933246,60.0,8.0,21.51122661528883,600,6.600470246968777,0.7213059718607975,0.0,0.10774718088497323,46,"{""apn_target_accel_gain"": 0.5, ""autopilot_damping"": 1.0, ""autopilot_order"": 3, ""nav_gain"": 4.0}",full_autopilot_order3
tail,-60.0,guidance_ablation_cv_10km_m60deg,4411.321323357941,-89.26734276697704,518.0402786809098,619.7684008199849,0.0,False,O,-1795.3214805070522,-888.471078719698,4.563524790153399,5.32319643788645,89.26734276697704,32.825279809604005,0.0,32.836405746519,0.0,0.0,0.0,"[""capture""]",14.514340178194962,2003.1427562332865,60.0,10.0,133.54285041555244,871,3.4740262202101944,1.677725583290393e-50,0.0,0.0,46,"{""apn_target_accel_gain"": 0.0, ""nav_gain"": 1e-09}",capture_only
tail,-60.0,guidance_ablation_cv_10km_m60deg,2209.528909632555,-92.47250255789872,628.8327256067728,712.2323951881269,0.06060606060606061,False,O,-808.2432773190335,-286.337015081182,2.473776691601591,5.639059107022076,92.47250255789874,34.999999842966965,0.0,35.0,0.0,0.0,0.0,"[""capture"", ""pn""]",12.649022058731944,857.468484031998,60.0,10.0,57.164565602133194,759,5.639059107022076,8.610979502073055e-20,0.0,0.0,46,"{""apn_target_accel_gain"": 0.0, ""nav_gain"": 4.0}",capture_pn
tail,-60.0,guidance_ablation_cv_10km_m60deg,4090.5069015243707,-90.87054797080609,507.66139844516056,599.8567889501026,0.0,False,O,-1622.596406953149,-773.6371748775944,4.23272011049872,5.251979056472362,90.8869795985384,33.4633258774161,4.0631647540142746e-09,33.474975708273995,0.55,2.5,21.151705783175633,"[""capture"", ""lead""]",14.858681459768565,1797.5960319630735,60.0,10.0,119.8397354642049,892,3.0698145600574582,5.534915414409649e-49,0.0,0.13139307872205003,46,"{""apn_target_accel_gain"": 1e-09, ""nav_gain"": 1e-09}",capture_lead
tail,-60.0,guidance_ablation_cv_10km_m60deg,1620.641680073903,-92.12967125542602,574.3406569970226,660.0978256681133,0.08184143222506395,False,O,-663.7661085683106,-264.1123717474801,1.925165951793137,4.524754359516111,97.55575012331484,34.99999999005132,6.766455905751759e-09,35.0,0.55,2.5,21.431440183236653,"[""capture"", ""pn"", ""lead""]",13.027097091783272,714.3839990214925,60.0,10.0,47.625599934766164,782,4.524754359516111,2.3529160606391428e-14,0.0,0.15189253205637174,46,"{""apn_target_accel_gain"": 1e-09, ""nav_gain"": 4.0}",capture_pn_lead
tail,-60.0,guidance_ablation_cv_10km_m60deg,3887.751730223682,-91.04370674391868,518.4414803036349,609.0699943681608,0.0,False,O,-1525.3358394991965,-707.3528210575685,4.052419653670046,5.086605178987009,91.32362891333158,33.27387023775,2.1445708667057244,33.28779404691534,0.55,2.5,21.162096427870733,"[""capture"", ""lead"", ""apn""]",14.63904578118612,1681.3726115361424,60.0,10.0,112.09150743574283,879,3.1463385406469118,8.21778736328868e-46,0.0,0.11402542649198859,46,"{""apn_target_accel_gain"": 0.5, ""nav_gain"": 1e-09}",capture_lead_apn
tail,-60.0,guidance_ablation_cv_10km_m60deg,1350.4205154613776,-92.22651331205707,576.3399137117235,671.8255060402329,0.08935611038107753,False,O,-569.590372280674,-224.8316303773241,1.6588745814672115,4.667355645564301,98.81595164320018,34.99999999138519,3.682171125270094,35.0,0.55,2.5,21.478267999383423,"[""capture"", ""pn"", ""lead"", ""apn""]",12.682876092839212,612.3603563897975,60.0,10.0,40.824023759319836,761,4.667355645564301,7.310199571352529e-11,0.0,0.1844065536234693,46,"{""apn_target_accel_gain"": 0.5, ""nav_gain"": 4.0}",full
tail,-60.0,guidance_ablation_cv_10km_m60deg,1000.6740970463392,-92.92174319060955,567.9824673496973,658.7058687408057,0.064,False,O,-467.1930452363141,-181.91403781484138,1.3701004413801319,5.960306099844264,100.97891616974765,34.9999641134733,1.950777343084477,35.0,0.55,2.5,28.847264807393053,"[""capture"", ""pn"", ""lead"", ""apn"", ""unfiltered_track""]",12.49023316156994,501.36208058298524,60.0,10.0,33.42413870553235,750,4.701165568671216,1.0556948865575772e-07,0.0,1.8340444390599357e-08,46,"{""apn_target_accel_gain"": 0.5, ""bearing_filter_tau_s"": 0.0, ""elevation_filter_tau_s"": 0.0, ""nav_gain"": 4.0, ""range_filter_tau_s"": 0.0}",full_no_track_filter
tail,-60.0,guidance_ablation_cv_10km_m60deg,1136.8005344727571,-92.3991908951598,573.1892102252399,675.1457995660935,0.07238605898123325,False,O,-503.14206062740476,-198.311383093354,1.4665828147782582,4.711634476030697,100.28813542730026,35.0,3.8581208093738346,35.0,0.55,2.5,21.587889819081827,"[""capture"", ""pn"", ""lead"", ""apn"", ""near_instant_scalar_autopilot""]",12.42974819361493,540.8155773477155,60.0,10.0,36.05437182318103,746,4.711634476030697,2.717803096034201e-60,0.0,0.2865138276437791,46,"{""apn_target_accel_gain"": 0.5, ""autopilot_tau_s"": 0.001, ""max_accel_response_g_per_s"": 1000000.0, ""nav_gain"": 4.0}",full_fast_scalar_autopilot
tail,-60.0,guidance_ablation_cv_10km_m60deg,1472.6858622301386,-92.24562738446446,575.0062005811966,666.6322522594755,0.09844559585492228,False,O,-609.6017511784011,-241.1485179292152,1.7733803695420611,4.612036389824435,98.21059956157525,34.999999625570396,3.5802266924518573,35.0,0.55,2.5,21.423399108607736,"[""capture"", ""pn"", ""lead"", ""apn"", ""second_order_autopilot""]",12.855930629016893,655.568491934417,60.0,10.0,43.70456612896113,772,4.612036389824435,2.7546111277826734e-09,0.0,0.15167650986118517,46,"{""apn_target_accel_gain"": 0.5, ""autopilot_damping"": 1.0, ""autopilot_order"": 2, ""nav_gain"": 4.0}",full_autopilot_order2
tail,-60.0,guidance_ablation_cv_10km_m60deg,1653.1101300141763,-92.26792505926085,572.6838943814136,658.986669035164,0.10814249363867684,False,O,-667.6373997280093,-264.9079764488837,1.9391291353296205,4.498767694288554,97.39297695921472,34.99999991340315,3.4531214561992227,35.0,0.55,2.5,21.359263178993313,"[""capture"", ""pn"", ""lead"", ""apn"", ""third_order_autopilot""]",13.097673294632095,718.2754998770481,60.0,10.0,47.88503332513654,786,4.498767694288554,7.967764330192198e-11,0.0,0.16046511456340093,46,"{""apn_target_accel_gain"": 0.5, ""autopilot_damping"": 1.0, ""autopilot_order"": 3, ""nav_gain"": 4.0}",full_autopilot_order3
tail,60.0,guidance_ablation_cv_10km_p60deg,4411.321323357941,89.26734276697704,518.0402786809098,619.7684008199849,0.0,False,O,-1794.5338307454306,890.0033014986949,11.11007368843896,5.32319643788645,89.26734276697704,32.825279809604005,0.0,32.836405746519,0.0,0.0,0.0,"[""capture""]",14.51434024638441,2003.142775766573,60.0,10.0,133.54285171777153,871,3.4740262202101944,1.677725583290393e-50,0.0,0.0,46,"{""apn_target_accel_gain"": 0.0, ""nav_gain"": 1e-09}",capture_only
tail,60.0,guidance_ablation_cv_10km_p60deg,2209.5289096325523,92.47250255789872,628.832725606773,712.2323951881272,0.06060606060606061,False,O,-807.9893544564078,287.0268513358148,4.584324189419486,5.639059107022076,92.47250255789872,34.999999842966965,0.0,35.0,0.0,0.0,0.0,"[""capture"", ""pn""]",12.649022120922174,857.468498739696,60.0,10.0,57.1645665826464,759,5.639059107022076,8.610979502073031e-20,0.0,0.0,46,"{""apn_target_accel_gain"": 0.0, ""nav_gain"": 4.0}",capture_pn
tail,60.0,guidance_ablation_cv_10km_p60deg,4090.5069015243707,90.87054797080609,507.66139844516056,599.8567889501026,0.0,False,O,-1621.9105394938806,775.0219953553913,9.933321205057094,5.251979056472362,90.8869795985384,33.4633258774161,4.0631647540142746e-09,33.474975708273995,0.55,2.5,21.151705783175633,"[""capture"", ""lead""]",14.858681530357265,1797.5960509180436,60.0,10.0,119.83973672786958,892,3.0698145600574582,5.534915414409649e-49,0.0,0.13139307872205003,46,"{""apn_target_accel_gain"": 1e-09, ""nav_gain"": 1e-09}",capture_lead
tail,60.0,guidance_ablation_cv_10km_p60deg,1620.641680073903,92.12967125542602,574.3406569970226,660.0978256681133,0.08184143222506395,False,O,-663.531927702743,264.6788858747059,3.8716420672069174,4.524754359516111,97.55575012331484,34.99999999005132,6.766455905751759e-09,35.0,0.55,2.5,21.431440183236653,"[""capture"", ""pn"", ""lead""]",13.027097157929767,714.3840153034574,60.0,10.0,47.6256010202305,782,4.524754359516111,2.3529160606391428e-14,0.0,0.15189253205637174,46,"{""apn_target_accel_gain"": 1e-09, ""nav_gain"": 4.0}",capture_pn_lead
tail,60.0,guidance_ablation_cv_10km_p60deg,3887.751730223682,91.04370674391868,518.4414803036349,609.0699943681608,0.0,False,O,-1524.7087217596716,708.6546406268559,9.264730954527865,5.086605178987009,91.32362891333158,33.27387023775,2.1445708667057244,33.28779404691534,0.55,2.5,21.162096427870733,"[""capture"", ""lead"", ""apn""]",14.639045851035368,1681.3726300649864,60.0,10.0,112.09150867099909,879,3.1463385406469118,8.21778736328868e-46,0.0,0.11402542649198859,46,"{""apn_target_accel_gain"": 0.5, ""nav_gain"": 1e-09}",capture_lead_apn
tail,60.0,guidance_ablation_cv_10km_p60deg,1350.4205154613776,92.22651331205707,576.3399137117235,671.825506040233,0.08935611038107753,False,O,-569.391020964357,225.3177670028177,3.315870688687288,4.667355645564301,98.81595164320018,34.99999999138519,3.682171125270094,35.0,0.55,2.5,21.478267999383423,"[""capture"", ""pn"", ""lead"", ""apn""]",12.6828761589018,612.3603725588337,60.0,10.0,40.82402483725558,761,4.667355645564301,7.310199571352515e-11,0.0,0.1844065536234694,46,"{""apn_target_accel_gain"": 0.5, ""nav_gain"": 4.0}",full
tail,60.0,guidance_ablation_cv_10km_p60deg,1000.6740970463364,92.92174319061012,567.9824673496976,658.7058687408057,0.064,False,O,-467.0317479612923,182.31277996935333,2.7108162750355453,5.960306099844264,100.97891616974763,34.9999641134733,1.950777343084477,35.0,0.55,2.5,28.847264807393053,"[""capture"", ""pn"", ""lead"", ""apn"", ""unfiltered_track""]",12.49023322891233,501.3620965617672,60.0,10.0,33.42413977078448,750,4.701165568672069,1.0556948865578634e-07,0.0,1.834093161906258e-08,46,"{""apn_target_accel_gain"": 0.5, ""bearing_filter_tau_s"": 0.0, ""elevation_filter_tau_s"": 0.0, ""nav_gain"": 4.0, ""range_filter_tau_s"": 0.0}",full_no_track_filter
tail,60.0,guidance_ablation_cv_10km_p60deg,1136.8005344727571,92.3991908951598,573.1892102252399,675.1457995660935,0.07238605898123325,False,O,-502.966225479272,198.74080672670405,2.9281285598273548,4.711634476030697,100.28813542730026,35.0,3.8581208093738346,35.0,0.55,2.5,21.587889819081827,"[""capture"", ""pn"", ""lead"", ""apn"", ""near_instant_scalar_autopilot""]",12.429748260073216,540.8155934957035,60.0,10.0,36.05437289971357,746,4.711634476030697,2.717803096034201e-60,0.0,0.2865138276437791,46,"{""apn_target_accel_gain"": 0.5, ""autopilot_tau_s"": 0.001, ""max_accel_response_g_per_s"": 1000000.0, ""nav_gain"": 4.0}",full_fast_scalar_autopilot
tail,60.0,guidance_ablation_cv_10km_p60deg,1472.6858622301386,92.24562738446446,575.0062005811966,666.6322522594755,0.09844559585492228,False,O,-609.3879316124479,241.66880376159918,3.5506268238809042,4.612036389824435,98.21059956157525,34.999999625570396,3.5802266924518573,35.0,0.55,2.5,21.423399108607736,"[""capture"", ""pn"", ""lead"", ""apn"", ""second_order_autopilot""]",12.85593069522337,655.568508134201,60.0,10.0,43.704567208946735,772,4.612036389824435,2.754611127782675e-09,0.0,0.15167650986118517,46,"{""apn_target_accel_gain"": 0.5, ""autopilot_damping"": 1.0, ""autopilot_order"": 2, ""nav_gain"": 4.0}",full_autopilot_order2
tail,60.0,guidance_ablation_cv_10km_p60deg,1653.1101300141763,92.26792505926085,572.6838943814136,658.986669035164,0.10814249363867684,False,O,-667.4025126388786,265.47779493878926,3.891474641975918,4.498767694288554,97.39297695921472,34.99999991340315,3.4531214561992227,35.0,0.55,2.5,21.359263178993313,"[""capture"", ""pn"", ""lead"", ""apn"", ""third_order_autopilot""]",13.09767336102757,718.2755161197828,60.0,10.0,47.885034407985515,786,4.498767694288554,7.967764330192198e-11,0.0,0.16046511456340093,46,"{""apn_target_accel_gain"": 0.5, ""autopilot_damping"": 1.0, ""autopilot_order"": 3, ""nav_gain"": 4.0}",full_autopilot_order3
tail,-45.0,guidance_ablation_cv_12km_m45deg,1911.0133867706181,-92.90078860917609,525.0333736863322,583.4653698232128,0.0,False,O,-798.3829434686342,-339.9306789876404,2.2333665037074866,6.648093625103257,92.90078860917609,27.593087114797328,0.0,27.599881737536418,0.0,0.0,0.0,"[""capture""]",15.758240415366105,867.7402715470678,45.0,12.0,57.84935143647119,946,6.648093625103257,1.8006028319324118e-19,0.0,0.0,46,"{""apn_target_accel_gain"": 0.0, ""nav_gain"": 1e-09}",capture_only
tail,-45.0,guidance_ablation_cv_12km_m45deg,367.8476516628317,-100.51302696358393,564.7953986725549,662.1060039346572,0.0,False,O,-226.56994987490472,-59.89318934809653,0.7694747121918756,18.7209784883619,100.51302696358394,29.327869412139513,0.0,29.357444793889574,0.0,0.0,0.0,"[""capture"", ""pn""]",13.201251895286033,234.3538529829124,45.0,12.0,15.623590198860827,793,18.7209784883619,9.024387551683525,7.286437392490644,0.0,46,"{""apn_target_accel_gain"": 0.0, ""nav_gain"": 4.0}",capture_pn
tail,-45.0,guidance_ablation_cv_12km_m45deg,1258.1622551862583,-92.67729130767599,482.2593008449055,539.147947155005,0.011375387797311272,False,O,-587.7726903451162,-277.3431446988717,1.5448211511264993,5.507349683702764,100.01162463671695,32.64896031664563,2.2844648730278613e-09,35.0,0.55,2.5,21.090615513635566,"[""capture"", ""lead""]",16.103746590359,649.9217967566442,45.0,12.0,43.32811978377628,967,5.507349683702764,1.2993653519169664e-11,0.0,0.18610931267303416,46,"{""apn_target_accel_gain"": 1e-09, ""nav_gain"": 1e-09}",capture_lead
tail,-45.0,guidance_ablation_cv_12km_m45deg,82.75130503788417,-94.66517983322022,513.3513979685823,599.1127279618323,0.02781289506953224,False,O,-51.87582987965793,-21.08817871036465,0.15006907371530265,33.39905830086567,100.91408450111074,34.998302739730214,4.172408971156251e-09,35.0,0.55,2.5,21.271695223355298,"[""capture"", ""pn"", ""lead""]",13.180218440376587,55.99853147851661,45.0,12.0,3.7332354319011074,791,33.39905830086567,29.053329159652726,29.1890521790855,2.5357114699668566,46,"{""apn_target_accel_gain"": 1e-09, ""nav_gain"": 4.0}",capture_pn_lead
tail,-45.0,guidance_ablation_cv_12km_m45deg,1154.8789326758072,-92.78191727188138,481.6245913268439,540.9463349454518,0.013584117032392894,False,O,-547.6853802765114,-257.72617565096544,1.4421380034584825,5.5948460435485785,100.81599075577576,33.90594895728538,1.1589186102903455,35.0,0.55,2.5,21.093512070551263,"[""capture"", ""lead"", ""apn""]",15.9421396965744,605.296734789078,45.0,12.0,40.3531156526052,957,5.5948460435485785,4.306031131313583e-10,0.0,0.21771991337789537,46,"{""apn_target_accel_gain"": 0.5, ""nav_gain"": 1e-09}",capture_lead_apn
tail,-45.0,guidance_ablation_cv_12km_m45deg,89.08151158515497,-92.94351472945448,527.5060524332233,615.0079040553068,0.033766233766233764,False,O,-44.76256860677898,-18.570221113958326,0.12830202784169986,38.062176740974714,99.48201459072129,34.99953376534437,2.2457619938586357,35.0,0.55,2.5,21.294611291066737,"[""capture"", ""pn"", ""lead"", ""apn""]",12.821203922498649,48.46191413788951,45.0,12.0,3.2307942758593007,770,38.062176740974714,29.606371614625996,30.55205695144411,2.75632262646407,46,"{""apn_target_accel_gain"": 0.5, ""nav_gain"": 4.0}",full
tail,-45.0,guidance_ablation_cv_12km_m45deg,13.247439817967047,-98.78879506165863,534.1899944368946,571.8365620437426,0.03439153439153439,False,O,-32.40710499081412,-10.321014650221874,0.10476706939671206,67.48731598469321,99.38403513400003,34.99795433204023,1.2552163104384473,35.0,0.55,2.5,28.84726480739433,"[""capture"", ""pn"", ""lead"", ""apn"", ""unfiltered_track""]",12.596697875608914,34.011097798139545,45.0,12.0,2.2674065198759696,756,67.48731598469321,29.638472406819755,30.554086264966596,3.1635989931369693e-10,46,"{""apn_target_accel_gain"": 0.5, ""bearing_filter_tau_s"": 0.0, ""elevation_filter_tau_s"": 0.0, ""nav_gain"": 4.0, ""range_filter_tau_s"": 0.0}",full_no_track_filter
tail,-45.0,guidance_ablation_cv_12km_m45deg,81.98945124754214,-93.16577617672404,532.5913364229785,619.9283030629989,0.031704095112285335,False,O,-40.06742804470414,-16.600309773243815,0.11506864198599469,42.70161394819572,99.07110392434286,35.0,2.3478001284955727,35.0,0.55,2.5,21.353532519691438,"[""capture"", ""pn"", ""lead"", ""apn"", ""near_instant_scalar_autopilot""]",12.60850337854752,43.37029300659123,45.0,12.0,2.891352867106082,757,42.70161394819572,29.642320818650248,29.666221146251324,2.8844226683797487,46,"{""apn_target_accel_gain"": 0.5, ""autopilot_tau_s"": 0.001, ""max_accel_response_g_per_s"": 1000000.0, ""nav_gain"": 4.0}",full_fast_scalar_autopilot
tail,-45.0,guidance_ablation_cv_12km_m45deg,85.34521283384365,-93.95038956639665,522.7293306100229,609.0130899353418,0.03088803088803089,False,O,-46.8363430412127,-19.195462669787144,0.13504874339811476,36.91900159457921,99.96433141393543,34.9876251874408,2.1912921969791,35.0,0.55,2.5,21.26433000150455,"[""capture"", ""pn"", ""lead"", ""apn"", ""second_order_autopilot""]",12.949261264861988,50.61745800358258,45.0,12.0,3.3744972002388383,777,36.91900159457921,29.18833338699593,30.021915282587276,2.647483066216397,46,"{""apn_target_accel_gain"": 0.5, ""autopilot_damping"": 1.0, ""autopilot_order"": 2, ""nav_gain"": 4.0}",full_autopilot_order2
tail,-45.0,guidance_ablation_cv_12km_m45deg,87.17274794770964,-93.8928268872782,516.2949305674883,602.0027245309376,0.03426395939086294,False,O,-50.58370239751109,-20.689604745380954,0.14589847021945668,34.68968587692527,100.49189230750122,34.97610947377479,2.1276418412802363,35.0,0.55,2.5,21.228603617979125,"[""capture"", ""pn"", ""lead"", ""apn"", ""third_order_autopilot""]",13.119705586902658,54.651550564678715,45.0,12.0,3.6434367043119145,788,34.68968587692527,29.59440810383992,31.52036698819001,2.6148252261873615,46,"{""apn_target_accel_gain"": 0.5, ""autopilot_damping"": 1.0, ""autopilot_order"": 3, ""nav_gain"": 4.0}",full_autopilot_order3
tail,45.0,guidance_ablation_cv_12km_p45deg,1911.0133867706181,92.90078860917609,525.0333736863322,583.4653698232128,0.0,False,O,-798.0815542457603,340.61207962577834,4.738438584799058,6.648093625103257,92.90078860917609,27.593087114797328,0.0,27.599881737536418,0.0,0.0,0.0,"[""capture""]",15.75824048640921,867.7402888045174,45.0,12.0,57.849352586967825,946,6.648093625103257,1.8006028319324118e-19,0.0,0.0,46,"{""apn_target_accel_gain"": 0.0, ""nav_gain"": 1e-09}",capture_only
tail,45.0,guidance_ablation_cv_12km_p45deg,367.8476516628317,100.51302696358393,564.7953986725549,662.1060039346572,0.0,False,O,-226.51682300989415,60.08656896588354,1.2111192131516173,18.7209784883619,100.51302696358394,29.32786941213952,0.0,29.357444793889574,0.0,0.0,0.0,"[""capture"", ""pn""]",13.201251969347076,234.35386424451343,45.0,12.0,15.62359094963423,793,18.7209784883619,9.024387551683535,7.2864373924906465,0.0,46,"{""apn_target_accel_gain"": 0.0, ""nav_gain"": 4.0}",capture_pn
tail,45.0,guidance_ablation_cv_12km_p45deg,1258.1622551862583,92.67729130767599,482.2593008449055,539.147947155005,0.011375387797311272,False,O,-587.526820555922,277.84478471457214,3.588463194265804,5.507349683702764,100.01162463671695,32.64896031664563,2.2844648730278613e-09,35.0,0.55,2.5,21.090615513635566,"[""capture"", ""lead""]",16.103746665071537,649.9218155545598,45.0,12.0,43.32812103697065,967,5.507349683702764,1.2993653519169664e-11,0.0,0.18610931267303416,46,"{""apn_target_accel_gain"": 1e-09, ""nav_gain"": 1e-09}",capture_lead
tail,45.0,guidance_ablation_cv_12km_p45deg,82.75130503788417,94.66517983322022,513.3513979685823,599.1127279618323,0.02781289506953224,False,O,-51.85714617581587,21.13245030502136,0.3054829112710153,33.39905830086567,100.91408450111074,34.998302739730214,4.172408971156251e-09,35.0,0.55,2.5,21.271695223355298,"[""capture"", ""pn"", ""lead""]",13.180218514140318,55.99854806334844,45.0,12.0,3.7332365375565626,791,33.39905830086567,29.053329159652726,29.18905217908549,2.5357114699668566,46,"{""apn_target_accel_gain"": 1e-09, ""nav_gain"": 4.0}",capture_pn_lead
tail,45.0,guidance_ablation_cv_12km_p45deg,1154.8789326758072,92.78191727188138,481.6245913268439,540.9463349454518,0.013584117032392894,False,O,-547.4569019004491,258.193602877219,3.3412343225634182,5.5948460435485785,100.81599075577576,33.90594895728538,1.1589186102903455,35.0,0.55,2.5,21.093512070551263,"[""capture"", ""lead"", ""apn""]",15.942139771438496,605.2967535448673,45.0,12.0,40.353116902991154,957,5.5948460435485785,4.306031131313583e-10,0.0,0.21771991337789537,46,"{""apn_target_accel_gain"": 0.5, ""nav_gain"": 1e-09}",capture_lead_apn
tail,45.0,guidance_ablation_cv_12km_p45deg,89.08151158515497,92.94351472945448,527.5060524332233,615.0079040553068,0.033766233766233764,False,O,-44.746118167228154,18.608421709974657,0.26515635878123933,38.062176740974714,99.48201459072129,34.99953376534437,2.2457619938586357,35.0,0.55,2.5,21.294611291066737,"[""capture"", ""pn"", ""lead"", ""apn""]",12.821203994193025,48.461931012562566,45.0,12.0,3.2307954008375046,770,38.062176740974714,29.606371614625996,30.55205695144411,2.75632262646407,46,"{""apn_target_accel_gain"": 0.5, ""nav_gain"": 4.0}",full
tail,45.0,guidance_ablation_cv_12km_p45deg,13.247439817969022,98.78879506165863,534.1899944368948,571.8365620437417,0.03439153439153439,False,O,-32.39796334413969,10.348668822277503,0.1808520512071039,67.48731598469321,99.38403513400013,34.99795433204023,1.2552163104384473,35.0,0.55,2.5,28.84726480739433,"[""capture"", ""pn"", ""lead"", ""apn"", ""unfiltered_track""]",12.596697951242428,34.01111116540893,45.0,12.0,2.267407411027262,756,67.48731598469321,29.638472406819716,30.55408626496653,3.163589304680142e-10,46,"{""apn_target_accel_gain"": 0.5, ""bearing_filter_tau_s"": 0.0, ""elevation_filter_tau_s"": 0.0, ""nav_gain"": 4.0, ""range_filter_tau_s"": 0.0}",full_no_track_filter
tail,45.0,guidance_ablation_cv_12km_p45deg,81.98945124754214,93.16577617672404,532.5913364229785,619.9283030629989,0.031704095112285335,False,O,-40.052724270155316,16.634503134689144,0.23740576902669608,42.70161394819572,99.07110392434286,35.0,2.3478001284955727,35.0,0.55,2.5,21.353532519691438,"[""capture"", ""pn"", ""lead"", ""apn"", ""near_instant_scalar_autopilot""]",12.608503449125916,43.37030986168125,45.0,12.0,2.8913539907787498,757,42.70161394819572,29.642320818650248,29.666221146251324,2.8844226683797487,46,"{""apn_target_accel_gain"": 0.5, ""autopilot_tau_s"": 0.001, ""max_accel_response_g_per_s"": 1000000.0, ""nav_gain"": 4.0}",full_fast_scalar_autopilot
tail,45.0,guidance_ablation_cv_12km_p45deg,85.34521283384365,93.95038956639665,522.7293306100229,609.0130899353418,0.03088803088803089,False,O,-46.81933785873309,19.235433155209826,0.27651260622695784,36.91900159457921,99.96433141393543,34.9876251874408,2.1912921969791,35.0,0.55,2.5,21.26433000150455,"[""capture"", ""pn"", ""lead"", ""apn"", ""second_order_autopilot""]",12.949261337063588,50.61747470409983,45.0,12.0,3.3744983136066553,777,36.91900159457921,29.18833338699593,30.021915282587283,2.647483066216397,46,"{""apn_target_accel_gain"": 0.5, ""autopilot_damping"": 1.0, ""autopilot_order"": 2, ""nav_gain"": 4.0}",full_autopilot_order2
tail,45.0,guidance_ablation_cv_12km_p45deg,87.1727479477114,93.89282688727866,516.2949305674815,602.0027245309323,0.03426395939086294,False,O,-50.565372297722554,20.73277354383362,0.29837395404617645,34.68968587692356,100.4918923075018,34.97610947377482,2.1276418412802363,35.0,0.55,2.5,21.228603617979125,"[""capture"", ""pn"", ""lead"", ""apn"", ""third_order_autopilot""]",13.119705660512874,54.651567236847505,45.0,12.0,3.6434378157898335,788,34.68968587692356,29.5944081038409,31.52036698819242,2.6148252261877327,46,"{""apn_target_accel_gain"": 0.5, ""autopilot_damping"": 1.0, ""autopilot_order"": 3, ""nav_gain"": 4.0}",full_autopilot_order3
tail,-30.0,guidance_ablation_cv_16km_m30deg,490.41784244206843,-100.30472801972884,503.73567852970956,572.4545655039902,0.0,False,O,-276.63235596801155,-89.16510845731969,0.8801279526677086,17.76214539127412,100.30472801972884,20.002029422409706,0.0,20.16401960485913,0.0,0.0,0.0,"[""capture""]",17.39164993910626,290.6486737623809,30.0,16.0,19.376578250825393,1044,17.76214539127412,2.444723528348032,1.1107046848997584,0.0,46,"{""apn_target_accel_gain"": 0.0, ""nav_gain"": 1e-09}",capture_only
tail,-30.0,guidance_ablation_cv_16km_m30deg,99.38959255481348,-90.65687200653731,491.5954758708892,612.7753183508257,0.039301310043668124,False,O,-89.86535661675181,-43.84066454723144,0.23205015493415965,64.62510142093527,91.32737676309398,34.99998916899728,0.0,35.0,0.0,0.0,0.0,"[""capture"", ""pn""]",15.254511066957637,99.98919959212276,30.0,16.0,6.665946639474851,916,64.62510142093527,33.44853286026496,33.97464093322019,0.0,46,"{""apn_target_accel_gain"": 0.0, ""nav_gain"": 4.0}",capture_pn
tail,-30.0,guidance_ablation_cv_16km_m30deg,82.75683402306859,-95.19472636114438,448.8381730918803,512.931797307688,0.02205177372962608,False,O,-56.70811456813826,-26.02828877249087,0.15296183568861577,31.040546557005904,104.89347446911229,34.997871549754436,2.6707947713793294e-09,35.0,0.55,2.5,21.057320573486457,"[""capture"", ""lead""]",17.371987399151358,62.396357839385175,30.0,16.0,4.159757189292345,1043,31.040546557005904,29.393662442797574,29.256077227808742,2.2004696578950296,46,"{""apn_target_accel_gain"": 1e-09, ""nav_gain"": 1e-09}",capture_lead
tail,-30.0,guidance_ablation_cv_16km_m30deg,97.56241492094426,-73.8122543839394,572.3877770075194,707.8511172975741,0.018722466960352423,False,O,-14.071299854193404,-10.475002378869338,0.024187052093177328,141.89586435691976,73.82395362910734,34.987007700646544,9.38127767113083e-09,35.0,0.55,2.5,21.115537090178755,"[""capture"", ""pn"", ""lead""]",15.128202933122918,17.54217031719276,30.0,16.0,1.169478021146184,908,141.89586435691976,24.154007424198635,25.376774214286055,2.7303423619396483,46,"{""apn_target_accel_gain"": 1e-09, ""nav_gain"": 4.0}",capture_pn_lead
tail,-30.0,guidance_ablation_cv_16km_m30deg,81.52990902306527,-94.55385202349063,450.66168617738265,518.204995350941,0.022157996146435453,False,O,-55.87468820235737,-26.118423188522293,0.14899301528404446,30.98867930947266,104.21264005697932,34.99805460435158,1.3532715852951944,35.0,0.55,2.5,21.057684079023407,"[""capture"", ""lead"", ""apn""]",17.285791627520855,61.67799454006175,30.0,16.0,4.111866302670784,1038,30.98867930947266,29.48764073077332,29.3489724911836,2.2237771929537398,46,"{""apn_target_accel_gain"": 0.5, ""nav_gain"": 1e-09}",capture_lead_apn
tail,-30.0,guidance_ablation_cv_16km_m30deg,106.59840992100817,-72.28020289824936,583.9965408853168,716.1107668510159,0.021181716833890748,False,O,-13.54916286397585,-10.284379299245336,0.0226106279465193,160.58896483379726,72.84509349225394,34.991504403033105,5.146608354455184,35.0,0.55,2.5,21.120163068804143,"[""capture"", ""pn"", ""lead"", ""apn""]",14.93831960106073,17.01025523399874,30.0,16.0,1.134017015599916,897,160.58896483379726,24.25223134648304,25.522863915644887,2.841637540740605,46,"{""apn_target_accel_gain"": 0.5, ""nav_gain"": 4.0}",full
tail,-30.0,guidance_ablation_cv_16km_m30deg,20.14504042075786,-71.75311183172714,597.3249601124121,661.6622735741241,0.022727272727272728,True,O,-10.110112082331275,-7.690733020256048,0.017155673460317336,409.48080465573776,72.86169413543814,34.994512360585354,0.535146858939762,35.0,0.55,2.5,28.847264807390488,"[""capture"", ""pn"", ""lead"", ""apn"", ""unfiltered_track""]",14.639797440534206,12.702835707954824,30.0,16.0,0.8468557138636549,880,409.48080465573776,24.518197575835213,25.76660903195138,3.487379839793817e-12,47,"{""apn_target_accel_gain"": 0.5, ""bearing_filter_tau_s"": 0.0, ""elevation_filter_tau_s"": 0.0, ""nav_gain"": 4.0, ""range_filter_tau_s"": 0.0}",full_no_track_filter
tail,-30.0,guidance_ablation_cv_16km_m30deg,106.00426043805122,-71.54047966946099,590.1735121174308,726.3815290282186,0.019187358916478554,False,O,-12.79155717904842,-9.855815604041984,0.02088299443764889,163.99024565102357,72.09963582728274,35.0,5.279345834914892,35.0,0.55,2.5,21.136424463125227,"[""capture"", ""pn"", ""lead"", ""apn"", ""near_instant_scalar_autopilot""]",14.752477504062426,16.148110489627133,30.0,16.0,1.0765406993084754,886,163.99024565102357,24.46342044804896,24.49527040527621,2.896231459979503,46,"{""apn_target_accel_gain"": 0.5, ""autopilot_tau_s"": 0.001, ""max_accel_response_g_per_s"": 1000000.0, ""nav_gain"": 4.0}",full_fast_scalar_autopilot
tail,-30.0,guidance_ablation_cv_16km_m30deg,102.8326585645142,-74.02131694313464,579.3098856489228,701.7696751350684,0.022123893805309734,False,O,-14.027706032888625,-10.178466948379219,0.025088937304156945,185.39651708426442,74.59001187163005,34.94693369139449,5.621629851771429,35.0,0.55,2.5,21.111723322577333,"[""capture"", ""pn"", ""lead"", ""apn"", ""second_order_autopilot""]",15.050932337689266,17.331426814290896,30.0,16.0,1.1554284542860598,904,185.39651708426442,24.278523495260956,26.26851270286802,2.948030330189455,46,"{""apn_target_accel_gain"": 0.5, ""autopilot_damping"": 1.0, ""autopilot_order"": 2, ""nav_gain"": 4.0}",full_autopilot_order2
tail,-30.0,guidance_ablation_cv_16km_m30deg,101.91318766817315,-72.36816433923151,574.5076728988159,711.2363154064849,0.02190580503833516,False,O,-14.847986216822894,-11.350933972298115,0.02435032722595886,129.2883053038679,73.49523720859158,34.85670905514885,4.362743829428043,35.0,0.55,2.5,21.10175640057906,"[""capture"", ""pn"", ""lead"", ""apn"", ""third_order_autopilot""]",15.200394961127524,18.689756276550284,30.0,16.0,1.245983751770019,913,129.2883053038679,24.12141043587623,26.927273100751343,2.769120887896975,46,"{""apn_target_accel_gain"": 0.5, ""autopilot_damping"": 1.0, ""autopilot_order"": 3, ""nav_gain"": 4.0}",full_autopilot_order3
tail,30.0,guidance_ablation_cv_16km_p30deg,490.41784244206843,100.30472801972884,503.73567852970956,572.4545655039902,0.0,False,O,-276.5532837262612,89.40121359375918,1.5374290965549928,17.76214539127412,100.30472801972884,20.002029422409706,0.0,20.16401960485913,0.0,0.0,0.0,"[""capture""]",17.391650019568488,290.6486872842241,30.0,16.0,19.376579152281604,1044,17.76214539127412,2.444723528348032,1.1107046848997584,0.0,46,"{""apn_target_accel_gain"": 0.0, ""nav_gain"": 1e-09}",capture_only
tail,30.0,guidance_ablation_cv_16km_p30deg,99.38959255481348,90.65687200653731,491.5954758708892,612.7753183508258,0.039301310043668124,False,O,-89.82650688029237,43.91735917983533,0.5550867574414424,64.62510142093527,91.32737676309397,34.99998916899728,0.0,35.0,0.0,0.0,0.0,"[""capture"", ""pn""]",15.254511139660488,99.98921890361196,30.0,16.0,6.665947926907464,916,64.62510142093527,33.44853286026496,33.97464093322019,0.0,46,"{""apn_target_accel_gain"": 0.0, ""nav_gain"": 4.0}",capture_pn
tail,30.0,guidance_ablation_cv_16km_p30deg,82.75683402306859,95.19472636114438,448.8381730918803,512.931797307688,0.02205177372962608,False,O,-56.68505453401338,26.076684956202662,0.3447598664037072,31.040546557005904,104.89347446911229,34.997871549754436,2.6707947713793294e-09,35.0,0.55,2.5,21.057320573486457,"[""capture"", ""lead""]",17.37198748091641,62.39637621845122,30.0,16.0,4.159758414563415,1043,31.040546557005904,29.393662442797574,29.256077227808742,2.2004696578950296,46,"{""apn_target_accel_gain"": 1e-09, ""nav_gain"": 1e-09}",capture_lead
tail,30.0,guidance_ablation_cv_16km_p30deg,97.56241492094806,73.8122543839405,572.3877770075039,707.8511172975738,0.018722466960352423,False,O,-14.062037083725594,10.487015947592525,0.10134815236632826,141.89586435694704,73.82395362910609,34.987007700646515,9.381277671134238e-09,35.0,0.55,2.5,21.115537090178755,"[""capture"", ""pn"", ""lead""]",15.128202984598733,17.54219660923733,30.0,16.0,1.1694797739491554,908,141.89586435694704,24.15400742419872,25.376774214293626,2.7303423619394525,46,"{""apn_target_accel_gain"": 1e-09, ""nav_gain"": 4.0}",capture_pn_lead
tail,30.0,guidance_ablation_cv_16km_p30deg,81.52990902306527,94.55385202349063,450.66168617738265,518.204995350941,0.022157996146435453,False,O,-55.85154884194446,26.166108125305005,0.34145199678416127,30.98867930947266,104.21264005697932,34.99805460435158,1.3532715852951944,35.0,0.55,2.5,21.057684079023407,"[""capture"", ""lead"", ""apn""]",17.285791708342988,61.67801319704956,30.0,16.0,4.111867546469971,1038,30.98867930947266,29.48764073077332,29.3489724911836,2.2237771929537398,46,"{""apn_target_accel_gain"": 0.5, ""nav_gain"": 1e-09}",capture_lead_apn
tail,30.0,guidance_ablation_cv_16km_p30deg,106.59840992100817,72.28020289824936,583.9965408853168,716.1107668510159,0.021181716833890748,False,O,-13.540069253873003,10.295947617080133,0.09836672593535402,160.58896483379726,72.84509349225394,34.991504403033105,5.146608354455184,35.0,0.55,2.5,21.120163068804143,"[""capture"", ""pn"", ""lead"", ""apn""]",14.938319651396492,17.010281853812412,30.0,16.0,1.1340187902541607,897,160.58896483379726,24.25223134648304,25.522863915644887,2.841637540740605,46,"{""apn_target_accel_gain"": 0.5, ""nav_gain"": 4.0}",full
tail,30.0,guidance_ablation_cv_16km_p30deg,20.14504042075786,71.75311183172714,597.3249601124121,661.6622735741241,0.022727272727272728,True,O,-10.103317179779859,7.699366647806742,0.0738065898632883,409.48080465573776,72.86169413543814,34.994512360585354,0.535146858939762,35.0,0.55,2.5,28.847264807390488,"[""capture"", ""pn"", ""lead"", ""apn"", ""unfiltered_track""]",14.639797489819596,12.702862363470434,30.0,16.0,0.846857490898029,880,409.48080465573776,24.51819757583522,25.766609031951383,3.487379948023057e-12,47,"{""apn_target_accel_gain"": 0.5, ""bearing_filter_tau_s"": 0.0, ""elevation_filter_tau_s"": 0.0, ""nav_gain"": 4.0, ""range_filter_tau_s"": 0.0}",full_no_track_filter
tail,30.0,guidance_ablation_cv_16km_p30deg,106.00426043805122,71.54047966946099,590.1735121174308,726.3815290282186,0.019187358916478554,False,O,-12.782843550197937,9.866737667216265,0.09348163541567828,163.99024565102357,72.09963582728274,35.0,5.279345834914892,35.0,0.55,2.5,21.136424463125227,"[""capture"", ""pn"", ""lead"", ""apn"", ""near_instant_scalar_autopilot""]",14.752477553528783,16.14813736127658,30.0,16.0,1.076542490751772,886,163.99024565102357,24.46342044804896,24.49527040527621,2.896231459979503,46,"{""apn_target_accel_gain"": 0.5, ""autopilot_tau_s"": 0.001, ""max_accel_response_g_per_s"": 1000000.0, ""nav_gain"": 4.0}",full_fast_scalar_autopilot
tail,30.0,guidance_ablation_cv_16km_p30deg,102.83265856451507,74.02131694313486,579.3098856489213,701.7696751350662,0.022123893805309734,False,O,-14.01870578345553,10.190442902058606,0.10006680970485489,185.3965170842627,74.59001187163028,34.9469336913945,5.621629851771424,35.0,0.55,2.5,21.111723322577333,"[""capture"", ""pn"", ""lead"", ""apn"", ""second_order_autopilot""]",15.050932389617351,17.331452672802637,30.0,16.0,1.1554301781868426,904,185.3965170842627,24.27852349526108,26.268512702868158,2.948030330189449,46,"{""apn_target_accel_gain"": 0.5, ""autopilot_damping"": 1.0, ""autopilot_order"": 2, ""nav_gain"": 4.0}",full_autopilot_order2
tail,30.0,guidance_ablation_cv_16km_p30deg,101.9131876681768,72.3681643392315,574.5076728988186,711.2363154064832,0.02190580503833516,False,O,-14.837947425338117,11.363610762250714,0.10796246273050228,129.28830530386918,73.49523720859149,34.85670905514879,4.362743829428137,35.0,0.55,2.5,21.10175640057906,"[""capture"", ""pn"", ""lead"", ""apn"", ""third_order_autopilot""]",15.200395011987256,18.689783017638806,30.0,16.0,1.2459855345092536,913,129.28830530386918,24.12141043587578,26.92727310074981,2.769120887896928,46,"{""apn_target_accel_gain"": 0.5, ""autopilot_damping"": 1.0, ""autopilot_order"": 3, ""nav_gain"": 4.0}",full_autopilot_order3
