aspect_bucket,bearing_deg,capture_g_p95,case_group,case_id,clamp_fraction,entered_R_fuze,launch_class,launch_range_factors,local_forward_m,local_right_m,local_up_m,matrix,max_capture_g,max_postclamp_g,max_preclamp_g,nearest_approach_time_s,nearest_distance_m,offset_deg,profile,profile_id,range_km,rho_fuze,terminal_regime_sample_counts,trace_sample_count
beam,-30.0,0.0,N30,guidance_exact_cv_4km_m30deg,0.0,True,N,"{""base_denominator_m"": 4000.0, ""lead_blend"": 0.55, ""range_structure_multiplier_per_m"": 0.000375, ""terminal_reciprocal_raw"": 1.5, ""terminal_regime"": ""reciprocal_interior"", ""terminal_weight"": 1.5}",7.786808454046716e-05,8.693506531148655e-05,0.0013620375270295554,anchor,0.0,31.672847362945024,31.672847362945024,3.6453333710893405,0.0013670286643818839,30.0,"{""apn_mode"": 1, ""capture_base_range_mode"": 0, ""capture_lead_blend_mode"": 0, ""capture_mode"": 0, ""capture_terminal_weight_mode"": 0, ""kinematics_source"": 0, ""lead_mode"": 2, ""pn_mode"": 2}",P0,4.0,9.113524429212559e-05,"{""reciprocal_interior"": 24, ""upper_clamped"": 20}",44
beam,-30.0,72.94115810484459,N30,guidance_exact_cv_4km_m30deg,0.13953488372093023,True,N,"{""base_denominator_m"": 4000.0, ""lead_blend"": 0.55, ""range_structure_multiplier_per_m"": 0.000375, ""terminal_reciprocal_raw"": 1.5, ""terminal_regime"": ""reciprocal_interior"", ""terminal_weight"": 1.5}",-4.379135093000123,-5.455351331362351,0.0003747391589164525,anchor,1679.7302326712309,35.0,3427.8378701988986,3.5375472467922395,6.995547330393281,30.0,"{""apn_mode"": 1, ""capture_base_range_mode"": 0, ""capture_lead_blend_mode"": 0, ""capture_mode"": 1, ""capture_terminal_weight_mode"": 0, ""kinematics_source"": 0, ""lead_mode"": 2, ""pn_mode"": 2}",P1,4.0,0.46636982202621874,"{""reciprocal_interior"": 23, ""upper_clamped"": 20}",43
beam,-30.0,324.85419779138124,N30,guidance_exact_cv_4km_m30deg,0.20454545454545456,False,N,"{""base_denominator_m"": 4000.0, ""lead_blend"": 0.0, ""range_structure_multiplier_per_m"": 0.000375, ""terminal_reciprocal_raw"": 1.5, ""terminal_regime"": ""reciprocal_interior"", ""terminal_weight"": 1.5}",-22.092670261021492,-24.679428274354212,0.006851439308917025,anchor,10708.650736684702,35.0,13358.51097560605,3.589190399962812,33.12341024341331,30.0,"{""apn_mode"": 1, ""capture_base_range_mode"": 0, ""capture_lead_blend_mode"": 2, ""capture_mode"": 1, ""capture_terminal_weight_mode"": 0, ""kinematics_source"": 0, ""lead_mode"": 2, ""pn_mode"": 2}",P2,4.0,2.2082273495608873,"{""reciprocal_interior"": 23, ""upper_clamped"": 21}",44
beam,-30.0,72.94115810484459,N30,guidance_exact_cv_4km_m30deg,0.13953488372093023,True,N,"{""base_denominator_m"": 4000.0, ""lead_blend"": 0.55, ""range_structure_multiplier_per_m"": 0.000375, ""terminal_reciprocal_raw"": 1.5, ""terminal_regime"": ""reciprocal_interior"", ""terminal_weight"": 1.5}",-4.379135093000123,-5.455351331362351,0.0003747391589164525,anchor,1679.7302326712309,35.0,3427.8378701988986,3.5375472467922395,6.995547330393281,30.0,"{""apn_mode"": 1, ""capture_base_range_mode"": 0, ""capture_lead_blend_mode"": 1, ""capture_mode"": 1, ""capture_terminal_weight_mode"": 0, ""kinematics_source"": 0, ""lead_mode"": 2, ""pn_mode"": 2}",P3,4.0,0.46636982202621874,"{""reciprocal_interior"": 23, ""upper_clamped"": 20}",43
beam,-30.0,75.14343279523632,N30,guidance_exact_cv_4km_m30deg,0.13953488372093023,True,N,"{""base_denominator_m"": 4000.0, ""lead_blend"": 0.55, ""range_structure_multiplier_per_m"": 0.00025, ""terminal_reciprocal_raw"": 1.5, ""terminal_regime"": ""unity"", ""terminal_weight"": 1.0}",-3.0264782106192745,-3.8133246195420227,0.0005211252572875902,anchor,202.91792896101956,35.0,1013.2950482945314,3.549388531538602,4.868368852596463,30.0,"{""apn_mode"": 1, ""capture_base_range_mode"": 0, ""capture_lead_blend_mode"": 0, ""capture_mode"": 1, ""capture_terminal_weight_mode"": 1, ""kinematics_source"": 0, ""lead_mode"": 2, ""pn_mode"": 2}",P4,4.0,0.32455792350643087,"{""unity"": 43}",43
beam,-30.0,22.662596573164333,N30,guidance_exact_cv_4km_m30deg,0.09302325581395349,True,N,"{""base_denominator_m"": 6000.0, ""lead_blend"": 0.55, ""range_structure_multiplier_per_m"": 0.00025, ""terminal_reciprocal_raw"": 1.5, ""terminal_regime"": ""reciprocal_interior"", ""terminal_weight"": 1.5}",-0.09419316076074974,-0.12005557464507885,0.0013308266985144158,anchor,25.150559093746914,35.0,66.93467304951643,3.53652001124443,0.15260230547769085,30.0,"{""apn_mode"": 1, ""capture_base_range_mode"": 1, ""capture_lead_blend_mode"": 0, ""capture_mode"": 1, ""capture_terminal_weight_mode"": 0, ""kinematics_source"": 0, ""lead_mode"": 2, ""pn_mode"": 2}",P5,4.0,0.010173487031846057,"{""reciprocal_interior"": 24, ""upper_clamped"": 19}",43
beam,-30.0,10.878397415224054,N30,guidance_exact_cv_4km_m30deg,0.0,True,N,"{""base_denominator_m"": 6000.0, ""lead_blend"": 0.55, ""range_structure_multiplier_per_m"": 0.00016666666666666666, ""terminal_reciprocal_raw"": 1.5, ""terminal_regime"": ""unity"", ""terminal_weight"": 1.0}",0.0006158545050680745,0.0007993835688073879,0.0013623144171596127,anchor,11.893431626184585,34.89477101307376,34.89477101307376,3.5453600126400704,0.0016953440456013824,30.0,"{""apn_mode"": 1, ""capture_base_range_mode"": 1, ""capture_lead_blend_mode"": 0, ""capture_mode"": 1, ""capture_terminal_weight_mode"": 1, ""kinematics_source"": 0, ""lead_mode"": 2, ""pn_mode"": 2}",P6,4.0,0.0001130229363734255,"{""unity"": 43}",43
beam,-30.0,83.29654348174081,N30,guidance_exact_cv_4km_m30deg,0.16279069767441862,True,N,"{""base_denominator_m"": 4000.0, ""lead_blend"": 0.55, ""range_structure_multiplier_per_m"": 0.000375, ""terminal_reciprocal_raw"": 1.5, ""terminal_regime"": ""reciprocal_unclamped"", ""terminal_weight"": 1.5}",-5.668523772588329,-7.038311202411406,0.00016987922872533224,anchor,30735.852123130735,35.0,32454.057517048313,3.5439757769774225,9.037144813006142,30.0,"{""apn_mode"": 1, ""capture_base_range_mode"": 0, ""capture_lead_blend_mode"": 0, ""capture_mode"": 1, ""capture_terminal_weight_mode"": 2, ""kinematics_source"": 0, ""lead_mode"": 2, ""pn_mode"": 2}",P7,4.0,0.6024763208670761,"{""reciprocal_unclamped"": 43}",43
beam,-30.0,75.14343279523632,N30,guidance_exact_cv_4km_m30deg,0.13953488372093023,True,N,"{""base_denominator_m"": 4000.0, ""lead_blend"": 0.55, ""range_structure_multiplier_per_m"": 0.00025, ""terminal_reciprocal_raw"": 1.5, ""terminal_regime"": ""unity"", ""terminal_weight"": 1.0}",-3.0264782106192745,-3.8133246195420227,0.0005211252572875902,anchor,202.91792896101956,35.0,1013.2950482945314,3.549388531538602,4.868368852596463,30.0,"{""apn_mode"": 1, ""capture_base_range_mode"": 0, ""capture_lead_blend_mode"": 1, ""capture_mode"": 1, ""capture_terminal_weight_mode"": 1, ""kinematics_source"": 0, ""lead_mode"": 2, ""pn_mode"": 2}",P8,4.0,0.32455792350643087,"{""unity"": 43}",43
beam,30.0,0.0,N30,guidance_exact_cv_4km_p30deg,0.0,True,N,"{""base_denominator_m"": 4000.0, ""lead_blend"": 0.55, ""range_structure_multiplier_per_m"": 0.000375, ""terminal_reciprocal_raw"": 1.5, ""terminal_regime"": ""reciprocal_interior"", ""terminal_weight"": 1.5}",4.721897271395629e-05,-5.788031066405368e-05,0.0013616378948051533,anchor,0.0,31.672847362945024,31.672847362945024,3.6453333963346957,0.0013636852709845036,30.0,"{""apn_mode"": 1, ""capture_base_range_mode"": 0, ""capture_lead_blend_mode"": 0, ""capture_mode"": 0, ""capture_terminal_weight_mode"": 0, ""kinematics_source"": 0, ""lead_mode"": 2, ""pn_mode"": 2}",P0,4.0,9.09123513989669e-05,"{""reciprocal_interior"": 24, ""upper_clamped"": 20}",44
beam,30.0,72.94115810484459,N30,guidance_exact_cv_4km_p30deg,0.13953488372093023,True,N,"{""base_denominator_m"": 4000.0, ""lead_blend"": 0.55, ""range_structure_multiplier_per_m"": 0.000375, ""terminal_reciprocal_raw"": 1.5, ""terminal_regime"": ""reciprocal_interior"", ""terminal_weight"": 1.5}",-4.374332990506165,5.459116556656195,0.04055090762574108,anchor,1679.7302326712309,35.0,3427.8378701988986,3.5375472793372467,6.995597691913129,30.0,"{""apn_mode"": 1, ""capture_base_range_mode"": 0, ""capture_lead_blend_mode"": 0, ""capture_mode"": 1, ""capture_terminal_weight_mode"": 0, ""kinematics_source"": 0, ""lead_mode"": 2, ""pn_mode"": 2}",P1,4.0,0.46637317946087525,"{""reciprocal_interior"": 23, ""upper_clamped"": 20}",43
beam,30.0,324.85419779138124,N30,guidance_exact_cv_4km_p30deg,0.20454545454545456,False,N,"{""base_denominator_m"": 4000.0, ""lead_blend"": 0.0, ""range_structure_multiplier_per_m"": 0.000375, ""terminal_reciprocal_raw"": 1.5, ""terminal_regime"": ""reciprocal_interior"", ""terminal_weight"": 1.5}",-22.070834406060747,24.69830262721573,0.18861044252474923,anchor,10708.650736684702,35.0,13358.51097560605,3.589190439670206,33.12345781986403,30.0,"{""apn_mode"": 1, ""capture_base_range_mode"": 0, ""capture_lead_blend_mode"": 2, ""capture_mode"": 1, ""capture_terminal_weight_mode"": 0, ""kinematics_source"": 0, ""lead_mode"": 2, ""pn_mode"": 2}",P2,4.0,2.2082305213242686,"{""reciprocal_interior"": 23, ""upper_clamped"": 21}",44
beam,30.0,72.94115810484459,N30,guidance_exact_cv_4km_p30deg,0.13953488372093023,True,N,"{""base_denominator_m"": 4000.0, ""lead_blend"": 0.55, ""range_structure_multiplier_per_m"": 0.000375, ""terminal_reciprocal_raw"": 1.5, ""terminal_regime"": ""reciprocal_interior"", ""terminal_weight"": 1.5}",-4.374332990506165,5.459116556656195,0.04055090762574108,anchor,1679.7302326712309,35.0,3427.8378701988986,3.5375472793372467,6.995597691913129,30.0,"{""apn_mode"": 1, ""capture_base_range_mode"": 0, ""capture_lead_blend_mode"": 1, ""capture_mode"": 1, ""capture_terminal_weight_mode"": 0, ""kinematics_source"": 0, ""lead_mode"": 2, ""pn_mode"": 2}",P3,4.0,0.46637317946087525,"{""reciprocal_interior"": 23, ""upper_clamped"": 20}",43
beam,30.0,75.14343279526526,N30,guidance_exact_cv_4km_p30deg,0.13953488372093023,True,N,"{""base_denominator_m"": 4000.0, ""lead_blend"": 0.55, ""range_structure_multiplier_per_m"": 0.00025, ""terminal_reciprocal_raw"": 1.5, ""terminal_regime"": ""unity"", ""terminal_weight"": 1.0}",-3.023130841829539,3.8159360893290772,0.02860448310139073,anchor,202.91792896095222,35.0,1013.2950482943254,3.5493885623725623,4.868419306214185,30.0,"{""apn_mode"": 1, ""capture_base_range_mode"": 0, ""capture_lead_blend_mode"": 0, ""capture_mode"": 1, ""capture_terminal_weight_mode"": 1, ""kinematics_source"": 0, ""lead_mode"": 2, ""pn_mode"": 2}",P4,4.0,0.32456128708094567,"{""unity"": 43}",43
beam,30.0,22.662596573164333,N30,guidance_exact_cv_4km_p30deg,0.09302325581395349,True,N,"{""base_denominator_m"": 6000.0, ""lead_blend"": 0.55, ""range_structure_multiplier_per_m"": 0.00025, ""terminal_reciprocal_raw"": 1.5, ""terminal_regime"": ""reciprocal_interior"", ""terminal_weight"": 1.5}",-0.09411812789406676,0.12016591085766325,0.0022152160058153277,anchor,25.150559093746914,35.0,66.93467304951643,3.536520040080232,0.15265312087376884,30.0,"{""apn_mode"": 1, ""capture_base_range_mode"": 1, ""capture_lead_blend_mode"": 0, ""capture_mode"": 1, ""capture_terminal_weight_mode"": 0, ""kinematics_source"": 0, ""lead_mode"": 2, ""pn_mode"": 2}",P5,4.0,0.010176874724917923,"{""reciprocal_interior"": 24, ""upper_clamped"": 19}",43
beam,30.0,10.878397415224054,N30,guidance_exact_cv_4km_p30deg,0.0,True,N,"{""base_denominator_m"": 6000.0, ""lead_blend"": 0.55, ""range_structure_multiplier_per_m"": 0.00016666666666666666, ""terminal_reciprocal_raw"": 1.5, ""terminal_regime"": ""unity"", ""terminal_weight"": 1.0}",0.0005841402078209467,-0.0007689746579581391,0.0013566766344443512,anchor,11.893431626184585,34.89477101307376,34.89477101307376,3.545360038038455,0.001665266734708527,30.0,"{""apn_mode"": 1, ""capture_base_range_mode"": 1, ""capture_lead_blend_mode"": 0, ""capture_mode"": 1, ""capture_terminal_weight_mode"": 1, ""kinematics_source"": 0, ""lead_mode"": 2, ""pn_mode"": 2}",P6,4.0,0.0001110177823139018,"{""unity"": 43}",43
beam,30.0,83.29654348174081,N30,guidance_exact_cv_4km_p30deg,0.16279069767441862,True,N,"{""base_denominator_m"": 4000.0, ""lead_blend"": 0.55, ""range_structure_multiplier_per_m"": 0.000375, ""terminal_reciprocal_raw"": 1.5, ""terminal_regime"": ""reciprocal_unclamped"", ""terminal_weight"": 1.5}",-5.662319094240423,7.043176289565653,0.05200381041223168,anchor,30735.852123130735,35.0,32454.057517048313,3.543975810034721,9.03719503868302,30.0,"{""apn_mode"": 1, ""capture_base_range_mode"": 0, ""capture_lead_blend_mode"": 0, ""capture_mode"": 1, ""capture_terminal_weight_mode"": 2, ""kinematics_source"": 0, ""lead_mode"": 2, ""pn_mode"": 2}",P7,4.0,0.6024796692455346,"{""reciprocal_unclamped"": 43}",43
beam,30.0,75.14343279526526,N30,guidance_exact_cv_4km_p30deg,0.13953488372093023,True,N,"{""base_denominator_m"": 4000.0, ""lead_blend"": 0.55, ""range_structure_multiplier_per_m"": 0.00025, ""terminal_reciprocal_raw"": 1.5, ""terminal_regime"": ""unity"", ""terminal_weight"": 1.0}",-3.023130841829539,3.8159360893290772,0.02860448310139073,anchor,202.91792896095222,35.0,1013.2950482943254,3.5493885623725623,4.868419306214185,30.0,"{""apn_mode"": 1, ""capture_base_range_mode"": 0, ""capture_lead_blend_mode"": 1, ""capture_mode"": 1, ""capture_terminal_weight_mode"": 1, ""kinematics_source"": 0, ""lead_mode"": 2, ""pn_mode"": 2}",P8,4.0,0.32456128708094567,"{""unity"": 43}",43
beam,-30.0,0.0,N30,guidance_exact_cv_6km_m30deg,0.0,True,N,"{""base_denominator_m"": 6000.0, ""lead_blend"": 0.55, ""range_structure_multiplier_per_m"": 0.00016666666666666666, ""terminal_reciprocal_raw"": 1.0, ""terminal_regime"": ""reciprocal_interior"", ""terminal_weight"": 1.0}",0.00014839373957043183,0.00017257452799534912,0.0013620450933683895,anchor,0.0,27.901307627220767,27.901307627220767,5.247645119191804,0.0013809306666519587,30.0,"{""apn_mode"": 1, ""capture_base_range_mode"": 0, ""capture_lead_blend_mode"": 0, ""capture_mode"": 0, ""capture_terminal_weight_mode"": 0, ""kinematics_source"": 0, ""lead_mode"": 2, ""pn_mode"": 2}",P0,6.0,9.206204444346391e-05,"{""reciprocal_interior"": 42, ""upper_clamped"": 22}",64
beam,-30.0,68.01460517312535,N30,guidance_exact_cv_6km_m30deg,0.06666666666666667,True,N,"{""base_denominator_m"": 6000.0, ""lead_blend"": 0.55, ""range_structure_multiplier_per_m"": 0.00016666666666666666, ""terminal_reciprocal_raw"": 1.0, ""terminal_regime"": ""reciprocal_interior"", ""terminal_weight"": 1.0}",-4.629814113171365,-5.492798180000814,0.0013350936902721945,anchor,7812.719718026239,35.0,7816.684443080034,4.904945808047293,7.183732480487777,30.0,"{""apn_mode"": 1, ""capture_base_range_mode"": 0, ""capture_lead_blend_mode"": 0, ""capture_mode"": 1, ""capture_terminal_weight_mode"": 0, ""kinematics_source"": 0, ""lead_mode"": 2, ""pn_mode"": 2}",P1,6.0,0.4789154986991851,"{""reciprocal_interior"": 40, ""upper_clamped"": 20}",60
beam,-30.0,135.36059076830435,N30,guidance_exact_cv_6km_m30deg,0.09836065573770492,False,N,"{""base_denominator_m"": 6000.0, ""lead_blend"": 0.0, ""range_structure_multiplier_per_m"": 0.00016666666666666666, ""terminal_reciprocal_raw"": 1.0, ""terminal_regime"": ""reciprocal_interior"", ""terminal_weight"": 1.0}",-25.41452011752916,-25.604730765408046,0.017962713656658587,anchor,4570.678724046985,35.0,8084.987686222022,5.0395964170822865,36.07631346233157,30.0,"{""apn_mode"": 1, ""capture_base_range_mode"": 0, ""capture_lead_blend_mode"": 2, ""capture_mode"": 1, ""capture_terminal_weight_mode"": 0, ""kinematics_source"": 0, ""lead_mode"": 2, ""pn_mode"": 2}",P2,6.0,2.405087564155438,"{""reciprocal_interior"": 40, ""upper_clamped"": 21}",61
beam,-30.0,68.01460517312535,N30,guidance_exact_cv_6km_m30deg,0.06666666666666667,True,N,"{""base_denominator_m"": 6000.0, ""lead_blend"": 0.55, ""range_structure_multiplier_per_m"": 0.00016666666666666666, ""terminal_reciprocal_raw"": 1.0, ""terminal_regime"": ""reciprocal_interior"", ""terminal_weight"": 1.0}",-4.629814113171365,-5.492798180000814,0.0013350936902721945,anchor,7812.719718026239,35.0,7816.684443080034,4.904945808047293,7.183732480487777,30.0,"{""apn_mode"": 1, ""capture_base_range_mode"": 0, ""capture_lead_blend_mode"": 1, ""capture_mode"": 1, ""capture_terminal_weight_mode"": 0, ""kinematics_source"": 0, ""lead_mode"": 2, ""pn_mode"": 2}",P3,6.0,0.4789154986991851,"{""reciprocal_interior"": 40, ""upper_clamped"": 20}",60
beam,-30.0,74.614826823684,N30,guidance_exact_cv_6km_m30deg,0.03389830508474576,True,N,"{""base_denominator_m"": 6000.0, ""lead_blend"": 0.55, ""range_structure_multiplier_per_m"": 0.00016666666666666666, ""terminal_reciprocal_raw"": 1.0, ""terminal_regime"": ""unity"", ""terminal_weight"": 1.0}",-3.0752527135344025,-3.748490519544214,0.0009757452168288718,anchor,126.72435640142335,35.0,807.3351076936419,4.888359619294601,4.84854219114281,30.0,"{""apn_mode"": 1, ""capture_base_range_mode"": 0, ""capture_lead_blend_mode"": 0, ""capture_mode"": 1, ""capture_terminal_weight_mode"": 1, ""kinematics_source"": 0, ""lead_mode"": 2, ""pn_mode"": 2}",P4,6.0,0.32323614607618734,"{""unity"": 59}",59
beam,-30.0,21.162453213317566,N30,guidance_exact_cv_6km_m30deg,0.01694915254237288,True,N,"{""base_denominator_m"": 6000.0, ""lead_blend"": 0.55, ""range_structure_multiplier_per_m"": 0.00016666666666666666, ""terminal_reciprocal_raw"": 1.0, ""terminal_regime"": ""reciprocal_interior"", ""terminal_weight"": 1.0}",-0.0516836331378154,-0.06449768759147106,0.0013500417288825435,anchor,24.192508632201086,35.0,40.01750952531745,4.882335399402101,0.08266179438966362,30.0,"{""apn_mode"": 1, ""capture_base_range_mode"": 1, ""capture_lead_blend_mode"": 0, ""capture_mode"": 1, ""capture_terminal_weight_mode"": 0, ""kinematics_source"": 0, ""lead_mode"": 2, ""pn_mode"": 2}",P5,6.0,0.0055107862926442415,"{""reciprocal_interior"": 40, ""upper_clamped"": 19}",59
beam,-30.0,12.062789402469095,N30,guidance_exact_cv_6km_m30deg,0.0,True,N,"{""base_denominator_m"": 6000.0, ""lead_blend"": 0.55, ""range_structure_multiplier_per_m"": 0.00016666666666666666, ""terminal_reciprocal_raw"": 1.0, ""terminal_regime"": ""unity"", ""terminal_weight"": 1.0}",0.00037519812908652444,0.000480969346512785,0.0013621912464008964,anchor,12.226109248265857,30.06674123115556,30.06674123115556,4.864147427538293,0.0014925381535941897,30.0,"{""apn_mode"": 1, ""capture_base_range_mode"": 1, ""capture_lead_blend_mode"": 0, ""capture_mode"": 1, ""capture_terminal_weight_mode"": 1, ""kinematics_source"": 0, ""lead_mode"": 2, ""pn_mode"": 2}",P6,6.0,9.950254357294598e-05,"{""unity"": 59}",59
beam,-30.0,79.25921857014751,N30,guidance_exact_cv_6km_m30deg,0.06666666666666667,True,N,"{""base_denominator_m"": 6000.0, ""lead_blend"": 0.55, ""range_structure_multiplier_per_m"": 0.00016666666666666666, ""terminal_reciprocal_raw"": 1.0, ""terminal_regime"": ""reciprocal_unclamped"", ""terminal_weight"": 1.0}",-6.074917575707929,-7.177040278373011,0.0014379921418921692,anchor,160585.8492745341,35.0,160589.7893093576,4.908197978492834,9.402900232207989,30.0,"{""apn_mode"": 1, ""capture_base_range_mode"": 0, ""capture_lead_blend_mode"": 0, ""capture_mode"": 1, ""capture_terminal_weight_mode"": 2, ""kinematics_source"": 0, ""lead_mode"": 2, ""pn_mode"": 2}",P7,6.0,0.6268600154805326,"{""reciprocal_unclamped"": 60}",60
beam,-30.0,74.614826823684,N30,guidance_exact_cv_6km_m30deg,0.03389830508474576,True,N,"{""base_denominator_m"": 6000.0, ""lead_blend"": 0.55, ""range_structure_multiplier_per_m"": 0.00016666666666666666, ""terminal_reciprocal_raw"": 1.0, ""terminal_regime"": ""unity"", ""terminal_weight"": 1.0}",-3.0752527135344025,-3.748490519544214,0.0009757452168288718,anchor,126.72435640142335,35.0,807.3351076936419,4.888359619294601,4.84854219114281,30.0,"{""apn_mode"": 1, ""capture_base_range_mode"": 0, ""capture_lead_blend_mode"": 1, ""capture_mode"": 1, ""capture_terminal_weight_mode"": 1, ""kinematics_source"": 0, ""lead_mode"": 2, ""pn_mode"": 2}",P8,6.0,0.32323614607618734,"{""unity"": 59}",59
beam,30.0,0.0,N30,guidance_exact_cv_6km_p30deg,0.0,True,N,"{""base_denominator_m"": 6000.0, ""lead_blend"": 0.55, ""range_structure_multiplier_per_m"": 0.00016666666666666666, ""terminal_reciprocal_raw"": 1.0, ""terminal_regime"": ""reciprocal_interior"", ""terminal_weight"": 1.0}",0.00012680231082565926,-0.00015595902834702986,0.0013609293491770392,anchor,0.0,27.901307627220785,27.901307627220785,5.247645140414095,0.0013756928210814198,30.0,"{""apn_mode"": 1, ""capture_base_range_mode"": 0, ""capture_lead_blend_mode"": 0, ""capture_mode"": 0, ""capture_terminal_weight_mode"": 0, ""kinematics_source"": 0, ""lead_mode"": 2, ""pn_mode"": 2}",P0,6.0,9.171285473876133e-05,"{""reciprocal_interior"": 42, ""upper_clamped"": 22}",64
beam,30.0,68.01460517312535,N30,guidance_exact_cv_6km_p30deg,0.06666666666666667,True,N,"{""base_denominator_m"": 6000.0, ""lead_blend"": 0.55, ""range_structure_multiplier_per_m"": 0.00016666666666666666, ""terminal_reciprocal_raw"": 1.0, ""terminal_regime"": ""reciprocal_interior"", ""terminal_weight"": 1.0}",-4.624969361111161,5.496764705554084,0.041787670820942396,anchor,7812.719718026239,35.0,7816.684443080034,4.904945833528101,7.183767119615896,30.0,"{""apn_mode"": 1, ""capture_base_range_mode"": 0, ""capture_lead_blend_mode"": 0, ""capture_mode"": 1, ""capture_terminal_weight_mode"": 0, ""kinematics_source"": 0, ""lead_mode"": 2, ""pn_mode"": 2}",P1,6.0,0.4789178079743931,"{""reciprocal_interior"": 40, ""upper_clamped"": 20}",60
beam,30.0,135.36059076830435,N30,guidance_exact_cv_6km_p30deg,0.09836065573770492,False,N,"{""base_denominator_m"": 6000.0, ""lead_blend"": 0.0, ""range_structure_multiplier_per_m"": 0.00016666666666666666, ""terminal_reciprocal_raw"": 1.0, ""terminal_regime"": ""reciprocal_interior"", ""terminal_weight"": 1.0}",-25.391852472300435,25.626427998723358,0.20654424346693986,anchor,4570.678724046985,35.0,8084.987686222022,5.039596450274303,36.07634466618455,30.0,"{""apn_mode"": 1, ""capture_base_range_mode"": 0, ""capture_lead_blend_mode"": 2, ""capture_mode"": 1, ""capture_terminal_weight_mode"": 0, ""kinematics_source"": 0, ""lead_mode"": 2, ""pn_mode"": 2}",P2,6.0,2.4050896444123038,"{""reciprocal_interior"": 40, ""upper_clamped"": 21}",61
beam,30.0,68.01460517312535,N30,guidance_exact_cv_6km_p30deg,0.06666666666666667,True,N,"{""base_denominator_m"": 6000.0, ""lead_blend"": 0.55, ""range_structure_multiplier_per_m"": 0.00016666666666666666, ""terminal_reciprocal_raw"": 1.0, ""terminal_regime"": ""reciprocal_interior"", ""terminal_weight"": 1.0}",-4.624969361111161,5.496764705554084,0.041787670820942396,anchor,7812.719718026239,35.0,7816.684443080034,4.904945833528101,7.183767119615896,30.0,"{""apn_mode"": 1, ""capture_base_range_mode"": 0, ""capture_lead_blend_mode"": 1, ""capture_mode"": 1, ""capture_terminal_weight_mode"": 0, ""kinematics_source"": 0, ""lead_mode"": 2, ""pn_mode"": 2}",P3,6.0,0.4789178079743931,"{""reciprocal_interior"": 40, ""upper_clamped"": 20}",60
beam,30.0,74.614826823684,N30,guidance_exact_cv_6km_p30deg,0.03389830508474576,True,N,"{""base_denominator_m"": 6000.0, ""lead_blend"": 0.55, ""range_structure_multiplier_per_m"": 0.00016666666666666666, ""terminal_reciprocal_raw"": 1.0, ""terminal_regime"": ""unity"", ""terminal_weight"": 1.0}",-3.071953593496968,3.7511314238464735,0.028581881686671477,anchor,126.72435640142335,35.0,807.3351076936419,4.88835964334004,4.84857739584785,30.0,"{""apn_mode"": 1, ""capture_base_range_mode"": 0, ""capture_lead_blend_mode"": 0, ""capture_mode"": 1, ""capture_terminal_weight_mode"": 1, ""kinematics_source"": 0, ""lead_mode"": 2, ""pn_mode"": 2}",P4,6.0,0.32323849305652336,"{""unity"": 59}",59
beam,30.0,21.16245321331786,N30,guidance_exact_cv_6km_p30deg,0.01694915254237288,True,N,"{""base_denominator_m"": 6000.0, ""lead_blend"": 0.55, ""range_structure_multiplier_per_m"": 0.00016666666666666666, ""terminal_reciprocal_raw"": 1.0, ""terminal_regime"": ""reciprocal_interior"", ""terminal_weight"": 1.0}",-0.05164872687150251,0.0645595507120094,0.0018251973192714532,anchor,24.192508632200084,35.0,40.01750952545218,4.882335421341544,0.08269738763007191,30.0,"{""apn_mode"": 1, ""capture_base_range_mode"": 1, ""capture_lead_blend_mode"": 0, ""capture_mode"": 1, ""capture_terminal_weight_mode"": 0, ""kinematics_source"": 0, ""lead_mode"": 2, ""pn_mode"": 2}",P5,6.0,0.005513159175338127,"{""reciprocal_interior"": 40, ""upper_clamped"": 19}",59
beam,30.0,12.062789402469095,N30,guidance_exact_cv_6km_p30deg,0.0,True,N,"{""base_denominator_m"": 6000.0, ""lead_blend"": 0.55, ""range_structure_multiplier_per_m"": 0.00016666666666666666, ""terminal_reciprocal_raw"": 1.0, ""terminal_regime"": ""unity"", ""terminal_weight"": 1.0}",0.00035269412653009876,-0.000462212631192067,0.0013588157768946191,anchor,12.226109248265857,30.06674123115556,30.06674123115556,4.864147447063711,0.0014779763120317244,30.0,"{""apn_mode"": 1, ""capture_base_range_mode"": 1, ""capture_lead_blend_mode"": 0, ""capture_mode"": 1, ""capture_terminal_weight_mode"": 1, ""kinematics_source"": 0, ""lead_mode"": 2, ""pn_mode"": 2}",P6,6.0,9.85317541354483e-05,"{""unity"": 59}",59
beam,30.0,79.25921857014751,N30,guidance_exact_cv_6km_p30deg,0.06666666666666667,True,N,"{""base_denominator_m"": 6000.0, ""lead_blend"": 0.55, ""range_structure_multiplier_per_m"": 0.00016666666666666666, ""terminal_reciprocal_raw"": 1.0, ""terminal_regime"": ""reciprocal_unclamped"", ""terminal_weight"": 1.0}",-6.068580435197577,7.182239623614059,0.054294466548663316,anchor,160585.8492745341,35.0,160589.7893093576,4.908198004399653,9.402934775833181,30.0,"{""apn_mode"": 1, ""capture_base_range_mode"": 0, ""capture_lead_blend_mode"": 0, ""capture_mode"": 1, ""capture_terminal_weight_mode"": 2, ""kinematics_source"": 0, ""lead_mode"": 2, ""pn_mode"": 2}",P7,6.0,0.6268623183888787,"{""reciprocal_unclamped"": 60}",60
beam,30.0,74.614826823684,N30,guidance_exact_cv_6km_p30deg,0.03389830508474576,True,N,"{""base_denominator_m"": 6000.0, ""lead_blend"": 0.55, ""range_structure_multiplier_per_m"": 0.00016666666666666666, ""terminal_reciprocal_raw"": 1.0, ""terminal_regime"": ""unity"", ""terminal_weight"": 1.0}",-3.071953593496968,3.7511314238464735,0.028581881686671477,anchor,126.72435640142335,35.0,807.3351076936419,4.88835964334004,4.84857739584785,30.0,"{""apn_mode"": 1, ""capture_base_range_mode"": 0, ""capture_lead_blend_mode"": 1, ""capture_mode"": 1, ""capture_terminal_weight_mode"": 1, ""kinematics_source"": 0, ""lead_mode"": 2, ""pn_mode"": 2}",P8,6.0,0.32323849305652336,"{""unity"": 59}",59
beam,-30.0,0.0,N30,guidance_exact_cv_8km_m30deg,0.0,True,N,"{""base_denominator_m"": 8000.0, ""lead_blend"": 0.55, ""range_structure_multiplier_per_m"": 9.375e-05, ""terminal_reciprocal_raw"": 0.75, ""terminal_regime"": ""reciprocal_interior"", ""terminal_weight"": 0.75}",0.00012730469954414506,0.00014296519357368995,0.0013620280735704927,anchor,0.0,25.92084958846422,25.92084958846422,7.285038235006018,0.001375414848814172,30.0,"{""apn_mode"": 1, ""capture_base_range_mode"": 0, ""capture_lead_blend_mode"": 0, ""capture_mode"": 0, ""capture_terminal_weight_mode"": 0, ""kinematics_source"": 0, ""lead_mode"": 2, ""pn_mode"": 2}",P0,8.0,9.169432325427814e-05,"{""reciprocal_interior"": 62, ""upper_clamped"": 26}",88
beam,-30.0,60.929735152319964,N30,guidance_exact_cv_8km_m30deg,0.03896103896103896,True,N,"{""base_denominator_m"": 8000.0, ""lead_blend"": 0.55, ""range_structure_multiplier_per_m"": 9.375e-05, ""terminal_reciprocal_raw"": 0.75, ""terminal_regime"": ""reciprocal_interior"", ""terminal_weight"": 0.75}",-4.967545863668902,-5.5977826729534765,0.0024229900869326606,anchor,1390.5579070216538,35.0,3083.3093786031236,6.372896839172623,7.484095712386639,30.0,"{""apn_mode"": 1, ""capture_base_range_mode"": 0, ""capture_lead_blend_mode"": 0, ""capture_mode"": 1, ""capture_terminal_weight_mode"": 0, ""kinematics_source"": 0, ""lead_mode"": 2, ""pn_mode"": 2}",P1,8.0,0.4989397141591093,"{""reciprocal_interior"": 56, ""upper_clamped"": 21}",77
tail,-30.0,145.9547002549855,N30,guidance_exact_cv_8km_m30deg,0.0759493670886076,False,N,"{""base_denominator_m"": 8000.0, ""lead_blend"": 0.0, ""range_structure_multiplier_per_m"": 9.375e-05, ""terminal_reciprocal_raw"": 0.75, ""terminal_regime"": ""reciprocal_interior"", ""terminal_weight"": 0.75}",-28.466564460119383,-26.476904016275842,0.028070673392810438,anchor,6620.418270709759,35.0,8265.162838725711,6.508968591388678,38.876374913460246,30.0,"{""apn_mode"": 1, ""capture_base_range_mode"": 0, ""capture_lead_blend_mode"": 2, ""capture_mode"": 1, ""capture_terminal_weight_mode"": 0, ""kinematics_source"": 0, ""lead_mode"": 2, ""pn_mode"": 2}",P2,8.0,2.5917583275640164,"{""reciprocal_interior"": 56, ""upper_clamped"": 23}",79
beam,-30.0,60.929735152319964,N30,guidance_exact_cv_8km_m30deg,0.03896103896103896,True,N,"{""base_denominator_m"": 8000.0, ""lead_blend"": 0.55, ""range_structure_multiplier_per_m"": 9.375e-05, ""terminal_reciprocal_raw"": 0.75, ""terminal_regime"": ""reciprocal_interior"", ""terminal_weight"": 0.75}",-4.967545863668902,-5.5977826729534765,0.0024229900869326606,anchor,1390.5579070216538,35.0,3083.3093786031236,6.372896839172623,7.484095712386639,30.0,"{""apn_mode"": 1, ""capture_base_range_mode"": 0, ""capture_lead_blend_mode"": 1, ""capture_mode"": 1, ""capture_terminal_weight_mode"": 0, ""kinematics_source"": 0, ""lead_mode"": 2, ""pn_mode"": 2}",P3,8.0,0.4989397141591093,"{""reciprocal_interior"": 56, ""upper_clamped"": 21}",77
beam,-30.0,52.798133221475624,N30,guidance_exact_cv_8km_m30deg,0.03896103896103896,True,N,"{""base_denominator_m"": 8000.0, ""lead_blend"": 0.55, ""range_structure_multiplier_per_m"": 0.000125, ""terminal_reciprocal_raw"": 0.75, ""terminal_regime"": ""unity"", ""terminal_weight"": 1.0}",-3.1648782763449534,-3.7407818103558665,0.001395787899044635,anchor,4247.647044009385,35.0,4251.591043459569,6.329549673660761,4.899990306622047,30.0,"{""apn_mode"": 1, ""capture_base_range_mode"": 0, ""capture_lead_blend_mode"": 0, ""capture_mode"": 1, ""capture_terminal_weight_mode"": 1, ""kinematics_source"": 0, ""lead_mode"": 2, ""pn_mode"": 2}",P4,8.0,0.3266660204414698,"{""unity"": 77}",77
beam,-30.0,19.883360805685445,N30,guidance_exact_cv_8km_m30deg,0.012987012987012988,True,N,"{""base_denominator_m"": 6000.0, ""lead_blend"": 0.55, ""range_structure_multiplier_per_m"": 0.000125, ""terminal_reciprocal_raw"": 0.75, ""terminal_regime"": ""reciprocal_interior"", ""terminal_weight"": 0.75}",-0.028885907039426784,-0.03497689994333947,0.001359290758667094,anchor,57.427726691049855,35.0,61.497890118128126,6.32270521369251,0.0453831116884492,30.0,"{""apn_mode"": 1, ""capture_base_range_mode"": 1, ""capture_lead_blend_mode"": 0, ""capture_mode"": 1, ""capture_terminal_weight_mode"": 0, ""kinematics_source"": 0, ""lead_mode"": 2, ""pn_mode"": 2}",P5,8.0,0.0030255407792299464,"{""reciprocal_interior"": 56, ""upper_clamped"": 21}",77
nose,-30.0,13.032271221501652,N30,guidance_exact_cv_8km_m30deg,0.0,True,N,"{""base_denominator_m"": 6000.0, ""lead_blend"": 0.55, ""range_structure_multiplier_per_m"": 0.00016666666666666666, ""terminal_reciprocal_raw"": 0.75, ""terminal_regime"": ""unity"", ""terminal_weight"": 1.0}",2.0718103252507036e-05,1.4307907358766581e-05,0.0013620193560536628,anchor,13.465676056188682,27.819213793248387,27.819213793248387,6.282224045172458,0.0013622520626810951,30.0,"{""apn_mode"": 1, ""capture_base_range_mode"": 1, ""capture_lead_blend_mode"": 0, ""capture_mode"": 1, ""capture_terminal_weight_mode"": 1, ""kinematics_source"": 0, ""lead_mode"": 2, ""pn_mode"": 2}",P6,8.0,9.081680417873968e-05,"{""unity"": 76}",76
beam,-30.0,82.62982275175159,N30,guidance_exact_cv_8km_m30deg,0.05194805194805195,True,N,"{""base_denominator_m"": 8000.0, ""lead_blend"": 0.55, ""range_structure_multiplier_per_m"": 9.375e-05, ""terminal_reciprocal_raw"": 0.75, ""terminal_regime"": ""reciprocal_unclamped"", ""terminal_weight"": 0.75}",-6.577915954794448,-7.373918589444643,0.002908873163186219,anchor,29079.14933406794,35.0,30968.318024091506,6.376426358621711,9.88148076624341,30.0,"{""apn_mode"": 1, ""capture_base_range_mode"": 0, ""capture_lead_blend_mode"": 0, ""capture_mode"": 1, ""capture_terminal_weight_mode"": 2, ""kinematics_source"": 0, ""lead_mode"": 2, ""pn_mode"": 2}",P7,8.0,0.6587653844162273,"{""reciprocal_unclamped"": 77}",77
beam,-30.0,52.798133221475624,N30,guidance_exact_cv_8km_m30deg,0.03896103896103896,True,N,"{""base_denominator_m"": 8000.0, ""lead_blend"": 0.55, ""range_structure_multiplier_per_m"": 0.000125, ""terminal_reciprocal_raw"": 0.75, ""terminal_regime"": ""unity"", ""terminal_weight"": 1.0}",-3.1648782763449534,-3.7407818103558665,0.001395787899044635,anchor,4247.647044009385,35.0,4251.591043459569,6.329549673660761,4.899990306622047,30.0,"{""apn_mode"": 1, ""capture_base_range_mode"": 0, ""capture_lead_blend_mode"": 1, ""capture_mode"": 1, ""capture_terminal_weight_mode"": 1, ""kinematics_source"": 0, ""lead_mode"": 2, ""pn_mode"": 2}",P8,8.0,0.3266660204414698,"{""unity"": 77}",77
beam,30.0,0.0,N30,guidance_exact_cv_8km_p30deg,0.0,True,N,"{""base_denominator_m"": 8000.0, ""lead_blend"": 0.55, ""range_structure_multiplier_per_m"": 9.375e-05, ""terminal_reciprocal_raw"": 0.75, ""terminal_regime"": ""reciprocal_interior"", ""terminal_weight"": 0.75}",0.00010563471448175708,-0.00012679097489767124,0.0013611291445439228,anchor,0.0,25.9208495884642,25.9208495884642,7.285038260841084,0.0013710970761857042,30.0,"{""apn_mode"": 1, ""capture_base_range_mode"": 0, ""capture_lead_blend_mode"": 0, ""capture_mode"": 0, ""capture_terminal_weight_mode"": 0, ""kinematics_source"": 0, ""lead_mode"": 2, ""pn_mode"": 2}",P0,8.0,9.140647174571362e-05,"{""reciprocal_interior"": 62, ""upper_clamped"": 26}",88
beam,30.0,60.929735152319964,N30,guidance_exact_cv_8km_p30deg,0.03896103896103896,True,N,"{""base_denominator_m"": 8000.0, ""lead_blend"": 0.55, ""range_structure_multiplier_per_m"": 9.375e-05, ""terminal_reciprocal_raw"": 0.75, ""terminal_regime"": ""reciprocal_interior"", ""terminal_weight"": 0.75}",-4.962607402440524,5.602035648101938,0.04364951980499996,anchor,1390.5579070216538,35.0,3083.3093786031236,6.372896866242777,7.484128600841627,30.0,"{""apn_mode"": 1, ""capture_base_range_mode"": 0, ""capture_lead_blend_mode"": 0, ""capture_mode"": 1, ""capture_terminal_weight_mode"": 0, ""kinematics_source"": 0, ""lead_mode"": 2, ""pn_mode"": 2}",P1,8.0,0.49894190672277516,"{""reciprocal_interior"": 56, ""upper_clamped"": 21}",77
tail,30.0,145.9547002549855,N30,guidance_exact_cv_8km_p30deg,0.0759493670886076,False,N,"{""base_denominator_m"": 8000.0, ""lead_blend"": 0.0, ""range_structure_multiplier_per_m"": 9.375e-05, ""terminal_reciprocal_raw"": 0.75, ""terminal_regime"": ""reciprocal_interior"", ""terminal_weight"": 0.75}",-28.44312294162592,26.501204623571056,0.2230827293711849,anchor,6620.418270709759,35.0,8265.162838725711,6.5089686281430765,38.87640486306545,30.0,"{""apn_mode"": 1, ""capture_base_range_mode"": 0, ""capture_lead_blend_mode"": 2, ""capture_mode"": 1, ""capture_terminal_weight_mode"": 0, ""kinematics_source"": 0, ""lead_mode"": 2, ""pn_mode"": 2}",P2,8.0,2.5917603242043636,"{""reciprocal_interior"": 56, ""upper_clamped"": 23}",79
beam,30.0,60.929735152319964,N30,guidance_exact_cv_8km_p30deg,0.03896103896103896,True,N,"{""base_denominator_m"": 8000.0, ""lead_blend"": 0.55, ""range_structure_multiplier_per_m"": 9.375e-05, ""terminal_reciprocal_raw"": 0.75, ""terminal_regime"": ""reciprocal_interior"", ""terminal_weight"": 0.75}",-4.962607402440524,5.602035648101938,0.04364951980499996,anchor,1390.5579070216538,35.0,3083.3093786031236,6.372896866242777,7.484128600841627,30.0,"{""apn_mode"": 1, ""capture_base_range_mode"": 0, ""capture_lead_blend_mode"": 1, ""capture_mode"": 1, ""capture_terminal_weight_mode"": 0, ""kinematics_source"": 0, ""lead_mode"": 2, ""pn_mode"": 2}",P3,8.0,0.49894190672277516,"{""reciprocal_interior"": 56, ""upper_clamped"": 21}",77
beam,30.0,52.798133221475624,N30,guidance_exact_cv_8km_p30deg,0.03896103896103896,True,N,"{""base_denominator_m"": 8000.0, ""lead_blend"": 0.55, ""range_structure_multiplier_per_m"": 0.000125, ""terminal_reciprocal_raw"": 0.75, ""terminal_regime"": ""unity"", ""terminal_weight"": 1.0}",-3.161585238916479,3.743497683770846,0.028945450636325316,anchor,4247.647044009385,35.0,4251.591043459569,6.3295496986747,4.9000238744770614,30.0,"{""apn_mode"": 1, ""capture_base_range_mode"": 0, ""capture_lead_blend_mode"": 0, ""capture_mode"": 1, ""capture_terminal_weight_mode"": 1, ""kinematics_source"": 0, ""lead_mode"": 2, ""pn_mode"": 2}",P4,8.0,0.32666825829847074,"{""unity"": 77}",77
beam,30.0,19.883360805685445,N30,guidance_exact_cv_8km_p30deg,0.012987012987012988,True,N,"{""base_denominator_m"": 6000.0, ""lead_blend"": 0.55, ""range_structure_multiplier_per_m"": 0.000125, ""terminal_reciprocal_raw"": 0.75, ""terminal_regime"": ""reciprocal_interior"", ""terminal_weight"": 0.75}",-0.028876485494061438,0.035017669305064815,0.0016170343258852784,anchor,57.427726691049855,35.0,61.497890118128126,6.322705236651809,0.045416994374776434,30.0,"{""apn_mode"": 1, ""capture_base_range_mode"": 1, ""capture_lead_blend_mode"": 0, ""capture_mode"": 1, ""capture_terminal_weight_mode"": 0, ""kinematics_source"": 0, ""lead_mode"": 2, ""pn_mode"": 2}",P5,8.0,0.0030277996249850956,"{""reciprocal_interior"": 56, ""upper_clamped"": 21}",77
beam,30.0,13.032271221501652,N30,guidance_exact_cv_8km_p30deg,0.0,True,N,"{""base_denominator_m"": 6000.0, ""lead_blend"": 0.55, ""range_structure_multiplier_per_m"": 0.00016666666666666666, ""terminal_reciprocal_raw"": 0.75, ""terminal_regime"": ""unity"", ""terminal_weight"": 1.0}",-4.895620129957179e-07,3.413015544692943e-06,0.0013620717760014986,anchor,13.465676056188682,27.819213793248387,27.819213793248387,6.282224065339794,0.0013620761400602505,30.0,"{""apn_mode"": 1, ""capture_base_range_mode"": 1, ""capture_lead_blend_mode"": 0, ""capture_mode"": 1, ""capture_terminal_weight_mode"": 1, ""kinematics_source"": 0, ""lead_mode"": 2, ""pn_mode"": 2}",P6,8.0,9.08050760040167e-05,"{""unity"": 76}",76
beam,30.0,82.62982275175159,N30,guidance_exact_cv_8km_p30deg,0.05194805194805195,True,N,"{""base_denominator_m"": 8000.0, ""lead_blend"": 0.55, ""range_structure_multiplier_per_m"": 9.375e-05, ""terminal_reciprocal_raw"": 0.75, ""terminal_regime"": ""reciprocal_unclamped"", ""terminal_weight"": 0.75}",-6.571403635150827,7.379545458112005,0.057216342165720246,anchor,29079.14933406794,35.0,30968.318024091506,6.376426386169549,9.881513579114715,30.0,"{""apn_mode"": 1, ""capture_base_range_mode"": 0, ""capture_lead_blend_mode"": 0, ""capture_mode"": 1, ""capture_terminal_weight_mode"": 2, ""kinematics_source"": 0, ""lead_mode"": 2, ""pn_mode"": 2}",P7,8.0,0.658767571940981,"{""reciprocal_unclamped"": 77}",77
beam,30.0,52.798133221475624,N30,guidance_exact_cv_8km_p30deg,0.03896103896103896,True,N,"{""base_denominator_m"": 8000.0, ""lead_blend"": 0.55, ""range_structure_multiplier_per_m"": 0.000125, ""terminal_reciprocal_raw"": 0.75, ""terminal_regime"": ""unity"", ""terminal_weight"": 1.0}",-3.161585238916479,3.743497683770846,0.028945450636325316,anchor,4247.647044009385,35.0,4251.591043459569,6.3295496986747,4.9000238744770614,30.0,"{""apn_mode"": 1, ""capture_base_range_mode"": 0, ""capture_lead_blend_mode"": 1, ""capture_mode"": 1, ""capture_terminal_weight_mode"": 1, ""kinematics_source"": 0, ""lead_mode"": 2, ""pn_mode"": 2}",P8,8.0,0.32666825829847074,"{""unity"": 77}",77
nose,-45.0,0.0,M45,guidance_exact_cv_4km_m45deg,0.37037037037037035,True,M,"{""base_denominator_m"": 4000.0, ""lead_blend"": 0.55, ""range_structure_multiplier_per_m"": 0.000375, ""terminal_reciprocal_raw"": 1.5, ""terminal_regime"": ""reciprocal_interior"", ""terminal_weight"": 1.5}",0.00021982842195611733,0.00010811761361303503,0.0013614960964654177,anchor,0.0,35.0,49.43540281530915,4.4162072772332035,0.0013833602473852615,45.0,"{""apn_mode"": 1, ""capture_base_range_mode"": 0, ""capture_lead_blend_mode"": 0, ""capture_mode"": 0, ""capture_terminal_weight_mode"": 0, ""kinematics_source"": 0, ""lead_mode"": 2, ""pn_mode"": 2}",P0,4.0,9.222401649235077e-05,"{""reciprocal_interior"": 27, ""upper_clamped"": 27}",54
tail,-45.0,78.58509446509007,M45,guidance_exact_cv_4km_m45deg,0.4791666666666667,False,M,"{""base_denominator_m"": 4000.0, ""lead_blend"": 0.55, ""range_structure_multiplier_per_m"": 0.000375, ""terminal_reciprocal_raw"": 1.5, ""terminal_regime"": ""reciprocal_interior"", ""terminal_weight"": 1.5}",-13.005303249308321,-7.524275167112877,0.030391364776172408,anchor,3422.7183806785056,35.0,6606.750414454199,3.953900386039856,15.0250974383514,45.0,"{""apn_mode"": 1, ""capture_base_range_mode"": 0, ""capture_lead_blend_mode"": 0, ""capture_mode"": 1, ""capture_terminal_weight_mode"": 0, ""kinematics_source"": 0, ""lead_mode"": 2, ""pn_mode"": 2}",P1,4.0,1.00167316255676,"{""reciprocal_interior"": 26, ""upper_clamped"": 22}",48
tail,-45.0,382.0107842929078,M45,guidance_exact_cv_4km_m45deg,0.46938775510204084,False,M,"{""base_denominator_m"": 4000.0, ""lead_blend"": 0.0, ""range_structure_multiplier_per_m"": 0.000375, ""terminal_reciprocal_raw"": 1.5, ""terminal_regime"": ""reciprocal_interior"", ""terminal_weight"": 1.5}",-56.59848305319735,-27.409296863499765,0.14735322834266315,anchor,3676.327718597495,35.0,5389.23959287364,4.077736179245717,62.88624294270111,45.0,"{""apn_mode"": 1, ""capture_base_range_mode"": 0, ""capture_lead_blend_mode"": 2, ""capture_mode"": 1, ""capture_terminal_weight_mode"": 0, ""kinematics_source"": 0, ""lead_mode"": 2, ""pn_mode"": 2}",P2,4.0,4.192416196180074,"{""reciprocal_interior"": 26, ""upper_clamped"": 23}",49
tail,-45.0,78.58509446509007,M45,guidance_exact_cv_4km_m45deg,0.4791666666666667,False,M,"{""base_denominator_m"": 4000.0, ""lead_blend"": 0.55, ""range_structure_multiplier_per_m"": 0.000375, ""terminal_reciprocal_raw"": 1.5, ""terminal_regime"": ""reciprocal_interior"", ""terminal_weight"": 1.5}",-13.005303249308321,-7.524275167112877,0.030391364776172408,anchor,3422.7183806785056,35.0,6606.750414454199,3.953900386039856,15.0250974383514,45.0,"{""apn_mode"": 1, ""capture_base_range_mode"": 0, ""capture_lead_blend_mode"": 1, ""capture_mode"": 1, ""capture_terminal_weight_mode"": 0, ""kinematics_source"": 0, ""lead_mode"": 2, ""pn_mode"": 2}",P3,4.0,1.00167316255676,"{""reciprocal_interior"": 26, ""upper_clamped"": 22}",48
tail,-45.0,77.7921200748555,M45,guidance_exact_cv_4km_m45deg,0.4166666666666667,True,M,"{""base_denominator_m"": 4000.0, ""lead_blend"": 0.55, ""range_structure_multiplier_per_m"": 0.00025, ""terminal_reciprocal_raw"": 1.5, ""terminal_regime"": ""unity"", ""terminal_weight"": 1.0}",-9.188061855854901,-5.432625827804403,0.021440565755959314,anchor,848.5052434843537,35.0,3079.526629809969,3.9569275457787634,10.674004110445225,45.0,"{""apn_mode"": 1, ""capture_base_range_mode"": 0, ""capture_lead_blend_mode"": 0, ""capture_mode"": 1, ""capture_terminal_weight_mode"": 1, ""kinematics_source"": 0, ""lead_mode"": 2, ""pn_mode"": 2}",P4,4.0,0.7116002740296816,"{""unity"": 48}",48
tail,-45.0,26.38775811085076,M45,guidance_exact_cv_4km_m45deg,0.3958333333333333,True,M,"{""base_denominator_m"": 6000.0, ""lead_blend"": 0.55, ""range_structure_multiplier_per_m"": 0.00025, ""terminal_reciprocal_raw"": 1.5, ""terminal_regime"": ""reciprocal_interior"", ""terminal_weight"": 1.5}",-1.1212339666896594,-0.6663167387519034,0.003799864165245295,anchor,26.977211305179456,35.0,670.4698937180364,3.9414504594776933,1.304284494796809,45.0,"{""apn_mode"": 1, ""capture_base_range_mode"": 1, ""capture_lead_blend_mode"": 0, ""capture_mode"": 1, ""capture_terminal_weight_mode"": 0, ""kinematics_source"": 0, ""lead_mode"": 2, ""pn_mode"": 2}",P5,4.0,0.08695229965312061,"{""reciprocal_interior"": 26, ""upper_clamped"": 22}",48
tail,-45.0,17.127089581056655,M45,guidance_exact_cv_4km_m45deg,0.32653061224489793,True,M,"{""base_denominator_m"": 6000.0, ""lead_blend"": 0.55, ""range_structure_multiplier_per_m"": 0.00016666666666666666, ""terminal_reciprocal_raw"": 1.5, ""terminal_regime"": ""unity"", ""terminal_weight"": 1.0}",-0.029345329790809074,-0.017899218923174563,0.0014241666226409405,anchor,33.33690016525555,35.0,53.56260703979173,3.984971768747083,0.0344028875121225,45.0,"{""apn_mode"": 1, ""capture_base_range_mode"": 1, ""capture_lead_blend_mode"": 0, ""capture_mode"": 1, ""capture_terminal_weight_mode"": 1, ""kinematics_source"": 0, ""lead_mode"": 2, ""pn_mode"": 2}",P6,4.0,0.0022935258341414996,"{""unity"": 49}",49
tail,-45.0,1731.3199005146253,M45,guidance_exact_cv_4km_m45deg,0.4791666666666667,False,M,"{""base_denominator_m"": 4000.0, ""lead_blend"": 0.55, ""range_structure_multiplier_per_m"": 0.000375, ""terminal_reciprocal_raw"": 1.5, ""terminal_regime"": ""reciprocal_unclamped"", ""terminal_weight"": 1.5}",-16.279412828545933,-9.411662402605529,0.037724824291014855,anchor,53206.2572046591,35.0,55847.28981787006,3.964054448724712,18.804257347346034,45.0,"{""apn_mode"": 1, ""capture_base_range_mode"": 0, ""capture_lead_blend_mode"": 0, ""capture_mode"": 1, ""capture_terminal_weight_mode"": 2, ""kinematics_source"": 0, ""lead_mode"": 2, ""pn_mode"": 2}",P7,4.0,1.2536171564897356,"{""reciprocal_unclamped"": 48}",48
tail,-45.0,77.7921200748555,M45,guidance_exact_cv_4km_m45deg,0.4166666666666667,True,M,"{""base_denominator_m"": 4000.0, ""lead_blend"": 0.55, ""range_structure_multiplier_per_m"": 0.00025, ""terminal_reciprocal_raw"": 1.5, ""terminal_regime"": ""unity"", ""terminal_weight"": 1.0}",-9.188061855854901,-5.432625827804403,0.021440565755959314,anchor,848.5052434843537,35.0,3079.526629809969,3.9569275457787634,10.674004110445225,45.0,"{""apn_mode"": 1, ""capture_base_range_mode"": 0, ""capture_lead_blend_mode"": 1, ""capture_mode"": 1, ""capture_terminal_weight_mode"": 1, ""kinematics_source"": 0, ""lead_mode"": 2, ""pn_mode"": 2}",P8,4.0,0.7116002740296816,"{""unity"": 48}",48
nose,45.0,0.0,M45,guidance_exact_cv_4km_p45deg,0.37037037037037035,True,M,"{""base_denominator_m"": 4000.0, ""lead_blend"": 0.55, ""range_structure_multiplier_per_m"": 0.000375, ""terminal_reciprocal_raw"": 1.5, ""terminal_regime"": ""reciprocal_interior"", ""terminal_weight"": 1.5}",0.00019815647486837965,-0.00010689852490662841,0.0013607987681195364,anchor,0.0,35.0,49.43540281531052,4.416207319861421,0.0013792993041490966,45.0,"{""apn_mode"": 1, ""capture_base_range_mode"": 0, ""capture_lead_blend_mode"": 0, ""capture_mode"": 0, ""capture_terminal_weight_mode"": 0, ""kinematics_source"": 0, ""lead_mode"": 2, ""pn_mode"": 2}",P0,4.0,9.19532869432731e-05,"{""reciprocal_interior"": 27, ""upper_clamped"": 27}",54
tail,45.0,78.58509446509007,M45,guidance_exact_cv_4km_p45deg,0.4791666666666667,False,M,"{""base_denominator_m"": 4000.0, ""lead_blend"": 0.55, ""range_structure_multiplier_per_m"": 0.000375, ""terminal_reciprocal_raw"": 1.5, ""terminal_regime"": ""reciprocal_interior"", ""terminal_weight"": 1.5}",-12.998659238030955,7.535378479087746,0.08582589826821274,anchor,3422.7183806785056,35.0,6606.750414454199,3.953900437442734,15.025126851190464,45.0,"{""apn_mode"": 1, ""capture_base_range_mode"": 0, ""capture_lead_blend_mode"": 0, ""capture_mode"": 1, ""capture_terminal_weight_mode"": 0, ""kinematics_source"": 0, ""lead_mode"": 2, ""pn_mode"": 2}",P1,4.0,1.0016751234126977,"{""reciprocal_interior"": 26, ""upper_clamped"": 22}",48
tail,45.0,382.0107842929078,M45,guidance_exact_cv_4km_p45deg,0.46938775510204084,False,M,"{""base_denominator_m"": 4000.0, ""lead_blend"": 0.0, ""range_structure_multiplier_per_m"": 0.000375, ""terminal_reciprocal_raw"": 1.5, ""terminal_regime"": ""reciprocal_interior"", ""terminal_weight"": 1.5}",-56.57420645643375,27.457600346335095,0.349317792677435,anchor,3676.327718597495,35.0,5389.23959287364,4.077736244620268,62.886267784585094,45.0,"{""apn_mode"": 1, ""capture_base_range_mode"": 0, ""capture_lead_blend_mode"": 2, ""capture_mode"": 1, ""capture_terminal_weight_mode"": 0, ""kinematics_source"": 0, ""lead_mode"": 2, ""pn_mode"": 2}",P2,4.0,4.192417852305673,"{""reciprocal_interior"": 26, ""upper_clamped"": 23}",49
tail,45.0,78.58509446509007,M45,guidance_exact_cv_4km_p45deg,0.4791666666666667,False,M,"{""base_denominator_m"": 4000.0, ""lead_blend"": 0.55, ""range_structure_multiplier_per_m"": 0.000375, ""terminal_reciprocal_raw"": 1.5, ""terminal_regime"": ""reciprocal_interior"", ""terminal_weight"": 1.5}",-12.998659238030955,7.535378479087746,0.08582589826821274,anchor,3422.7183806785056,35.0,6606.750414454199,3.953900437442734,15.025126851190464,45.0,"{""apn_mode"": 1, ""capture_base_range_mode"": 0, ""capture_lead_blend_mode"": 1, ""capture_mode"": 1, ""capture_terminal_weight_mode"": 0, ""kinematics_source"": 0, ""lead_mode"": 2, ""pn_mode"": 2}",P3,4.0,1.0016751234126977,"{""reciprocal_interior"": 26, ""upper_clamped"": 22}",48
tail,45.0,77.7921200748555,M45,guidance_exact_cv_4km_p45deg,0.4166666666666667,True,M,"{""base_denominator_m"": 4000.0, ""lead_blend"": 0.55, ""range_structure_multiplier_per_m"": 0.00025, ""terminal_reciprocal_raw"": 1.5, ""terminal_regime"": ""unity"", ""terminal_weight"": 1.0}",-9.183272195318127,5.4404719782711926,0.061464433510324566,anchor,848.5052434843537,35.0,3079.526629809969,3.9569275943566833,10.674033981407664,45.0,"{""apn_mode"": 1, ""capture_base_range_mode"": 0, ""capture_lead_blend_mode"": 0, ""capture_mode"": 1, ""capture_terminal_weight_mode"": 1, ""kinematics_source"": 0, ""lead_mode"": 2, ""pn_mode"": 2}",P4,4.0,0.7116022654271776,"{""unity"": 48}",48
tail,45.0,26.38775811085076,M45,guidance_exact_cv_4km_p45deg,0.3958333333333333,True,M,"{""base_denominator_m"": 6000.0, ""lead_blend"": 0.55, ""range_structure_multiplier_per_m"": 0.00025, ""terminal_reciprocal_raw"": 1.5, ""terminal_regime"": ""reciprocal_interior"", ""terminal_weight"": 1.5}",-1.1206692215503828,0.6672789503051983,0.00870892829854544,anchor,26.977211305179456,35.0,670.4698937180364,3.9414505060004945,1.3043145890016545,45.0,"{""apn_mode"": 1, ""capture_base_range_mode"": 1, ""capture_lead_blend_mode"": 0, ""capture_mode"": 1, ""capture_terminal_weight_mode"": 0, ""kinematics_source"": 0, ""lead_mode"": 2, ""pn_mode"": 2}",P5,4.0,0.08695430593344364,"{""reciprocal_interior"": 26, ""upper_clamped"": 22}",48
tail,45.0,17.127089581056655,M45,guidance_exact_cv_4km_p45deg,0.32653061224489793,True,M,"{""base_denominator_m"": 6000.0, ""lead_blend"": 0.55, ""range_structure_multiplier_per_m"": 0.00016666666666666666, ""terminal_reciprocal_raw"": 1.5, ""terminal_regime"": ""unity"", ""terminal_weight"": 1.0}",-0.02935536413877271,0.017930052085427778,0.0015561667925936187,anchor,33.33690016525555,35.0,53.56260703979173,3.9849718085904797,0.03443320819467544,45.0,"{""apn_mode"": 1, ""capture_base_range_mode"": 1, ""capture_lead_blend_mode"": 0, ""capture_mode"": 1, ""capture_terminal_weight_mode"": 1, ""kinematics_source"": 0, ""lead_mode"": 2, ""pn_mode"": 2}",P6,4.0,0.002295547212978363,"{""unity"": 49}",49
tail,45.0,1731.3199005146253,M45,guidance_exact_cv_4km_p45deg,0.4791666666666667,False,M,"{""base_denominator_m"": 4000.0, ""lead_blend"": 0.55, ""range_structure_multiplier_per_m"": 0.000375, ""terminal_reciprocal_raw"": 1.5, ""terminal_regime"": ""reciprocal_unclamped"", ""terminal_weight"": 1.5}",-16.271095776284803,9.425559754321947,0.10706454637040713,anchor,53206.2572046591,35.0,55847.28981787006,3.964054500652386,18.8042866724695,45.0,"{""apn_mode"": 1, ""capture_base_range_mode"": 0, ""capture_lead_blend_mode"": 0, ""capture_mode"": 1, ""capture_terminal_weight_mode"": 2, ""kinematics_source"": 0, ""lead_mode"": 2, ""pn_mode"": 2}",P7,4.0,1.2536191114979667,"{""reciprocal_unclamped"": 48}",48
tail,45.0,77.7921200748555,M45,guidance_exact_cv_4km_p45deg,0.4166666666666667,True,M,"{""base_denominator_m"": 4000.0, ""lead_blend"": 0.55, ""range_structure_multiplier_per_m"": 0.00025, ""terminal_reciprocal_raw"": 1.5, ""terminal_regime"": ""unity"", ""terminal_weight"": 1.0}",-9.183272195318127,5.4404719782711926,0.061464433510324566,anchor,848.5052434843537,35.0,3079.526629809969,3.9569275943566833,10.674033981407664,45.0,"{""apn_mode"": 1, ""capture_base_range_mode"": 0, ""capture_lead_blend_mode"": 1, ""capture_mode"": 1, ""capture_terminal_weight_mode"": 1, ""kinematics_source"": 0, ""lead_mode"": 2, ""pn_mode"": 2}",P8,4.0,0.7116022654271776,"{""unity"": 48}",48
nose,-45.0,0.0,M45,guidance_exact_cv_6km_m45deg,0.13580246913580246,True,M,"{""base_denominator_m"": 6000.0, ""lead_blend"": 0.55, ""range_structure_multiplier_per_m"": 0.00016666666666666666, ""terminal_reciprocal_raw"": 1.0, ""terminal_regime"": ""reciprocal_interior"", ""terminal_weight"": 1.0}",0.00033145416308829375,0.00017998294956652887,0.0013612735494133298,anchor,0.0,35.0,37.65395397448867,6.658741322805591,0.0014125584592523102,45.0,"{""apn_mode"": 1, ""capture_base_range_mode"": 0, ""capture_lead_blend_mode"": 0, ""capture_mode"": 0, ""capture_terminal_weight_mode"": 0, ""kinematics_source"": 0, ""lead_mode"": 2, ""pn_mode"": 2}",P0,6.0,9.4170563950154e-05,"{""reciprocal_interior"": 49, ""upper_clamped"": 32}",81
tail,-45.0,80.52137227470907,M45,guidance_exact_cv_6km_m45deg,0.2727272727272727,True,M,"{""base_denominator_m"": 6000.0, ""lead_blend"": 0.55, ""range_structure_multiplier_per_m"": 0.00016666666666666666, ""terminal_reciprocal_raw"": 1.0, ""terminal_regime"": ""reciprocal_interior"", ""terminal_weight"": 1.0}",-12.575876975688825,-7.0700341553264,0.030201798277452764,anchor,2966.944550258419,35.0,6010.0260515461,5.453603094721316,14.427022451419319,45.0,"{""apn_mode"": 1, ""capture_base_range_mode"": 0, ""capture_lead_blend_mode"": 0, ""capture_mode"": 1, ""capture_terminal_weight_mode"": 0, ""kinematics_source"": 0, ""lead_mode"": 2, ""pn_mode"": 2}",P1,6.0,0.9618014967612879,"{""reciprocal_interior"": 43, ""upper_clamped"": 23}",66
tail,-45.0,139.50282452013266,M45,guidance_exact_cv_6km_m45deg,0.27941176470588236,False,M,"{""base_denominator_m"": 6000.0, ""lead_blend"": 0.0, ""range_structure_multiplier_per_m"": 0.00016666666666666666, ""terminal_reciprocal_raw"": 1.0, ""terminal_regime"": ""reciprocal_interior"", ""terminal_weight"": 1.0}",-59.69779017110297,-24.908688743759505,0.17013165343166206,anchor,3595.300273979797,35.0,4968.241340168448,5.64419849624224,64.68614898899179,45.0,"{""apn_mode"": 1, ""capture_base_range_mode"": 0, ""capture_lead_blend_mode"": 2, ""capture_mode"": 1, ""capture_terminal_weight_mode"": 0, ""kinematics_source"": 0, ""lead_mode"": 2, ""pn_mode"": 2}",P2,6.0,4.3124099325994525,"{""reciprocal_interior"": 43, ""upper_clamped"": 25}",68
tail,-45.0,80.52137227470907,M45,guidance_exact_cv_6km_m45deg,0.2727272727272727,True,M,"{""base_denominator_m"": 6000.0, ""lead_blend"": 0.55, ""range_structure_multiplier_per_m"": 0.00016666666666666666, ""terminal_reciprocal_raw"": 1.0, ""terminal_regime"": ""reciprocal_interior"", ""terminal_weight"": 1.0}",-12.575876975688825,-7.0700341553264,0.030201798277452764,anchor,2966.944550258419,35.0,6010.0260515461,5.453603094721316,14.427022451419319,45.0,"{""apn_mode"": 1, ""capture_base_range_mode"": 0, ""capture_lead_blend_mode"": 1, ""capture_mode"": 1, ""capture_terminal_weight_mode"": 0, ""kinematics_source"": 0, ""lead_mode"": 2, ""pn_mode"": 2}",P3,6.0,0.9618014967612879,"{""reciprocal_interior"": 43, ""upper_clamped"": 23}",66
tail,-45.0,75.2971988375295,M45,guidance_exact_cv_6km_m45deg,0.24242424242424243,True,M,"{""base_denominator_m"": 6000.0, ""lead_blend"": 0.55, ""range_structure_multiplier_per_m"": 0.00016666666666666666, ""terminal_reciprocal_raw"": 1.0, ""terminal_regime"": ""unity"", ""terminal_weight"": 1.0}",-8.637094490062951,-5.10720284225674,0.020242865490037967,anchor,1305.4467402414843,35.0,7630.052682520318,5.433297125920366,10.034108424560591,45.0,"{""apn_mode"": 1, ""capture_base_range_mode"": 0, ""capture_lead_blend_mode"": 0, ""capture_mode"": 1, ""capture_terminal_weight_mode"": 1, ""kinematics_source"": 0, ""lead_mode"": 2, ""pn_mode"": 2}",P4,6.0,0.6689405616373727,"{""unity"": 66}",66
tail,-45.0,23.83218176134855,M45,guidance_exact_cv_6km_m45deg,0.21212121212121213,True,M,"{""base_denominator_m"": 6000.0, ""lead_blend"": 0.55, ""range_structure_multiplier_per_m"": 0.00016666666666666666, ""terminal_reciprocal_raw"": 1.0, ""terminal_regime"": ""reciprocal_interior"", ""terminal_weight"": 1.0}",-0.5526489963255762,-0.3293429119918943,0.0025607423553725226,anchor,26.393444535445184,35.0,771.1296968218307,5.430785118679717,0.6433461154156902,45.0,"{""apn_mode"": 1, ""capture_base_range_mode"": 1, ""capture_lead_blend_mode"": 0, ""capture_mode"": 1, ""capture_terminal_weight_mode"": 0, ""kinematics_source"": 0, ""lead_mode"": 2, ""pn_mode"": 2}",P5,6.0,0.04288974102771268,"{""reciprocal_interior"": 43, ""upper_clamped"": 23}",66
tail,-45.0,18.35270237685131,M45,guidance_exact_cv_6km_m45deg,0.18181818181818182,True,M,"{""base_denominator_m"": 6000.0, ""lead_blend"": 0.55, ""range_structure_multiplier_per_m"": 0.00016666666666666666, ""terminal_reciprocal_raw"": 1.0, ""terminal_regime"": ""unity"", ""terminal_weight"": 1.0}",-0.005769803904807875,-0.003752094679879177,0.0013734164633643184,anchor,30.73491391179005,35.0,43.1363765907569,5.4045677384329744,0.007018199510608399,45.0,"{""apn_mode"": 1, ""capture_base_range_mode"": 1, ""capture_lead_blend_mode"": 0, ""capture_mode"": 1, ""capture_terminal_weight_mode"": 1, ""kinematics_source"": 0, ""lead_mode"": 2, ""pn_mode"": 2}",P6,6.0,0.0004678799673738932,"{""unity"": 66}",66
tail,-45.0,135.17729642251285,M45,guidance_exact_cv_6km_m45deg,0.2727272727272727,False,M,"{""base_denominator_m"": 6000.0, ""lead_blend"": 0.55, ""range_structure_multiplier_per_m"": 0.00016666666666666666, ""terminal_reciprocal_raw"": 1.0, ""terminal_regime"": ""reciprocal_unclamped"", ""terminal_weight"": 1.0}",-16.01858368681477,-8.974848102687284,0.038209667538064,anchor,55703.58692211072,35.0,58832.173517029856,5.4565938393532845,18.361491817836768,45.0,"{""apn_mode"": 1, ""capture_base_range_mode"": 0, ""capture_lead_blend_mode"": 0, ""capture_mode"": 1, ""capture_terminal_weight_mode"": 2, ""kinematics_source"": 0, ""lead_mode"": 2, ""pn_mode"": 2}",P7,6.0,1.2240994545224513,"{""reciprocal_unclamped"": 66}",66
tail,-45.0,75.2971988375295,M45,guidance_exact_cv_6km_m45deg,0.24242424242424243,True,M,"{""base_denominator_m"": 6000.0, ""lead_blend"": 0.55, ""range_structure_multiplier_per_m"": 0.00016666666666666666, ""terminal_reciprocal_raw"": 1.0, ""terminal_regime"": ""unity"", ""terminal_weight"": 1.0}",-8.637094490062951,-5.10720284225674,0.020242865490037967,anchor,1305.4467402414843,35.0,7630.052682520318,5.433297125920366,10.034108424560591,45.0,"{""apn_mode"": 1, ""capture_base_range_mode"": 0, ""capture_lead_blend_mode"": 1, ""capture_mode"": 1, ""capture_terminal_weight_mode"": 1, ""kinematics_source"": 0, ""lead_mode"": 2, ""pn_mode"": 2}",P8,6.0,0.6689405616373727,"{""unity"": 66}",66
nose,45.0,0.0,M45,guidance_exact_cv_6km_p45deg,0.13580246913580246,True,M,"{""base_denominator_m"": 6000.0, ""lead_blend"": 0.55, ""range_structure_multiplier_per_m"": 0.00016666666666666666, ""terminal_reciprocal_raw"": 1.0, ""terminal_regime"": ""reciprocal_interior"", ""terminal_weight"": 1.0}",0.0003124029699970147,-0.00017953732946388436,0.0013600325982315682,anchor,0.0,35.0,37.65395397448867,6.658741365652081,0.0014069534238112056,45.0,"{""apn_mode"": 1, ""capture_base_range_mode"": 0, ""capture_lead_blend_mode"": 0, ""capture_mode"": 0, ""capture_terminal_weight_mode"": 0, ""kinematics_source"": 0, ""lead_mode"": 2, ""pn_mode"": 2}",P0,6.0,9.379689492074704e-05,"{""reciprocal_interior"": 49, ""upper_clamped"": 32}",81
tail,45.0,80.52137227470907,M45,guidance_exact_cv_6km_p45deg,0.2727272727272727,True,M,"{""base_denominator_m"": 6000.0, ""lead_blend"": 0.55, ""range_structure_multiplier_per_m"": 0.00016666666666666666, ""terminal_reciprocal_raw"": 1.0, ""terminal_regime"": ""reciprocal_interior"", ""terminal_weight"": 1.0}",-12.569628510084499,7.0807673356707586,0.08229085897335894,anchor,2966.944550258419,35.0,6010.0260515461,5.453603136652541,14.427044005232258,45.0,"{""apn_mode"": 1, ""capture_base_range_mode"": 0, ""capture_lead_blend_mode"": 0, ""capture_mode"": 1, ""capture_terminal_weight_mode"": 0, ""kinematics_source"": 0, ""lead_mode"": 2, ""pn_mode"": 2}",P1,6.0,0.9618029336821505,"{""reciprocal_interior"": 43, ""upper_clamped"": 23}",66
tail,45.0,139.50282452013266,M45,guidance_exact_cv_6km_p45deg,0.27941176470588236,False,M,"{""base_denominator_m"": 6000.0, ""lead_blend"": 0.0, ""range_structure_multiplier_per_m"": 0.00016666666666666666, ""terminal_reciprocal_raw"": 1.0, ""terminal_regime"": ""reciprocal_interior"", ""terminal_weight"": 1.0}",-59.675719633274184,24.959636369907457,0.35369659689552896,anchor,3595.300273979797,35.0,4968.241340168448,5.644198554582372,64.68616593020319,45.0,"{""apn_mode"": 1, ""capture_base_range_mode"": 0, ""capture_lead_blend_mode"": 2, ""capture_mode"": 1, ""capture_terminal_weight_mode"": 0, ""kinematics_source"": 0, ""lead_mode"": 2, ""pn_mode"": 2}",P2,6.0,4.312411062013546,"{""reciprocal_interior"": 43, ""upper_clamped"": 25}",68
tail,45.0,80.52137227470907,M45,guidance_exact_cv_6km_p45deg,0.2727272727272727,True,M,"{""base_denominator_m"": 6000.0, ""lead_blend"": 0.55, ""range_structure_multiplier_per_m"": 0.00016666666666666666, ""terminal_reciprocal_raw"": 1.0, ""terminal_regime"": ""reciprocal_interior"", ""terminal_weight"": 1.0}",-12.569628510084499,7.0807673356707586,0.08229085897335894,anchor,2966.944550258419,35.0,6010.0260515461,5.453603136652541,14.427044005232258,45.0,"{""apn_mode"": 1, ""capture_base_range_mode"": 0, ""capture_lead_blend_mode"": 1, ""capture_mode"": 1, ""capture_terminal_weight_mode"": 0, ""kinematics_source"": 0, ""lead_mode"": 2, ""pn_mode"": 2}",P3,6.0,0.9618029336821505,"{""reciprocal_interior"": 43, ""upper_clamped"": 23}",66
tail,45.0,75.2971988375295,M45,guidance_exact_cv_6km_p45deg,0.24242424242424243,True,M,"{""base_denominator_m"": 6000.0, ""lead_blend"": 0.55, ""range_structure_multiplier_per_m"": 0.00016666666666666666, ""terminal_reciprocal_raw"": 1.0, ""terminal_regime"": ""unity"", ""terminal_weight"": 1.0}",-8.632586630117295,5.114575284301989,0.057869226995745156,anchor,1305.4467402414843,35.0,7630.052682520318,5.433297164679542,10.034130810025475,45.0,"{""apn_mode"": 1, ""capture_base_range_mode"": 0, ""capture_lead_blend_mode"": 0, ""capture_mode"": 1, ""capture_terminal_weight_mode"": 1, ""kinematics_source"": 0, ""lead_mode"": 2, ""pn_mode"": 2}",P4,6.0,0.6689420540016984,"{""unity"": 66}",66
tail,45.0,23.83218176134855,M45,guidance_exact_cv_6km_p45deg,0.21212121212121213,True,M,"{""base_denominator_m"": 6000.0, ""lead_blend"": 0.55, ""range_structure_multiplier_per_m"": 0.00016666666666666666, ""terminal_reciprocal_raw"": 1.0, ""terminal_regime"": ""reciprocal_interior"", ""terminal_weight"": 1.0}",-0.5523763967883817,0.3298160666781672,0.004987185266558593,anchor,26.393444535445184,35.0,771.1296968218307,5.43078515544418,0.6433686296241723,45.0,"{""apn_mode"": 1, ""capture_base_range_mode"": 1, ""capture_lead_blend_mode"": 0, ""capture_mode"": 1, ""capture_terminal_weight_mode"": 0, ""kinematics_source"": 0, ""lead_mode"": 2, ""pn_mode"": 2}",P5,6.0,0.04289124197494482,"{""reciprocal_interior"": 43, ""upper_clamped"": 23}",66
tail,45.0,18.35270237685131,M45,guidance_exact_cv_6km_p45deg,0.18181818181818182,True,M,"{""base_denominator_m"": 6000.0, ""lead_blend"": 0.55, ""range_structure_multiplier_per_m"": 0.00016666666666666666, ""terminal_reciprocal_raw"": 1.0, ""terminal_regime"": ""unity"", ""terminal_weight"": 1.0}",-0.005786550713636269,0.003760035317695353,0.0014011561469149617,anchor,30.73491391179005,35.0,43.1363765907569,5.404567769380532,0.007041681141716998,45.0,"{""apn_mode"": 1, ""capture_base_range_mode"": 1, ""capture_lead_blend_mode"": 0, ""capture_mode"": 1, ""capture_terminal_weight_mode"": 1, ""kinematics_source"": 0, ""lead_mode"": 2, ""pn_mode"": 2}",P6,6.0,0.00046944540944779986,"{""unity"": 66}",66
tail,45.0,135.17729642251285,M45,guidance_exact_cv_6km_p45deg,0.2727272727272727,False,M,"{""base_denominator_m"": 6000.0, ""lead_blend"": 0.55, ""range_structure_multiplier_per_m"": 0.00016666666666666666, ""terminal_reciprocal_raw"": 1.0, ""terminal_regime"": ""reciprocal_unclamped"", ""terminal_weight"": 1.0}",-16.01064664043915,8.988519348756391,0.10433275063825681,anchor,55703.58692211072,35.0,58832.173517029856,5.4565938819006865,18.361513315923457,45.0,"{""apn_mode"": 1, ""capture_base_range_mode"": 0, ""capture_lead_blend_mode"": 0, ""capture_mode"": 1, ""capture_terminal_weight_mode"": 2, ""kinematics_source"": 0, ""lead_mode"": 2, ""pn_mode"": 2}",P7,6.0,1.2241008877282304,"{""reciprocal_unclamped"": 66}",66
tail,45.0,75.2971988375295,M45,guidance_exact_cv_6km_p45deg,0.24242424242424243,True,M,"{""base_denominator_m"": 6000.0, ""lead_blend"": 0.55, ""range_structure_multiplier_per_m"": 0.00016666666666666666, ""terminal_reciprocal_raw"": 1.0, ""terminal_regime"": ""unity"", ""terminal_weight"": 1.0}",-8.632586630117295,5.114575284301989,0.057869226995745156,anchor,1305.4467402414843,35.0,7630.052682520318,5.433297164679542,10.034130810025475,45.0,"{""apn_mode"": 1, ""capture_base_range_mode"": 0, ""capture_lead_blend_mode"": 1, ""capture_mode"": 1, ""capture_terminal_weight_mode"": 1, ""kinematics_source"": 0, ""lead_mode"": 2, ""pn_mode"": 2}",P8,6.0,0.6689420540016984,"{""unity"": 66}",66
nose,-45.0,0.0,M45,guidance_exact_cv_8km_m45deg,0.0,True,M,"{""base_denominator_m"": 8000.0, ""lead_blend"": 0.55, ""range_structure_multiplier_per_m"": 9.375e-05, ""terminal_reciprocal_raw"": 0.75, ""terminal_regime"": ""reciprocal_interior"", ""terminal_weight"": 0.75}",0.00023430404276336486,0.00012087227019717845,0.0013614797885448562,anchor,0.0,33.77577669016107,33.77577669016107,9.552537754242074,0.0013867716843872682,45.0,"{""apn_mode"": 1, ""capture_base_range_mode"": 0, ""capture_lead_blend_mode"": 0, ""capture_mode"": 0, ""capture_terminal_weight_mode"": 0, ""kinematics_source"": 0, ""lead_mode"": 2, ""pn_mode"": 2}",P0,8.0,9.245144562581788e-05,"{""reciprocal_interior"": 78, ""upper_clamped"": 37}",115
tail,-45.0,74.18572059534151,M45,guidance_exact_cv_8km_m45deg,0.13333333333333333,True,M,"{""base_denominator_m"": 8000.0, ""lead_blend"": 0.55, ""range_structure_multiplier_per_m"": 9.375e-05, ""terminal_reciprocal_raw"": 0.75, ""terminal_regime"": ""reciprocal_interior"", ""terminal_weight"": 0.75}",-13.04954409791101,-6.423484123968079,0.03464983000855034,anchor,5342.3678082706465,35.0,10454.588782957228,7.425202676242985,14.54485991905433,45.0,"{""apn_mode"": 1, ""capture_base_range_mode"": 0, ""capture_lead_blend_mode"": 0, ""capture_mode"": 1, ""capture_terminal_weight_mode"": 0, ""kinematics_source"": 0, ""lead_mode"": 2, ""pn_mode"": 2}",P1,8.0,0.9696573279369554,"{""reciprocal_interior"": 63, ""upper_clamped"": 27}",90
tail,-45.0,138.38222344506502,M45,guidance_exact_cv_8km_m45deg,0.16304347826086957,False,M,"{""base_denominator_m"": 8000.0, ""lead_blend"": 0.0, ""range_structure_multiplier_per_m"": 9.375e-05, ""terminal_reciprocal_raw"": 0.75, ""terminal_regime"": ""reciprocal_interior"", ""terminal_weight"": 0.75}",-65.8604939902314,-19.880719499072548,0.2155417502813379,anchor,3808.209804808814,35.0,4202.964933674262,7.603613527540935,68.79603284117623,45.0,"{""apn_mode"": 1, ""capture_base_range_mode"": 0, ""capture_lead_blend_mode"": 2, ""capture_mode"": 1, ""capture_terminal_weight_mode"": 0, ""kinematics_source"": 0, ""lead_mode"": 2, ""pn_mode"": 2}",P2,8.0,4.586402189411748,"{""reciprocal_interior"": 63, ""upper_clamped"": 29}",92
tail,-45.0,74.18572059534151,M45,guidance_exact_cv_8km_m45deg,0.13333333333333333,True,M,"{""base_denominator_m"": 8000.0, ""lead_blend"": 0.55, ""range_structure_multiplier_per_m"": 9.375e-05, ""terminal_reciprocal_raw"": 0.75, ""terminal_regime"": ""reciprocal_interior"", ""terminal_weight"": 0.75}",-13.04954409791101,-6.423484123968079,0.03464983000855034,anchor,5342.3678082706465,35.0,10454.588782957228,7.425202676242985,14.54485991905433,45.0,"{""apn_mode"": 1, ""capture_base_range_mode"": 0, ""capture_lead_blend_mode"": 1, ""capture_mode"": 1, ""capture_terminal_weight_mode"": 0, ""kinematics_source"": 0, ""lead_mode"": 2, ""pn_mode"": 2}",P3,8.0,0.9696573279369554,"{""reciprocal_interior"": 63, ""upper_clamped"": 27}",90
tail,-45.0,53.62558433259375,M45,guidance_exact_cv_8km_m45deg,0.13793103448275862,True,M,"{""base_denominator_m"": 8000.0, ""lead_blend"": 0.55, ""range_structure_multiplier_per_m"": 0.000125, ""terminal_reciprocal_raw"": 0.75, ""terminal_regime"": ""unity"", ""terminal_weight"": 1.0}",-8.597970136600907,-4.74083678859336,0.02142132715496204,anchor,481.44539207898026,35.0,2100.7468812250036,7.213316628578858,9.818405308359315,45.0,"{""apn_mode"": 1, ""capture_base_range_mode"": 0, ""capture_lead_blend_mode"": 0, ""capture_mode"": 1, ""capture_terminal_weight_mode"": 1, ""kinematics_source"": 0, ""lead_mode"": 2, ""pn_mode"": 2}",P4,8.0,0.6545603538906211,"{""unity"": 87}",87
tail,-45.0,21.870165759238827,M45,guidance_exact_cv_8km_m45deg,0.10344827586206896,True,M,"{""base_denominator_m"": 6000.0, ""lead_blend"": 0.55, ""range_structure_multiplier_per_m"": 0.000125, ""terminal_reciprocal_raw"": 0.75, ""terminal_regime"": ""reciprocal_interior"", ""terminal_weight"": 0.75}",-0.27449819349098487,-0.15487609964268673,0.0019895022794139666,anchor,25.122858293353172,35.0,98.47655555781213,7.206117741845008,0.3151822053824688,45.0,"{""apn_mode"": 1, ""capture_base_range_mode"": 1, ""capture_lead_blend_mode"": 0, ""capture_mode"": 1, ""capture_terminal_weight_mode"": 0, ""kinematics_source"": 0, ""lead_mode"": 2, ""pn_mode"": 2}",P5,8.0,0.02101214702549792,"{""reciprocal_interior"": 62, ""upper_clamped"": 25}",87
tail,-45.0,18.938737805641786,M45,guidance_exact_cv_8km_m45deg,0.09411764705882353,True,M,"{""base_denominator_m"": 6000.0, ""lead_blend"": 0.55, ""range_structure_multiplier_per_m"": 0.00016666666666666666, ""terminal_reciprocal_raw"": 0.75, ""terminal_regime"": ""unity"", ""terminal_weight"": 1.0}",-0.00045633600977987353,-0.0003056352384140975,0.0013629227757627942,anchor,19.52863297531379,35.0,45.27981314541093,7.004300151922241,0.0014694264002386148,45.0,"{""apn_mode"": 1, ""capture_base_range_mode"": 1, ""capture_lead_blend_mode"": 0, ""capture_mode"": 1, ""capture_terminal_weight_mode"": 1, ""kinematics_source"": 0, ""lead_mode"": 2, ""pn_mode"": 2}",P6,8.0,9.796176001590765e-05,"{""unity"": 85}",85
tail,-45.0,85.62103956027615,M45,guidance_exact_cv_8km_m45deg,0.13333333333333333,False,M,"{""base_denominator_m"": 8000.0, ""lead_blend"": 0.55, ""range_structure_multiplier_per_m"": 9.375e-05, ""terminal_reciprocal_raw"": 0.75, ""terminal_regime"": ""reciprocal_unclamped"", ""terminal_weight"": 0.75}",-16.89961103475891,-8.252523934455283,0.04471435346556061,anchor,76516.52216815922,35.0,80965.34453255366,7.430109311085355,18.80699348083869,45.0,"{""apn_mode"": 1, ""capture_base_range_mode"": 0, ""capture_lead_blend_mode"": 0, ""capture_mode"": 1, ""capture_terminal_weight_mode"": 2, ""kinematics_source"": 0, ""lead_mode"": 2, ""pn_mode"": 2}",P7,8.0,1.253799565389246,"{""reciprocal_unclamped"": 90}",90
tail,-45.0,53.62558433259375,M45,guidance_exact_cv_8km_m45deg,0.13793103448275862,True,M,"{""base_denominator_m"": 8000.0, ""lead_blend"": 0.55, ""range_structure_multiplier_per_m"": 0.000125, ""terminal_reciprocal_raw"": 0.75, ""terminal_regime"": ""unity"", ""terminal_weight"": 1.0}",-8.597970136600907,-4.74083678859336,0.02142132715496204,anchor,481.44539207898026,35.0,2100.7468812250036,7.213316628578858,9.818405308359315,45.0,"{""apn_mode"": 1, ""capture_base_range_mode"": 0, ""capture_lead_blend_mode"": 1, ""capture_mode"": 1, ""capture_terminal_weight_mode"": 1, ""kinematics_source"": 0, ""lead_mode"": 2, ""pn_mode"": 2}",P8,8.0,0.6545603538906211,"{""unity"": 87}",87
nose,45.0,0.0,M45,guidance_exact_cv_8km_p45deg,0.0,True,M,"{""base_denominator_m"": 8000.0, ""lead_blend"": 0.55, ""range_structure_multiplier_per_m"": 9.375e-05, ""terminal_reciprocal_raw"": 0.75, ""terminal_regime"": ""reciprocal_interior"", ""terminal_weight"": 0.75}",0.0002155960950890451,-0.00012082702560946403,0.0013606712652387885,anchor,0.0,33.77577669016107,33.77577669016107,9.552537806413701,0.0013829342494862883,45.0,"{""apn_mode"": 1, ""capture_base_range_mode"": 0, ""capture_lead_blend_mode"": 0, ""capture_mode"": 0, ""capture_terminal_weight_mode"": 0, ""kinematics_source"": 0, ""lead_mode"": 2, ""pn_mode"": 2}",P0,8.0,9.219561663241922e-05,"{""reciprocal_interior"": 78, ""upper_clamped"": 37}",115
tail,45.0,74.18572059534151,M45,guidance_exact_cv_8km_p45deg,0.13333333333333333,True,M,"{""base_denominator_m"": 8000.0, ""lead_blend"": 0.55, ""range_structure_multiplier_per_m"": 9.375e-05, ""terminal_reciprocal_raw"": 0.75, ""terminal_regime"": ""reciprocal_interior"", ""terminal_weight"": 0.75}",-13.043866810584024,6.434619891144025,0.08198047587518419,anchor,5342.3678082706465,35.0,10454.588782957228,7.425202725527658,14.544879350279862,45.0,"{""apn_mode"": 1, ""capture_base_range_mode"": 0, ""capture_lead_blend_mode"": 0, ""capture_mode"": 1, ""capture_terminal_weight_mode"": 0, ""kinematics_source"": 0, ""lead_mode"": 2, ""pn_mode"": 2}",P1,8.0,0.9696586233519908,"{""reciprocal_interior"": 63, ""upper_clamped"": 27}",90
tail,45.0,138.38222344506502,M45,guidance_exact_cv_8km_p45deg,0.16304347826086957,False,M,"{""base_denominator_m"": 8000.0, ""lead_blend"": 0.0, ""range_structure_multiplier_per_m"": 9.375e-05, ""terminal_reciprocal_raw"": 0.75, ""terminal_regime"": ""reciprocal_interior"", ""terminal_weight"": 0.75}",-65.84287135701504,19.936926864141522,0.3621102157221078,anchor,3808.209804808814,35.0,4202.964933674262,7.603613598616677,68.79604556317861,45.0,"{""apn_mode"": 1, ""capture_base_range_mode"": 0, ""capture_lead_blend_mode"": 2, ""capture_mode"": 1, ""capture_terminal_weight_mode"": 0, ""kinematics_source"": 0, ""lead_mode"": 2, ""pn_mode"": 2}",P2,8.0,4.5864030375452405,"{""reciprocal_interior"": 63, ""upper_clamped"": 29}",92
tail,45.0,74.18572059534151,M45,guidance_exact_cv_8km_p45deg,0.13333333333333333,True,M,"{""base_denominator_m"": 8000.0, ""lead_blend"": 0.55, ""range_structure_multiplier_per_m"": 9.375e-05, ""terminal_reciprocal_raw"": 0.75, ""terminal_regime"": ""reciprocal_interior"", ""terminal_weight"": 0.75}",-13.043866810584024,6.434619891144025,0.08198047587518419,anchor,5342.3678082706465,35.0,10454.588782957228,7.425202725527658,14.544879350279862,45.0,"{""apn_mode"": 1, ""capture_base_range_mode"": 0, ""capture_lead_blend_mode"": 1, ""capture_mode"": 1, ""capture_terminal_weight_mode"": 0, ""kinematics_source"": 0, ""lead_mode"": 2, ""pn_mode"": 2}",P3,8.0,0.9696586233519908,"{""reciprocal_interior"": 63, ""upper_clamped"": 27}",90
tail,45.0,53.62558433259375,M45,guidance_exact_cv_8km_p45deg,0.13793103448275862,True,M,"{""base_denominator_m"": 8000.0, ""lead_blend"": 0.55, ""range_structure_multiplier_per_m"": 0.000125, ""terminal_reciprocal_raw"": 0.75, ""terminal_regime"": ""unity"", ""terminal_weight"": 1.0}",-8.59378615187505,4.7481748220158195,0.05635037807990169,anchor,481.44539207898026,35.0,2100.7468812250036,7.213316672340853,9.818426550608477,45.0,"{""apn_mode"": 1, ""capture_base_range_mode"": 0, ""capture_lead_blend_mode"": 0, ""capture_mode"": 1, ""capture_terminal_weight_mode"": 1, ""kinematics_source"": 0, ""lead_mode"": 2, ""pn_mode"": 2}",P4,8.0,0.6545617700405651,"{""unity"": 87}",87
tail,45.0,21.870165759238827,M45,guidance_exact_cv_8km_p45deg,0.10344827586206896,True,M,"{""base_denominator_m"": 6000.0, ""lead_blend"": 0.55, ""range_structure_multiplier_per_m"": 0.000125, ""terminal_reciprocal_raw"": 0.75, ""terminal_regime"": ""reciprocal_interior"", ""terminal_weight"": 0.75}",-0.27437972589271936,0.15511097473306087,0.0031306441586310195,anchor,25.122858293353172,35.0,98.47655555781213,7.206117782598943,0.3152038219894531,45.0,"{""apn_mode"": 1, ""capture_base_range_mode"": 1, ""capture_lead_blend_mode"": 0, ""capture_mode"": 1, ""capture_terminal_weight_mode"": 0, ""kinematics_source"": 0, ""lead_mode"": 2, ""pn_mode"": 2}",P5,8.0,0.02101358813263021,"{""reciprocal_interior"": 62, ""upper_clamped"": 25}",87
tail,45.0,18.938737805641786,M45,guidance_exact_cv_8km_p45deg,0.09411764705882353,True,M,"{""base_denominator_m"": 6000.0, ""lead_blend"": 0.55, ""range_structure_multiplier_per_m"": 0.00016666666666666666, ""terminal_reciprocal_raw"": 0.75, ""terminal_regime"": ""unity"", ""terminal_weight"": 1.0}",-0.00047616112390305254,0.00030908755051261595,0.0013652732649766543,anchor,19.52863297531379,35.0,45.27981314541093,7.004300185254943,0.001478592444705394,45.0,"{""apn_mode"": 1, ""capture_base_range_mode"": 1, ""capture_lead_blend_mode"": 0, ""capture_mode"": 1, ""capture_terminal_weight_mode"": 1, ""kinematics_source"": 0, ""lead_mode"": 2, ""pn_mode"": 2}",P6,8.0,9.857282964702627e-05,"{""unity"": 85}",85
tail,45.0,85.62103956027615,M45,guidance_exact_cv_8km_p45deg,0.13333333333333333,False,M,"{""base_denominator_m"": 8000.0, ""lead_blend"": 0.55, ""range_structure_multiplier_per_m"": 9.375e-05, ""terminal_reciprocal_raw"": 0.75, ""terminal_regime"": ""reciprocal_unclamped"", ""terminal_weight"": 0.75}",-16.89231208296038,8.266945475650651,0.10552245335314833,anchor,76516.52216815922,35.0,80965.34453255366,7.430109361240446,18.807012787619602,45.0,"{""apn_mode"": 1, ""capture_base_range_mode"": 0, ""capture_lead_blend_mode"": 0, ""capture_mode"": 1, ""capture_terminal_weight_mode"": 2, ""kinematics_source"": 0, ""lead_mode"": 2, ""pn_mode"": 2}",P7,8.0,1.2538008525079734,"{""reciprocal_unclamped"": 90}",90
tail,45.0,53.62558433259375,M45,guidance_exact_cv_8km_p45deg,0.13793103448275862,True,M,"{""base_denominator_m"": 8000.0, ""lead_blend"": 0.55, ""range_structure_multiplier_per_m"": 0.000125, ""terminal_reciprocal_raw"": 0.75, ""terminal_regime"": ""unity"", ""terminal_weight"": 1.0}",-8.59378615187505,4.7481748220158195,0.05635037807990169,anchor,481.44539207898026,35.0,2100.7468812250036,7.213316672340853,9.818426550608477,45.0,"{""apn_mode"": 1, ""capture_base_range_mode"": 0, ""capture_lead_blend_mode"": 1, ""capture_mode"": 1, ""capture_terminal_weight_mode"": 1, ""kinematics_source"": 0, ""lead_mode"": 2, ""pn_mode"": 2}",P8,8.0,0.6545617700405651,"{""unity"": 87}",87
tail,-60.0,0.0,stress60,guidance_exact_cv_8km_m60deg,0.10160427807486631,True,M,"{""base_denominator_m"": 8000.0, ""lead_blend"": 0.55, ""range_structure_multiplier_per_m"": 9.375e-05, ""terminal_reciprocal_raw"": 0.75, ""terminal_regime"": ""reciprocal_interior"", ""terminal_weight"": 0.75}",-0.6475118505782028,-0.0031356170958880742,0.004176088501679657,anchor,0.0,35.0,43.00458429285838,15.531840991075683,0.6475329091628916,60.0,"{""apn_mode"": 1, ""capture_base_range_mode"": 0, ""capture_lead_blend_mode"": 0, ""capture_mode"": 0, ""capture_terminal_weight_mode"": 0, ""kinematics_source"": 0, ""lead_mode"": 2, ""pn_mode"": 2}",P0,8.0,0.04316886061085944,"{""reciprocal_interior"": 115, ""upper_clamped"": 72}",187
tail,-60.0,105.15499161595648,stress60,guidance_exact_cv_8km_m60deg,0.21705426356589147,False,M,"{""base_denominator_m"": 8000.0, ""lead_blend"": 0.55, ""range_structure_multiplier_per_m"": 9.375e-05, ""terminal_reciprocal_raw"": 0.75, ""terminal_regime"": ""reciprocal_interior"", ""terminal_weight"": 0.75}",-116.7571521780796,-14.9937292939273,0.455640454394402,anchor,309.0693269137812,35.0,265.3043031798888,10.735104856695513,117.7168301947452,60.0,"{""apn_mode"": 1, ""capture_base_range_mode"": 0, ""capture_lead_blend_mode"": 0, ""capture_mode"": 1, ""capture_terminal_weight_mode"": 0, ""kinematics_source"": 0, ""lead_mode"": 2, ""pn_mode"": 2}",P1,8.0,7.84778867964968,"{""reciprocal_interior"": 85, ""upper_clamped"": 44}",129
tail,-60.0,41.79357189566203,stress60,guidance_exact_cv_8km_m60deg,0.17886178861788618,False,M,"{""base_denominator_m"": 8000.0, ""lead_blend"": 0.0, ""range_structure_multiplier_per_m"": 9.375e-05, ""terminal_reciprocal_raw"": 0.75, ""terminal_regime"": ""reciprocal_interior"", ""terminal_weight"": 0.75}",-310.51887992756104,-64.27448146931509,1.1196712127876378,anchor,49.94001634467907,35.0,52.59151315558901,10.194213391401787,317.10319680388136,60.0,"{""apn_mode"": 1, ""capture_base_range_mode"": 0, ""capture_lead_blend_mode"": 2, ""capture_mode"": 1, ""capture_terminal_weight_mode"": 0, ""kinematics_source"": 0, ""lead_mode"": 2, ""pn_mode"": 2}",P2,8.0,21.140213120258757,"{""reciprocal_interior"": 83, ""upper_clamped"": 40}",123
tail,-60.0,105.15499161595648,stress60,guidance_exact_cv_8km_m60deg,0.21705426356589147,False,M,"{""base_denominator_m"": 8000.0, ""lead_blend"": 0.55, ""range_structure_multiplier_per_m"": 9.375e-05, ""terminal_reciprocal_raw"": 0.75, ""terminal_regime"": ""reciprocal_interior"", ""terminal_weight"": 0.75}",-116.7571521780796,-14.9937292939273,0.455640454394402,anchor,309.0693269137812,35.0,265.3043031798888,10.735104856695513,117.7168301947452,60.0,"{""apn_mode"": 1, ""capture_base_range_mode"": 0, ""capture_lead_blend_mode"": 1, ""capture_mode"": 1, ""capture_terminal_weight_mode"": 0, ""kinematics_source"": 0, ""lead_mode"": 2, ""pn_mode"": 2}",P3,8.0,7.84778867964968,"{""reciprocal_interior"": 85, ""upper_clamped"": 44}",129
tail,-60.0,54.80642763400819,stress60,guidance_exact_cv_8km_m60deg,0.24166666666666667,False,M,"{""base_denominator_m"": 8000.0, ""lead_blend"": 0.55, ""range_structure_multiplier_per_m"": 0.000125, ""terminal_reciprocal_raw"": 0.75, ""terminal_regime"": ""unity"", ""terminal_weight"": 1.0}",-40.756054316687525,-2.3791079086980136,0.17044927411596847,anchor,1031.1198353793645,35.0,2161.8182765498623,9.96093694578098,40.8257905111592,60.0,"{""apn_mode"": 1, ""capture_base_range_mode"": 0, ""capture_lead_blend_mode"": 0, ""capture_mode"": 1, ""capture_terminal_weight_mode"": 1, ""kinematics_source"": 0, ""lead_mode"": 2, ""pn_mode"": 2}",P4,8.0,2.7217193674106133,"{""unity"": 120}",120
tail,-60.0,26.704226580151712,stress60,guidance_exact_cv_8km_m60deg,0.2,True,M,"{""base_denominator_m"": 6000.0, ""lead_blend"": 0.55, ""range_structure_multiplier_per_m"": 0.000125, ""terminal_reciprocal_raw"": 0.75, ""terminal_regime"": ""reciprocal_interior"", ""terminal_weight"": 0.75}",-0.11494497868548731,0.0001697063204641132,0.00186427340151422,anchor,27.648779510512465,35.0,55.05910700404075,9.957054042565918,0.11496022112259734,60.0,"{""apn_mode"": 1, ""capture_base_range_mode"": 1, ""capture_lead_blend_mode"": 0, ""capture_mode"": 1, ""capture_terminal_weight_mode"": 0, ""kinematics_source"": 0, ""lead_mode"": 2, ""pn_mode"": 2}",P5,8.0,0.007664014741506489,"{""reciprocal_interior"": 81, ""upper_clamped"": 39}",120
tail,-60.0,30.020455442237107,stress60,guidance_exact_cv_8km_m60deg,0.19469026548672566,True,M,"{""base_denominator_m"": 6000.0, ""lead_blend"": 0.55, ""range_structure_multiplier_per_m"": 0.00016666666666666666, ""terminal_reciprocal_raw"": 0.75, ""terminal_regime"": ""unity"", ""terminal_weight"": 1.0}",-0.001806030253857516,-0.0002677295780192491,0.0013689521095661314,anchor,30.865979194460174,35.0,56.158777862194036,9.316956177169885,0.002281984724675423,60.0,"{""apn_mode"": 1, ""capture_base_range_mode"": 1, ""capture_lead_blend_mode"": 0, ""capture_mode"": 1, ""capture_terminal_weight_mode"": 1, ""kinematics_source"": 0, ""lead_mode"": 2, ""pn_mode"": 2}",P6,8.0,0.00015213231497836154,"{""unity"": 113}",113
tail,-60.0,100.32203374432231,stress60,guidance_exact_cv_8km_m60deg,0.24031007751937986,False,M,"{""base_denominator_m"": 8000.0, ""lead_blend"": 0.55, ""range_structure_multiplier_per_m"": 9.375e-05, ""terminal_reciprocal_raw"": 0.75, ""terminal_regime"": ""reciprocal_unclamped"", ""terminal_weight"": 0.75}",-149.71589749073055,-26.54926093537859,0.5569060745765619,anchor,898.9153655449352,35.0,853.1188554481085,10.719782176458242,152.05269929220492,60.0,"{""apn_mode"": 1, ""capture_base_range_mode"": 0, ""capture_lead_blend_mode"": 0, ""capture_mode"": 1, ""capture_terminal_weight_mode"": 2, ""kinematics_source"": 0, ""lead_mode"": 2, ""pn_mode"": 2}",P7,8.0,10.136846619480329,"{""reciprocal_unclamped"": 129}",129
tail,-60.0,54.80642763400819,stress60,guidance_exact_cv_8km_m60deg,0.24166666666666667,False,M,"{""base_denominator_m"": 8000.0, ""lead_blend"": 0.55, ""range_structure_multiplier_per_m"": 0.000125, ""terminal_reciprocal_raw"": 0.75, ""terminal_regime"": ""unity"", ""terminal_weight"": 1.0}",-40.756054316687525,-2.3791079086980136,0.17044927411596847,anchor,1031.1198353793645,35.0,2161.8182765498623,9.96093694578098,40.8257905111592,60.0,"{""apn_mode"": 1, ""capture_base_range_mode"": 0, ""capture_lead_blend_mode"": 1, ""capture_mode"": 1, ""capture_terminal_weight_mode"": 1, ""kinematics_source"": 0, ""lead_mode"": 2, ""pn_mode"": 2}",P8,8.0,2.7217193674106133,"{""unity"": 120}",120
tail,60.0,0.0,stress60,guidance_exact_cv_8km_p60deg,0.10160427807486631,True,M,"{""base_denominator_m"": 8000.0, ""lead_blend"": 0.55, ""range_structure_multiplier_per_m"": 9.375e-05, ""terminal_reciprocal_raw"": 0.75, ""terminal_regime"": ""reciprocal_interior"", ""terminal_weight"": 0.75}",-0.6475090642927765,0.003678332581868754,0.004201171601926714,anchor,0.0,35.0,43.00458429285838,15.531841112018094,0.6475331407076538,60.0,"{""apn_mode"": 1, ""capture_base_range_mode"": 0, ""capture_lead_blend_mode"": 0, ""capture_mode"": 0, ""capture_terminal_weight_mode"": 0, ""kinematics_source"": 0, ""lead_mode"": 2, ""pn_mode"": 2}",P0,8.0,0.04316887604717692,"{""reciprocal_interior"": 115, ""upper_clamped"": 72}",187
tail,60.0,105.15499161595648,stress60,guidance_exact_cv_8km_p60deg,0.21705426356589147,False,M,"{""base_denominator_m"": 8000.0, ""lead_blend"": 0.55, ""range_structure_multiplier_per_m"": 9.375e-05, ""terminal_reciprocal_raw"": 0.75, ""terminal_regime"": ""reciprocal_interior"", ""terminal_weight"": 0.75}",-116.74383249179684,15.093383014477652,0.5663908791559618,anchor,309.0693269137812,35.0,265.3043031798888,10.73510494898336,117.71683581511357,60.0,"{""apn_mode"": 1, ""capture_base_range_mode"": 0, ""capture_lead_blend_mode"": 0, ""capture_mode"": 1, ""capture_terminal_weight_mode"": 0, ""kinematics_source"": 0, ""lead_mode"": 2, ""pn_mode"": 2}",P1,8.0,7.847789054340905,"{""reciprocal_interior"": 85, ""upper_clamped"": 44}",129
tail,60.0,41.79357189566143,stress60,guidance_exact_cv_8km_p60deg,0.17886178861788618,False,M,"{""base_denominator_m"": 8000.0, ""lead_blend"": 0.0, ""range_structure_multiplier_per_m"": 9.375e-05, ""terminal_reciprocal_raw"": 0.75, ""terminal_regime"": ""reciprocal_interior"", ""terminal_weight"": 0.75}",-310.46183832806685,64.53952061840347,1.5938344796575543,anchor,49.94001634468034,35.0,52.59151315558909,10.194213457381716,317.10320573599455,60.0,"{""apn_mode"": 1, ""capture_base_range_mode"": 0, ""capture_lead_blend_mode"": 2, ""capture_mode"": 1, ""capture_terminal_weight_mode"": 0, ""kinematics_source"": 0, ""lead_mode"": 2, ""pn_mode"": 2}",P2,8.0,21.14021371573297,"{""reciprocal_interior"": 83, ""upper_clamped"": 40}",123
tail,60.0,105.15499161595648,stress60,guidance_exact_cv_8km_p60deg,0.21705426356589147,False,M,"{""base_denominator_m"": 8000.0, ""lead_blend"": 0.55, ""range_structure_multiplier_per_m"": 9.375e-05, ""terminal_reciprocal_raw"": 0.75, ""terminal_regime"": ""reciprocal_interior"", ""terminal_weight"": 0.75}",-116.74383249179684,15.093383014477652,0.5663908791559618,anchor,309.0693269137812,35.0,265.3043031798888,10.73510494898336,117.71683581511357,60.0,"{""apn_mode"": 1, ""capture_base_range_mode"": 0, ""capture_lead_blend_mode"": 1, ""capture_mode"": 1, ""capture_terminal_weight_mode"": 0, ""kinematics_source"": 0, ""lead_mode"": 2, ""pn_mode"": 2}",P3,8.0,7.847789054340905,"{""reciprocal_interior"": 85, ""upper_clamped"": 44}",129
tail,60.0,54.80642763400849,stress60,guidance_exact_cv_8km_p60deg,0.24166666666666667,False,M,"{""base_denominator_m"": 8000.0, ""lead_blend"": 0.55, ""range_structure_multiplier_per_m"": 0.000125, ""terminal_reciprocal_raw"": 0.75, ""terminal_regime"": ""unity"", ""terminal_weight"": 1.0}",-40.75393412682191,2.4138881750531325,0.18809226253349684,anchor,1031.1198353794005,35.0,2161.8182765499364,9.960937030966704,40.82579309253206,60.0,"{""apn_mode"": 1, ""capture_base_range_mode"": 0, ""capture_lead_blend_mode"": 0, ""capture_mode"": 1, ""capture_terminal_weight_mode"": 1, ""kinematics_source"": 0, ""lead_mode"": 2, ""pn_mode"": 2}",P4,8.0,2.7217195395021374,"{""unity"": 120}",120
tail,60.0,26.70422658015173,stress60,guidance_exact_cv_8km_p60deg,0.2,True,M,"{""base_denominator_m"": 6000.0, ""lead_blend"": 0.55, ""range_structure_multiplier_per_m"": 0.000125, ""terminal_reciprocal_raw"": 0.75, ""terminal_regime"": ""reciprocal_interior"", ""terminal_weight"": 0.75}",-0.11494504192024349,-8.161177605254748e-05,0.001863348092000945,anchor,27.648779510512448,35.0,55.05910700404062,9.95705412040195,0.11496017305431278,60.0,"{""apn_mode"": 1, ""capture_base_range_mode"": 1, ""capture_lead_blend_mode"": 0, ""capture_mode"": 1, ""capture_terminal_weight_mode"": 0, ""kinematics_source"": 0, ""lead_mode"": 2, ""pn_mode"": 2}",P5,8.0,0.007664011536954185,"{""reciprocal_interior"": 81, ""upper_clamped"": 39}",120
tail,60.0,30.020455442237107,stress60,guidance_exact_cv_8km_p60deg,0.19469026548672566,True,M,"{""base_denominator_m"": 6000.0, ""lead_blend"": 0.55, ""range_structure_multiplier_per_m"": 0.00016666666666666666, ""terminal_reciprocal_raw"": 0.75, ""terminal_regime"": ""unity"", ""terminal_weight"": 1.0}",-0.0018120584061623662,0.00026015718270272216,0.0013709225817561733,anchor,30.865979194460174,35.0,56.158777862194036,9.316956237714209,0.002287064964446687,60.0,"{""apn_mode"": 1, ""capture_base_range_mode"": 1, ""capture_lead_blend_mode"": 0, ""capture_mode"": 1, ""capture_terminal_weight_mode"": 1, ""kinematics_source"": 0, ""lead_mode"": 2, ""pn_mode"": 2}",P6,8.0,0.00015247099762977914,"{""unity"": 113}",113
tail,60.0,100.32203374432231,stress60,guidance_exact_cv_8km_p60deg,0.24031007751937986,False,M,"{""base_denominator_m"": 8000.0, ""lead_blend"": 0.55, ""range_structure_multiplier_per_m"": 9.375e-05, ""terminal_reciprocal_raw"": 0.75, ""terminal_regime"": ""reciprocal_unclamped"", ""terminal_weight"": 0.75}",-149.69233170692354,26.677045854489066,0.7528316830356888,anchor,898.9153655449352,35.0,853.1188554481085,10.71978226648018,152.05270698978396,60.0,"{""apn_mode"": 1, ""capture_base_range_mode"": 0, ""capture_lead_blend_mode"": 0, ""capture_mode"": 1, ""capture_terminal_weight_mode"": 2, ""kinematics_source"": 0, ""lead_mode"": 2, ""pn_mode"": 2}",P7,8.0,10.136847132652264,"{""reciprocal_unclamped"": 129}",129
tail,60.0,54.80642763400849,stress60,guidance_exact_cv_8km_p60deg,0.24166666666666667,False,M,"{""base_denominator_m"": 8000.0, ""lead_blend"": 0.55, ""range_structure_multiplier_per_m"": 0.000125, ""terminal_reciprocal_raw"": 0.75, ""terminal_regime"": ""unity"", ""terminal_weight"": 1.0}",-40.75393412682191,2.4138881750531325,0.18809226253349684,anchor,1031.1198353794005,35.0,2161.8182765499364,9.960937030966704,40.82579309253206,60.0,"{""apn_mode"": 1, ""capture_base_range_mode"": 0, ""capture_lead_blend_mode"": 1, ""capture_mode"": 1, ""capture_terminal_weight_mode"": 1, ""kinematics_source"": 0, ""lead_mode"": 2, ""pn_mode"": 2}",P8,8.0,2.7217195395021374,"{""unity"": 120}",120
tail,-60.0,0.0,O_near,guidance_exact_cv_10km_m60deg,0.05,True,O,"{""base_denominator_m"": 10000.0, ""lead_blend"": 0.44000000000000006, ""range_structure_multiplier_per_m"": 5.9999999999999995e-05, ""terminal_reciprocal_raw"": 0.6, ""terminal_regime"": ""reciprocal_interior"", ""terminal_weight"": 0.6}",-0.824587981651361,-0.005455517748276594,0.004940259285143248,anchor,0.0,35.0,36.41447584231848,19.971722849243154,0.8246208269984271,60.0,"{""apn_mode"": 1, ""capture_base_range_mode"": 0, ""capture_lead_blend_mode"": 0, ""capture_mode"": 0, ""capture_terminal_weight_mode"": 0, ""kinematics_source"": 0, ""lead_mode"": 2, ""pn_mode"": 2}",P0,10.0,0.05497472179989514,"{""reciprocal_interior"": 162, ""upper_clamped"": 78}",240
tail,-60.0,18.750773903073984,O_near,guidance_exact_cv_10km_m60deg,0.12716763005780346,False,O,"{""base_denominator_m"": 10000.0, ""lead_blend"": 0.44000000000000006, ""range_structure_multiplier_per_m"": 5.9999999999999995e-05, ""terminal_reciprocal_raw"": 0.6, ""terminal_regime"": ""reciprocal_interior"", ""terminal_weight"": 0.6}",-392.1182672508319,-122.69223952547367,1.2606019910412498,anchor,113.85524335676065,35.0,90.97536862583847,14.345051307301793,410.8670226106625,60.0,"{""apn_mode"": 1, ""capture_base_range_mode"": 0, ""capture_lead_blend_mode"": 0, ""capture_mode"": 1, ""capture_terminal_weight_mode"": 0, ""kinematics_source"": 0, ""lead_mode"": 2, ""pn_mode"": 2}",P1,10.0,27.391134840710833,"{""reciprocal_interior"": 123, ""upper_clamped"": 50}",173
tail,-60.0,24.338388007536402,O_near,guidance_exact_cv_10km_m60deg,0.10843373493975904,False,O,"{""base_denominator_m"": 10000.0, ""lead_blend"": 0.0, ""range_structure_multiplier_per_m"": 5.9999999999999995e-05, ""terminal_reciprocal_raw"": 0.6, ""terminal_regime"": ""reciprocal_interior"", ""terminal_weight"": 0.6}",-555.006113599282,-164.35572855749137,1.8179604705098902,anchor,27.702612315302243,35.0,43.869613415407805,13.829129127947818,578.8332200405529,60.0,"{""apn_mode"": 1, ""capture_base_range_mode"": 0, ""capture_lead_blend_mode"": 2, ""capture_mode"": 1, ""capture_terminal_weight_mode"": 0, ""kinematics_source"": 0, ""lead_mode"": 2, ""pn_mode"": 2}",P2,10.0,38.588881336036856,"{""reciprocal_interior"": 121, ""upper_clamped"": 45}",166
tail,-60.0,18.863427644243597,O_near,guidance_exact_cv_10km_m60deg,0.12716763005780346,False,O,"{""base_denominator_m"": 10000.0, ""lead_blend"": 0.55, ""range_structure_multiplier_per_m"": 5.9999999999999995e-05, ""terminal_reciprocal_raw"": 0.6, ""terminal_regime"": ""reciprocal_interior"", ""terminal_weight"": 0.6}",-390.7410265246514,-122.20283855386272,1.2563944832708944,anchor,114.44583394877438,35.0,91.55771025564306,14.338662654788836,409.4064753851085,60.0,"{""apn_mode"": 1, ""capture_base_range_mode"": 0, ""capture_lead_blend_mode"": 1, ""capture_mode"": 1, ""capture_terminal_weight_mode"": 0, ""kinematics_source"": 0, ""lead_mode"": 2, ""pn_mode"": 2}",P3,10.0,27.2937650256739,"{""reciprocal_interior"": 123, ""upper_clamped"": 50}",173
tail,-60.0,76.36032748796788,O_near,guidance_exact_cv_10km_m60deg,0.16560509554140126,False,O,"{""base_denominator_m"": 10000.0, ""lead_blend"": 0.44000000000000006, ""range_structure_multiplier_per_m"": 0.0001, ""terminal_reciprocal_raw"": 0.6, ""terminal_regime"": ""unity"", ""terminal_weight"": 1.0}",-64.75728381686503,-2.8841216259365803,0.27332468657034764,anchor,168.8687134241379,35.0,338.69577889294897,13.003017977569318,64.82205389584239,60.0,"{""apn_mode"": 1, ""capture_base_range_mode"": 0, ""capture_lead_blend_mode"": 0, ""capture_mode"": 1, ""capture_terminal_weight_mode"": 1, ""kinematics_source"": 0, ""lead_mode"": 2, ""pn_mode"": 2}",P4,10.0,4.321470259722826,"{""unity"": 157}",157
tail,-60.0,23.8201299828373,O_near,guidance_exact_cv_10km_m60deg,0.14743589743589744,True,O,"{""base_denominator_m"": 6000.0, ""lead_blend"": 0.44000000000000006, ""range_structure_multiplier_per_m"": 9.999999999999999e-05, ""terminal_reciprocal_raw"": 0.6, ""terminal_regime"": ""reciprocal_interior"", ""terminal_weight"": 0.6}",-4.387047046890457,0.4021080024100719,0.021986969123243265,anchor,42.40759457463075,35.0,484.5935343350446,12.977618005088699,4.4054915802942425,60.0,"{""apn_mode"": 1, ""capture_base_range_mode"": 1, ""capture_lead_blend_mode"": 0, ""capture_mode"": 1, ""capture_terminal_weight_mode"": 0, ""kinematics_source"": 0, ""lead_mode"": 2, ""pn_mode"": 2}",P5,10.0,0.29369943868628284,"{""reciprocal_interior"": 111, ""upper_clamped"": 45}",156
tail,-60.0,29.411481628276995,O_near,guidance_exact_cv_10km_m60deg,0.1386861313868613,True,O,"{""base_denominator_m"": 6000.0, ""lead_blend"": 0.44000000000000006, ""range_structure_multiplier_per_m"": 0.00016666666666666666, ""terminal_reciprocal_raw"": 0.6, ""terminal_regime"": ""unity"", ""terminal_weight"": 1.0}",-0.000897573193611855,-0.00012969229107011264,0.0013654962088571847,anchor,30.747637347308725,35.0,50.653239556591146,11.399134694315624,0.0016392186019124693,60.0,"{""apn_mode"": 1, ""capture_base_range_mode"": 1, ""capture_lead_blend_mode"": 0, ""capture_mode"": 1, ""capture_terminal_weight_mode"": 1, ""kinematics_source"": 0, ""lead_mode"": 2, ""pn_mode"": 2}",P6,10.0,0.00010928124012749795,"{""unity"": 137}",137
tail,-60.0,38.13091826916398,O_near,guidance_exact_cv_10km_m60deg,0.13953488372093023,False,O,"{""base_denominator_m"": 10000.0, ""lead_blend"": 0.44000000000000006, ""range_structure_multiplier_per_m"": 5.9999999999999995e-05, ""terminal_reciprocal_raw"": 0.6, ""terminal_regime"": ""reciprocal_unclamped"", ""terminal_weight"": 0.6}",-429.4070294294996,-148.74518213839787,1.3273698250328798,anchor,192.2980025008633,35.0,169.194068806182,14.318652429353348,454.44173228644473,60.0,"{""apn_mode"": 1, ""capture_base_range_mode"": 0, ""capture_lead_blend_mode"": 0, ""capture_mode"": 1, ""capture_terminal_weight_mode"": 2, ""kinematics_source"": 0, ""lead_mode"": 2, ""pn_mode"": 2}",P7,10.0,30.296115485762982,"{""reciprocal_unclamped"": 172}",172
tail,-60.0,69.4336325562205,O_near,guidance_exact_cv_10km_m60deg,0.16025641025641027,False,O,"{""base_denominator_m"": 10000.0, ""lead_blend"": 0.55, ""range_structure_multiplier_per_m"": 0.0001, ""terminal_reciprocal_raw"": 0.6, ""terminal_regime"": ""unity"", ""terminal_weight"": 1.0}",-65.50938275681447,-3.174477834573347,0.27553729918213293,anchor,164.28947709338033,35.0,190.55212662759016,12.993627004205948,65.58683144888352,60.0,"{""apn_mode"": 1, ""capture_base_range_mode"": 0, ""capture_lead_blend_mode"": 1, ""capture_mode"": 1, ""capture_terminal_weight_mode"": 1, ""kinematics_source"": 0, ""lead_mode"": 2, ""pn_mode"": 2}",P8,10.0,4.372455429925568,"{""unity"": 156}",156
tail,60.0,0.0,O_near,guidance_exact_cv_10km_p60deg,0.05,True,O,"{""base_denominator_m"": 10000.0, ""lead_blend"": 0.44000000000000006, ""range_structure_multiplier_per_m"": 5.9999999999999995e-05, ""terminal_reciprocal_raw"": 0.6, ""terminal_regime"": ""reciprocal_interior"", ""terminal_weight"": 0.6}",-0.8245831517928476,0.006149392765339326,0.004982978212424797,anchor,0.0,35.0,36.41447584231848,19.971722981657386,0.8246211368403595,60.0,"{""apn_mode"": 1, ""capture_base_range_mode"": 0, ""capture_lead_blend_mode"": 0, ""capture_mode"": 0, ""capture_terminal_weight_mode"": 0, ""kinematics_source"": 0, ""lead_mode"": 2, ""pn_mode"": 2}",P0,10.0,0.05497474245602397,"{""reciprocal_interior"": 162, ""upper_clamped"": 78}",240
tail,60.0,18.750773903073984,O_near,guidance_exact_cv_10km_p60deg,0.12716763005780346,False,O,"{""base_denominator_m"": 10000.0, ""lead_blend"": 0.44000000000000006, ""range_structure_multiplier_per_m"": 5.9999999999999995e-05, ""terminal_reciprocal_raw"": 0.6, ""terminal_regime"": ""reciprocal_interior"", ""terminal_weight"": 0.6}",-392.0094534227082,123.026915283066,2.1650921309127997,anchor,113.85524335676065,35.0,90.97536862583847,14.345051386800177,410.86703576798743,60.0,"{""apn_mode"": 1, ""capture_base_range_mode"": 0, ""capture_lead_blend_mode"": 0, ""capture_mode"": 1, ""capture_terminal_weight_mode"": 0, ""kinematics_source"": 0, ""lead_mode"": 2, ""pn_mode"": 2}",P1,10.0,27.39113571786583,"{""reciprocal_interior"": 123, ""upper_clamped"": 50}",173
tail,60.0,24.338388007536402,O_near,guidance_exact_cv_10km_p60deg,0.10843373493975904,False,O,"{""base_denominator_m"": 10000.0, ""lead_blend"": 0.0, ""range_structure_multiplier_per_m"": 5.9999999999999995e-05, ""terminal_reciprocal_raw"": 0.6, ""terminal_regime"": ""reciprocal_interior"", ""terminal_weight"": 0.6}",-554.860333007213,164.8294359331417,3.029688268288774,anchor,27.702612315302243,35.0,43.869613415407805,13.829129199369506,578.8332325514107,60.0,"{""apn_mode"": 1, ""capture_base_range_mode"": 0, ""capture_lead_blend_mode"": 2, ""capture_mode"": 1, ""capture_terminal_weight_mode"": 0, ""kinematics_source"": 0, ""lead_mode"": 2, ""pn_mode"": 2}",P2,10.0,38.588882170094045,"{""reciprocal_interior"": 121, ""upper_clamped"": 45}",166
tail,60.0,18.863427644243597,O_near,guidance_exact_cv_10km_p60deg,0.12716763005780346,False,O,"{""base_denominator_m"": 10000.0, ""lead_blend"": 0.55, ""range_structure_multiplier_per_m"": 5.9999999999999995e-05, ""terminal_reciprocal_raw"": 0.6, ""terminal_regime"": ""reciprocal_interior"", ""terminal_weight"": 0.6}",-390.63264671310617,122.53633882389983,2.157277334668225,anchor,114.44583394877438,35.0,91.55771025564306,14.338662734304952,409.4064885366998,60.0,"{""apn_mode"": 1, ""capture_base_range_mode"": 0, ""capture_lead_blend_mode"": 1, ""capture_mode"": 1, ""capture_terminal_weight_mode"": 0, ""kinematics_source"": 0, ""lead_mode"": 2, ""pn_mode"": 2}",P3,10.0,27.29376590244665,"{""reciprocal_interior"": 123, ""upper_clamped"": 50}",173
tail,60.0,76.36032748796788,O_near,guidance_exact_cv_10km_p60deg,0.16560509554140126,False,O,"{""base_denominator_m"": 10000.0, ""lead_blend"": 0.44000000000000006, ""range_structure_multiplier_per_m"": 0.0001, ""terminal_reciprocal_raw"": 0.6, ""terminal_regime"": ""unity"", ""terminal_weight"": 1.0}",-64.75470661995483,2.939390071150623,0.2947609914142605,anchor,168.8687134241379,35.0,338.69577889294897,13.00301807673165,64.82205587197032,60.0,"{""apn_mode"": 1, ""capture_base_range_mode"": 0, ""capture_lead_blend_mode"": 0, ""capture_mode"": 1, ""capture_terminal_weight_mode"": 1, ""kinematics_source"": 0, ""lead_mode"": 2, ""pn_mode"": 2}",P4,10.0,4.321470391464688,"{""unity"": 157}",157
tail,60.0,23.8201299828373,O_near,guidance_exact_cv_10km_p60deg,0.14743589743589744,True,O,"{""base_denominator_m"": 6000.0, ""lead_blend"": 0.44000000000000006, ""range_structure_multiplier_per_m"": 9.999999999999999e-05, ""terminal_reciprocal_raw"": 0.6, ""terminal_regime"": ""reciprocal_interior"", ""terminal_weight"": 0.6}",-4.387397590969665,-0.39837255300473595,0.01904038974803257,anchor,42.40759457463075,35.0,484.5935343350446,12.977618102460143,4.405487583534419,60.0,"{""apn_mode"": 1, ""capture_base_range_mode"": 1, ""capture_lead_blend_mode"": 0, ""capture_mode"": 1, ""capture_terminal_weight_mode"": 0, ""kinematics_source"": 0, ""lead_mode"": 2, ""pn_mode"": 2}",P5,10.0,0.2936991722356279,"{""reciprocal_interior"": 111, ""upper_clamped"": 45}",156
tail,60.0,29.411481628276995,O_near,guidance_exact_cv_10km_p60deg,0.1386861313868613,True,O,"{""base_denominator_m"": 6000.0, ""lead_blend"": 0.44000000000000006, ""range_structure_multiplier_per_m"": 0.00016666666666666666, ""terminal_reciprocal_raw"": 0.6, ""terminal_regime"": ""unity"", ""terminal_weight"": 1.0}",-0.0009034359019968209,0.00012126062669191036,0.001366446032784903,anchor,30.747637347308725,35.0,50.653239556591146,11.399134757780494,0.0016425819093257247,60.0,"{""apn_mode"": 1, ""capture_base_range_mode"": 1, ""capture_lead_blend_mode"": 0, ""capture_mode"": 1, ""capture_terminal_weight_mode"": 1, ""kinematics_source"": 0, ""lead_mode"": 2, ""pn_mode"": 2}",P6,10.0,0.00010950546062171498,"{""unity"": 137}",137
tail,60.0,38.13091826916398,O_near,guidance_exact_cv_10km_p60deg,0.13953488372093023,False,O,"{""base_denominator_m"": 10000.0, ""lead_blend"": 0.44000000000000006, ""range_structure_multiplier_per_m"": 5.9999999999999995e-05, ""terminal_reciprocal_raw"": 0.6, ""terminal_regime"": ""reciprocal_unclamped"", ""terminal_weight"": 0.6}",-429.27512543690654,149.11168005450938,2.4237784198207475,anchor,192.2980025008633,35.0,169.194068806182,14.318652508187828,454.4417467061959,60.0,"{""apn_mode"": 1, ""capture_base_range_mode"": 0, ""capture_lead_blend_mode"": 0, ""capture_mode"": 1, ""capture_terminal_weight_mode"": 2, ""kinematics_source"": 0, ""lead_mode"": 2, ""pn_mode"": 2}",P7,10.0,30.296116447079726,"{""reciprocal_unclamped"": 172}",172
tail,60.0,69.4336325562205,O_near,guidance_exact_cv_10km_p60deg,0.16025641025641027,False,O,"{""base_denominator_m"": 10000.0, ""lead_blend"": 0.55, ""range_structure_multiplier_per_m"": 0.0001, ""terminal_reciprocal_raw"": 0.6, ""terminal_regime"": ""unity"", ""terminal_weight"": 1.0}",-65.5065482556431,3.2303882087184776,0.2991135650981205,anchor,164.28947709338033,35.0,190.55212662759016,12.993627102663122,65.5868335969403,60.0,"{""apn_mode"": 1, ""capture_base_range_mode"": 0, ""capture_lead_blend_mode"": 1, ""capture_mode"": 1, ""capture_terminal_weight_mode"": 1, ""kinematics_source"": 0, ""lead_mode"": 2, ""pn_mode"": 2}",P8,10.0,4.372455573129353,"{""unity"": 156}",156
nose,-45.0,0.0,O_near,guidance_exact_cv_12km_m45deg,0.0,True,O,"{""base_denominator_m"": 12000.0, ""lead_blend"": 0.3666666666666667, ""range_structure_multiplier_per_m"": 4.1666666666666665e-05, ""terminal_reciprocal_raw"": 0.5, ""terminal_regime"": ""reciprocal_interior"", ""terminal_weight"": 0.5}",0.0002635719667009554,0.00012945393895793424,0.0013613836767163096,anchor,0.0,29.8535439917278,29.8535439917278,15.762274570051629,0.001392693081484153,45.0,"{""apn_mode"": 1, ""capture_base_range_mode"": 0, ""capture_lead_blend_mode"": 0, ""capture_mode"": 0, ""capture_terminal_weight_mode"": 0, ""kinematics_source"": 0, ""lead_mode"": 2, ""pn_mode"": 2}",P0,12.0,9.284620543227686e-05,"{""reciprocal_interior"": 144, ""upper_clamped"": 46}",190
tail,-45.0,52.435879525705204,O_near,guidance_exact_cv_12km_m45deg,0.030864197530864196,False,O,"{""base_denominator_m"": 12000.0, ""lead_blend"": 0.3666666666666667, ""range_structure_multiplier_per_m"": 4.1666666666666665e-05, ""terminal_reciprocal_raw"": 0.5, ""terminal_regime"": ""reciprocal_interior"", ""terminal_weight"": 0.5}",-16.91972921360995,-3.9428764625213755,0.06067421749495785,anchor,2420.9738880694545,35.0,4440.330836090161,13.430498222329188,17.373174517664665,45.0,"{""apn_mode"": 1, ""capture_base_range_mode"": 0, ""capture_lead_blend_mode"": 0, ""capture_mode"": 1, ""capture_terminal_weight_mode"": 0, ""kinematics_source"": 0, ""lead_mode"": 2, ""pn_mode"": 2}",P1,12.0,1.1582116345109776,"{""reciprocal_interior"": 123, ""upper_clamped"": 39}",162
tail,-45.0,84.26325621502497,O_near,guidance_exact_cv_12km_m45deg,0.030303030303030304,False,O,"{""base_denominator_m"": 12000.0, ""lead_blend"": 0.0, ""range_structure_multiplier_per_m"": 4.1666666666666665e-05, ""terminal_reciprocal_raw"": 0.5, ""terminal_regime"": ""reciprocal_interior"", ""terminal_weight"": 0.5}",-88.10642852388234,-5.121579344142682,0.366974123580735,anchor,119.01297116296979,35.0,315.87123561245755,13.685421192342536,88.25592326988364,45.0,"{""apn_mode"": 1, ""capture_base_range_mode"": 0, ""capture_lead_blend_mode"": 2, ""capture_mode"": 1, ""capture_terminal_weight_mode"": 0, ""kinematics_source"": 0, ""lead_mode"": 2, ""pn_mode"": 2}",P2,12.0,5.8837282179922425,"{""reciprocal_interior"": 122, ""upper_clamped"": 43}",165
tail,-45.0,53.27879683500429,O_near,guidance_exact_cv_12km_m45deg,0.030864197530864196,False,O,"{""base_denominator_m"": 12000.0, ""lead_blend"": 0.55, ""range_structure_multiplier_per_m"": 4.1666666666666665e-05, ""terminal_reciprocal_raw"": 0.5, ""terminal_regime"": ""reciprocal_interior"", ""terminal_weight"": 0.5}",-16.965052800723,-3.899872466372325,0.06103037876579168,anchor,3167.6816047506295,35.0,3613.192852285766,13.419117124632303,17.407634718490954,45.0,"{""apn_mode"": 1, ""capture_base_range_mode"": 0, ""capture_lead_blend_mode"": 1, ""capture_mode"": 1, ""capture_terminal_weight_mode"": 0, ""kinematics_source"": 0, ""lead_mode"": 2, ""pn_mode"": 2}",P3,12.0,1.1605089812327303,"{""reciprocal_interior"": 123, ""upper_clamped"": 39}",162
tail,-45.0,45.47015675619853,O_near,guidance_exact_cv_12km_m45deg,0.027586206896551724,True,O,"{""base_denominator_m"": 12000.0, ""lead_blend"": 0.3666666666666667, ""range_structure_multiplier_per_m"": 8.333333333333333e-05, ""terminal_reciprocal_raw"": 0.5, ""terminal_regime"": ""unity"", ""terminal_weight"": 1.0}",-9.63549027331981,-3.7700104582092817,0.029524273592025616,anchor,2039.376392317234,35.0,2039.2973322443304,11.99687167341874,10.3468122310673,45.0,"{""apn_mode"": 1, ""capture_base_range_mode"": 0, ""capture_lead_blend_mode"": 0, ""capture_mode"": 1, ""capture_terminal_weight_mode"": 1, ""kinematics_source"": 0, ""lead_mode"": 2, ""pn_mode"": 2}",P4,12.0,0.6897874820711534,"{""unity"": 145}",145
tail,-45.0,16.41976356921851,O_near,guidance_exact_cv_12km_m45deg,0.0,True,O,"{""base_denominator_m"": 6000.0, ""lead_blend"": 0.3666666666666667, ""range_structure_multiplier_per_m"": 8.333333333333333e-05, ""terminal_reciprocal_raw"": 0.5, ""terminal_regime"": ""reciprocal_interior"", ""terminal_weight"": 0.5}",-0.06572630184571095,-0.028638658415888592,0.0015433962708115766,anchor,22.325307602877633,33.21522580452787,33.21522580452787,11.983152895764388,0.07171123748996504,45.0,"{""apn_mode"": 1, ""capture_base_range_mode"": 1, ""capture_lead_blend_mode"": 0, ""capture_mode"": 1, ""capture_terminal_weight_mode"": 0, ""kinematics_source"": 0, ""lead_mode"": 2, ""pn_mode"": 2}",P5,12.0,0.0047807491659976695,"{""reciprocal_interior"": 111, ""upper_clamped"": 33}",144
nose,-45.0,19.593397331162024,O_near,guidance_exact_cv_12km_m45deg,0.0,True,O,"{""base_denominator_m"": 6000.0, ""lead_blend"": 0.3666666666666667, ""range_structure_multiplier_per_m"": 0.00016666666666666666, ""terminal_reciprocal_raw"": 0.5, ""terminal_regime"": ""unity"", ""terminal_weight"": 1.0}",0.0022950714338520594,0.0013745745286103896,0.0013571044025383753,anchor,21.285324980863773,34.451751434330504,34.451751434330504,10.643306784429257,0.002999756720410657,45.0,"{""apn_mode"": 1, ""capture_base_range_mode"": 1, ""capture_lead_blend_mode"": 0, ""capture_mode"": 1, ""capture_terminal_weight_mode"": 1, ""kinematics_source"": 0, ""lead_mode"": 2, ""pn_mode"": 2}",P6,12.0,0.00019998378136071047,"{""unity"": 128}",128
tail,-45.0,54.58024128617976,O_near,guidance_exact_cv_12km_m45deg,0.037037037037037035,False,O,"{""base_denominator_m"": 12000.0, ""lead_blend"": 0.3666666666666667, ""range_structure_multiplier_per_m"": 4.1666666666666665e-05, ""terminal_reciprocal_raw"": 0.5, ""terminal_regime"": ""reciprocal_unclamped"", ""terminal_weight"": 0.5}",-24.48741213471768,-6.199598520650254,0.08538636075294855,anchor,38197.65216719765,35.0,39618.67262796711,13.436020786872518,25.260159653164568,45.0,"{""apn_mode"": 1, ""capture_base_range_mode"": 0, ""capture_lead_blend_mode"": 0, ""capture_mode"": 1, ""capture_terminal_weight_mode"": 2, ""kinematics_source"": 0, ""lead_mode"": 2, ""pn_mode"": 2}",P7,12.0,1.6840106435443045,"{""reciprocal_unclamped"": 162}",162
tail,-45.0,40.75058261363658,O_near,guidance_exact_cv_12km_m45deg,0.020833333333333332,True,O,"{""base_denominator_m"": 12000.0, ""lead_blend"": 0.55, ""range_structure_multiplier_per_m"": 8.333333333333333e-05, ""terminal_reciprocal_raw"": 0.5, ""terminal_regime"": ""unity"", ""terminal_weight"": 1.0}",-9.610903119302922,-3.782651516491099,0.02937042537013816,anchor,222.24258864903277,35.0,1247.5407139237195,11.97967065604816,10.328541711477698,45.0,"{""apn_mode"": 1, ""capture_base_range_mode"": 0, ""capture_lead_blend_mode"": 1, ""capture_mode"": 1, ""capture_terminal_weight_mode"": 1, ""kinematics_source"": 0, ""lead_mode"": 2, ""pn_mode"": 2}",P8,12.0,0.6885694474318466,"{""unity"": 144}",144
nose,45.0,0.0,O_near,guidance_exact_cv_12km_p45deg,0.0,True,O,"{""base_denominator_m"": 12000.0, ""lead_blend"": 0.3666666666666667, ""range_structure_multiplier_per_m"": 4.1666666666666665e-05, ""terminal_reciprocal_raw"": 0.5, ""terminal_regime"": ""reciprocal_interior"", ""terminal_weight"": 0.5}",0.0002453939454113202,-0.0001302605426819482,0.0013605064923495414,anchor,0.0,29.8535439917278,29.8535439917278,15.762274635359367,0.0013885834197315521,45.0,"{""apn_mode"": 1, ""capture_base_range_mode"": 0, ""capture_lead_blend_mode"": 0, ""capture_mode"": 0, ""capture_terminal_weight_mode"": 0, ""kinematics_source"": 0, ""lead_mode"": 2, ""pn_mode"": 2}",P0,12.0,9.257222798210347e-05,"{""reciprocal_interior"": 144, ""upper_clamped"": 46}",190
tail,45.0,52.435879525705204,O_near,guidance_exact_cv_12km_p45deg,0.030864197530864196,False,O,"{""base_denominator_m"": 12000.0, ""lead_blend"": 0.3666666666666667, ""range_structure_multiplier_per_m"": 4.1666666666666665e-05, ""terminal_reciprocal_raw"": 0.5, ""terminal_regime"": ""reciprocal_interior"", ""terminal_weight"": 0.5}",-16.91624004632755,3.9573105978272647,0.08975478029470697,anchor,2420.9738880694545,35.0,4440.330836090161,13.430498305104182,17.37318452078487,45.0,"{""apn_mode"": 1, ""capture_base_range_mode"": 0, ""capture_lead_blend_mode"": 0, ""capture_mode"": 1, ""capture_terminal_weight_mode"": 0, ""kinematics_source"": 0, ""lead_mode"": 2, ""pn_mode"": 2}",P1,12.0,1.158212301385658,"{""reciprocal_interior"": 123, ""upper_clamped"": 39}",162
tail,45.0,84.26325621502497,O_near,guidance_exact_cv_12km_p45deg,0.030303030303030304,False,O,"{""base_denominator_m"": 12000.0, ""lead_blend"": 0.0, ""range_structure_multiplier_per_m"": 4.1666666666666665e-05, ""terminal_reciprocal_raw"": 0.5, ""terminal_regime"": ""reciprocal_interior"", ""terminal_weight"": 0.5}",-88.10186120100018,5.196778792324521,0.40495592190745905,anchor,119.01297116296979,35.0,315.8712356124576,13.685421304220379,88.25592584181139,45.0,"{""apn_mode"": 1, ""capture_base_range_mode"": 0, ""capture_lead_blend_mode"": 2, ""capture_mode"": 1, ""capture_terminal_weight_mode"": 0, ""kinematics_source"": 0, ""lead_mode"": 2, ""pn_mode"": 2}",P2,12.0,5.883728389454093,"{""reciprocal_interior"": 122, ""upper_clamped"": 43}",165
tail,45.0,53.27879683500429,O_near,guidance_exact_cv_12km_p45deg,0.030864197530864196,False,O,"{""base_denominator_m"": 12000.0, ""lead_blend"": 0.55, ""range_structure_multiplier_per_m"": 4.1666666666666665e-05, ""terminal_reciprocal_raw"": 0.5, ""terminal_regime"": ""reciprocal_interior"", ""terminal_weight"": 0.5}",-16.961601589938905,3.9143452499260882,0.08979448863638938,anchor,3167.6816047506295,35.0,3613.192852285766,13.419117207879289,17.4076445931561,45.0,"{""apn_mode"": 1, ""capture_base_range_mode"": 0, ""capture_lead_blend_mode"": 1, ""capture_mode"": 1, ""capture_terminal_weight_mode"": 0, ""kinematics_source"": 0, ""lead_mode"": 2, ""pn_mode"": 2}",P3,12.0,1.16050963954374,"{""reciprocal_interior"": 123, ""upper_clamped"": 39}",162
tail,45.0,45.47015675619853,O_near,guidance_exact_cv_12km_p45deg,0.027586206896551724,True,O,"{""base_denominator_m"": 12000.0, ""lead_blend"": 0.3666666666666667, ""range_structure_multiplier_per_m"": 8.333333333333333e-05, ""terminal_reciprocal_raw"": 0.5, ""terminal_regime"": ""unity"", ""terminal_weight"": 1.0}",-9.632162177441336,3.7782301142571755,0.0573093471023325,anchor,2039.376392317234,35.0,2039.2973322443304,11.996871735144985,10.346828275856717,45.0,"{""apn_mode"": 1, ""capture_base_range_mode"": 0, ""capture_lead_blend_mode"": 0, ""capture_mode"": 1, ""capture_terminal_weight_mode"": 1, ""kinematics_source"": 0, ""lead_mode"": 2, ""pn_mode"": 2}",P4,12.0,0.6897885517237812,"{""unity"": 145}",145
tail,45.0,16.41976356921851,O_near,guidance_exact_cv_12km_p45deg,0.0,True,O,"{""base_denominator_m"": 6000.0, ""lead_blend"": 0.3666666666666667, ""range_structure_multiplier_per_m"": 8.333333333333333e-05, ""terminal_reciprocal_raw"": 0.5, ""terminal_regime"": ""reciprocal_interior"", ""terminal_weight"": 0.5}",-0.06571702851994068,0.02869176310499767,0.0017544993906609871,anchor,22.325307602877633,33.21522580452787,33.21522580452787,11.983152950445742,0.07172881830594509,45.0,"{""apn_mode"": 1, ""capture_base_range_mode"": 1, ""capture_lead_blend_mode"": 0, ""capture_mode"": 1, ""capture_terminal_weight_mode"": 0, ""kinematics_source"": 0, ""lead_mode"": 2, ""pn_mode"": 2}",P5,12.0,0.004781921220396339,"{""reciprocal_interior"": 111, ""upper_clamped"": 33}",144
nose,45.0,19.593397331162034,O_near,guidance_exact_cv_12km_p45deg,0.0,True,O,"{""base_denominator_m"": 6000.0, ""lead_blend"": 0.3666666666666667, ""range_structure_multiplier_per_m"": 0.00016666666666666666, ""terminal_reciprocal_raw"": 0.5, ""terminal_regime"": ""unity"", ""terminal_weight"": 1.0}",0.0022744022037848102,-0.0013748178601268978,0.0013470687946524,anchor,21.285324980863788,34.45175143433051,34.45175143433051,10.643306824319156,0.0029795341692692053,45.0,"{""apn_mode"": 1, ""capture_base_range_mode"": 1, ""capture_lead_blend_mode"": 0, ""capture_mode"": 1, ""capture_terminal_weight_mode"": 1, ""kinematics_source"": 0, ""lead_mode"": 2, ""pn_mode"": 2}",P6,12.0,0.00019863561128461368,"{""unity"": 128}",128
tail,45.0,54.58024128617976,O_near,guidance_exact_cv_12km_p45deg,0.037037037037037035,False,O,"{""base_denominator_m"": 12000.0, ""lead_blend"": 0.3666666666666667, ""range_structure_multiplier_per_m"": 4.1666666666666665e-05, ""terminal_reciprocal_raw"": 0.5, ""terminal_regime"": ""reciprocal_unclamped"", ""terminal_weight"": 0.5}",-24.48192189334208,6.22049227223504,0.1311046533709156,anchor,38197.65216719765,35.0,39618.67262796711,13.436020870531262,25.26017046915584,45.0,"{""apn_mode"": 1, ""capture_base_range_mode"": 0, ""capture_lead_blend_mode"": 0, ""capture_mode"": 1, ""capture_terminal_weight_mode"": 2, ""kinematics_source"": 0, ""lead_mode"": 2, ""pn_mode"": 2}",P7,12.0,1.6840113646103894,"{""reciprocal_unclamped"": 162}",162
tail,45.0,40.75058261363658,O_near,guidance_exact_cv_12km_p45deg,0.020833333333333332,True,O,"{""base_denominator_m"": 12000.0, ""lead_blend"": 0.55, ""range_structure_multiplier_per_m"": 8.333333333333333e-05, ""terminal_reciprocal_raw"": 0.5, ""terminal_regime"": ""unity"", ""terminal_weight"": 1.0}",-9.607563900156658,3.7908502392699317,0.057248485360024845,anchor,222.24258864903277,35.0,1247.5407139237195,11.979670717564247,10.328557838403334,45.0,"{""apn_mode"": 1, ""capture_base_range_mode"": 0, ""capture_lead_blend_mode"": 1, ""capture_mode"": 1, ""capture_terminal_weight_mode"": 1, ""kinematics_source"": 0, ""lead_mode"": 2, ""pn_mode"": 2}",P8,12.0,0.6885705225602223,"{""unity"": 144}",144
beam,-30.0,0.0,O_far,guidance_exact_cv_16km_m30deg,0.0,True,O,"{""base_denominator_m"": 16000.0, ""lead_blend"": 0.275, ""range_structure_multiplier_per_m"": 2.34375e-05, ""terminal_reciprocal_raw"": 0.375, ""terminal_regime"": ""reciprocal_interior"", ""terminal_weight"": 0.375}",0.00012180568357628229,0.00013005917320333736,0.0013620045383459021,anchor,0.0,21.961943571545028,21.961943571545028,16.514976169087088,0.0013736114353700213,30.0,"{""apn_mode"": 1, ""capture_base_range_mode"": 0, ""capture_lead_blend_mode"": 0, ""capture_mode"": 0, ""capture_terminal_weight_mode"": 0, ""kinematics_source"": 0, ""lead_mode"": 2, ""pn_mode"": 2}",P0,16.0,9.157409569133475e-05,"{""reciprocal_interior"": 163, ""upper_clamped"": 36}",199
tail,-30.0,35.92171060478484,O_far,guidance_exact_cv_16km_m30deg,0.02127659574468085,True,O,"{""base_denominator_m"": 16000.0, ""lead_blend"": 0.275, ""range_structure_multiplier_per_m"": 2.34375e-05, ""terminal_reciprocal_raw"": 0.375, ""terminal_regime"": ""reciprocal_interior"", ""terminal_weight"": 0.375}",-8.20318952344313,-5.956738752475387,0.015220506878630994,anchor,3880.5657698423897,35.0,5389.789697921197,15.584902675952536,10.137814684960626,30.0,"{""apn_mode"": 1, ""capture_base_range_mode"": 0, ""capture_lead_blend_mode"": 0, ""capture_mode"": 1, ""capture_terminal_weight_mode"": 0, ""kinematics_source"": 0, ""lead_mode"": 2, ""pn_mode"": 2}",P1,16.0,0.6758543123307084,"{""reciprocal_interior"": 153, ""upper_clamped"": 35}",188
tail,-30.0,90.36274658804022,O_far,guidance_exact_cv_16km_m30deg,0.037037037037037035,False,O,"{""base_denominator_m"": 16000.0, ""lead_blend"": 0.0, ""range_structure_multiplier_per_m"": 2.34375e-05, ""terminal_reciprocal_raw"": 0.375, ""terminal_regime"": ""reciprocal_interior"", ""terminal_weight"": 0.375}",-53.47365063010869,-24.751646167360327,0.14354925093389856,anchor,2045.8139233790969,35.0,2810.5014065142977,15.71738444197023,58.92449326122869,30.0,"{""apn_mode"": 1, ""capture_base_range_mode"": 0, ""capture_lead_blend_mode"": 2, ""capture_mode"": 1, ""capture_terminal_weight_mode"": 0, ""kinematics_source"": 0, ""lead_mode"": 2, ""pn_mode"": 2}",P2,16.0,3.928299550748579,"{""reciprocal_interior"": 153, ""upper_clamped"": 36}",189
tail,-30.0,35.52495843156672,O_far,guidance_exact_cv_16km_m30deg,0.02127659574468085,True,O,"{""base_denominator_m"": 16000.0, ""lead_blend"": 0.55, ""range_structure_multiplier_per_m"": 2.34375e-05, ""terminal_reciprocal_raw"": 0.375, ""terminal_regime"": ""reciprocal_interior"", ""terminal_weight"": 0.375}",-8.156174648315364,-5.970795884679257,0.014963574380579213,anchor,2788.586614962886,35.0,7878.730036249068,15.591930884855133,10.108106266698776,30.0,"{""apn_mode"": 1, ""capture_base_range_mode"": 0, ""capture_lead_blend_mode"": 1, ""capture_mode"": 1, ""capture_terminal_weight_mode"": 0, ""kinematics_source"": 0, ""lead_mode"": 2, ""pn_mode"": 2}",P3,16.0,0.6738737511132518,"{""reciprocal_interior"": 153, ""upper_clamped"": 35}",188
tail,-30.0,26.915442009083304,O_far,guidance_exact_cv_16km_m30deg,0.01744186046511628,True,O,"{""base_denominator_m"": 16000.0, ""lead_blend"": 0.275, ""range_structure_multiplier_per_m"": 6.25e-05, ""terminal_reciprocal_raw"": 0.375, ""terminal_regime"": ""unity"", ""terminal_weight"": 1.0}",-4.267970326871188,-3.8761478585196762,0.005710855056926548,anchor,145.9524298487171,35.0,1156.3940192732464,14.296728706948047,5.765425010007496,30.0,"{""apn_mode"": 1, ""capture_base_range_mode"": 0, ""capture_lead_blend_mode"": 0, ""capture_mode"": 1, ""capture_terminal_weight_mode"": 1, ""kinematics_source"": 0, ""lead_mode"": 2, ""pn_mode"": 2}",P4,16.0,0.38436166733383303,"{""unity"": 172}",172
tail,-30.0,12.388636565758882,O_far,guidance_exact_cv_16km_m30deg,0.0,True,O,"{""base_denominator_m"": 6000.0, ""lead_blend"": 0.275, ""range_structure_multiplier_per_m"": 6.25e-05, ""terminal_reciprocal_raw"": 0.375, ""terminal_regime"": ""reciprocal_interior"", ""terminal_weight"": 0.375}",-0.0009278153558459251,-0.0009218068346560606,0.0013627108796223659,anchor,18.542342109462542,23.329847191484888,23.329847191484888,14.287436668415307,0.0018887959435188394,30.0,"{""apn_mode"": 1, ""capture_base_range_mode"": 1, ""capture_lead_blend_mode"": 0, ""capture_mode"": 1, ""capture_terminal_weight_mode"": 0, ""kinematics_source"": 0, ""lead_mode"": 2, ""pn_mode"": 2}",P5,16.0,0.00012591972956792262,"{""reciprocal_interior"": 141, ""upper_clamped"": 31}",172
beam,-30.0,15.009473993613662,O_far,guidance_exact_cv_16km_m30deg,0.0,True,O,"{""base_denominator_m"": 6000.0, ""lead_blend"": 0.275, ""range_structure_multiplier_per_m"": 0.00016666666666666666, ""terminal_reciprocal_raw"": 0.375, ""terminal_regime"": ""unity"", ""terminal_weight"": 1.0}",0.0010061607498283646,0.0011803246792320835,0.0013620134813761716,anchor,18.460297494221827,24.4191236108043,24.4191236108043,12.91316462994009,0.0020641236703488387,30.0,"{""apn_mode"": 1, ""capture_base_range_mode"": 1, ""capture_lead_blend_mode"": 0, ""capture_mode"": 1, ""capture_terminal_weight_mode"": 1, ""kinematics_source"": 0, ""lead_mode"": 2, ""pn_mode"": 2}",P6,16.0,0.00013760824468992257,"{""unity"": 156}",156
tail,-30.0,38.178746523475546,O_far,guidance_exact_cv_16km_m30deg,0.02127659574468085,True,O,"{""base_denominator_m"": 16000.0, ""lead_blend"": 0.275, ""range_structure_multiplier_per_m"": 2.34375e-05, ""terminal_reciprocal_raw"": 0.375, ""terminal_regime"": ""reciprocal_unclamped"", ""terminal_weight"": 0.375}",-11.391670562300204,-8.106257034284738,0.021217727628129936,anchor,51347.991932762125,35.0,54596.96148024663,15.590684719917304,13.981488171786696,30.0,"{""apn_mode"": 1, ""capture_base_range_mode"": 0, ""capture_lead_blend_mode"": 0, ""capture_mode"": 1, ""capture_terminal_weight_mode"": 2, ""kinematics_source"": 0, ""lead_mode"": 2, ""pn_mode"": 2}",P7,16.0,0.9320992114524463,"{""reciprocal_unclamped"": 188}",188
tail,-30.0,26.709422903342404,O_far,guidance_exact_cv_16km_m30deg,0.01744186046511628,True,O,"{""base_denominator_m"": 16000.0, ""lead_blend"": 0.55, ""range_structure_multiplier_per_m"": 6.25e-05, ""terminal_reciprocal_raw"": 0.375, ""terminal_regime"": ""unity"", ""terminal_weight"": 1.0}",-4.2565253059257975,-3.849834242303528,0.005757822872920165,anchor,116.63224240905376,35.0,1009.425925379094,14.300456830698863,5.739273867461826,30.0,"{""apn_mode"": 1, ""capture_base_range_mode"": 0, ""capture_lead_blend_mode"": 1, ""capture_mode"": 1, ""capture_terminal_weight_mode"": 1, ""kinematics_source"": 0, ""lead_mode"": 2, ""pn_mode"": 2}",P8,16.0,0.3826182578307884,"{""unity"": 172}",172
beam,30.0,0.0,O_far,guidance_exact_cv_16km_p30deg,0.0,True,O,"{""base_denominator_m"": 16000.0, ""lead_blend"": 0.275, ""range_structure_multiplier_per_m"": 2.34375e-05, ""terminal_reciprocal_raw"": 0.375, ""terminal_regime"": ""reciprocal_interior"", ""terminal_weight"": 0.375}",9.995035277077647e-05,-0.00011480562316826826,0.0013611980910949542,anchor,0.0,21.961943571560376,21.961943571560376,16.514976205768438,0.001369682681223716,30.0,"{""apn_mode"": 1, ""capture_base_range_mode"": 0, ""capture_lead_blend_mode"": 0, ""capture_mode"": 0, ""capture_terminal_weight_mode"": 0, ""kinematics_source"": 0, ""lead_mode"": 2, ""pn_mode"": 2}",P0,16.0,9.131217874824774e-05,"{""reciprocal_interior"": 163, ""upper_clamped"": 36}",199
tail,30.0,35.92171060478484,O_far,guidance_exact_cv_16km_p30deg,0.02127659574468085,True,O,"{""base_denominator_m"": 16000.0, ""lead_blend"": 0.275, ""range_structure_multiplier_per_m"": 2.34375e-05, ""terminal_reciprocal_raw"": 0.375, ""terminal_regime"": ""reciprocal_interior"", ""terminal_weight"": 0.375}",-8.197930998209392,5.963744272310037,0.059099793182090174,anchor,3880.5657698423897,35.0,5389.789697921197,15.58490272906341,10.137840558149938,30.0,"{""apn_mode"": 1, ""capture_base_range_mode"": 0, ""capture_lead_blend_mode"": 0, ""capture_mode"": 1, ""capture_terminal_weight_mode"": 0, ""kinematics_source"": 0, ""lead_mode"": 2, ""pn_mode"": 2}",P1,16.0,0.6758560372099959,"{""reciprocal_interior"": 153, ""upper_clamped"": 35}",188
tail,30.0,90.36274658802088,O_far,guidance_exact_cv_16km_p30deg,0.037037037037037035,False,O,"{""base_denominator_m"": 16000.0, ""lead_blend"": 0.0, ""range_structure_multiplier_per_m"": 2.34375e-05, ""terminal_reciprocal_raw"": 0.375, ""terminal_regime"": ""reciprocal_interior"", ""terminal_weight"": 0.375}",-53.45172272872366,24.79728186921284,0.3259384999937495,anchor,2045.8139233777072,35.0,2810.501406513318,15.717384518242001,58.924511764421496,30.0,"{""apn_mode"": 1, ""capture_base_range_mode"": 0, ""capture_lead_blend_mode"": 2, ""capture_mode"": 1, ""capture_terminal_weight_mode"": 0, ""kinematics_source"": 0, ""lead_mode"": 2, ""pn_mode"": 2}",P2,16.0,3.9283007842947666,"{""reciprocal_interior"": 153, ""upper_clamped"": 36}",189
tail,30.0,35.524958431579904,O_far,guidance_exact_cv_16km_p30deg,0.02127659574468085,True,O,"{""base_denominator_m"": 16000.0, ""lead_blend"": 0.55, ""range_structure_multiplier_per_m"": 2.34375e-05, ""terminal_reciprocal_raw"": 0.375, ""terminal_regime"": ""reciprocal_interior"", ""terminal_weight"": 0.375}",-8.150903741094089,5.977761427116688,0.05894620211795312,anchor,2788.5866149667777,35.0,7878.730036248946,15.591930937618264,10.108132277074928,30.0,"{""apn_mode"": 1, ""capture_base_range_mode"": 0, ""capture_lead_blend_mode"": 1, ""capture_mode"": 1, ""capture_terminal_weight_mode"": 0, ""kinematics_source"": 0, ""lead_mode"": 2, ""pn_mode"": 2}",P3,16.0,0.6738754851383285,"{""reciprocal_interior"": 153, ""upper_clamped"": 35}",188
tail,30.0,26.915442009071867,O_far,guidance_exact_cv_16km_p30deg,0.01744186046511628,True,O,"{""base_denominator_m"": 16000.0, ""lead_blend"": 0.275, ""range_structure_multiplier_per_m"": 6.25e-05, ""terminal_reciprocal_raw"": 0.375, ""terminal_regime"": ""unity"", ""terminal_weight"": 1.0}",-4.264557200824746,3.879799596416338,0.03426052617004289,anchor,145.95242984765142,35.0,1156.3940192690275,14.296728747932839,5.765454605762406,30.0,"{""apn_mode"": 1, ""capture_base_range_mode"": 0, ""capture_lead_blend_mode"": 0, ""capture_mode"": 1, ""capture_terminal_weight_mode"": 1, ""kinematics_source"": 0, ""lead_mode"": 2, ""pn_mode"": 2}",P4,16.0,0.3843636403841604,"{""unity"": 172}",172
tail,30.0,12.388636565758882,O_far,guidance_exact_cv_16km_p30deg,0.0,True,O,"{""base_denominator_m"": 6000.0, ""lead_blend"": 0.275, ""range_structure_multiplier_per_m"": 6.25e-05, ""terminal_reciprocal_raw"": 0.375, ""terminal_regime"": ""reciprocal_interior"", ""terminal_weight"": 0.375}",-0.0009489898323642913,0.0009341961386919891,0.001369638797669593,anchor,18.542342109462542,23.329847191484888,23.329847191484888,14.287436704711917,0.0019102917488384367,30.0,"{""apn_mode"": 1, ""capture_base_range_mode"": 1, ""capture_lead_blend_mode"": 0, ""capture_mode"": 1, ""capture_terminal_weight_mode"": 0, ""kinematics_source"": 0, ""lead_mode"": 2, ""pn_mode"": 2}",P5,16.0,0.00012735278325589578,"{""reciprocal_interior"": 141, ""upper_clamped"": 31}",172
beam,30.0,15.009473993613662,O_far,guidance_exact_cv_16km_p30deg,0.0,True,O,"{""base_denominator_m"": 6000.0, ""lead_blend"": 0.275, ""range_structure_multiplier_per_m"": 0.00016666666666666666, ""terminal_reciprocal_raw"": 0.375, ""terminal_regime"": ""unity"", ""terminal_weight"": 1.0}",0.0009834425707260976,-0.0011654867255076584,0.0013534731726821561,anchor,18.460297494221827,24.4191236108043,24.4191236108043,12.91316465774245,0.0020389723457947067,30.0,"{""apn_mode"": 1, ""capture_base_range_mode"": 1, ""capture_lead_blend_mode"": 0, ""capture_mode"": 1, ""capture_terminal_weight_mode"": 1, ""kinematics_source"": 0, ""lead_mode"": 2, ""pn_mode"": 2}",P6,16.0,0.0001359314897196471,"{""unity"": 156}",156
tail,30.0,38.178746523475546,O_far,guidance_exact_cv_16km_p30deg,0.02127659574468085,True,O,"{""base_denominator_m"": 16000.0, ""lead_blend"": 0.275, ""range_structure_multiplier_per_m"": 2.34375e-05, ""terminal_reciprocal_raw"": 0.375, ""terminal_regime"": ""reciprocal_unclamped"", ""terminal_weight"": 0.375}",-11.38450670071165,8.115983159167577,0.08093174429985012,anchor,51347.991932762125,35.0,54596.96148024663,15.590684774373859,13.981513702231215,30.0,"{""apn_mode"": 1, ""capture_base_range_mode"": 0, ""capture_lead_blend_mode"": 0, ""capture_mode"": 1, ""capture_terminal_weight_mode"": 2, ""kinematics_source"": 0, ""lead_mode"": 2, ""pn_mode"": 2}",P7,16.0,0.932100913482081,"{""reciprocal_unclamped"": 188}",188
tail,30.0,26.709422903342404,O_far,guidance_exact_cv_16km_p30deg,0.01744186046511628,True,O,"{""base_denominator_m"": 16000.0, ""lead_blend"": 0.55, ""range_structure_multiplier_per_m"": 6.25e-05, ""terminal_reciprocal_raw"": 0.375, ""terminal_regime"": ""unity"", ""terminal_weight"": 1.0}",-4.253135483516452,3.8534761302994136,0.034113737302582076,anchor,116.63224240905376,35.0,1009.425925379094,14.300456871984467,5.7393033963203095,30.0,"{""apn_mode"": 1, ""capture_base_range_mode"": 0, ""capture_lead_blend_mode"": 1, ""capture_mode"": 1, ""capture_terminal_weight_mode"": 1, ""kinematics_source"": 0, ""lead_mode"": 2, ""pn_mode"": 2}",P8,16.0,0.38262022642135396,"{""unity"": 172}",172
