classification_reason,diagnostics_profile_attached,existing_8_neighbor_count,grid_tier,hit_run_count,max_achieved_lateral_g,max_capture_component_g,max_guidance_saturation_fraction,max_mirror_abs_difference_m,max_mirror_abs_difference_rho,max_postclamp_command_g,max_preclamp_command_g,max_seed_spread_m,max_seed_spread_rho,minimum_abs_rho_minus_one,mirror_entry_classification_consistent,nearest_distance_max_m,nearest_distance_mean_m,nearest_distance_min_m,neighbor_mixed_count,neighbor_robust_hit_count,neighbor_robust_miss_count,offset_deg,range_km,reclassified_launch_class,refinement_reasons,resolved_runtime_contract_matches,rho_max,rho_mean,rho_median,rho_min,robust_state,run_count,seed_count,signed_bearing_count,within_boundary_rho_band
cell_and_all_existing_8_neighbors_robust_hit,False,3,main,3,1.8014706545557722,0.0,0.0,0.0,0.0,6.124999999999999,6.124999999999999,0.0,0.0,0.999909169338077,True,0.0013624599288445817,0.0013624599288445817,0.0013624599288445817,0,3,0,0.0,4.0,N,[],True,9.08306619229721e-05,9.083066192297209e-05,9.08306619229721e-05,9.08306619229721e-05,robust_hit,3,3,1,False
cell_and_all_existing_8_neighbors_robust_hit,False,5,main,6,8.45262287019296,0.0,0.0,2.061874341008482e-05,1.3745828940056636e-06,8.465838418090964,8.465838418090964,0.0,0.0,0.9999038983398167,True,0.0014415249027493933,0.001431215531044351,0.0014209061593393084,0,5,0,5.0,4.0,N,[],True,9.610166018329289e-05,9.541436873629007e-05,9.541436873629006e-05,9.472707728928722e-05,robust_hit,6,3,2,False
cell_and_all_existing_8_neighbors_robust_hit,False,5,main,6,14.10794152943415,0.0,0.0,1.1830100505557436e-06,7.886733670371443e-08,14.129855780725865,14.129855780725865,0.0,0.0,0.9999091171742642,True,0.0013632423860364385,0.0013626508810111607,0.0013620593759858827,0,5,0,10.0,4.0,N,[],True,9.088282573576256e-05,9.084339206741071e-05,9.084339206741071e-05,9.080395839905885e-05,robust_hit,6,3,2,False
cell_and_all_existing_8_neighbors_robust_hit,False,5,main,6,18.815106284839796,0.0,0.0,3.151077267465061e-06,2.1007181783100587e-07,18.845888267034333,18.845888267034333,0.0,0.0,0.9999089542796322,True,0.00136568580551642,0.0013641102668826876,0.001362534728248955,0,5,0,15.0,4.0,N,[],True,9.104572036776134e-05,9.094068445884584e-05,9.094068445884584e-05,9.083564854993033e-05,robust_hit,6,3,2,False
cell_and_all_existing_8_neighbors_robust_hit,False,5,main,6,23.311195865547845,0.0,0.0,4.368882566962258e-05,2.9125883779748294e-06,23.349109484679385,23.349109484679385,0.0,0.0,0.9998643990894719,True,0.002034013657922231,0.00201216924508742,0.0019903248322526083,0,5,0,20.0,4.0,N,[],True,0.00013560091052814872,0.00013414461633916132,0.0001341446163391613,0.0001326883221501739,robust_hit,6,3,2,False
cell_and_all_existing_8_neighbors_robust_hit,False,5,main,6,27.59043372587877,0.0,0.0,3.2643896654520766e-05,2.1762597769680583e-06,27.63677369372507,27.63677369372507,0.0,0.0,0.9998860480949463,True,0.0017092785758054483,0.001692956627478188,0.0016766346791509275,0,5,0,25.0,4.0,N,[],True,0.00011395190505369656,0.00011286377516521252,0.00011286377516521253,0.0001117756452767285,robust_hit,6,3,2,False
cell_and_all_existing_8_neighbors_robust_hit,False,5,main,6,31.63095446593127,0.0,0.0,3.3433934077708224e-06,2.2289289385138454e-07,31.683548893786497,31.683548893786497,0.0,0.0,0.9999088647557063,True,0.0013670286644062591,0.0013653569677023738,0.0013636852709984883,0,5,0,30.0,4.0,N,[],True,9.113524429375061e-05,9.102379784682492e-05,9.102379784682492e-05,9.091235139989922e-05,robust_hit,6,3,2,False
cell_and_all_existing_8_neighbors_robust_hit,False,5,main,6,34.99899960289609,0.0,0.07860262008733625,9.509588928710263e-06,6.339725952473599e-07,35.0,35.531434818658575,0.0,0.0,0.9999066140032723,True,0.001400789950916351,0.0013960351564519958,0.0013912803619876408,0,5,0,35.0,4.0,N,[],True,9.338599672775674e-05,9.306901043013305e-05,9.306901043013306e-05,9.275202413250938e-05,robust_hit,6,3,2,False
cell_and_all_existing_8_neighbors_robust_hit,False,5,main,6,34.999999999673044,0.0,0.2644628099173554,1.0650548556385281e-05,7.100365704256818e-07,35.0,41.22320542234637,0.0,0.0,0.9999044212859378,True,0.0014336807109334372,0.0014283554366552448,0.001423030162377052,0,5,0,40.0,4.0,N,[],True,9.557871406222914e-05,9.52236957770163e-05,9.52236957770163e-05,9.486867749180346e-05,robust_hit,6,3,2,False
cell_and_all_existing_8_neighbors_robust_hit,False,5,main,6,34.99999999999999,0.0,0.38721804511278196,4.060943236164913e-06,2.707295490776663e-07,35.0,49.44966667643102,0.0,0.0,0.9999077759835077,True,0.0013833602473852615,0.0013813297757671792,0.0013792993041490966,0,5,0,45.0,4.0,N,[],True,9.222401649235077e-05,9.208865171781194e-05,9.208865171781194e-05,9.19532869432731e-05,robust_hit,6,3,2,False
mixed_or_adjacent_to_a_different_robust_state,False,5,main,6,34.99999999999999,0.0,0.4660493827160494,2.8779499163210376e-06,1.9186332775472951e-07,35.0,61.20472297622285,0.0,0.0,0.9999054254487107,True,0.0014186182693386178,0.0014171792943804575,0.0014157403194222967,0,4,1,50.0,4.0,M,[],True,9.457455128924118e-05,9.447861962536382e-05,9.447861962536382e-05,9.438268796148645e-05,robust_hit,6,3,2,False
mixed_or_adjacent_to_a_different_robust_state,False,5,main,0,34.99999999999999,0.0,0.48484848484848486,3.093555932309755e-06,2.062370629829502e-07,35.00000000000001,81.57202276693913,0.0,0.0,6.796226049982699,True,116.94339384329642,116.94339229651844,116.94339074974049,0,3,2,55.0,4.0,M,[],True,7.796226256219762,7.79622615310123,7.79622615310123,7.796226049982699,robust_miss,6,3,2,False
mixed_or_adjacent_to_a_different_robust_state,False,5,main,0,34.99999999999999,0.0,0.5014836795252225,1.7467148381911102e-05,1.1644765578466831e-06,35.0,100.71960588695082,0.0,0.0,62.67502697921895,True,955.1254221554326,955.1254134218584,955.1254046882842,0,1,4,60.0,4.0,M,[],True,63.675028143695506,63.67502756145723,63.67502756145723,63.67502697921895,robust_miss,6,3,2,False
cell_and_all_existing_8_neighbors_robust_miss,False,5,main,0,34.99999999999999,0.0,0.4558303886925795,2.6719997777036042e-05,1.7813331822935652e-06,35.0,103.99203001494223,0.0,0.0,113.33086865671537,True,1714.9630565707282,1714.9630432107294,1714.9630298507304,0,0,5,65.0,4.0,O,[],True,114.33087043804855,114.33086954738195,114.33086954738195,114.33086865671537,robust_miss,6,3,2,False
cell_and_all_existing_8_neighbors_robust_miss,False,5,main,0,34.99999999999993,0.0,0.38362068965517243,4.22975003857573e-05,2.8198333552609256e-06,35.0,80.6885522577238,0.0,0.0,168.90992303990666,True,2548.6488878961004,2548.64886674735,2548.6488455986,0,0,5,70.0,4.0,O,[],True,169.90992585974,169.90992444982334,169.90992444982334,169.90992303990666,robust_miss,6,3,2,False
cell_and_all_existing_8_neighbors_robust_miss,False,5,main,0,34.99980774600611,0.0,0.18181818181818182,6.813613481426728e-05,4.542408987617819e-06,35.0,39.707590682896786,0.0,0.0,233.34666312768613,True,3515.200015051427,3515.1999809833596,3515.199946915292,0,0,5,75.0,4.0,O,[],True,234.34666767009512,234.34666539889062,234.34666539889062,234.34666312768613,robust_miss,6,3,2,False
cell_and_all_existing_8_neighbors_robust_miss,False,5,main,0,5.179878550298427,0.0,0.0,9.979632659451454e-05,6.653088405528251e-06,5.999588332360402,5.999588332360402,0.0,0.0,261.3425350444806,True,3935.1381254635353,3935.1380755653718,3935.1380256672087,0,0,5,80.0,4.0,O,[],True,262.342541697569,262.3425383710248,262.34253837102483,262.3425350444806,robust_miss,6,3,2,False
cell_and_all_existing_8_neighbors_robust_miss,False,5,main,0,5.571064432101943,0.0,0.0,0.00010893618127738591,7.262412054842571e-06,6.031522123942849,6.031522123942849,0.0,0.0,264.9135367747827,True,3988.7031605579214,3988.703106089831,3988.70305162174,0,0,5,85.0,4.0,O,[],True,265.91354403719475,265.9135404059887,265.9135404059887,265.9135367747827,robust_miss,6,3,2,False
cell_and_all_existing_8_neighbors_robust_miss,False,3,main,0,0.0,0.0,0.0,0.00011414404070819728,7.609602675984206e-06,0.0,0.0,0.0,0.0,265.67340644437695,True,4000.1012108096947,4000.1011537376744,4000.101096665654,0,0,3,90.0,4.0,O,[],True,266.6734140539796,266.6734102491783,266.6734102491783,266.67340644437695,robust_miss,6,3,2,False
cell_and_all_existing_8_neighbors_robust_hit,False,5,main,3,1.8014706545557722,0.0,0.0,0.0,0.0,6.124999999999999,6.124999999999999,0.0,0.0,0.9999091760511896,True,0.0013623592321568034,0.0013623592321568036,0.0013623592321568034,0,5,0,0.0,5.0,N,[],True,9.082394881045355e-05,9.082394881045355e-05,9.082394881045355e-05,9.082394881045355e-05,robust_hit,3,3,1,False
cell_and_all_existing_8_neighbors_robust_hit,False,8,main,6,7.833507675255385,0.0,0.0,2.868283282384367e-06,1.9121888549229022e-07,7.843131707534181,7.843131707534181,0.0,0.0,0.9999089724822466,True,0.001365412766299662,0.00136397862465847,0.0013625444830172777,0,8,0,5.0,5.0,N,[],True,9.10275177533108e-05,9.093190831056466e-05,9.093190831056466e-05,9.083629886781851e-05,robust_hit,6,3,2,False
cell_and_all_existing_8_neighbors_robust_hit,False,8,main,6,13.22855279024358,0.0,0.0,2.924948642997775e-06,1.9499657619985076e-07,13.245211701282958,13.245211701282958,0.0,0.0,0.9999089604935412,True,0.0013655925968826979,0.001364130122561199,0.0013626676482397001,0,8,0,10.0,5.0,N,[],True,9.103950645884652e-05,9.094200817074659e-05,9.09420081707466e-05,9.084450988264667e-05,robust_hit,6,3,2,False
cell_and_all_existing_8_neighbors_robust_hit,False,8,main,6,17.594494741363196,0.0,0.0,7.94021330303399e-06,5.293475535355876e-07,17.616846361014346,17.616846361014346,0.0,0.0,0.9999079336631119,True,0.0013809950533217213,0.0013770249466702042,0.0013730548400186873,0,8,0,15.0,5.0,N,[],True,9.206633688811474e-05,9.180166311134694e-05,9.180166311134694e-05,9.153698933457916e-05,robust_hit,6,3,2,False
cell_and_all_existing_8_neighbors_robust_hit,False,8,main,6,21.736233832133568,0.0,0.0,4.902956530813962e-06,3.268637687209335e-07,21.76383501150098,21.76383501150098,0.0,0.0,0.9999085971130248,True,0.001371043304628426,0.0013685918263630192,0.001366140348097612,0,8,0,20.0,5.0,N,[],True,9.14028869752284e-05,9.123945509086794e-05,9.123945509086794e-05,9.107602320650747e-05,robust_hit,6,3,2,False
cell_and_all_existing_8_neighbors_robust_hit,False,8,main,6,25.671145590006628,0.0,0.0,9.75791168784045e-06,6.505274458560364e-07,25.703928559250667,25.703928559250667,0.0,0.0,0.9999068152646156,True,0.0013977710307664438,0.0013928920749225237,0.0013880131190786033,0,8,0,25.0,5.0,N,[],True,9.318473538442959e-05,9.285947166150156e-05,9.285947166150156e-05,9.253420793857355e-05,robust_hit,6,3,2,False
cell_and_all_existing_8_neighbors_robust_hit,False,8,main,6,29.383723166258086,0.0,0.0,6.996580319145818e-06,4.6643868794305995e-07,29.420976492037898,29.420976492037898,0.0,0.0,0.9999076225388519,True,0.0013856619172206727,0.0013821636270610997,0.001378665336901527,0,8,0,30.0,5.0,N,[],True,9.237746114804485e-05,9.214424180407331e-05,9.214424180407332e-05,9.19110224601018e-05,robust_hit,6,3,2,False
cell_and_all_existing_8_neighbors_robust_hit,False,8,main,6,32.8622456636043,0.0,0.0,9.12527720658236e-06,6.083518137721573e-07,32.904638442347924,32.904638442347924,0.0,0.0,0.9999056557216465,True,0.0014151641753026992,0.001410601536699408,0.0014060388980961169,0,8,0,35.0,5.0,N,[],True,9.434427835351328e-05,9.404010244662719e-05,9.40401024466272e-05,9.373592653974113e-05,robust_hit,6,3,2,False
cell_and_all_existing_8_neighbors_robust_hit,False,8,main,6,34.99999590822026,0.0,0.11564625850340136,4.340164044842193e-06,2.893442696561417e-07,35.0,36.40928273247215,0.0,0.0,0.9999079408540517,True,0.0013808871892258684,0.0013787171072034473,0.0013765470251810262,0,8,0,40.0,5.0,N,[],True,9.205914594839122e-05,9.191447381356316e-05,9.191447381356316e-05,9.176980167873508e-05,robust_hit,6,3,2,False
cell_and_all_existing_8_neighbors_robust_hit,False,8,main,6,34.999999999998025,0.0,0.23853211009174313,5.8290015380265976e-06,3.8860010253509837e-07,35.0,41.78450920894118,0.0,0.0,0.9999054990788542,True,0.001417513817187801,0.0014145993164187878,0.0014116848156497744,0,8,0,45.0,5.0,N,[],True,9.45009211458534e-05,9.430662109458585e-05,9.430662109458584e-05,9.41123210433183e-05,robust_hit,6,3,2,False
mixed_or_adjacent_to_a_different_robust_state,False,8,main,6,34.99999999999999,0.0,0.3059125964010283,3.6966311142032967e-06,2.4644207428021526e-07,35.0,49.024972642113504,0.0,0.0,0.9999057110929346,True,0.0014143336059816271,0.0014124852904245254,0.0014106369748674238,0,7,1,50.0,5.0,M,[],True,9.42889070654418e-05,9.41656860283017e-05,9.416568602830169e-05,9.404246499116159e-05,robust_hit,6,3,2,False
mixed_or_adjacent_to_a_different_robust_state,False,8,main,6,34.99999999999999,0.0,0.3117154811715481,9.148054055949442e-07,6.098702703967289e-08,35.0,58.322755428172,0.0,0.0,0.9999060012602948,True,0.001409981095577601,0.0014095236928748035,0.001409066290172006,0,4,4,55.0,5.0,M,[],True,9.39987397051734e-05,9.396824619165358e-05,9.396824619165356e-05,9.393775267813373e-05,robust_hit,6,3,2,False
mixed_or_adjacent_to_a_different_robust_state,False,8,main,0,34.99999999999999,0.0,0.3260437375745527,1.2092547876818571e-05,8.061698579808763e-07,35.0,69.95368101619069,0.0,0.0,47.24479711631534,True,723.671968837278,723.6719627910039,723.6719567447301,0,2,6,60.0,5.0,M,[],True,48.2447979224852,48.244797519400265,48.244797519400265,48.24479711631534,robust_miss,6,3,2,False
cell_and_all_existing_8_neighbors_robust_miss,False,8,main,0,34.99999999999999,0.0,0.3697916666666667,2.4258816893052426e-05,1.6172544405890221e-06,35.00000000000001,74.01484154089042,0.0,0.0,134.4187278617793,True,2031.2809421855063,2031.2809300560978,2031.2809179266894,0,0,8,65.0,5.0,O,[],True,135.41872947903374,135.41872867040652,135.41872867040652,135.4187278617793,robust_miss,6,3,2,False
cell_and_all_existing_8_neighbors_robust_miss,False,8,main,0,34.999999999999986,0.0,0.3217993079584775,3.3346696454827907e-05,2.2231130856198433e-06,35.00000000000001,70.10449776743695,0.0,0.0,209.53829340228847,True,3158.0744343810234,3158.0744177076754,3158.074401034327,0,0,8,70.0,5.0,O,[],True,210.53829562540156,210.53829451384502,210.53829451384502,210.53829340228847,robust_miss,6,3,2,False
cell_and_all_existing_8_neighbors_robust_miss,False,8,main,0,34.99969799896637,0.0,0.1497326203208556,6.41901451672311e-05,4.279343045254791e-06,35.0,37.06012177845972,0.0,0.0,293.0429320785881,True,4410.6440453689665,4410.644013273894,4410.643981178821,0,0,8,75.0,5.0,O,[],True,294.0429363579311,294.04293421825963,294.0429342182596,294.0429320785881,robust_miss,6,3,2,False
cell_and_all_existing_8_neighbors_robust_miss,False,8,main,0,4.914008786652066,0.0,0.0,9.712476366985356e-05,6.4749842181299755e-06,5.873573261845959,5.873573261845959,0.0,0.0,327.08070461855783,True,4921.210666403131,4921.210617840749,4921.210569278367,0,0,8,80.0,5.0,O,[],True,328.08071109354205,328.08070785604997,328.0807078560499,328.08070461855783,robust_miss,6,3,2,False
cell_and_all_existing_8_neighbors_robust_miss,False,8,main,0,5.557229297421774,0.0,0.0,0.00010822611602634424,7.215074390387599e-06,5.890218724082525,5.890218724082525,0.0,0.0,331.4811559216379,True,4987.217447050684,4987.217392937627,4987.217338824568,0,0,8,85.0,5.0,O,[],True,332.48116313671227,332.48115952917505,332.4811595291751,332.4811559216379,robust_miss,6,3,2,False
cell_and_all_existing_8_neighbors_robust_miss,False,5,main,0,0.0,0.0,0.0,0.00011414508026064141,7.609672024955216e-06,0.0,0.0,0.0,0.0,332.3387244190632,True,5000.080980431028,5000.080923358489,5000.080866285948,0,0,5,90.0,5.0,O,[],True,333.33873202873525,333.33872822389924,333.33872822389924,333.3387244190632,robust_miss,6,3,2,False
cell_and_all_existing_8_neighbors_robust_hit,False,5,main,3,1.8014706545557722,0.0,0.0,0.0,0.0,6.124999999999999,6.124999999999999,0.0,0.0,0.999909182027017,True,0.0013622695947458168,0.0013622695947458168,0.0013622695947458168,0,5,0,0.0,6.0,N,[],True,9.081797298305444e-05,9.081797298305444e-05,9.081797298305444e-05,9.081797298305444e-05,robust_hit,3,3,1,False
cell_and_all_existing_8_neighbors_robust_hit,False,8,main,6,7.510835407273689,0.0,0.0,2.137656531011776e-06,1.425104354007878e-07,7.518806187699465,7.518806187699465,0.0,0.0,0.9999090276679703,True,0.001364584980445488,0.0013635161521799823,0.0013624473239144763,0,8,0,5.0,6.0,N,[],True,9.097233202969921e-05,9.090107681199882e-05,9.090107681199882e-05,9.082982159429842e-05,robust_hit,6,3,2,False
cell_and_all_existing_8_neighbors_robust_hit,False,8,main,6,12.699782363700184,0.0,0.0,4.304001822803957e-06,2.869334548535917e-07,12.713043809982207,12.713043809982207,0.0,0.0,0.9999086755813087,True,0.0013698662803702684,0.0013677142794588665,0.0013655622785474645,0,8,0,10.0,6.0,N,[],True,9.132441869135122e-05,9.118095196392443e-05,9.118095196392443e-05,9.103748523649763e-05,robust_hit,6,3,2,False
cell_and_all_existing_8_neighbors_robust_hit,False,8,main,6,16.823244363865644,0.0,0.0,6.125533842870354e-06,4.083689228580155e-07,16.840359777497067,16.840359777497067,0.0,0.0,0.9999081558735649,True,0.001377661896527432,0.0013745991296059967,0.0013715363626845617,0,8,0,15.0,6.0,N,[],True,9.184412643516213e-05,9.163994197373313e-05,9.163994197373311e-05,9.143575751230411e-05,robust_hit,6,3,2,False
cell_and_all_existing_8_neighbors_robust_hit,False,8,main,6,20.7416145146229,0.0,0.0,5.458936030772925e-06,3.63929068718195e-07,20.763652434798555,20.763652434798555,0.0,0.0,0.999908241969891,True,0.0013763704516337163,0.0013736409836183298,0.0013709115156029434,0,8,0,20.0,6.0,N,[],True,9.175803010891442e-05,9.157606557455533e-05,9.157606557455533e-05,9.139410104019623e-05,robust_hit,6,3,2,False
cell_and_all_existing_8_neighbors_robust_hit,False,8,main,6,24.423594344853736,0.0,0.0,5.688014717844352e-06,3.7920098118962163e-07,24.449825116017355,24.449825116017355,0.0,0.0,0.999907929074237,True,0.0013810638864446615,0.0013782198790857393,0.0013753758717268171,0,8,0,25.0,6.0,N,[],True,9.207092576297743e-05,9.188132527238262e-05,9.188132527238262e-05,9.169172478178781e-05,robust_hit,6,3,2,False
cell_and_all_existing_8_neighbors_robust_hit,False,8,main,6,27.88480022795089,0.0,0.0,5.237845570538885e-06,3.491897047025824e-07,27.91513520987501,27.91513520987501,0.0,0.0,0.9999079379555565,True,0.0013809306666519587,0.0013783117438666895,0.0013756928210814198,0,8,0,30.0,6.0,N,[],True,9.206204444346391e-05,9.188744959111263e-05,9.188744959111263e-05,9.171285473876133e-05,robust_hit,6,3,2,False
cell_and_all_existing_8_neighbors_robust_hit,False,8,main,6,31.11935219536935,0.0,0.0,5.07235250164122e-06,3.3815683344275344e-07,31.151966484211513,31.151966484211513,0.0,0.0,0.999907766922133,True,0.0013834961680042781,0.0013809599917534575,0.001378423815502637,0,8,0,35.0,6.0,N,[],True,9.223307786695188e-05,9.20639994502305e-05,9.20639994502305e-05,9.189492103350913e-05,robust_hit,6,3,2,False
cell_and_all_existing_8_neighbors_robust_hit,False,8,main,6,34.116240504938354,0.0,0.0,4.820338273929916e-06,3.2135588492866285e-07,34.15287400016503,34.15287400016503,0.0,0.0,0.9999075187694988,True,0.0013872184575173087,0.0013848082883803437,0.0013823981192433788,0,8,0,40.0,6.0,N,[],True,9.248123050115391e-05,9.232055255868958e-05,9.232055255868958e-05,9.215987461622525e-05,robust_hit,6,3,2,False
cell_and_all_existing_8_neighbors_robust_hit,False,8,main,6,34.99999999372176,0.0,0.13216957605985039,5.605035441104585e-06,3.73669029406966e-07,35.0,37.65395397448867,0.0,0.0,0.9999058294360499,True,0.0014125584592523102,0.001409755941531758,0.0014069534238112056,0,8,0,45.0,6.0,N,[],True,9.4170563950154e-05,9.398372943545053e-05,9.398372943545053e-05,9.379689492074704e-05,robust_hit,6,3,2,False
cell_and_all_existing_8_neighbors_robust_hit,False,8,main,6,34.99999999999999,0.0,0.202991452991453,3.6750799598589054e-06,2.4500533065725675e-07,35.0,42.77149191169158,0.0,0.0,0.9999062458484295,True,0.0014063122735584563,0.0014044747335785269,0.0014026371935985974,0,8,0,50.0,6.0,N,[],True,9.375415157056376e-05,9.363164890523511e-05,9.363164890523513e-05,9.35091462399065e-05,robust_hit,6,3,2,False
mixed_or_adjacent_to_a_different_robust_state,False,8,main,6,34.99999999999999,0.0,0.22300884955752212,1.387556273962703e-06,9.250375159752257e-08,35.0,49.045959620479735,0.0,0.0,0.9999068723551421,True,0.0013969146728684387,0.0013962208947314574,0.001395527116594476,0,5,3,55.0,6.0,M,[],True,9.312764485789591e-05,9.308139298209717e-05,9.308139298209715e-05,9.303514110629839e-05,robust_hit,6,3,2,False
mixed_or_adjacent_to_a_different_robust_state,False,8,main,0,34.99999999999999,0.0,0.2106060606060606,6.963739508591971e-06,4.6424930033595047e-07,35.0,56.042229306193626,0.0,0.0,23.198889058530384,True,362.9833428416953,362.98333935982555,362.98333587795577,0,3,5,60.0,6.0,M,[],True,24.198889522779684,24.198889290655032,24.198889290655032,24.198889058530384,robust_miss,6,3,2,False
cell_and_all_existing_8_neighbors_robust_miss,False,8,main,0,34.99999999999999,0.0,0.26499032882011603,2.2796283246862004e-05,1.519752231615712e-06,35.0,61.49982569983285,0.0,0.0,146.37210671886643,True,2210.58162357928,2210.581612181138,2210.5816007829967,0,0,8,65.0,6.0,O,[],True,147.37210823861867,147.37210747874255,147.37210747874255,147.37210671886643,robust_miss,6,3,2,False
cell_and_all_existing_8_neighbors_robust_miss,False,8,main,0,34.99999999999999,0.0,0.2681564245810056,3.218323035980575e-05,2.145548677390252e-06,35.0,54.11134820312667,0.0,0.0,252.8577152167052,True,3807.865760433808,3807.865744342193,3807.865728250578,0,0,8,70.0,6.0,O,[],True,253.85771736225388,253.85771628947953,253.85771628947953,253.8577152167052,robust_miss,6,3,2,False
cell_and_all_existing_8_neighbors_robust_miss,False,8,main,0,33.699252863333975,0.0,0.0,6.09882163189468e-05,4.0658810576132964e-06,34.115640675466366,34.115640675466366,0.0,0.0,353.78398067957966,True,5321.759771181911,5321.759740687802,5321.759710193694,0,0,8,75.0,6.0,O,[],True,354.7839847454607,354.7839827125202,354.7839827125202,354.78398067957966,robust_miss,6,3,2,False
cell_and_all_existing_8_neighbors_robust_miss,False,8,main,0,4.790783642880051,0.0,0.0,9.468324969930109e-05,6.31221666935744e-06,5.775786812293772,5.775786812293772,0.0,0.0,392.83291438557194,True,5907.493810466829,5907.493763125204,5907.493715783579,0,0,8,80.0,6.0,O,[],True,393.8329206977886,393.8329175416803,393.8329175416803,393.83291438557194,robust_miss,6,3,2,False
cell_and_all_existing_8_neighbors_robust_miss,False,8,main,0,5.733979451497007,0.0,0.0,0.00010760931854747469,7.173954600148136e-06,6.011951853450661,6.011951853450661,0.0,0.0,398.06710720214244,True,5986.006715641455,5986.006661836796,5986.006608032137,0,0,8,85.0,6.0,O,[],True,399.06711437609704,399.0671107891197,399.06711078911974,399.06710720214244,robust_miss,6,3,2,False
cell_and_all_existing_8_neighbors_robust_miss,False,5,main,0,0.0,0.0,0.0,0.0001141456441473565,7.609709598455083e-06,0.0,0.0,0.0,0.0,399.00449194839973,True,6000.06749337164,6000.0674362988175,6000.067379225996,0,0,5,90.0,6.0,O,[],True,400.00449955810933,400.00449575325456,400.00449575325456,400.00449194839973,robust_miss,6,3,2,False
cell_and_all_existing_8_neighbors_robust_hit,False,5,main,3,1.8014706545557722,0.0,0.0,0.0,0.0,6.124999999999999,6.124999999999999,0.0,0.0,0.9999091858598448,True,0.0013622121023282364,0.0013622121023282366,0.0013622121023282364,0,5,0,0.0,7.0,N,[],True,9.081414015521576e-05,9.081414015521576e-05,9.081414015521576e-05,9.081414015521576e-05,robust_hit,3,3,1,False
cell_and_all_existing_8_neighbors_robust_hit,False,8,main,6,7.2905432521892815,0.0,0.0,1.9877154183133017e-06,1.3251436122089762e-07,7.2969557447097575,7.2969557447097575,0.0,0.0,0.9999090254068702,True,0.001364618896947051,0.0013636250392378944,0.0013626311815287378,0,8,0,5.0,7.0,N,[],True,9.097459312980341e-05,9.090833594919296e-05,9.090833594919296e-05,9.084207876858251e-05,robust_hit,6,3,2,False
cell_and_all_existing_8_neighbors_robust_hit,False,8,main,6,12.36139741290292,0.0,0.0,3.630924246124205e-06,2.4206161640828033e-07,12.372363928431088,12.372363928431088,0.0,0.0,0.9999087364558624,True,0.001368953162063585,0.001367137699940523,0.0013653222378174608,0,8,0,10.0,7.0,N,[],True,9.126354413757233e-05,9.11425133293682e-05,9.114251332936819e-05,9.102148252116405e-05,robust_hit,6,3,2,False
cell_and_all_existing_8_neighbors_robust_hit,False,8,main,6,16.305338054285578,0.0,0.0,4.85687165901116e-06,3.237914439340882e-07,16.31997621282843,16.31997621282843,0.0,0.0,0.999908394305804,True,0.0013740854129390971,0.0013716569771095915,0.001369228541280086,0,8,0,15.0,7.0,N,[],True,9.160569419593981e-05,9.144379847397277e-05,9.144379847397277e-05,9.128190275200573e-05,robust_hit,6,3,2,False
cell_and_all_existing_8_neighbors_robust_hit,False,8,main,6,20.035316548833492,0.0,0.0,5.264503654875451e-06,3.509669103250355e-07,20.053462543348015,20.053462543348015,0.0,0.0,0.9999081965860785,True,0.0013770512088218075,0.0013744189569943697,0.001371786705166932,0,8,0,20.0,7.0,N,[],True,9.180341392145384e-05,9.162793046629132e-05,9.162793046629132e-05,9.14524470111288e-05,robust_hit,6,3,2,False
cell_and_all_existing_8_neighbors_robust_hit,False,8,main,6,23.526697905006326,0.0,0.0,6.657440447547331e-06,4.438293631698248e-07,23.54766931113074,23.54766931113074,0.0,0.0,0.9999074700089363,True,0.0013879498659545204,0.0013846211457307469,0.001381292425506973,0,8,0,25.0,7.0,N,[],True,9.252999106363469e-05,9.230807638204977e-05,9.230807638204979e-05,9.208616170046487e-05,robust_hit,6,3,2,False
cell_and_all_existing_8_neighbors_robust_hit,False,8,main,6,26.782535591519974,0.0,0.0,4.030042295162951e-06,2.6866948634420213e-07,26.806168909843976,26.806168909843976,0.0,0.0,0.9999084168118212,True,0.0013737478226824183,0.0013717328015348366,0.0013697177803872554,0,8,0,30.0,7.0,N,[],True,9.158318817882789e-05,9.144885343565579e-05,9.144885343565579e-05,9.131451869248369e-05,robust_hit,6,3,2,False
cell_and_all_existing_8_neighbors_robust_hit,False,8,main,6,29.81127587881648,0.0,0.0,4.332853007814243e-06,2.8885686718761803e-07,29.83772776123431,29.83772776123431,0.0,0.0,0.9999081224206168,True,0.0013781636907480425,0.0013759972642441354,0.0013738308377402282,0,8,0,35.0,7.0,N,[],True,9.187757938320283e-05,9.173315094960902e-05,9.173315094960902e-05,9.158872251601522e-05,robust_hit,6,3,2,False
cell_and_all_existing_8_neighbors_robust_hit,False,8,main,6,32.6058634683003,0.0,0.0,5.73516148980849e-06,3.823440993205678e-07,32.6351222261771,32.6351222261771,0.0,0.0,0.999906782860047,True,0.0013982570992952686,0.0013953895185503645,0.00139252193780546,0,8,0,40.0,7.0,N,[],True,9.321713995301791e-05,9.302596790335763e-05,9.302596790335763e-05,9.283479585369734e-05,robust_hit,6,3,2,False
cell_and_all_existing_8_neighbors_robust_hit,False,8,main,6,34.998912068788385,0.0,0.030991735537190084,3.459277308540641e-06,2.3061848723605178e-07,35.0,35.19687898111214,0.0,0.0,0.9999078882093669,True,0.0013816768594967525,0.001379947220842482,0.0013782175821882119,0,8,0,45.0,7.0,N,[],True,9.211179063311684e-05,9.199648138949881e-05,9.199648138949881e-05,9.188117214588079e-05,robust_hit,6,3,2,False
cell_and_all_existing_8_neighbors_robust_hit,False,8,main,6,34.99999999999079,0.0,0.12972972972972974,2.5447696881402034e-06,1.6965131254266757e-07,35.0,38.811500167218774,0.0,0.0,0.9999078535211723,True,0.0013821971824163816,0.0013809247975723115,0.0013796524127282414,0,8,0,50.0,7.0,N,[],True,9.214647882775877e-05,9.206165317148744e-05,9.206165317148744e-05,9.19768275152161e-05,robust_hit,6,3,2,False
mixed_or_adjacent_to_a_different_robust_state,False,8,main,6,34.99999999999999,0.0,0.16163141993957703,1.9057597691980385e-06,1.2705065127987646e-07,35.0,43.3740558107148,0.0,0.0,0.9999060816723518,True,0.0014087749147220871,0.0014078220348374881,0.001406869154952889,0,6,2,55.0,7.0,M,[],True,9.391832764813915e-05,9.385480232249921e-05,9.385480232249921e-05,9.379127699685927e-05,robust_hit,6,3,2,False
mixed_or_adjacent_to_a_different_robust_state,False,8,main,0,34.99999999999999,0.0,0.14588528678304238,3.1125476880333736e-06,2.0750317908380111e-07,35.0,48.2565273008816,0.0,0.0,5.25405426200076,True,93.81081704255908,93.81081548628522,93.81081393001139,0,4,4,60.0,7.0,M,[],True,6.254054469503939,6.254054365752349,6.254054365752349,6.25405426200076,robust_miss,6,3,2,False
mixed_or_adjacent_to_a_different_robust_state,False,8,main,0,34.99999999999999,0.0,0.17846153846153845,2.13819412238081e-05,1.4254627558329958e-06,35.0,52.13266712387717,0.0,0.0,153.43084774304242,True,2316.4627375275777,2316.462726836607,2316.4627161456365,0,1,7,65.0,7.0,M,[],True,154.43084916850518,154.4308484557738,154.4308484557738,154.43084774304242,robust_miss,6,3,2,False
cell_and_all_existing_8_neighbors_robust_miss,False,8,main,0,34.99999999999997,0.0,0.20594965675057209,3.2390399610449094e-05,2.159360008135991e-06,35.0,46.270577346519616,0.0,0.0,294.22707639749405,True,4428.4061783528105,4428.40616215761,4428.406145962411,0,0,8,70.0,7.0,O,[],True,295.22707855685405,295.2270774771741,295.227077477174,295.22707639749405,robust_miss,6,3,2,False
cell_and_all_existing_8_neighbors_robust_miss,False,8,main,0,31.580539469165803,0.0,0.0,5.7826559896057006e-05,3.855104012018273e-06,32.624929275591,32.624929275591,0.0,0.0,415.5939935856568,True,6248.909961611412,6248.909932698131,6248.909903784852,0,0,8,75.0,7.0,O,[],True,416.5939974407608,416.59399551320877,416.5939955132088,416.5939935856568,robust_miss,6,3,2,False
cell_and_all_existing_8_neighbors_robust_miss,False,8,main,0,5.088659650509717,0.0,0.0,9.248951118934201e-05,6.165967363358504e-06,5.989076188941956,5.989076188941956,0.0,0.0,458.60024155819025,True,6894.0037158623645,6894.003669617609,6894.003623372853,0,0,8,80.0,7.0,O,[],True,459.6002477241576,459.60024464117396,459.60024464117396,459.60024155819025,robust_miss,6,3,2,False
cell_and_all_existing_8_neighbors_robust_miss,False,8,main,0,5.698449807776909,0.0,0.0,0.00010673860469978536,7.1159069534587616e-06,5.918186779867976,5.918186779867976,0.0,0.0,464.663834428442,True,6984.9576231652345,6984.957569795933,6984.95751642663,0,0,8,85.0,7.0,O,[],True,465.66384154434894,465.6638379863955,465.6638379863955,465.663834428442,robust_miss,6,3,2,False
cell_and_all_existing_8_neighbors_robust_miss,False,5,main,0,0.0,0.0,0.0,0.00011414598429837497,7.609732278979209e-06,0.0,0.0,0.0,0.0,465.6705163703354,True,7000.057859701015,7000.057802628024,7000.057745555031,0,0,5,90.0,7.0,O,[],True,466.6705239800677,466.67052017520155,466.67052017520155,466.6705163703354,robust_miss,6,3,2,False
cell_and_all_existing_8_neighbors_robust_hit,False,5,main,3,1.8014706545557722,0.0,0.0,0.0,0.0,6.124999999999999,6.124999999999999,0.0,0.0,0.9999091858577575,True,0.0013622121336378274,0.0013622121336378274,0.0013622121336378274,0,5,0,0.0,8.0,N,[],True,9.081414224252183e-05,9.081414224252183e-05,9.081414224252183e-05,9.081414224252183e-05,robust_hit,3,3,1,False
cell_and_all_existing_8_neighbors_robust_hit,False,8,main,6,7.1468156891184424,0.0,0.0,1.5079304553280038e-06,1.0052869702187415e-07,7.152460268934289,7.152460268934289,0.0,0.0,0.9999090814961361,True,0.0013637775579588183,0.0013630235927311544,0.0013622696275034903,0,8,0,5.0,8.0,N,[],True,9.091850386392122e-05,9.086823951541028e-05,9.086823951541028e-05,9.081797516689935e-05,robust_hit,6,3,2,False
cell_and_all_existing_8_neighbors_robust_hit,False,8,main,6,12.09644613907449,0.0,0.0,3.2693062005167365e-06,2.179537467011239e-07,12.10582745214883,12.10582745214883,0.0,0.0,0.9999088109755345,True,0.0013678353669823835,0.001366200713882125,0.0013645660607818667,0,8,0,10.0,8.0,N,[],True,9.118902446549224e-05,9.108004759214167e-05,9.108004759214168e-05,9.097107071879111e-05,robust_hit,6,3,2,False
cell_and_all_existing_8_neighbors_robust_hit,False,8,main,6,15.942403693208234,0.0,0.0,5.075930115997244e-06,3.3839534106647933e-07,15.95442078356677,15.95442078356677,0.0,0.0,0.999908327355857,True,0.0013750896621449982,0.0013725516970869997,0.001370013732029001,0,8,0,15.0,8.0,N,[],True,9.167264414299988e-05,9.150344647246664e-05,9.150344647246664e-05,9.13342488019334e-05,robust_hit,6,3,2,False
cell_and_all_existing_8_neighbors_robust_hit,False,8,main,6,19.490321978227765,0.0,0.0,4.4562579269869645e-06,2.9708386179912465e-07,19.505770101676497,19.505770101676497,0.0,0.0,0.9999084556471597,True,0.001373165292605246,0.0013709371636417527,0.001368709034678259,0,8,0,20.0,8.0,N,[],True,9.154435284034973e-05,9.139581090945017e-05,9.139581090945016e-05,9.12472689785506e-05,robust_hit,6,3,2,False
cell_and_all_existing_8_neighbors_robust_hit,False,8,main,6,22.829832874596665,0.0,0.0,3.0737694628282276e-06,2.049179641885494e-07,22.846887028438392,22.846887028438392,0.0,0.0,0.9999087722724043,True,0.0013684159139359235,0.0013668790292045094,0.0013653421444730952,0,8,0,25.0,8.0,N,[],True,9.122772759572823e-05,9.112526861363395e-05,9.112526861363395e-05,9.102280963153968e-05,robust_hit,6,3,2,False
cell_and_all_existing_8_neighbors_robust_hit,False,8,main,6,25.912721001014877,0.0,0.0,4.317772473404246e-06,2.878514982269416e-07,25.93258143133526,25.93258143133526,0.0,0.0,0.999908305676756,True,0.0013754148486591084,0.0013732559624224062,0.0013710970761857042,0,8,0,30.0,8.0,N,[],True,9.169432324394056e-05,9.155039749482708e-05,9.15503974948271e-05,9.140647174571362e-05,robust_hit,6,3,2,False
cell_and_all_existing_8_neighbors_robust_hit,False,8,main,6,28.76529691939372,0.0,0.0,5.32418200426335e-06,3.549454669508819e-07,28.787607645260522,28.787607645260522,0.0,0.0,0.99990758881198,True,0.0013861678202995928,0.0013835057292974611,0.0013808436382953294,0,8,0,35.0,8.0,N,[],True,9.241118801997285e-05,9.22337152864974e-05,9.22337152864974e-05,9.205624255302197e-05,robust_hit,6,3,2,False
cell_and_all_existing_8_neighbors_robust_hit,False,8,main,6,31.38539053785853,0.0,0.0,3.825884848053388e-06,2.550589898702159e-07,31.409247493834382,31.409247493834382,0.0,0.0,0.9999080791386682,True,0.0013788129199765434,0.0013768999775525166,0.00137498703512849,0,8,0,40.0,8.0,N,[],True,9.192086133176955e-05,9.179333183683444e-05,9.179333183683444e-05,9.166580234189934e-05,robust_hit,6,3,2,False
cell_and_all_existing_8_neighbors_robust_hit,False,8,main,6,33.75860870362005,0.0,0.0,3.8374349009798366e-06,2.558289933986567e-07,33.78243357251539,33.78243357251539,0.0,0.0,0.9999075485543741,True,0.0013867716843872682,0.0013848529669367785,0.0013829342494862883,0,8,0,45.0,8.0,N,[],True,9.245144562581788e-05,9.232353112911855e-05,9.232353112911855e-05,9.219561663241922e-05,robust_hit,6,3,2,False
cell_and_all_existing_8_neighbors_robust_hit,False,8,main,6,34.99999983828345,0.0,0.06461538461538462,3.5792038574429443e-06,2.386135904961954e-07,35.0,36.144948410852564,0.0,0.0,0.9999065417915491,True,0.001401873126763279,0.0014000835248345576,0.001398293922905836,0,8,0,50.0,8.0,N,[],True,9.345820845088527e-05,9.333890165563718e-05,9.333890165563716e-05,9.321959486038907e-05,robust_hit,6,3,2,False
mixed_or_adjacent_to_a_different_robust_state,False,8,main,6,34.99999999999998,0.0,0.11618798955613577,2.007493074313851e-06,1.338328716209207e-07,35.0,39.47147794684679,0.0,0.0,0.9999062000997171,True,0.0014069985042435285,0.0014059947577063714,0.0014049910111692146,0,7,1,55.0,8.0,M,[],True,9.37999002829019e-05,9.373298384709143e-05,9.373298384709143e-05,9.366606741128098e-05,robust_hit,6,3,2,False
mixed_or_adjacent_to_a_different_robust_state,False,8,main,6,34.99999999999999,0.0,0.10407725321888411,2.31544762141489e-07,1.5436317474248895e-08,35.0,43.01473223082927,0.0,0.0,0.9568311239528231,True,0.6475331407076538,0.6475330249352728,0.6475329091628916,0,4,4,60.0,8.0,M,[],True,0.04316887604717692,0.04316886832901818,0.04316886832901818,0.04316886061085944,robust_hit,6,3,2,False
mixed_or_adjacent_to_a_different_robust_state,False,8,main,0,34.99999999999999,0.0,0.12101910828025478,2.0336040506663267e-05,1.3557360318827705e-06,35.0,45.713965867228914,0.0,0.0,159.26889441683136,True,2404.033436588511,2404.0334264204907,2404.0334162524705,0,2,6,65.0,8.0,M,[],True,160.2688957725674,160.2688950946994,160.26889509469936,160.26889441683136,robust_miss,6,3,2,False
cell_and_all_existing_8_neighbors_robust_miss,False,8,main,0,34.99999999985611,0.0,0.1272365805168986,3.275674043834442e-05,2.1837826693626994e-06,35.0,42.53427826911719,0.0,0.0,337.6474609487949,True,5079.711946988664,5079.711930610293,5079.711914231923,0,0,8,70.0,8.0,O,[],True,338.64746313257757,338.6474620406862,338.64746204068626,338.6474609487949,robust_miss,6,3,2,False
cell_and_all_existing_8_neighbors_robust_miss,False,8,main,0,29.775874868598905,0.0,0.0,5.4504795116372406e-05,3.6336530229164055e-06,31.012493869394653,31.012493869394653,0.0,0.0,477.9701340416113,True,7184.552065128964,7184.552037876568,7184.552010624169,0,0,8,75.0,8.0,O,[],True,478.9701376752643,478.9701358584378,478.9701358584378,478.9701340416113,robust_miss,6,3,2,False
cell_and_all_existing_8_neighbors_robust_miss,False,8,main,0,5.1130309703652905,0.0,0.0,9.03787549759727e-05,6.025250399943616e-06,6.000186414688935,6.000186414688935,0.0,0.0,524.3764652212428,True,7880.647068697398,7880.6470235080205,7880.646978318643,0,0,8,80.0,8.0,O,[],True,525.3764712464932,525.376468233868,525.3764682338681,525.3764652212428,robust_miss,6,3,2,False
cell_and_all_existing_8_neighbors_robust_miss,False,8,main,0,5.625701332296016,0.0,0.0,0.00010587536417006049,7.058357596179121e-06,5.7977116390596,5.7977116390596,0.0,0.0,531.2609735651071,True,7983.9147093519705,7983.914656414289,7983.914603476606,0,0,8,85.0,8.0,O,[],True,532.2609806234647,532.2609770942859,532.2609770942859,532.2609735651071,robust_miss,6,3,2,False
cell_and_all_existing_8_neighbors_robust_miss,False,5,main,0,0.0,0.0,0.0,0.0001141462062150822,7.609747058268113e-06,0.0,0.0,0.0,0.0,532.3367013516906,True,8000.0506344215655,8000.050577348462,8000.050520275359,0,0,5,90.0,8.0,O,[],True,533.3367089614377,533.3367051565641,533.3367051565642,533.3367013516906,robust_miss,6,3,2,False
cell_and_all_existing_8_neighbors_robust_hit,False,5,main,3,1.8014706545557722,0.0,0.0,0.0,0.0,6.124999999999999,6.124999999999999,0.0,0.0,0.9999091858556064,True,0.001362212165904252,0.001362212165904252,0.001362212165904252,0,5,0,0.0,9.0,N,[],True,9.08141443936168e-05,9.08141443936168e-05,9.08141443936168e-05,9.08141443936168e-05,robust_hit,3,3,1,False
cell_and_all_existing_8_neighbors_robust_hit,False,8,main,6,7.0417081869101095,0.0,0.0,1.744631181298988e-06,1.1630874541993343e-07,7.046561161160232,7.046561161160232,0.0,0.0,0.9999090552163933,True,0.001364171754100277,0.0013632994385096274,0.001362427122918978,0,8,0,5.0,9.0,N,[],True,9.094478360668513e-05,9.088662923397517e-05,9.088662923397516e-05,9.08284748612652e-05,robust_hit,6,3,2,False
cell_and_all_existing_8_neighbors_robust_hit,False,8,main,6,11.870364695248144,0.0,0.0,2.080360975274852e-06,1.3869073168498833e-07,11.878711907613834,11.878711907613834,0.0,0.0,0.9999090094832886,True,0.0013648577506701425,0.0013638175701825052,0.0013627773896948676,0,8,0,10.0,9.0,N,[],True,9.099051671134283e-05,9.092117134550033e-05,9.092117134550033e-05,9.085182597965784e-05,robust_hit,6,3,2,False
cell_and_all_existing_8_neighbors_robust_hit,False,8,main,6,15.667326212980129,0.0,0.0,3.2308504426094634e-06,2.1539002950729123e-07,15.678185211997139,15.678185211997139,0.0,0.0,0.9999088012988814,True,0.0013679805167798244,0.0013663650915585197,0.001364749666337215,0,8,0,15.0,9.0,N,[],True,9.119870111865496e-05,9.10910061039013e-05,9.10910061039013e-05,9.098331108914767e-05,robust_hit,6,3,2,False
cell_and_all_existing_8_neighbors_robust_hit,False,8,main,6,19.062690581317934,0.0,0.0,3.1455568750080997e-06,2.0970379166720845e-07,19.07552337832162,19.07552337832162,0.0,0.0,0.9999087931225661,True,0.0013681031615085301,0.001366530383071026,0.001364957604633522,0,8,0,20.0,9.0,N,[],True,9.1206877433902e-05,9.110202553806839e-05,9.11020255380684e-05,9.09971736422348e-05,robust_hit,6,3,2,False
cell_and_all_existing_8_neighbors_robust_hit,False,8,main,6,22.241956366607038,0.0,0.0,5.617176283891643e-06,3.74478418926105e-07,22.25677796102171,22.25677796102171,0.0,0.0,0.9999079346018732,True,0.0013809809719015625,0.0013781723837596165,0.0013753637956176708,0,8,0,25.0,9.0,N,[],True,9.206539812677083e-05,9.187815891730778e-05,9.187815891730777e-05,9.169091970784472e-05,robust_hit,6,3,2,False
cell_and_all_existing_8_neighbors_robust_hit,False,8,main,6,25.191386685281476,0.0,0.0,6.4406366177744735e-06,4.293757745182919e-07,25.208172191965073,25.208172191965073,0.0,0.0,0.9999072909031829,True,0.001390636452257424,0.0013874161339485368,0.0013841958156396495,0,8,0,30.0,9.0,N,[],True,9.27090968171616e-05,9.249440892990246e-05,9.249440892990246e-05,9.22797210426433e-05,robust_hit,6,3,2,False
cell_and_all_existing_8_neighbors_robust_hit,False,8,main,6,27.89222330928192,0.0,0.0,5.795803522281109e-06,3.863869014854109e-07,27.91067026486416,27.91067026486416,0.0,0.0,0.999907284075167,True,0.0013907388724941994,0.0013878409707330588,0.0013849430689719183,0,8,0,35.0,9.0,N,[],True,9.271592483294663e-05,9.252273138220392e-05,9.252273138220392e-05,9.232953793146122e-05,robust_hit,6,3,2,False
cell_and_all_existing_8_neighbors_robust_hit,False,8,main,6,30.359758169754844,0.0,0.0,5.681316178285812e-06,3.787544118857199e-07,30.379087445156234,30.379087445156234,0.0,0.0,0.9999067480238037,True,0.0013987796429441371,0.0013959389848549944,0.0013930983267658513,0,8,0,40.0,9.0,N,[],True,9.325197619627581e-05,9.306259899033296e-05,9.306259899033296e-05,9.287322178439009e-05,robust_hit,6,3,2,False
cell_and_all_existing_8_neighbors_robust_hit,False,8,main,6,32.58082087170669,0.0,0.0,2.6609289143510705e-06,1.773952609567317e-07,32.6013597586603,32.6013597586603,0.0,0.0,0.9999083673474836,True,0.0013744897877462673,0.0013731593232890916,0.0013718288588319162,0,8,0,45.0,9.0,N,[],True,9.163265251641782e-05,9.154395488593944e-05,9.154395488593944e-05,9.145525725546109e-05,robust_hit,6,3,2,False
cell_and_all_existing_8_neighbors_robust_hit,False,8,main,6,34.5268372247847,0.0,0.0,3.4173836138504544e-06,2.2782557425669967e-07,34.54677467539767,34.54677467539767,0.0,0.0,0.9999067002752552,True,0.001399495871172235,0.0013977871793653099,0.0013960784875583845,0,8,0,50.0,9.0,N,[],True,9.329972474481566e-05,9.318581195768731e-05,9.318581195768731e-05,9.307189917055896e-05,robust_hit,6,3,2,False
cell_and_all_existing_8_neighbors_robust_hit,False,8,main,6,34.99999999964125,0.0,0.0684931506849315,1.654793663860999e-06,1.1031957759073327e-07,35.0,36.682138064033886,0.0,0.0,0.999907258025686,True,0.0013911296147099807,0.0013903022178780502,0.0013894748210461197,0,8,0,55.0,9.0,N,[],True,9.274197431399871e-05,9.268681452520335e-05,9.268681452520335e-05,9.263165473640798e-05,robust_hit,6,3,2,False
mixed_or_adjacent_to_a_different_robust_state,False,8,main,6,34.99999999999926,0.0,0.07525870178739416,5.187621725049295e-08,3.4584144833680035e-09,35.0,128.1846647406908,0.0,0.0,0.9998943679083725,True,0.0015844813744120502,0.001584455436303425,0.0015844294981947997,0,5,3,60.0,9.0,M,[],True,0.00010563209162747001,0.00010563036242022833,0.00010563036242022833,0.00010562863321298664,robust_hit,6,3,2,False
mixed_or_adjacent_to_a_different_robust_state,False,8,main,0,34.999999999996845,0.0,0.08087431693989071,1.9698665710166097e-05,1.3132443825725204e-06,35.0,41.029373150968276,0.0,0.0,166.60913463280093,True,2514.13703919068,2514.137029341347,2514.137019492014,0,3,5,65.0,9.0,M,[],True,167.6091359460453,167.6091352894231,167.60913528942314,167.60913463280093,robust_miss,6,3,2,False
cell_and_all_existing_8_neighbors_robust_miss,False,8,main,0,34.99999989823183,0.0,0.07678571428571429,3.3306851946690585e-05,2.2204567926564778e-06,35.0,38.43846166959335,0.0,0.0,384.5841400069093,True,5783.7621334104915,5783.762116757065,5783.76210010364,0,0,8,70.0,9.0,O,[],True,385.5841422273661,385.58414111713773,385.58414111713773,385.5841400069093,robust_miss,6,3,2,False
cell_and_all_existing_8_neighbors_robust_miss,False,8,main,0,28.18938331754143,0.0,0.0,5.099658210383495e-05,3.3997721402556635e-06,29.365740932782565,29.365740932782565,0.0,0.0,539.9757020447701,True,8114.635581668133,8114.635556169843,8114.635530671551,0,0,8,75.0,9.0,O,[],True,540.9757054445422,540.9757037446561,540.9757037446561,540.9757020447701,robust_miss,6,3,2,False
cell_and_all_existing_8_neighbors_robust_miss,False,8,main,0,5.062591158568107,0.0,0.0,8.840849113767035e-05,5.893899356124166e-06,5.914480965045911,5.914480965045911,0.0,0.0,590.1679553251087,True,8867.519418285121,8867.519374080875,8867.51932987663,0,0,8,80.0,9.0,O,[],True,591.167961219008,591.1679582720584,591.1679582720583,591.1679553251087,robust_miss,6,3,2,False
cell_and_all_existing_8_neighbors_robust_miss,False,8,main,0,5.595332543170203,0.0,0.0,0.00010512162225495558,7.008108127593005e-06,5.734578630111382,5.734578630111382,0.0,0.0,597.8603763011722,True,8982.905749639205,8982.905697078395,8982.905644517583,0,0,8,85.0,9.0,O,[],True,598.8603833092803,598.8603798052262,598.8603798052263,598.8603763011722,robust_miss,6,3,2,False
cell_and_all_existing_8_neighbors_robust_miss,False,5,main,0,0.0,0.0,0.0,0.0001141463599196868,7.6097572900835075e-06,0.0,0.0,0.0,0.0,599.0029933733149,True,9000.045014746083,9000.044957672902,9000.044900599723,0,0,5,90.0,9.0,O,[],True,600.0030009830722,600.0029971781936,600.0029971781935,600.0029933733149,robust_miss,6,3,2,False
cell_and_all_existing_8_neighbors_robust_hit,False,5,main,3,1.8014706545557722,0.0,0.0,0.0,0.0,6.124999999999999,6.124999999999999,0.0,0.0,0.9999091858533904,True,0.0013622121991446634,0.0013622121991446634,0.0013622121991446634,0,5,0,0.0,10.0,N,[],True,9.081414660964423e-05,9.081414660964423e-05,9.081414660964423e-05,9.081414660964423e-05,robust_hit,3,3,1,False
cell_and_all_existing_8_neighbors_robust_hit,False,8,main,6,6.962792336549865,0.0,0.0,1.2791225813242948e-06,8.52748387549548e-08,6.967179491118151,6.967179491118151,0.0,0.0,0.9999091043585623,True,0.0013634346215653137,0.0013627950602746516,0.0013621554989839894,0,8,0,5.0,10.0,N,[],True,9.089564143768758e-05,9.08530040183101e-05,9.08530040183101e-05,9.081036659893263e-05,robust_hit,6,3,2,False
cell_and_all_existing_8_neighbors_robust_hit,False,8,main,6,11.66099044679938,0.0,0.0,3.3445659400270066e-06,2.229710626684662e-07,11.668030796554856,11.668030796554856,0.0,0.0,0.999908795932059,True,0.0013680610191165125,0.001366388736146499,0.0013647164531764855,0,8,0,10.0,10.0,N,[],True,9.120406794110083e-05,9.10925824097666e-05,9.10925824097666e-05,9.098109687843236e-05,robust_hit,6,3,2,False
cell_and_all_existing_8_neighbors_robust_hit,False,8,main,6,15.43602783572591,0.0,0.0,4.487036872011805e-06,2.9913579146745816e-07,15.44558551727246,15.44558551727246,0.0,0.0,0.9999084982267183,True,0.001372526599225644,0.001370283080789638,0.0013680395623536321,0,8,0,15.0,10.0,N,[],True,9.15017732817096e-05,9.135220538597586e-05,9.135220538597586e-05,9.120263749024214e-05,robust_hit,6,3,2,False
cell_and_all_existing_8_neighbors_robust_hit,False,8,main,6,18.722292604780915,0.0,0.0,4.177283906859567e-06,2.7848559379062786e-07,18.733866285647043,18.733866285647043,0.0,0.0,0.9999085342837315,True,0.0013719857440269644,0.0013698971020735346,0.0013678084601201049,0,8,0,20.0,10.0,N,[],True,9.146571626846429e-05,9.132647347156898e-05,9.132647347156897e-05,9.118723067467366e-05,robust_hit,6,3,2,False
cell_and_all_existing_8_neighbors_robust_hit,False,8,main,6,21.752894166426344,0.0,0.0,4.248813884388152e-06,2.8325425895922096e-07,21.76580374871403,21.76580374871403,0.0,0.0,0.9999084395180288,True,0.0013734072295692836,0.0013712828226270894,0.0013691584156848955,0,8,0,25.0,10.0,N,[],True,9.156048197128558e-05,9.141885484180597e-05,9.141885484180597e-05,9.127722771232636e-05,robust_hit,6,3,2,False
cell_and_all_existing_8_neighbors_robust_hit,False,8,main,6,24.561470362112825,0.0,0.0,5.8347061891780155e-06,3.889804126118641e-07,24.57613650306194,24.57613650306194,0.0,0.0,0.9999076126878286,True,0.0013858096825720683,0.0013828923294774793,0.0013799749763828903,0,8,0,30.0,10.0,N,[],True,9.238731217147122e-05,9.21928219651653e-05,9.219282196516529e-05,9.199833175885935e-05,robust_hit,6,3,2,False
cell_and_all_existing_8_neighbors_robust_hit,False,8,main,6,27.13615151630248,0.0,0.0,4.919666440315624e-06,3.2797776268770826e-07,27.152505277470638,27.152505277470638,0.0,0.0,0.9999077916724806,True,0.0013831249127912988,0.001380665079571141,0.0013782052463509832,0,8,0,35.0,10.0,N,[],True,9.220832751941992e-05,9.204433863807606e-05,9.204433863807606e-05,9.188034975673221e-05,robust_hit,6,3,2,False
cell_and_all_existing_8_neighbors_robust_hit,False,8,main,6,29.47290967664508,0.0,0.0,4.565246840506146e-06,3.043497893670836e-07,29.490055929202065,29.490055929202065,0.0,0.0,0.9999075836920935,True,0.0013862446185967305,0.0013839619951764774,0.0013816793717562244,0,8,0,40.0,10.0,N,[],True,9.24163079064487e-05,9.226413301176516e-05,9.226413301176516e-05,9.211195811708162e-05,robust_hit,6,3,2,False
cell_and_all_existing_8_neighbors_robust_hit,False,8,main,6,31.5616979865243,0.0,0.0,3.7470040717482722e-06,2.4980027144987397e-07,31.578464089171558,31.578464089171558,0.0,0.0,0.9999075534626203,True,0.0013866980606961116,0.0013848245586602374,0.0013829510566243633,0,8,0,45.0,10.0,N,[],True,9.244653737974077e-05,9.232163724401583e-05,9.232163724401583e-05,9.219673710829089e-05,robust_hit,6,3,2,False
cell_and_all_existing_8_neighbors_robust_hit,False,8,main,6,33.37583443715228,0.0,0.0,3.1673121409960935e-06,2.111541427330711e-07,33.39267878978766,33.39267878978766,0.0,0.0,0.9999069708628279,True,0.0013954370575824492,0.001393853401511951,0.0013922697454414532,0,8,0,50.0,10.0,N,[],True,9.302913717216328e-05,9.292356010079675e-05,9.292356010079675e-05,9.281798302943021e-05,robust_hit,6,3,2,False
cell_and_all_existing_8_neighbors_robust_hit,False,8,main,6,34.86078922136488,0.0,0.0,1.5268656159651492e-06,1.017910410643487e-07,34.875667161783085,34.875667161783085,0.0,0.0,0.9999074687413069,True,0.001387968880397365,0.0013872054475893823,0.0013864420147814,0,8,0,55.0,10.0,N,[],True,9.253125869315767e-05,9.248036317262551e-05,9.24803631726255e-05,9.242946765209333e-05,robust_hit,6,3,2,False
mixed_or_adjacent_to_a_different_robust_state,False,8,main,6,34.99999999951703,0.0,0.04837364470391994,3.0984193244432134e-07,2.0656128828233644e-08,35.0,36.41477434612422,0.0,0.0,0.945025257543976,True,0.8246211368403595,0.8246209819193933,0.8246208269984271,0,5,3,60.0,10.0,M,[],True,0.05497474245602397,0.05497473212795956,0.05497473212795956,0.05497472179989514,robust_hit,6,3,2,False
mixed_or_adjacent_to_a_different_robust_state,False,8,main,0,34.99999999462047,0.0,0.04918032786885246,1.9629128019005293e-05,1.3086085459690366e-06,35.0,37.53378791405112,0.0,0.0,179.4960266226127,True,2707.4404189683187,2707.440409153755,2707.4403993391907,0,3,5,65.0,10.0,M,[],True,180.49602793122125,180.49602727691698,180.49602727691698,180.4960266226127,robust_miss,6,3,2,False
cell_and_all_existing_8_neighbors_robust_miss,False,8,main,0,34.990093787725954,0.0,0.013071895424836602,3.3896693821589e-05,2.2597795918954944e-06,35.0,35.32881177752056,0.0,0.0,433.99711418261745,True,6524.956746635956,6524.9567296876085,6524.956712739262,0,0,8,70.0,10.0,O,[],True,434.99711644239704,434.9971153125073,434.9971153125073,434.99711418261745,robust_miss,6,3,2,False
cell_and_all_existing_8_neighbors_robust_miss,False,8,main,0,26.73643880216699,0.0,0.0,4.821796937903855e-05,3.2145312616194133e-06,27.726394797862977,27.726394797862977,0.0,0.0,602.5678427100605,True,9053.517688868877,9053.517664759891,9053.517640650907,0,0,8,75.0,10.0,O,[],True,603.5678459245918,603.5678443173261,603.5678443173261,603.5678427100605,robust_miss,6,3,2,False
cell_and_all_existing_8_neighbors_robust_miss,False,8,main,0,5.087016836972995,0.0,0.0,8.653827171656303e-05,5.769218091700168e-06,5.933783651979507,5.933783651979507,0.0,0.0,655.9678360292146,True,9854.51762697649,9854.517583707355,9854.517540438219,0,0,8,80.0,10.0,O,[],True,656.9678417984327,656.9678389138236,656.9678389138237,656.9678360292146,robust_miss,6,3,2,False
cell_and_all_existing_8_neighbors_robust_miss,False,8,main,0,5.587144442520973,0.0,0.0,0.00010440965706948191,6.960643759157392e-06,5.702824192156776,5.702824192156776,0.0,0.0,664.4621752167094,True,9981.932732660298,9981.93268045547,9981.93262825064,0,0,8,85.0,10.0,O,[],True,665.4621821773532,665.4621786970313,665.4621786970313,665.4621752167094,robust_miss,6,3,2,False
cell_and_all_existing_8_neighbors_robust_miss,False,5,main,0,0.0,0.0,0.0,0.00011414646724006161,7.609764566041122e-06,0.0,0.0,0.0,0.0,665.6693603234387,True,10000.040518998048,10000.040461924815,10000.040404851581,0,0,5,90.0,10.0,O,[],True,666.6693679332033,666.669364128321,666.6693641283209,666.6693603234387,robust_miss,6,3,2,False
cell_and_all_existing_8_neighbors_robust_hit,False,5,main,3,1.8014706545557722,0.0,0.0,0.0,0.0,6.124999999999999,6.124999999999999,0.0,0.0,0.9999091858511082,True,0.0013622122333761795,0.0013622122333761795,0.0013622122333761795,0,5,0,0.0,11.0,N,[],True,9.08141488917453e-05,9.081414889174529e-05,9.08141488917453e-05,9.08141488917453e-05,robust_hit,3,3,1,False
cell_and_all_existing_8_neighbors_robust_hit,False,8,main,6,6.902129423253662,0.0,0.0,1.4186106808056122e-06,9.457404538703359e-08,6.906095410807831,6.906095410807831,0.0,0.0,0.9999090907302041,True,0.0013636390469384024,0.0013629297415979997,0.0013622204362575968,0,8,0,5.0,11.0,N,[],True,9.090926979589349e-05,9.086198277319997e-05,9.086198277319997e-05,9.081469575050646e-05,robust_hit,6,3,2,False
cell_and_all_existing_8_neighbors_robust_hit,False,8,main,6,11.515345152765567,0.0,0.0,2.2912844443009808e-06,1.527522962867429e-07,11.521696416573231,11.521696416573231,0.0,0.0,0.9999089794463707,True,0.0013653083044391995,0.001364162662217049,0.0013630170199948985,0,8,0,10.0,11.0,N,[],True,9.102055362927997e-05,9.09441774811366e-05,9.09441774811366e-05,9.086780133299323e-05,robust_hit,6,3,2,False
cell_and_all_existing_8_neighbors_robust_hit,False,8,main,6,15.241427243651065,0.0,0.0,3.8009927511347547e-06,2.533995167423197e-07,15.249763699639978,15.249763699639978,0.0,0.0,0.9999086741076225,True,0.0013698883856628433,0.001367987889287276,0.0013660873929117086,0,8,0,15.0,11.0,N,[],True,9.13258923775229e-05,9.119919261915173e-05,9.119919261915173e-05,9.107249286078057e-05,robust_hit,6,3,2,False
cell_and_all_existing_8_neighbors_robust_hit,False,8,main,6,18.410428009909403,0.0,0.0,4.44713113930263e-06,2.9647540928684653e-07,18.420690133762037,18.420690133762037,0.0,0.0,0.9999084550563982,True,0.001373174154026551,0.0013709505884568996,0.0013687270228872484,0,8,0,20.0,11.0,N,[],True,9.154494360177007e-05,9.139670589712666e-05,9.139670589712666e-05,9.124846819248323e-05,robust_hit,6,3,2,False
cell_and_all_existing_8_neighbors_robust_hit,False,8,main,6,21.332994922570297,0.0,0.0,4.374388969617714e-06,2.91625931307844e-07,21.344677050728706,21.344677050728706,0.0,0.0,0.999908396597003,True,0.0013740510449550805,0.0013718638504702715,0.0013696766559854628,0,8,0,25.0,11.0,N,[],True,9.160340299700537e-05,9.145759003135144e-05,9.145759003135144e-05,9.131177706569752e-05,robust_hit,6,3,2,False
cell_and_all_existing_8_neighbors_robust_hit,False,8,main,6,24.00862332310059,0.0,0.0,4.4854778524106714e-06,2.990318568273754e-07,24.021391538521076,24.021391538521076,0.0,0.0,0.9999082273843759,True,0.0013765892343617426,0.0013743464954355372,0.001372103756509332,0,8,0,30.0,11.0,N,[],True,9.177261562411617e-05,9.162309969570247e-05,9.162309969570247e-05,9.147358376728879e-05,robust_hit,6,3,2,False
cell_and_all_existing_8_neighbors_robust_hit,False,8,main,6,26.46082799301271,0.0,0.0,5.538620793657393e-06,3.6924138624382075e-07,26.474764499064754,26.474764499064754,0.0,0.0,0.999907420103333,True,0.001388698450004669,0.0013859291396078402,0.0013831598292110116,0,8,0,35.0,11.0,N,[],True,9.257989666697793e-05,9.239527597385602e-05,9.239527597385602e-05,9.22106552807341e-05,robust_hit,6,3,2,False
cell_and_all_existing_8_neighbors_robust_hit,False,8,main,6,28.684060213766255,0.0,0.0,5.482073593247178e-06,3.65471572883147e-07,28.698681655892162,28.698681655892162,0.0,0.0,0.9999068608373218,True,0.0013970874401720724,0.0013943464033754488,0.0013916053665788252,0,8,0,40.0,11.0,N,[],True,9.313916267813816e-05,9.295642689169659e-05,9.295642689169659e-05,9.277369110525502e-05,robust_hit,6,3,2,False
cell_and_all_existing_8_neighbors_robust_hit,False,8,main,6,30.655720664243628,0.0,0.0,4.5058320785815176e-06,3.0038880523877145e-07,30.670431609536795,30.670431609536795,0.0,0.0,0.9999067819780114,True,0.0013982703298294542,0.0013960174137901636,0.0013937644977508727,0,8,0,45.0,11.0,N,[],True,9.321802198863028e-05,9.306782758601089e-05,9.306782758601089e-05,9.29176331833915e-05,robust_hit,6,3,2,False
cell_and_all_existing_8_neighbors_robust_hit,False,8,main,6,32.35528370689533,0.0,0.0,2.2746002067890268e-06,1.5164001378593873e-07,32.36901378476219,32.36901378476219,0.0,0.0,0.9999080064296543,True,0.0013799035551867323,0.001378766255083338,0.0013776289549799433,0,8,0,50.0,11.0,N,[],True,9.199357034578216e-05,9.191775033888919e-05,9.191775033888919e-05,9.184193033199622e-05,robust_hit,6,3,2,False
cell_and_all_existing_8_neighbors_robust_hit,False,8,main,6,33.72850112512538,0.0,0.0,1.319895594275016e-06,8.799303961833712e-08,33.740836625087425,33.740836625087425,0.0,0.0,0.9999077832714771,True,0.0013832509278440717,0.0013825909800469344,0.0013819310322497967,0,8,0,55.0,11.0,N,[],True,9.221672852293812e-05,9.217273200312895e-05,9.217273200312894e-05,9.212873548331978e-05,robust_hit,6,3,2,False
mixed_or_adjacent_to_a_different_robust_state,False,8,main,6,34.686249190222505,0.0,0.0,2.0234855514040737e-08,1.3489903675991018e-09,34.69557420398521,34.69557420398521,0.0,0.0,0.999908265704791,True,0.0013760144281355464,0.0013760043107077895,0.0013759941932800323,0,5,3,60.0,11.0,M,[],True,9.173429520903643e-05,9.173362071385263e-05,9.173362071385263e-05,9.173294621866883e-05,robust_hit,6,3,2,False
mixed_or_adjacent_to_a_different_robust_state,False,8,main,0,34.999317652077885,0.0,0.011343804537521814,2.0041870357090374e-05,1.3361246828935691e-06,35.0,35.09933138154569,0.0,0.0,199.29280876285205,True,3004.392151484651,3004.3921414637157,3004.3921314427807,0,3,5,65.0,11.0,M,[],True,200.29281009897673,200.2928094309144,200.2928094309144,200.29280876285205,robust_miss,6,3,2,False
cell_and_all_existing_8_neighbors_robust_miss,False,8,main,0,33.39578792535595,0.0,0.0,3.454131001490168e-05,2.3027540123621293e-06,33.515206901554976,33.515206901554976,0.0,0.0,486.38535580028605,True,7310.780371545601,7310.780354274946,7310.780337004291,0,0,8,70.0,11.0,O,[],True,487.38535810304006,487.385356951663,487.3853569516631,487.38535580028605,robust_miss,6,3,2,False
cell_and_all_existing_8_neighbors_robust_miss,False,8,main,0,24.27899514661682,0.0,0.0,4.590411845128983e-05,3.0602745937358122e-06,26.39011102734682,26.39011102734682,0.0,0.0,665.793321580001,True,10001.899869604134,10001.899846652075,10001.899823700016,0,0,8,75.0,11.0,O,[],True,666.7933246402756,666.7933231101383,666.7933231101383,666.793321580001,robust_miss,6,3,2,False
cell_and_all_existing_8_neighbors_robust_miss,False,8,main,0,5.165179337035397,0.0,0.0,8.475593858747743e-05,5.650395905831829e-06,6.02821863011554,6.02821863011554,0.0,0.0,721.7758357037765,True,10841.637620312586,10841.637577934616,10841.637535556647,0,0,8,80.0,11.0,O,[],True,722.7758413541724,722.7758385289744,722.7758385289744,722.7758357037765,robust_miss,6,3,2,False
cell_and_all_existing_8_neighbors_robust_miss,False,8,main,0,5.590881463966293,0.0,0.0,0.00010373623445047997,6.915748940627964e-06,5.688976499987049,5.688976499987049,0.0,0.0,731.0661163212204,True,10980.99184855454,10980.991796686423,10980.991744818306,0,0,8,85.0,11.0,O,[],True,732.0661232369694,732.066119779095,732.0661197790948,732.0661163212204,robust_miss,6,3,2,False
cell_and_all_existing_8_neighbors_robust_miss,False,5,main,0,0.0,0.0,0.0,0.00011414654727559537,7.609769795635657e-06,0.0,0.0,0.0,0.0,732.335781767177,True,11000.036840654202,11000.036783580928,11000.036726507655,0,0,5,90.0,11.0,O,[],True,733.3357893769468,733.3357855720619,733.3357855720619,733.335781767177,robust_miss,6,3,2,False
cell_and_all_existing_8_neighbors_robust_hit,False,5,main,3,1.8014706545557722,0.0,0.0,0.0,0.0,6.124999999999999,6.124999999999999,0.0,0.0,0.999909185848759,True,0.0013622122686153253,0.0013622122686153253,0.0013622122686153253,0,5,0,0.0,12.0,N,[],True,9.081415124102169e-05,9.081415124102169e-05,9.081415124102169e-05,9.081415124102169e-05,robust_hit,3,3,1,False
cell_and_all_existing_8_neighbors_robust_hit,False,8,main,6,6.853927913690308,0.0,0.0,1.19199059715378e-06,7.946603981025561e-08,6.857614951905661,6.857614951905661,0.0,0.0,0.9999091124082365,True,0.0013633138764518715,0.0013627178811532947,0.0013621218858547177,0,8,0,5.0,12.0,N,[],True,9.08875917634581e-05,9.084785874355297e-05,9.084785874355297e-05,9.080812572364784e-05,robust_hit,6,3,2,False
cell_and_all_existing_8_neighbors_robust_hit,False,8,main,6,11.395546452986943,0.0,0.0,3.108437214131149e-06,2.0722914760873152e-07,11.401493716085252,11.401493716085252,0.0,0.0,0.9999088419283787,True,0.0013673710743199383,0.0013658168557128727,0.0013642626371058071,0,8,0,10.0,12.0,N,[],True,9.115807162132921e-05,9.105445704752485e-05,9.105445704752485e-05,9.095084247372048e-05,robust_hit,6,3,2,False
cell_and_all_existing_8_neighbors_robust_hit,False,8,main,6,15.038248554808535,0.0,0.0,1.9559301622817157e-06,1.3039534415210986e-07,15.045668924578175,15.045668924578175,0.0,0.0,0.9999090201357811,True,0.001364697963284071,0.0013637199982029303,0.0013627420331217893,0,8,0,15.0,12.0,N,[],True,9.097986421893807e-05,9.091466654686202e-05,9.091466654686202e-05,9.084946887478596e-05,robust_hit,6,3,2,False
cell_and_all_existing_8_neighbors_robust_hit,False,8,main,6,18.14358327956271,0.0,0.0,2.451071837775631e-06,1.6340478918504568e-07,18.152611620453182,18.152611620453182,0.0,0.0,0.9999089297545006,True,0.0013660536824897456,0.0013648281465708579,0.00136360261065197,0,8,0,20.0,12.0,N,[],True,9.107024549931637e-05,9.098854310472385e-05,9.098854310472385e-05,9.090684071013133e-05,robust_hit,6,3,2,False
cell_and_all_existing_8_neighbors_robust_hit,False,8,main,6,20.95203611412967,0.0,0.0,5.841791945057845e-06,3.8945279633718064e-07,20.962332214971607,20.962332214971607,0.0,0.0,0.9999078280232241,True,0.0013825796516379358,0.0013796587556654067,0.001376737859692878,0,8,0,25.0,12.0,N,[],True,9.217197677586238e-05,9.19772503776938e-05,9.197725037769379e-05,9.17825239795252e-05,robust_hit,6,3,2,False
cell_and_all_existing_8_neighbors_robust_hit,False,8,main,6,23.527093443923988,0.0,0.0,4.27355983391442e-06,2.849039889276316e-07,23.538285714002534,23.538285714002534,0.0,0.0,0.9999083072549668,True,0.001375391175497799,0.0013732543955808417,0.0013711176156638845,0,8,0,30.0,12.0,N,[],True,9.16927450331866e-05,9.155029303872278e-05,9.155029303872278e-05,9.140784104425896e-05,robust_hit,6,3,2,False
cell_and_all_existing_8_neighbors_robust_hit,False,8,main,6,25.867628990385843,0.0,0.0,5.4880514297915226e-06,3.658700953194303e-07,25.880320187658516,25.880320187658516,0.0,0.0,0.9999074406515679,True,0.0013883902264814315,0.0013856462007665355,0.00138290217505164,0,8,0,35.0,12.0,N,[],True,9.255934843209542e-05,9.23764133844357e-05,9.23764133844357e-05,9.2193478336776e-05,robust_hit,6,3,2,False
cell_and_all_existing_8_neighbors_robust_hit,False,8,main,6,27.97739125704329,0.0,0.0,5.088936243128261e-06,3.3926241620855255e-07,27.990437115988403,27.990437115988403,0.0,0.0,0.9999071606295513,True,0.0013925905567308688,0.0013900460886093046,0.0013875016204877406,0,8,0,40.0,12.0,N,[],True,9.283937044872459e-05,9.266973924062031e-05,9.266973924062031e-05,9.250010803251604e-05,robust_hit,6,3,2,False
cell_and_all_existing_8_neighbors_robust_hit,False,8,main,6,29.844250693234063,0.0,0.0,4.109661752600821e-06,2.7397745017338805e-07,29.85662905592292,29.85662905592292,0.0,0.0,0.9999071537945677,True,0.001392693081484153,0.0013906382506078526,0.0013885834197315521,0,8,0,45.0,12.0,N,[],True,9.284620543227686e-05,9.270921670719017e-05,9.270921670719017e-05,9.257222798210347e-05,robust_hit,6,3,2,False
cell_and_all_existing_8_neighbors_robust_hit,False,8,main,6,31.443316193890197,0.0,0.0,2.9902414923151013e-06,1.993494328210194e-07,31.455181849979095,31.455181849979095,0.0,0.0,0.9999070746478784,True,0.0013938802818236195,0.0013923851610774618,0.0013908900403313044,0,8,0,50.0,12.0,N,[],True,9.292535212157464e-05,9.282567740516413e-05,9.282567740516413e-05,9.272600268875362e-05,robust_hit,6,3,2,False
cell_and_all_existing_8_neighbors_robust_hit,False,8,main,6,32.719413116138355,0.0,0.0,1.1979222423773913e-06,7.986148282515038e-08,32.72972877126876,32.72972877126876,0.0,0.0,0.9999079230351396,True,0.0013811544729051895,0.001380555511784001,0.0013799565506628121,0,8,0,55.0,12.0,N,[],True,9.207696486034596e-05,9.203703411893339e-05,9.203703411893339e-05,9.199710337752081e-05,robust_hit,6,3,2,False
mixed_or_adjacent_to_a_different_robust_state,False,8,main,6,33.587949797499526,0.0,0.0,5.7903479862460305e-09,3.860231990830687e-10,33.59534742180291,33.59534742180291,0.0,0.0,0.9999087957334158,True,0.0013680639987631057,0.0013680611035891126,0.0013680582084151195,0,5,3,60.0,12.0,M,[],True,9.120426658420705e-05,9.12040735726075e-05,9.120407357260751e-05,9.120388056100797e-05,robust_hit,6,3,2,False
mixed_or_adjacent_to_a_different_robust_state,False,8,main,0,33.83229517479236,0.0,0.0,2.0720647626149002e-05,1.3813765065151529e-06,33.86626205032165,33.86626205032165,0.0,0.0,224.8195292210968,True,3387.2929590370995,3387.2929486767757,3387.292938316452,0,3,5,65.0,12.0,M,[],True,225.8195306024733,225.81952991178503,225.81952991178503,225.8195292210968,robust_miss,6,3,2,False
cell_and_all_existing_8_neighbors_robust_miss,False,8,main,0,31.745544923303957,0.0,0.0,3.498220667097485e-05,2.3321471189774456e-06,31.881062831496905,31.881062831496905,0.0,0.0,537.297540221627,True,8074.463138306611,8074.463120815508,8074.463103324404,0,0,8,70.0,12.0,O,[],True,538.2975425537741,538.2975413877006,538.2975413877004,538.297540221627,robust_miss,6,3,2,False
cell_and_all_existing_8_neighbors_robust_miss,False,8,main,0,21.280365505166706,0.0,0.0,4.30006784881698e-05,2.8667119522651774e-06,21.4646747974829,21.4646747974829,0.0,0.0,728.6886497756443,True,10945.329789635343,10945.329768135003,10945.329746634665,0,0,8,75.0,12.0,O,[],True,729.6886526423563,729.6886512090003,729.6886512090002,729.6886497756443,robust_miss,6,3,2,False
cell_and_all_existing_8_neighbors_robust_miss,False,8,main,0,5.149175538411823,0.0,0.0,8.307074131153058e-05,5.5380494359269505e-06,5.996815966487961,5.996815966487961,0.0,0.0,787.5977190143948,True,11828.965868286663,11828.965826751293,11828.965785215922,0,0,8,80.0,12.0,O,[],True,788.5977245524442,788.5977217834194,788.5977217834195,788.5977190143948,robust_miss,6,3,2,False
cell_and_all_existing_8_neighbors_robust_miss,False,8,main,0,5.60105213990772,0.0,0.0,0.00010306916919944342,6.8712779466295615e-06,5.685630931487502,5.685630931487502,0.0,0.0,797.6719667525529,True,11980.079604357463,11980.079552822877,11980.079501288294,0,0,8,85.0,12.0,O,[],True,798.6719736238308,798.6719701881917,798.6719701881918,798.6719667525529,robust_miss,6,3,2,False
cell_and_all_existing_8_neighbors_robust_miss,False,5,main,0,0.0,0.0,0.0,0.00011414660912123509,7.609773888361815e-06,0.0,0.0,0.0,0.0,799.0022440812146,True,12000.033775364827,12000.033718291523,12000.033661218218,0,0,5,90.0,12.0,O,[],True,800.0022516909885,800.0022478861015,800.0022478861015,800.0022440812146,robust_miss,6,3,2,False
cell_and_all_existing_8_neighbors_robust_hit,False,5,main,3,1.8014706545557722,0.0,0.0,0.0,0.0,6.124999999999999,6.124999999999999,0.0,0.0,0.9999091858463415,True,0.00136221230487849,0.00136221230487849,0.00136221230487849,0,5,0,0.0,13.0,N,[],True,9.0814153658566e-05,9.0814153658566e-05,9.0814153658566e-05,9.0814153658566e-05,robust_hit,3,3,1,False
cell_and_all_existing_8_neighbors_robust_hit,False,8,main,6,6.786694112261594,0.0,0.0,1.3766047759565091e-06,9.177365173043033e-08,6.80102791191582,6.80102791191582,0.0,0.0,0.9999090949436166,True,0.0013635758457505975,0.0013628875433626191,0.001362199240974641,0,8,0,5.0,13.0,N,[],True,9.090505638337316e-05,9.085916955750795e-05,9.085916955750795e-05,9.081328273164273e-05,robust_hit,6,3,2,False
cell_and_all_existing_8_neighbors_robust_hit,False,8,main,6,11.292180094286671,0.0,0.0,1.9192759400535418e-06,1.279517293369082e-07,11.297653004638983,11.297653004638983,0.0,0.0,0.9999090308812884,True,0.001364536780675392,0.0013635771427053653,0.0013626175047353384,0,8,0,10.0,13.0,N,[],True,9.09691187116928e-05,9.090514284702435e-05,9.090514284702434e-05,9.084116698235589e-05,robust_hit,6,3,2,False
cell_and_all_existing_8_neighbors_robust_hit,False,8,main,6,14.859887161679257,0.0,0.0,3.0440675231223e-06,2.029378348748182e-07,14.866926939774062,14.866926939774062,0.0,0.0,0.9999088382386874,True,0.0013674264196896538,0.0013659043859280927,0.0013643823521665315,0,8,0,15.0,13.0,N,[],True,9.116176131264359e-05,9.106029239520619e-05,9.106029239520618e-05,9.095882347776877e-05,robust_hit,6,3,2,False
cell_and_all_existing_8_neighbors_robust_hit,False,8,main,6,17.893803023317737,0.0,0.0,3.6798153202493872e-06,2.4532102134996005e-07,17.902022591096795,17.902022591096795,0.0,0.0,0.9999086651760505,True,0.0013700223592431123,0.0013681824515829877,0.001366342543922863,0,8,0,20.0,13.0,N,[],True,9.133482394954081e-05,9.121216343886583e-05,9.121216343886584e-05,9.108950292819085e-05,robust_hit,6,3,2,False
cell_and_all_existing_8_neighbors_robust_hit,False,8,main,6,20.61509629511494,0.0,0.0,5.2843211789822125e-06,3.522880785988169e-07,20.62470850024675,20.62470850024675,0.0,0.0,0.9999080596538689,True,0.0013791051919671287,0.0013764630313776373,0.0013738208707881464,0,8,0,25.0,13.0,N,[],True,9.194034613114191e-05,9.17642020918425e-05,9.176420209184251e-05,9.15880580525431e-05,robust_hit,6,3,2,False
cell_and_all_existing_8_neighbors_robust_hit,False,8,main,6,23.08472661001156,0.0,0.0,3.916490837189545e-06,2.610993891459778e-07,23.095293609049182,23.095293609049182,0.0,0.0,0.99990843671466,True,0.0013734492801006804,0.0013714910346820854,0.0013695327892634908,0,8,0,30.0,13.0,N,[],True,9.156328534004536e-05,9.143273564547238e-05,9.143273564547237e-05,9.130218595089939e-05,robust_hit,6,3,2,False
cell_and_all_existing_8_neighbors_robust_hit,False,8,main,6,25.32855395787746,0.0,0.0,5.767506234077933e-06,3.845004156051955e-07,25.33945226993436,25.33945226993436,0.0,0.0,0.9999072517931779,True,0.0013912231023321935,0.0013883393492151546,0.0013854555960981156,0,8,0,35.0,13.0,N,[],True,9.274820682214623e-05,9.255595661434363e-05,9.255595661434363e-05,9.236370640654103e-05,robust_hit,6,3,2,False
cell_and_all_existing_8_neighbors_robust_hit,False,8,main,6,27.342096423656695,0.0,0.0,4.114658885422074e-06,2.7431059236147253e-07,27.35347189617447,27.35347189617447,0.0,0.0,0.99990783912253,True,0.0013824131620495405,0.0013803558326068296,0.0013782985031641185,0,8,0,40.0,13.0,N,[],True,9.216087746996936e-05,9.202372217378863e-05,9.202372217378862e-05,9.188656687760789e-05,robust_hit,6,3,2,False
cell_and_all_existing_8_neighbors_robust_hit,False,8,main,6,29.114683341570974,0.0,0.0,4.25744106997538e-06,2.8382940466502174e-07,29.126040014352625,29.126040014352625,0.0,0.0,0.9999069679610941,True,0.0013954805835888076,0.0013933518630538197,0.0013912231425188323,0,8,0,45.0,13.0,N,[],True,9.30320389059205e-05,9.2890124203588e-05,9.2890124203588e-05,9.274820950125548e-05,robust_hit,6,3,2,False
cell_and_all_existing_8_neighbors_robust_hit,False,8,main,6,30.62329708899527,0.0,0.0,2.822936637991323e-06,1.881957758660918e-07,30.63382369266175,30.63382369266175,0.0,0.0,0.9999072413882933,True,0.0013913791756002933,0.0013899677072812975,0.001388556238962302,0,8,0,50.0,13.0,N,[],True,9.275861170668622e-05,9.266451381875318e-05,9.266451381875318e-05,9.257041593082013e-05,robust_hit,6,3,2,False
cell_and_all_existing_8_neighbors_robust_hit,False,8,main,6,31.812058171865566,0.0,0.0,1.2356240722262261e-06,8.237493814841688e-08,31.82090060679511,31.82090060679511,0.0,0.0,0.9999077030677826,True,0.0013844539832595167,0.0013838361712234036,0.0013832183591872904,0,8,0,55.0,13.0,N,[],True,9.229693221730111e-05,9.22557447482269e-05,9.22557447482269e-05,9.22145572791527e-05,robust_hit,6,3,2,False
mixed_or_adjacent_to_a_different_robust_state,False,8,main,6,32.59923269378748,0.0,0.0,2.0434058803321317e-08,1.3622705868898948e-09,32.605358044023454,32.605358044023454,0.0,0.0,0.9999083267608325,True,0.0013750985875118041,0.0013750883704824026,0.0013750781534530008,0,5,3,60.0,13.0,M,[],True,9.167323916745361e-05,9.167255803216015e-05,9.167255803216017e-05,9.167187689686672e-05,robust_hit,6,3,2,False
mixed_or_adjacent_to_a_different_robust_state,False,8,main,0,32.62718741770985,0.0,0.0,2.136035982402973e-05,1.4240239920582098e-06,32.684239461437485,32.684239461437485,0.0,0.0,251.1758596199165,True,3782.6379156591074,3782.637904978927,3782.6378942987476,0,3,5,65.0,13.0,M,[],True,252.1758610439405,252.17586033192848,252.1758603319285,252.1758596199165,robust_miss,6,3,2,False
cell_and_all_existing_8_neighbors_robust_miss,False,8,main,0,30.261923284647402,0.0,0.0,3.537342126946896e-05,2.3582281301059993e-06,30.411227957112477,30.411227957112477,0.0,0.0,588.275797333672,True,8839.136995378502,8839.13697769179,8839.13696000508,0,0,8,70.0,13.0,O,[],True,589.2757996919001,589.2757985127861,589.2757985127861,589.275797333672,robust_miss,6,3,2,False
cell_and_all_existing_8_neighbors_robust_miss,False,8,main,0,20.840460189532756,0.0,0.0,4.244685078447219e-05,2.829789991665166e-06,20.99750582436779,20.99750582436779,0.0,0.0,791.3252091312114,True,11884.878179415022,11884.878158191597,11884.878136968171,0,0,8,75.0,13.0,O,[],True,792.3252119610014,792.3252105461064,792.3252105461064,792.3252091312114,robust_miss,6,3,2,False
cell_and_all_existing_8_neighbors_robust_miss,False,8,main,0,5.174485770637535,0.0,0.0,8.14533414086327e-05,5.430222813629371e-06,6.0227139649319215,6.0227139649319215,0.0,0.0,853.4267576982114,True,12816.401446926513,12816.40140619984,12816.401365473172,0,0,8,80.0,13.0,O,[],True,854.4267631284342,854.4267604133229,854.4267604133229,854.4267576982114,robust_miss,6,3,2,False
cell_and_all_existing_8_neighbors_robust_miss,False,8,main,0,5.614599070114391,0.0,0.0,0.00010245614430459682,6.8304095748317195e-06,5.688531930903668,5.688531930903668,0.0,0.0,864.2794984932714,True,12979.192579855215,12979.192528627143,12979.19247739907,0,0,8,85.0,13.0,O,[],True,865.279505323681,865.2795019084762,865.2795019084762,865.2794984932714,robust_miss,6,3,2,False
cell_and_all_existing_8_neighbors_robust_miss,False,5,main,0,0.0,0.0,0.0,0.00011414665641495958,7.609777071593271e-06,0.0,0.0,0.0,0.0,865.6687378339954,True,13000.031181656586,13000.031124583258,13000.03106750993,0,0,5,90.0,13.0,O,[],True,866.6687454437724,866.668741638884,866.6687416388838,866.6687378339954,robust_miss,6,3,2,False
cell_and_all_existing_8_neighbors_robust_hit,False,5,main,3,1.8014706545557722,0.0,0.0,0.0,0.0,6.124999999999999,6.124999999999999,0.0,0.0,0.9999091858438546,True,0.0013622123421813848,0.0013622123421813848,0.0013622123421813848,0,5,0,0.0,14.0,N,[],True,9.081415614542565e-05,9.081415614542567e-05,9.081415614542565e-05,9.081415614542565e-05,robust_hit,3,3,1,False
cell_and_all_existing_8_neighbors_robust_hit,False,8,main,6,6.676306155935525,0.0,0.0,1.3138528985384354e-06,8.759019323589118e-08,6.702661712779684,6.702661712779684,0.0,0.0,0.999909101069102,True,0.0013634839634694904,0.0013628270370202214,0.001362170110570952,0,8,0,5.0,14.0,N,[],True,9.089893089796602e-05,9.085513580134807e-05,9.085513580134807e-05,9.081134070473013e-05,robust_hit,6,3,2,False
cell_and_all_existing_8_neighbors_robust_hit,False,8,main,6,11.197755586342874,0.0,0.0,3.1458108329751686e-06,2.0972072219835e-07,11.20303545905218,11.20303545905218,0.0,0.0,0.9999088348074882,True,0.0013674778876783056,0.0013659049822618181,0.0013643320768453304,0,8,0,10.0,14.0,N,[],True,9.116519251188705e-05,9.106033215078786e-05,9.106033215078787e-05,9.09554717896887e-05,robust_hit,6,3,2,False
cell_and_all_existing_8_neighbors_robust_hit,False,8,main,6,14.697716325594362,0.0,0.0,3.3391090325592294e-06,2.2260726883727925e-07,14.704220568628278,14.704220568628278,0.0,0.0,0.9999087777125357,True,0.0013683343119642263,0.0013666647574479467,0.001364995202931667,0,8,0,15.0,14.0,N,[],True,9.122228746428175e-05,9.11109838298631e-05,9.11109838298631e-05,9.099968019544447e-05,robust_hit,6,3,2,False
cell_and_all_existing_8_neighbors_robust_hit,False,8,main,6,17.6642786997114,0.0,0.0,4.5126129825947235e-06,3.00840865506314e-07,17.671907874527843,17.671907874527843,0.0,0.0,0.9999084329593165,True,0.0013735056102519867,0.0013712493037606893,0.001368992997269392,0,8,0,20.0,14.0,N,[],True,9.156704068346578e-05,9.141662025071263e-05,9.141662025071261e-05,9.126619981795946e-05,robust_hit,6,3,2,False
cell_and_all_existing_8_neighbors_robust_hit,False,8,main,6,20.298426148624372,0.0,0.0,3.867377175739272e-06,2.578251450492875e-07,20.30695775330888,20.30695775330888,0.0,0.0,0.9999085523914776,True,0.0013717141278365317,0.001369780439248662,0.0013678467506607925,0,8,0,25.0,14.0,N,[],True,9.144760852243545e-05,9.131869594991081e-05,9.13186959499108e-05,9.118978337738616e-05,robust_hit,6,3,2,False
cell_and_all_existing_8_neighbors_robust_hit,False,8,main,6,22.680308936897845,0.0,0.0,5.667651632894344e-06,3.778434421929463e-07,22.68987475904242,22.68987475904242,0.0,0.0,0.9999076763174563,True,0.0013848552381564739,0.0013820214123400267,0.0013791875865235795,0,8,0,30.0,14.0,N,[],True,9.232368254376492e-05,9.213476082266844e-05,9.213476082266844e-05,9.194583910157197e-05,robust_hit,6,3,2,False
cell_and_all_existing_8_neighbors_robust_hit,False,8,main,6,24.83656429112915,0.0,0.0,5.119392997362344e-06,3.41292866490813e-07,24.846401072404923,24.846401072404923,0.0,0.0,0.9999076444886109,True,0.0013853326708363615,0.0013827729743376802,0.0013802132778389991,0,8,0,35.0,14.0,N,[],True,9.235551138909076e-05,9.218486495584536e-05,9.218486495584535e-05,9.201421852259995e-05,robust_hit,6,3,2,False
cell_and_all_existing_8_neighbors_robust_hit,False,8,main,6,26.76391105705487,0.0,0.0,3.6751983443137053e-06,2.450132229542479e-07,26.774123141140223,26.774123141140223,0.0,0.0,0.9999080942948432,True,0.001378585577352991,0.0013767479781808343,0.0013749103790086773,0,8,0,40.0,14.0,N,[],True,9.190570515686607e-05,9.178319854538895e-05,9.178319854538894e-05,9.166069193391182e-05,robust_hit,6,3,2,False
cell_and_all_existing_8_neighbors_robust_hit,False,8,main,6,28.452214373473872,0.0,0.0,3.962117660486321e-06,2.641411773657466e-07,28.462310212441192,28.462310212441192,0.0,0.0,0.9999072340069445,True,0.0013914898958334136,0.0013895088370031704,0.0013875277781729273,0,8,0,45.0,14.0,N,[],True,9.27659930555609e-05,9.263392246687802e-05,9.263392246687804e-05,9.250185187819516e-05,robust_hit,6,3,2,False
cell_and_all_existing_8_neighbors_robust_hit,False,8,main,6,29.878800787921712,0.0,0.0,3.294912854028085e-06,2.1966085693520747e-07,29.8880326486278,29.8880326486278,0.0,0.0,0.9999064284556186,True,0.0014035731657215283,0.0014019257092945144,0.0014002782528675002,0,8,0,50.0,14.0,N,[],True,9.357154438143522e-05,9.346171395296762e-05,9.346171395296762e-05,9.335188352450002e-05,robust_hit,6,3,2,False
mixed_or_adjacent_to_a_different_robust_state,False,8,main,6,30.991272605407097,0.0,0.0,1.553756065207244e-06,1.0358373768048926e-07,30.99896123489255,30.99896123489255,0.0,0.0,0.9999065553555435,True,0.0014016696668471048,0.0014008927888145013,0.0014001159107818976,0,7,1,55.0,14.0,M,[],True,9.344464445647365e-05,9.33928525876334e-05,9.339285258763342e-05,9.334106071879317e-05,robust_hit,6,3,2,False
mixed_or_adjacent_to_a_different_robust_state,False,8,main,6,31.704068306113317,0.0,0.0,1.0471913531873156e-06,6.981275690876032e-08,31.710962074520577,31.710962074520577,0.0,0.0,0.4722118516793382,True,7.916822224809926,7.91682170121425,7.916821177618573,0,4,4,60.0,14.0,M,[],True,0.5277881483206618,0.5277881134142833,0.5277881134142833,0.5277880785079049,robust_hit,6,3,2,False
mixed_or_adjacent_to_a_different_robust_state,False,8,main,0,31.475887882711316,0.0,0.0,2.1974341507302597e-05,1.4649561421720136e-06,31.552549730891407,31.552549730891407,0.0,0.0,278.4268668655616,True,4191.403024957765,4191.403013970595,4191.403002983424,0,2,6,65.0,14.0,M,[],True,279.4268683305177,279.4268675980397,279.4268675980396,279.4268668655616,robust_miss,6,3,2,False
cell_and_all_existing_8_neighbors_robust_miss,False,8,main,0,28.904150502647333,0.0,0.0,3.564596045180224e-05,2.3763973331369925e-06,29.06628251494858,29.06628251494858,0.0,0.0,638.055835027801,True,9585.837561062976,9585.837543239995,9585.837525417015,0,0,8,70.0,14.0,O,[],True,639.0558374041983,639.0558362159996,639.0558362159996,639.055835027801,robust_miss,6,3,2,False
cell_and_all_existing_8_neighbors_robust_miss,False,8,main,0,19.873684650813342,0.0,0.0,4.255323619872797e-05,2.836882345036429e-06,20.04140015745766,20.04140015745766,0.0,0.0,854.0228035933553,True,12825.342096453565,12825.342075176946,12825.34205390033,0,0,8,75.0,14.0,O,[],True,855.0228064302377,855.0228050117965,855.0228050117964,855.0228035933553,robust_miss,6,3,2,False
cell_and_all_existing_8_neighbors_robust_miss,False,8,main,0,4.873393076078424,0.0,0.0,7.987498429429252e-05,5.324999051481427e-06,5.868639129817018,5.868639129817018,0.0,0.0,919.2625862177163,True,13803.938873140729,13803.938833203238,13803.938793265745,0,0,8,80.0,14.0,O,[],True,920.2625915427153,920.2625888802158,920.2625888802158,920.2625862177163,robust_miss,6,3,2,False
cell_and_all_existing_8_neighbors_robust_miss,False,8,main,0,5.629772973764953,0.0,0.0,0.00010185355495195836,6.790236966480734e-06,5.695147411829227,5.695147411829227,0.0,0.0,930.8885161488407,True,13978.327844086165,13978.327793159386,13978.32774223261,0,0,8,85.0,14.0,O,[],True,931.8885229390777,931.8885195439592,931.8885195439592,931.8885161488407,robust_miss,6,3,2,False
cell_and_all_existing_8_neighbors_robust_miss,False,5,main,0,0.0,0.0,0.0,0.00011414669279474765,7.609779459016863e-06,0.0,0.0,0.0,0.0,932.3352562886773,True,14000.028958476852,14000.028901403506,14000.02884433016,0,0,5,90.0,14.0,O,[],True,933.3352638984568,933.3352600935672,933.3352600935671,933.3352562886773,robust_miss,6,3,2,False
cell_and_all_existing_8_neighbors_robust_hit,False,5,main,3,1.8014706545557722,0.0,0.0,0.0,0.0,6.124999999999999,6.124999999999999,0.0,0.0,0.9999091858412974,True,0.0013622123805395352,0.0013622123805395352,0.0013622123805395352,0,5,0,0.0,15.0,N,[],True,9.081415870263568e-05,9.081415870263567e-05,9.081415870263568e-05,9.081415870263568e-05,robust_hit,3,3,1,False
cell_and_all_existing_8_neighbors_robust_hit,False,8,main,6,6.540138574981591,0.0,0.0,1.2807297557863861e-06,8.538198371909331e-08,6.576588961625336,6.576588961625336,0.0,0.0,0.999909104228227,True,0.0013634365765950935,0.0013627962117172003,0.001362155846839307,0,8,0,5.0,15.0,N,[],True,9.089577177300624e-05,9.08530807811467e-05,9.08530807811467e-05,9.081038978928714e-05,robust_hit,6,3,2,False
cell_and_all_existing_8_neighbors_robust_hit,False,8,main,6,11.069381203064363,0.0,0.0,3.0810929558373022e-06,2.054061970558111e-07,11.093941771985236,11.093941771985236,0.0,0.0,0.9999088470514181,True,0.0013672942287271325,0.0013657536822492139,0.0013642131357712952,0,8,0,10.0,15.0,N,[],True,9.115294858180883e-05,9.105024548328092e-05,9.105024548328092e-05,9.094754238475302e-05,robust_hit,6,3,2,False
cell_and_all_existing_8_neighbors_robust_hit,False,8,main,6,14.545114384155147,0.0,0.0,4.160751607134184e-06,2.773834404756168e-07,14.551442931719086,14.551442931719086,0.0,0.0,0.9999085840329586,True,0.001371239505621171,0.001369159129817604,0.0013670787540140368,0,8,0,15.0,15.0,N,[],True,9.14159670414114e-05,9.127727532117359e-05,9.127727532117359e-05,9.113858360093579e-05,robust_hit,6,3,2,False
cell_and_all_existing_8_neighbors_robust_hit,False,8,main,6,17.43060480900151,0.0,0.0,2.6033770631958813e-06,1.7355847087972994e-07,17.437814900196898,17.437814900196898,0.0,0.0,0.9999089012952488,True,0.00136648057126798,0.0013651788827363821,0.001363877194204784,0,8,0,20.0,15.0,N,[],True,9.109870475119867e-05,9.101192551575881e-05,9.101192551575881e-05,9.092514628031894e-05,robust_hit,6,3,2,False
cell_and_all_existing_8_neighbors_robust_hit,False,8,main,6,20.004395490470706,0.0,0.0,5.480067508962811e-06,3.6533783393084775e-07,20.012432454575162,20.012432454575162,0.0,0.0,0.9999079756392432,True,0.0013803654113532617,0.00137762537759878,0.001374885343844299,0,8,0,25.0,15.0,N,[],True,9.202436075688411e-05,9.184169183991869e-05,9.184169183991869e-05,9.165902292295326e-05,robust_hit,6,3,2,False
cell_and_all_existing_8_neighbors_robust_hit,False,8,main,6,22.306760354091352,0.0,0.0,5.12173955579732e-06,3.4144930371982855e-07,22.31530169176873,22.31530169176873,0.0,0.0,0.9999079381685714,True,0.0013809274714290819,0.0013783666016511833,0.0013758057318732845,0,8,0,30.0,15.0,N,[],True,9.206183142860546e-05,9.189110677674556e-05,9.189110677674555e-05,9.172038212488563e-05,robust_hit,6,3,2,False
cell_and_all_existing_8_neighbors_robust_hit,False,8,main,6,24.383248952445165,0.0,0.0,3.4515577026000485e-06,2.3010384683999781e-07,24.392419781573896,24.392419781573896,0.0,0.0,0.9999084554432243,True,0.0013731683516353477,0.0013714425727840475,0.0013697167939327477,0,8,0,35.0,15.0,N,[],True,9.154455677568985e-05,9.142950485226983e-05,9.142950485226985e-05,9.131445292884985e-05,robust_hit,6,3,2,False
cell_and_all_existing_8_neighbors_robust_hit,False,8,main,6,26.232790096100043,0.0,0.0,5.168598633668951e-06,3.4457324224460213e-07,26.24197375783673,26.24197375783673,0.0,0.0,0.9999070393863049,True,0.0013944092054271485,0.001391824906110314,0.0013892406067934795,0,8,0,40.0,15.0,N,[],True,9.296061369514324e-05,9.278832707402094e-05,9.278832707402094e-05,9.261604045289864e-05,robust_hit,6,3,2,False
cell_and_all_existing_8_neighbors_robust_hit,False,8,main,6,27.84495042250388,0.0,0.0,4.211134954116083e-06,2.8074233027440283e-07,27.85371474719381,27.85371474719381,0.0,0.0,0.9999069445227072,True,0.0013958321593907802,0.001393726591913722,0.001391621024436664,0,8,0,45.0,15.0,N,[],True,9.305547729271868e-05,9.291510612758148e-05,9.291510612758147e-05,9.277473496244427e-05,robust_hit,6,3,2,False
cell_and_all_existing_8_neighbors_robust_hit,False,8,main,6,29.196495453304333,0.0,0.0,2.301427720569158e-06,1.5342851470461958e-07,29.20478641556321,29.20478641556321,0.0,0.0,0.9999078058919412,True,0.001382911620882042,0.0013817609070217575,0.001380610193161473,0,8,0,50.0,15.0,N,[],True,9.219410805880281e-05,9.21173938014505e-05,9.21173938014505e-05,9.204067954409819e-05,robust_hit,6,3,2,False
mixed_or_adjacent_to_a_different_robust_state,False,8,main,6,30.237306185916704,0.0,0.0,1.407721966415398e-06,9.3848131094368e-08,30.243883961412227,30.243883961412227,0.0,0.0,0.9999067949349023,True,0.0013980759764658257,0.001397372115482618,0.0013966682544994103,0,6,2,55.0,15.0,M,[],True,9.320506509772171e-05,9.315814103217452e-05,9.315814103217452e-05,9.311121696662735e-05,robust_hit,6,3,2,False
mixed_or_adjacent_to_a_different_robust_state,False,8,main,0,30.842580066289198,0.0,0.0,3.817225206148578e-06,2.544816801730576e-07,30.869782580182537,30.869782580182537,0.0,0.0,5.8509842569766395,True,102.7647676718748,102.76476576326219,102.76476385464959,0,4,4,60.0,15.0,M,[],True,6.85098451145832,6.85098438421748,6.85098438421748,6.8509842569766395,robust_miss,6,3,2,False
mixed_or_adjacent_to_a_different_robust_state,False,8,main,0,30.385927297295087,0.0,0.0,2.2465994334197603e-05,1.4977329669818573e-06,30.479633990842302,30.479633990842302,0.0,0.0,304.66831695092714,True,4585.0247767299015,4585.024765496904,4585.024754263907,0,1,7,65.0,15.0,M,[],True,305.6683184486601,305.6683176997936,305.66831769979365,305.66831695092714,robust_miss,6,3,2,False
cell_and_all_existing_8_neighbors_robust_miss,False,8,main,0,27.655422330940073,0.0,0.0,3.59310106432531e-05,2.395400770183187e-06,27.82961453208586,27.82961453208586,0.0,0.0,688.822284328397,True,10347.334300856966,10347.334282891461,10347.334264925956,0,0,8,70.0,15.0,O,[],True,689.8222867237978,689.8222855260974,689.8222855260974,689.822284328397,robust_miss,6,3,2,False
cell_and_all_existing_8_neighbors_robust_miss,False,8,main,0,18.978824867261565,0.0,0.0,4.264236122253351e-05,2.8428240739231114e-06,19.155292187544415,19.155292187544415,0.0,0.0,916.7285204976156,True,13765.927850106595,13765.927828785416,13765.927807464233,0,0,8,75.0,15.0,O,[],True,917.7285233404397,917.7285219190276,917.7285219190276,917.7285204976156,robust_miss,6,3,2,False
cell_and_all_existing_8_neighbors_robust_miss,False,8,main,0,5.195922102829403,0.0,0.0,7.841269143682439e-05,5.227512701821979e-06,6.03802366870658,6.03802366870658,0.0,0.0,985.1106012991252,True,14791.659097899568,14791.659058693222,14791.659019486877,0,0,8,80.0,15.0,O,[],True,986.1106065266379,986.1106039128814,986.1106039128815,986.1106012991252,robust_miss,6,3,2,False
cell_and_all_existing_8_neighbors_robust_miss,False,8,main,0,5.64555636769493,0.0,0.0,0.0001012767734209774,6.751784894731827e-06,5.703930024436688,5.703930024436688,0.0,0.0,997.4989300703849,True,14977.484052332546,14977.48400169416,14977.483951055772,0,0,8,85.0,15.0,O,[],True,998.4989368221698,998.4989334462774,998.4989334462773,998.4989300703849,robust_miss,6,3,2,False
cell_and_all_existing_8_neighbors_robust_miss,False,5,main,0,0.0,0.0,0.0,0.00011414672371756751,7.609781505379942e-06,0.0,0.0,0.0,0.0,999.0017945049,True,15000.027031720223,15000.026974646862,15000.0269175735,0,0,5,90.0,15.0,O,[],True,1000.0018021146815,1000.0017983097908,1000.0017983097907,1000.0017945049,robust_miss,6,3,2,False
cell_and_all_existing_8_neighbors_robust_hit,False,3,main,3,1.8014706545557722,0.0,0.0,0.0,0.0,6.124999999999999,6.124999999999999,0.0,0.0,0.9999091858386688,True,0.0013622124199678543,0.0013622124199678543,0.0013622124199678543,0,3,0,0.0,16.0,N,[],True,9.081416133119028e-05,9.081416133119027e-05,9.081416133119028e-05,9.081416133119028e-05,robust_hit,3,3,1,False
cell_and_all_existing_8_neighbors_robust_hit,False,5,main,6,6.385278303047714,0.0,0.0,1.1709143803229679e-06,7.806095868819244e-08,6.4301644569465735,6.4301644569465735,0.0,0.0,0.9999091143135269,True,0.0013632852970958294,0.0013626998399056678,0.0013621143827155064,0,5,0,5.0,16.0,N,[],True,9.088568647305529e-05,9.084665599371119e-05,9.084665599371119e-05,9.08076255143671e-05,robust_hit,6,3,2,False
cell_and_all_existing_8_neighbors_robust_hit,False,5,main,6,10.899599416234352,0.0,0.0,1.8837176361998637e-06,1.2558117574665035e-07,10.931258217248015,10.931258217248015,0.0,0.0,0.9999090354310777,True,0.0013644685338343927,0.0013635266750162925,0.0013625848161981928,0,5,0,10.0,16.0,N,[],True,9.096456892229284e-05,9.090177833441953e-05,9.090177833441951e-05,9.083898774654619e-05,robust_hit,6,3,2,False
cell_and_all_existing_8_neighbors_robust_hit,False,5,main,6,14.399456404788008,0.0,0.0,3.6707995265986785e-06,2.447199684399074e-07,14.405327994175003,14.405327994175003,0.0,0.0,0.9999087037973148,True,0.0013694430402786811,0.001367607640515382,0.0013657722407520825,0,5,0,15.0,16.0,N,[],True,9.12962026852454e-05,9.117384270102545e-05,9.117384270102545e-05,9.10514827168055e-05,robust_hit,6,3,2,False
cell_and_all_existing_8_neighbors_robust_hit,False,5,main,6,17.210967467379614,0.0,0.0,4.351566734951164e-06,2.9010444899674605e-07,17.217481416240624,17.217481416240624,0.0,0.0,0.9999084801170331,True,0.001372798244502213,0.0013706224611347373,0.0013684466777672617,0,5,0,20.0,16.0,N,[],True,9.15198829668142e-05,9.137483074231582e-05,9.137483074231582e-05,9.122977851781745e-05,robust_hit,6,3,2,False
cell_and_all_existing_8_neighbors_robust_hit,False,5,main,6,19.728740570157733,0.0,0.0,3.651022957665848e-06,2.4340153051106105e-07,19.735983682074128,19.735983682074128,0.0,0.0,0.9999086135180555,True,0.0013707972291672318,0.001368971717688399,0.001367146206209566,0,5,0,25.0,16.0,N,[],True,9.138648194448212e-05,9.126478117922658e-05,9.126478117922658e-05,9.114308041397106e-05,robust_hit,6,3,2,False
cell_and_all_existing_8_neighbors_robust_hit,False,5,main,6,21.958152381109997,0.0,0.0,3.928754146305348e-06,2.6191694308701414e-07,21.96623077120544,21.96623077120544,0.0,0.0,0.9999084259043086,True,0.0013736114353700213,0.0013716470582968686,0.001369682681223716,0,5,0,30.0,16.0,N,[],True,9.157409569133475e-05,9.144313721979123e-05,9.144313721979125e-05,9.131217874824774e-05,robust_hit,6,3,2,False
cell_and_all_existing_8_neighbors_robust_hit,False,5,main,6,23.957211386659445,0.0,0.0,5.133333615142286e-06,3.4222224100948124e-07,23.96551160290833,23.96551160290833,0.0,0.0,0.9999076211535807,True,0.0013856826962906062,0.0013831160294830351,0.001380549362675464,0,5,0,35.0,16.0,N,[],True,9.237884641937375e-05,9.220773529886901e-05,9.220773529886901e-05,9.203662417836427e-05,robust_hit,6,3,2,False
cell_and_all_existing_8_neighbors_robust_hit,False,5,main,6,25.74075800139556,0.0,0.0,4.080992947668588e-06,2.720661965112446e-07,25.74926098378564,25.74926098378564,0.0,0.0,0.9999078256114283,True,0.0013826158285750016,0.0013805753321011673,0.001378534835627333,0,5,0,40.0,16.0,N,[],True,9.217438857166677e-05,9.203835547341115e-05,9.203835547341115e-05,9.190232237515553e-05,robust_hit,6,3,2,False
cell_and_all_existing_8_neighbors_robust_hit,False,5,main,6,27.283198017849077,0.0,0.0,4.127249814780661e-06,2.7514998765203864e-07,27.291454504201997,27.291454504201997,0.0,0.0,0.9999069976861467,True,0.0013950347077996464,0.0013929710828922562,0.0013909074579848658,0,5,0,45.0,16.0,N,[],True,9.300231385330976e-05,9.286473885948374e-05,9.286473885948374e-05,9.272716386565772e-05,robust_hit,6,3,2,False
cell_and_all_existing_8_neighbors_robust_hit,False,5,main,6,28.567010394419466,0.0,0.0,3.05987007428901e-06,2.0399133828594032e-07,28.574139669027126,28.574139669027126,0.0,0.0,0.9999066429942238,True,0.0014003550866419497,0.0013988251516048053,0.0013972952165676607,0,5,0,50.0,16.0,N,[],True,9.335700577612999e-05,9.325501010698701e-05,9.325501010698701e-05,9.315301443784405e-05,robust_hit,6,3,2,False
mixed_or_adjacent_to_a_different_robust_state,False,5,main,6,29.543168510318715,0.0,0.0,1.2769584410710078e-06,8.513056273806718e-08,29.548813206581215,29.548813206581215,0.0,0.0,0.9999069907240057,True,0.0013951391399147084,0.0013945006606941729,0.0013938621814736374,0,3,2,55.0,16.0,M,[],True,9.300927599431389e-05,9.296671071294485e-05,9.296671071294485e-05,9.292414543157582e-05,robust_hit,6,3,2,False
mixed_or_adjacent_to_a_different_robust_state,False,5,main,0,30.00211062059919,0.0,0.0,4.821221750717086e-06,3.2141478278902014e-07,30.047651963669338,30.047651963669338,0.0,0.0,10.15356234105539,True,167.3034399370526,167.3034375264417,167.30343511583084,0,2,3,60.0,16.0,M,[],True,11.153562662470172,11.15356250176278,11.153562501762782,11.15356234105539,robust_miss,6,3,2,False
cell_and_all_existing_8_neighbors_robust_miss,False,5,main,0,29.358353314118073,0.0,0.0,2.2909920517122373e-05,1.5273280382643861e-06,29.46728894771726,29.46728894771726,0.0,0.0,330.7499505128145,True,4976.249280602138,4976.249269147178,4976.249257692218,0,0,5,65.0,16.0,O,[],True,331.74995204014255,331.7499512764785,331.74995127647855,331.7499505128145,robust_miss,6,3,2,False
cell_and_all_existing_8_neighbors_robust_miss,False,5,main,0,26.50152983990351,0.0,0.0,3.6129775253357366e-05,2.4086516532406677e-06,26.687008364898663,26.687008364898663,0.0,0.0,738.4640184626023,True,11091.96031306881,11091.96029500392,11091.960276939035,0,0,5,70.0,16.0,O,[],True,739.464020871254,739.4640196669283,739.4640196669282,739.4640184626023,robust_miss,6,3,2,False
cell_and_all_existing_8_neighbors_robust_miss,False,5,main,0,18.153792413693466,0.0,0.0,4.27054528699955e-05,2.8470302595451358e-06,18.332514253388496,18.332514253388496,0.0,0.0,979.1862372793805,True,14702.79360189616,14702.793580543434,14702.793559190708,0,0,5,75.0,16.0,O,[],True,980.1862401264108,980.1862387028956,980.1862387028957,980.1862372793805,robust_miss,6,3,2,False
cell_and_all_existing_8_neighbors_robust_miss,False,5,main,0,4.944739460289817,0.0,0.0,7.689232006669044e-05,5.1261547469039215e-06,5.970357259067313,5.970357259067313,0.0,0.0,1050.9595600581904,True,15779.393477765176,15779.393439319016,15779.393400872856,0,0,5,80.0,16.0,O,[],True,1051.9595651843451,1051.9595626212679,1051.9595626212677,1051.9595600581904,robust_miss,6,3,2,False
cell_and_all_existing_8_neighbors_robust_miss,False,5,main,0,5.661354371926029,0.0,0.0,0.00010070485586766154,6.713657057844102e-06,5.713915292028579,5.713915292028579,0.0,0.0,1064.1105663608114,True,15976.658596117028,15976.6585457646,15976.658495412172,0,0,5,85.0,16.0,O,[],True,1065.1105730744684,1065.11056971764,1065.11056971764,1065.1105663608114,robust_miss,6,3,2,False
cell_and_all_existing_8_neighbors_robust_miss,False,3,main,0,0.0,0.0,0.0,0.00011414674918341916,7.609783324369346e-06,0.0,0.0,0.0,0.0,1065.6683487773873,True,16000.02534580756,16000.025288734185,16000.025231660811,0,0,3,90.0,16.0,O,[],True,1066.6683563871707,1066.6683525822789,1066.668352582279,1066.6683487773873,robust_miss,6,3,2,False
refinement_observation_not_morphologically_classified,False,,refinement,6,34.99999999999999,0.0,0.43103448275862066,4.975559547590715e-06,3.317039698393792e-07,35.0,54.760332425315774,0.0,0.0,0.9999049587862668,True,0.0014256182059971703,0.001423130426223375,0.0014206426464495796,,,,47.5,4.0,,"[""state_edge:4km:50deg->4km:55deg""]",True,9.504121373314468e-05,9.487536174822499e-05,9.487536174822499e-05,9.47095097633053e-05,robust_hit,6,3,2,False
refinement_observation_not_morphologically_classified,False,,refinement,6,34.99999999999999,0.0,0.48066298342541436,4.7982010364803e-07,3.198800690987409e-08,35.0,69.39258793721403,0.0,0.0,0.9999081739222699,True,0.0013773911659515923,0.0013771512558997682,0.0013769113458479442,,,,52.5,4.0,,"[""state_edge:4km:50deg->4km:55deg"", ""state_edge:4km:55deg->5km:55deg""]",True,9.182607773010615e-05,9.181008372665121e-05,9.181008372665121e-05,9.179408972319628e-05,robust_hit,6,3,2,False
refinement_observation_not_morphologically_classified,False,,refinement,0,34.99999999999999,0.0,0.5216216216216216,1.2022711530335073e-05,8.015141048645091e-07,35.0,94.4153078093408,0.0,0.0,35.800376912213345,True,552.0056657059117,552.0056596945559,552.0056536832002,,,,57.5,4.0,,"[""state_edge:4km:50deg->4km:55deg"", ""state_edge:4km:55deg->5km:55deg""]",True,36.80037771372745,36.8003773129704,36.8003773129704,36.800376912213345,robust_miss,6,3,2,False
refinement_observation_not_morphologically_classified,False,,refinement,6,34.99999999999999,0.0,0.346875,2.375317315317241e-06,1.5835448768781427e-07,35.0,49.042550683745496,0.0,0.0,0.9999082651897924,True,0.001376022153114722,0.0013748344944570633,0.0013736468357994048,,,,47.5,4.5,,"[""state_edge:4km:50deg->4km:55deg""]",True,9.173481020764814e-05,9.165563296380422e-05,9.165563296380423e-05,9.157645571996032e-05,robust_hit,6,3,2,False
refinement_observation_not_morphologically_classified,False,,refinement,6,34.99999999999999,0.0,0.3757062146892655,3.3730275927764623e-06,2.248685061851047e-07,35.0,53.84608189081956,0.0,0.0,0.9999057385057089,True,0.0014139224143666744,0.0014122359005702863,0.001410549386773898,,,,50.0,4.5,,"[""state_edge:4km:50deg->4km:55deg""]",True,9.426149429111163e-05,9.414906003801908e-05,9.414906003801908e-05,9.403662578492653e-05,robust_hit,6,3,2,False
refinement_observation_not_morphologically_classified,False,,refinement,6,34.99999999999999,0.0,0.383248730964467,1.8385978233089687e-06,1.2257318822059791e-07,35.0,59.463354800639706,0.0,0.0,0.9999059458109973,True,0.001410812835040178,0.0014098935361285235,0.001408974237216869,,,,52.5,4.5,,"[""state_edge:4km:50deg->4km:55deg"", ""state_edge:4km:55deg->5km:55deg"", ""state_edge:5km:55deg->5km:60deg""]",True,9.405418900267854e-05,9.399290240856826e-05,9.399290240856824e-05,9.393161581445795e-05,robust_hit,6,3,2,False
refinement_observation_not_morphologically_classified,False,,refinement,6,34.99999999999999,0.0,0.37727272727272726,1.9138968173032338e-07,1.2759312115353085e-08,35.00000000000001,66.14066108409946,0.0,0.0,0.9999059430285383,True,0.001410854571925462,0.0014107588770845968,0.0014106631822437318,,,,55.0,4.5,,"[""state_edge:4km:50deg->4km:55deg"", ""state_edge:4km:55deg->5km:55deg"", ""state_edge:5km:55deg->5km:60deg""]",True,9.405697146169747e-05,9.40505918056398e-05,9.40505918056398e-05,9.404421214958212e-05,robust_hit,6,3,2,False
refinement_observation_not_morphologically_classified,False,,refinement,0,34.99999999999999,0.0,0.38562091503267976,6.9311140009631345e-06,4.620742650729426e-07,35.00000000000001,74.39455485349703,0.0,0.0,19.648581680134953,True,309.7287321331383,309.72872866758127,309.7287252020243,,,,57.5,4.5,,"[""state_edge:4km:50deg->4km:55deg"", ""state_edge:4km:55deg->5km:55deg"", ""state_edge:5km:55deg->5km:60deg""]",True,20.648582142209218,20.648581911172084,20.648581911172087,20.648581680134953,robust_miss,6,3,2,False
refinement_observation_not_morphologically_classified,False,,refinement,0,34.99999999999999,0.0,0.44019138755980863,1.5152492551351315e-05,1.0101661729322586e-06,35.0,82.4853333700028,0.0,0.0,57.8987381580796,True,883.4810875236866,883.4810799474403,883.481072371194,,,,60.0,4.5,,"[""state_edge:5km:55deg->5km:60deg""]",True,58.898739168245775,58.89873866316268,58.89873866316269,58.8987381580796,robust_miss,6,3,2,False
refinement_observation_not_morphologically_classified,False,,refinement,0,34.99999999999999,0.0,0.4297297297297297,2.045893415925093e-05,1.3639289448974523e-06,35.0,85.03311271588824,0.0,0.0,92.19184092650137,True,1397.8776343564548,1397.8776241269877,1397.8776138975206,,,,62.5,4.5,,"[""state_edge:5km:55deg->5km:60deg""]",True,93.19184229043032,93.19184160846584,93.19184160846584,93.19184092650137,robust_miss,6,3,2,False
refinement_observation_not_morphologically_classified,False,,refinement,6,34.99999999999999,0.0,0.31786542923433875,1.650016418215704e-06,1.1000109454772174e-07,35.0,53.39743207905147,0.0,0.0,0.9999075949700927,True,0.001386075448608588,0.00138525044039948,0.0013844254321903724,,,,52.5,5.0,,"[""state_edge:4km:55deg->5km:55deg"", ""state_edge:5km:55deg->5km:60deg""]",True,9.240502990723921e-05,9.235002935996535e-05,9.235002935996535e-05,9.229502881269149e-05,robust_hit,6,3,2,False
refinement_observation_not_morphologically_classified,False,,refinement,0,34.99999999999999,0.0,0.2998102466793169,2.764434270829952e-06,1.8429561787769444e-07,35.00000000000001,63.84679624542263,0.0,0.0,4.78733645976081,True,86.81004966084642,86.81004827862928,86.81004689641215,,,,57.5,5.0,,"[""state_edge:4km:55deg->5km:55deg"", ""state_edge:5km:55deg->5km:60deg""]",True,5.787336644056428,5.787336551908619,5.787336551908618,5.78733645976081,robust_miss,6,3,2,False
refinement_observation_not_morphologically_classified,False,,refinement,0,34.99999999999999,0.0,0.3775280898876405,1.9285464759377646e-05,1.285697649677786e-06,35.0,74.70822675375805,0.0,0.0,93.3968900655461,True,1415.9533702686563,1415.9533606259238,1415.9533509831915,,,,62.5,5.0,,"[""state_edge:5km:55deg->5km:60deg""]",True,94.39689135124375,94.39689070839493,94.39689070839492,94.3968900655461,robust_miss,6,3,2,False
refinement_observation_not_morphologically_classified,False,,refinement,6,34.99999999999999,0.0,0.2653927813163482,2.205511236416397e-06,1.470340824277544e-07,35.0,49.077431733825115,0.0,0.0,0.9999069243234676,True,0.0013961351479856643,0.001395032392367456,0.0013939296367492479,,,,52.5,5.5,,"[""state_edge:4km:55deg->5km:55deg"", ""state_edge:5km:55deg->5km:60deg"", ""state_edge:6km:55deg->6km:60deg""]",True,9.307567653237762e-05,9.300215949116374e-05,9.300215949116374e-05,9.292864244994986e-05,robust_hit,6,3,2,False
refinement_observation_not_morphologically_classified,False,,refinement,6,34.99999999999999,0.0,0.26153846153846155,1.217205790003499e-06,8.114705266689271e-08,35.0,53.01513072402878,0.0,0.0,0.9999065912010373,True,0.0014011319844395571,0.0014005233815445554,0.0013999147786495536,,,,55.0,5.5,,"[""state_edge:4km:55deg->5km:55deg"", ""state_edge:5km:55deg->5km:60deg"", ""state_edge:6km:55deg->6km:60deg""]",True,9.340879896263714e-05,9.33682254363037e-05,9.336822543630369e-05,9.332765190997024e-05,robust_hit,6,3,2,False
refinement_observation_not_morphologically_classified,False,,refinement,6,34.99999999999999,0.0,0.2504317789291883,2.0939552725649305e-08,1.3959701817081466e-09,35.0,57.26857565022412,0.0,0.0,0.9999053590989294,True,0.001419613516058328,0.0014196030462819652,0.0014195925765056023,,,,57.5,5.5,,"[""state_edge:4km:55deg->5km:55deg"", ""state_edge:5km:55deg->5km:60deg"", ""state_edge:6km:55deg->6km:60deg""]",True,9.46409010705552e-05,9.464020308546434e-05,9.464020308546434e-05,9.463950510037349e-05,robust_hit,6,3,2,False
refinement_observation_not_morphologically_classified,False,,refinement,0,34.99999999999999,0.0,0.25900514579759865,9.429493161405844e-06,6.286328755322756e-07,35.0,61.73986246329706,0.0,0.0,35.31114294848622,True,544.6671536567865,544.66714894204,544.6671442272933,,,,60.0,5.5,,"[""state_edge:5km:55deg->5km:60deg"", ""state_edge:6km:55deg->6km:60deg""]",True,36.3111435771191,36.31114326280266,36.31114326280266,36.31114294848622,robust_miss,6,3,2,False
refinement_observation_not_morphologically_classified,False,,refinement,0,34.99999999999999,0.0,0.29063097514340347,1.746220004861243e-05,1.1641466670653244e-06,35.0,65.94584025220807,0.0,0.0,89.569597461279,True,1358.543979381385,1358.543970650285,1358.543961919185,,,,62.5,5.5,,"[""state_edge:5km:55deg->5km:60deg"", ""state_edge:6km:55deg->6km:60deg""]",True,90.56959862542567,90.56959804335234,90.56959804335233,90.569597461279,robust_miss,6,3,2,False
refinement_observation_not_morphologically_classified,False,,refinement,6,34.99999999999999,0.0,0.22807017543859648,1.8419413868114246e-06,1.2279609245409407e-07,35.0,45.782819702980596,0.0,0.0,0.9999078203664649,True,0.0013826945030272183,0.0013817735323338126,0.0013808525616404068,,,,52.5,6.0,,"[""state_edge:6km:55deg->6km:60deg""]",True,9.217963353514789e-05,9.211823548892083e-05,9.211823548892085e-05,9.205683744269379e-05,robust_hit,6,3,2,False
refinement_observation_not_morphologically_classified,False,,refinement,6,34.99999999999999,0.0,0.21212121212121213,3.0520119141544746e-07,2.034674609436497e-08,35.0,52.50090245430661,0.0,0.0,0.99990646530194,True,0.001403020470899094,0.0014028678703033863,0.0014027152697076786,,,,57.5,6.0,,"[""state_edge:6km:55deg->6km:60deg""]",True,9.353469805993961e-05,9.352452468689241e-05,9.352452468689243e-05,9.351435131384524e-05,robust_hit,6,3,2,False
refinement_observation_not_morphologically_classified,False,,refinement,0,34.99999999999999,0.0,0.2337228714524207,1.6094451211756677e-05,1.0729634141171118e-06,35.0,59.45358740024909,0.0,0.0,85.56061872367155,True,1298.4092969495246,1298.4092889022988,1298.4092808550733,,,,62.5,6.0,,"[""state_edge:6km:55deg->6km:60deg""]",True,86.56061979663497,86.56061926015326,86.56061926015326,86.56061872367155,robust_miss,6,3,2,False
refinement_observation_not_morphologically_classified,False,,refinement,6,34.99999999999999,0.0,0.1881720430107527,2.769051392649156e-06,1.8460342617661763e-07,35.0,43.15817408604,0.0,0.0,0.9999063103556326,True,0.0014053446655102545,0.0014039601398139299,0.0014025756141176054,,,,52.5,6.5,,"[""state_edge:6km:55deg->6km:60deg"", ""state_edge:7km:55deg->7km:60deg""]",True,9.368964436735031e-05,9.3597342654262e-05,9.3597342654262e-05,9.350504094117369e-05,robust_hit,6,3,2,False
refinement_observation_not_morphologically_classified,False,,refinement,6,34.99999999999999,0.0,0.18923327895595432,1.4123487854884528e-06,9.415658569923019e-08,35.0,45.91921097505181,0.0,0.0,0.9999072620413771,True,0.0013910693793426623,0.0013903632049499179,0.0013896570305571739,,,,55.0,6.5,,"[""state_edge:6km:55deg->6km:60deg"", ""state_edge:7km:55deg->7km:60deg""]",True,9.273795862284415e-05,9.269088032999454e-05,9.269088032999454e-05,9.264380203714492e-05,robust_hit,6,3,2,False
refinement_observation_not_morphologically_classified,False,,refinement,6,34.99999999999999,0.0,0.18020679468242246,5.40646499640543e-07,3.6043099976032587e-08,35.0,48.805924063703955,0.0,0.0,0.999906485073462,True,0.0014027238980688862,0.001402453574819066,0.0014021832515692457,,,,57.5,6.5,,"[""state_edge:6km:55deg->6km:60deg"", ""state_edge:7km:55deg->7km:60deg"", ""state_edge:7km:60deg->8km:60deg""]",True,9.351492653792574e-05,9.349690498793773e-05,9.349690498793773e-05,9.347888343794971e-05,robust_hit,6,3,2,False
refinement_observation_not_morphologically_classified,False,,refinement,0,34.99999999999999,0.0,0.17326057298772168,4.829860245081363e-06,3.219906830054242e-07,35.0,51.71349991316331,0.0,0.0,12.771490629523116,True,206.57236427270698,206.57236185777685,206.57235944284673,,,,60.0,6.5,,"[""state_edge:6km:55deg->6km:60deg"", ""state_edge:7km:55deg->7km:60deg"", ""state_edge:7km:60deg->8km:60deg""]",True,13.7714909515138,13.771490790518458,13.771490790518458,13.771490629523116,robust_miss,6,3,2,False
refinement_observation_not_morphologically_classified,False,,refinement,0,34.99999999999999,0.0,0.18998527245949925,1.4546111287927488e-05,9.697407534758895e-07,35.0,54.46668963670615,0.0,0.0,78.8748087424498,True,1198.1221456828582,1198.1221384098026,1198.122131136747,,,,62.5,6.5,,"[""state_edge:6km:55deg->6km:60deg"", ""state_edge:7km:55deg->7km:60deg"", ""state_edge:7km:60deg->8km:60deg""]",True,79.87480971219055,79.87480922732017,79.87480922732018,79.8748087424498,robust_miss,6,3,2,False
refinement_observation_not_morphologically_classified,False,,refinement,6,34.99999999999999,0.0,0.15537190082644628,2.1963155937912166e-06,1.4642103958607117e-07,35.0,41.012934581056086,0.0,0.0,0.9999074868073686,True,0.0013876978894704316,0.0013865997316735359,0.0013855015738766404,,,,52.5,7.0,,"[""state_edge:7km:55deg->7km:60deg""]",True,9.25131926313621e-05,9.243998211156907e-05,9.243998211156906e-05,9.236677159177603e-05,robust_hit,6,3,2,False
refinement_observation_not_morphologically_classified,False,,refinement,6,34.99999999999999,0.0,0.1547945205479452,7.244697308337808e-07,4.829798205558539e-08,35.0,45.82217380365153,0.0,0.0,0.9999063178803798,True,0.0014052317943028933,0.0014048695594374762,0.0014045073245720595,,,,57.5,7.0,,"[""state_edge:7km:55deg->7km:60deg"", ""state_edge:7km:60deg->8km:60deg""]",True,9.368211962019289e-05,9.365797062916511e-05,9.36579706291651e-05,9.36338216381373e-05,robust_hit,6,3,2,False
refinement_observation_not_morphologically_classified,False,,refinement,0,34.99999999999999,0.0,0.15608465608465608,1.3357429907046026e-05,8.904953290311823e-07,35.0,50.52542148365205,0.0,0.0,73.01379718172949,True,1110.2069710833723,1110.2069644046574,1110.2069577259424,,,,62.5,7.0,,"[""state_edge:7km:55deg->7km:60deg"", ""state_edge:7km:60deg->8km:60deg""]",True,74.01379807222482,74.01379762697715,74.01379762697715,74.01379718172949,robust_miss,6,3,2,False
refinement_observation_not_morphologically_classified,False,,refinement,6,34.99999999999969,0.0,0.12557427258805512,2.6835069711632527e-06,1.7890046474421594e-07,35.0,39.228943767424866,0.0,0.0,0.9999067103686843,True,0.0013993444697363798,0.0013980027162507982,0.0013966609627652166,,,,52.5,7.5,,"[""state_edge:7km:55deg->7km:60deg""]",True,9.328963131575866e-05,9.320018108338656e-05,9.320018108338656e-05,9.311073085101444e-05,robust_hit,6,3,2,False
refinement_observation_not_morphologically_classified,False,,refinement,6,34.99999999999999,0.0,0.13744740532959326,1.8051138774223714e-06,1.2034092516149324e-07,35.0,41.25662901828168,0.0,0.0,0.9999066524210068,True,0.001400213684897921,0.0013993111279592097,0.0013984085710204985,,,,55.0,7.5,,"[""state_edge:7km:55deg->7km:60deg""]",True,9.334757899319472e-05,9.328740853061398e-05,9.328740853061398e-05,9.322723806803323e-05,robust_hit,6,3,2,False
refinement_observation_not_morphologically_classified,False,,refinement,6,34.99999999999999,0.0,0.13248407643312102,5.606996212651448e-07,3.737997475100423e-08,35.0,43.349008035673045,0.0,0.0,0.9999079450280102,True,0.0013808245798466242,0.0013805442300359918,0.001380263880225359,,,,57.5,7.5,,"[""state_edge:7km:55deg->7km:60deg"", ""state_edge:7km:60deg->8km:60deg"", ""state_edge:8km:60deg->8km:65deg""]",True,9.205497198977495e-05,9.203628200239944e-05,9.203628200239944e-05,9.201759201502394e-05,robust_hit,6,3,2,False
refinement_observation_not_morphologically_classified,False,,refinement,0,34.99999999999999,0.0,0.12327188940092165,1.7442581992099804e-06,1.1628387985851418e-07,35.0,45.409626876419466,0.0,0.0,0.7957879908994008,True,26.93682160774921,26.936820735620113,26.93681986349101,,,,60.0,7.5,,"[""state_edge:7km:55deg->7km:60deg"", ""state_edge:7km:60deg->8km:60deg"", ""state_edge:8km:60deg->8km:65deg""]",True,1.7957881071832806,1.7957880490413407,1.7957880490413407,1.7957879908994008,robust_miss,6,3,2,False
refinement_observation_not_morphologically_classified,False,,refinement,0,34.99999999999999,0.0,0.12965186074429771,1.2324059525781195e-05,8.216039759645355e-07,35.00000000000001,47.30050634721152,0.0,0.0,67.30512844178571,True,1024.5769389508453,1024.5769327888154,1024.5769266267857,,,,62.5,7.5,,"[""state_edge:7km:55deg->7km:60deg"", ""state_edge:7km:60deg->8km:60deg"", ""state_edge:8km:60deg->8km:65deg""]",True,68.30512926338969,68.3051288525877,68.3051288525877,68.30512844178571,robust_miss,6,3,2,False
refinement_observation_not_morphologically_classified,False,,refinement,0,34.99999999999999,0.0,0.14783821478382148,2.0858039079030277e-05,1.3905359423915797e-06,35.0,48.65243173620915,0.0,0.0,156.69730403160975,True,2365.4595813321853,2365.459570903166,2365.459560474146,,,,65.0,7.5,,"[""state_edge:8km:60deg->8km:65deg""]",True,157.6973054221457,157.69730472687772,157.69730472687772,157.69730403160975,robust_miss,6,3,2,False
refinement_observation_not_morphologically_classified,False,,refinement,0,34.99999999999999,0.0,0.16040955631399317,2.74950148195785e-05,1.833000993656242e-06,35.00000000000001,48.408945487651046,0.0,0.0,241.70607706472148,True,3640.5911834658373,3640.5911697183296,3640.5911559708225,,,,67.5,7.5,,"[""state_edge:8km:60deg->8km:65deg""]",True,242.70607889772248,242.70607798122197,242.706077981222,242.70607706472148,robust_miss,6,3,2,False
refinement_observation_not_morphologically_classified,False,,refinement,6,34.99999999999999,0.0,0.11296076099881094,8.901234982421503e-07,5.9341566549479395e-08,35.0,41.26386566326705,0.0,0.0,0.999906523596381,True,0.00140214605428549,0.0014017009925363687,0.0014012559307872477,,,,57.5,8.0,,"[""state_edge:7km:60deg->8km:60deg"", ""state_edge:8km:60deg->8km:65deg""]",True,9.347640361903266e-05,9.344673283575791e-05,9.344673283575791e-05,9.341706205248318e-05,robust_hit,6,3,2,False
refinement_observation_not_morphologically_classified,False,,refinement,0,34.99999999999999,0.0,0.1078107810781078,1.1541082017174631e-05,7.694054673379469e-07,35.0,44.59938914463778,0.0,0.0,62.7457037597328,True,956.185567937074,956.185562166533,956.185556395992,,,,62.5,8.0,,"[""state_edge:7km:60deg->8km:60deg"", ""state_edge:8km:60deg->8km:65deg""]",True,63.745704529138266,63.745704144435535,63.745704144435535,63.7457037597328,robust_miss,6,3,2,False
refinement_observation_not_morphologically_classified,False,,refinement,0,34.999999999999964,0.0,0.13771517996870108,2.7315332772559486e-05,1.8210221810477378e-06,35.0,45.40672672900331,0.0,0.0,253.93380373133866,True,3824.0070832854126,3824.0070696277458,3824.00705597008,,,,67.5,8.0,,"[""state_edge:8km:60deg->8km:65deg""]",True,254.93380555236084,254.93380464184975,254.93380464184975,254.93380373133866,robust_miss,6,3,2,False
refinement_observation_not_morphologically_classified,False,,refinement,6,34.999999999999936,0.0,0.09555555555555556,7.971982268508131e-07,5.314654845671365e-08,35.0,39.486778316176135,0.0,0.0,0.9999072846475806,True,0.0013907302862913558,0.0013903316871779305,0.001389933088064505,,,,57.5,8.5,,"[""state_edge:7km:60deg->8km:60deg"", ""state_edge:8km:60deg->8km:65deg"", ""state_edge:9km:60deg->9km:65deg""]",True,9.271535241942372e-05,9.268877914519536e-05,9.268877914519536e-05,9.2662205870967e-05,robust_hit,6,3,2,False
refinement_observation_not_morphologically_classified,False,,refinement,6,34.99999999999997,0.0,0.0893574297188755,1.6200294869483933e-08,1.0800196579077714e-09,35.0,40.9734217760019,0.0,0.0,0.995553381812466,True,0.06669927281301062,0.06669926471286318,0.06669925661271575,,,,60.0,8.5,,"[""state_edge:7km:60deg->8km:60deg"", ""state_edge:8km:60deg->8km:65deg"", ""state_edge:9km:60deg->9km:65deg""]",True,0.0044466181875340415,0.004446617647524212,0.004446617647524213,0.004446617107514384,robust_hit,6,3,2,False
refinement_observation_not_morphologically_classified,False,,refinement,0,34.999999999999964,0.0,0.08943089430894309,1.0980971183016663e-05,7.320647483766152e-07,35.0,42.296727827197344,0.0,0.0,59.43972048731087,True,906.5958182906343,906.5958128001488,906.5958073096631,,,,62.5,8.5,,"[""state_edge:7km:60deg->8km:60deg"", ""state_edge:8km:60deg->8km:65deg"", ""state_edge:9km:60deg->9km:65deg""]",True,60.43972121937562,60.43972085334324,60.439720853343246,60.43972048731087,robust_miss,6,3,2,False
refinement_observation_not_morphologically_classified,False,,refinement,0,34.9999999999999,0.0,0.09976525821596244,1.9900741335732164e-05,1.3267161023122753e-06,35.0,43.1987695879001,0.0,0.0,162.00509919142684,True,2445.076507772144,2445.0764978217735,2445.0764878714026,,,,65.0,8.5,,"[""state_edge:8km:60deg->8km:65deg"", ""state_edge:9km:60deg->9km:65deg""]",True,163.00510051814294,163.0050998547849,163.00509985478487,163.00509919142684,robust_miss,6,3,2,False
refinement_observation_not_morphologically_classified,False,,refinement,0,34.999999999998174,0.0,0.11030478955007257,2.7233083528699353e-05,1.8155389511775866e-06,35.0,42.823660324586385,0.0,0.0,266.8712714259576,True,4018.069098622448,4018.069085005906,4018.0690713893646,,,,67.5,8.5,,"[""state_edge:8km:60deg->8km:65deg"", ""state_edge:9km:60deg->9km:65deg""]",True,267.87127324149657,267.87127233372706,267.8712723337271,267.8712714259576,robust_miss,6,3,2,False
refinement_observation_not_morphologically_classified,False,,refinement,6,34.999999999998785,0.0,0.08020833333333334,1.0310313862495809e-06,6.873542574997477e-08,35.0,37.967350198070115,0.0,0.0,0.9999061260877435,True,0.0014081086838463057,0.001407593168153181,0.001407077652460056,,,,57.5,9.0,,"[""state_edge:9km:60deg->9km:65deg""]",True,9.387391225642038e-05,9.383954454354538e-05,9.38395445435454e-05,9.38051768306704e-05,robust_hit,6,3,2,False
refinement_observation_not_morphologically_classified,False,,refinement,0,34.999999999999126,0.0,0.07379375591296121,1.0610237723085447e-05,7.073491801179443e-07,35.0,40.3084679504789,0.0,0.0,57.37497311931496,True,875.6246073999621,875.6246020948432,875.6245967897244,,,,62.5,9.0,,"[""state_edge:9km:60deg->9km:65deg""]",True,58.37497382666414,58.37497347298955,58.37497347298955,58.37497311931496,robust_miss,6,3,2,False
refinement_observation_not_morphologically_classified,False,,refinement,0,34.99999999988852,0.0,0.08683853459972862,2.725384820223553e-05,1.816923202113685e-06,35.0,40.586603539833725,0.0,0.0,280.9749300823984,True,4229.6239784898235,4229.623964862899,4229.623951235975,,,,67.5,9.0,,"[""state_edge:9km:60deg->9km:65deg""]",True,281.9749318993216,281.97493099085995,281.97493099086,281.9749300823984,robust_miss,6,3,2,False
refinement_observation_not_morphologically_classified,False,,refinement,6,34.99999999995055,0.0,0.06360078277886497,1.0337683094474234e-06,6.89178872964976e-08,35.0,36.67384874349354,0.0,0.0,0.9999061614697947,True,0.0014075779530788755,0.0014070610689241516,0.001406544184769428,,,,57.5,9.5,,"[""state_edge:10km:60deg->10km:65deg"", ""state_edge:9km:60deg->9km:65deg""]",True,9.383853020525837e-05,9.380407126161012e-05,9.380407126161012e-05,9.376961231796187e-05,robust_hit,6,3,2,False
refinement_observation_not_morphologically_classified,False,,refinement,6,34.9999999999816,0.0,0.06111603188662533,3.0607353740386145e-07,2.040490248989002e-08,35.00000000000001,37.70064446605915,0.0,0.0,0.946071737473596,True,0.808923937896061,0.8089237848592923,0.8089236318225236,,,,60.0,9.5,,"[""state_edge:10km:60deg->10km:65deg"", ""state_edge:9km:60deg->9km:65deg""]",True,0.053928262526404064,0.05392825232395282,0.05392825232395282,0.053928242121501574,robust_hit,6,3,2,False
refinement_observation_not_morphologically_classified,False,,refinement,0,34.99999999997847,0.0,0.06017699115044248,1.0422334753457108e-05,6.948223187919211e-07,35.0,38.59203187000933,0.0,0.0,56.6573107626666,True,864.8596718623337,864.8596666511663,864.859661439999,,,,62.5,9.5,,"[""state_edge:10km:60deg->10km:65deg"", ""state_edge:9km:60deg->9km:65deg""]",True,57.657311457488916,57.65731111007776,57.65731111007776,57.6573107626666,robust_miss,6,3,2,False
refinement_observation_not_morphologically_classified,False,,refinement,0,34.99999999987178,0.0,0.06428571428571428,1.9516265638230834e-05,1.301084353144688e-06,35.0,39.15191216479936,0.0,0.0,171.32974334735607,True,2584.9461697266065,2584.9461599684737,2584.946150210341,,,,65.0,9.5,,"[""state_edge:10km:60deg->10km:65deg"", ""state_edge:9km:60deg->9km:65deg""]",True,172.32974464844042,172.32974399789825,172.32974399789825,172.32974334735607,robust_miss,6,3,2,False
refinement_observation_not_morphologically_classified,False,,refinement,0,34.99999999340129,0.0,0.06496815286624204,2.7230559680901933e-05,1.8153706378143397e-06,35.0,38.657122846381576,0.0,0.0,294.7065736868405,True,4435.598632533167,4435.598618917887,4435.598605302607,,,,67.5,9.5,,"[""state_edge:10km:60deg->10km:65deg"", ""state_edge:9km:60deg->9km:65deg""]",True,295.70657550221114,295.7065745945258,295.7065745945258,295.7065736868405,robust_miss,6,3,2,False
refinement_observation_not_morphologically_classified,False,,refinement,6,34.999999876044285,0.0,0.037753222836095765,8.117306132733072e-07,5.4115374218218675e-08,35.0,35.60553863663475,0.0,0.0,0.9999073087228109,True,0.0013903691578368593,0.0013899632925302226,0.001389557427223586,,,,57.5,10.0,,"[""state_edge:10km:60deg->10km:65deg""]",True,9.269127718912395e-05,9.266421950201484e-05,9.266421950201484e-05,9.263716181490573e-05,robust_hit,6,3,2,False
refinement_observation_not_morphologically_classified,False,,refinement,0,34.99999999924104,0.0,0.04742096505823627,1.0392757189947588e-05,6.928504774350586e-07,35.0,37.12215133310592,0.0,0.0,57.4182038342421,True,876.2730679063886,876.27306271001,876.2730575136314,,,,62.5,10.0,,"[""state_edge:10km:60deg->10km:65deg""]",True,58.41820452709258,58.41820418066734,58.41820418066734,58.4182038342421,robust_miss,6,3,2,False
refinement_observation_not_morphologically_classified,False,,refinement,0,34.9999994973729,0.0,0.04600484261501211,2.746245536400238e-05,1.8308303424419137e-06,35.0,37.011823365412624,0.0,0.0,311.8385478668138,True,4692.578245464662,4692.578231733435,4692.578218002207,,,,67.5,10.0,,"[""state_edge:10km:60deg->10km:65deg""]",True,312.83854969764417,312.838548782229,312.838548782229,312.8385478668138,robust_miss,6,3,2,False
refinement_observation_not_morphologically_classified,False,,refinement,6,34.84036089135534,0.0,0.0,6.379297311683019e-07,4.2528648744555265e-08,34.852407665309514,34.852407665309514,0.0,0.0,0.999907946836155,True,0.0013807974576744608,0.001380478492808877,0.0013801595279432925,,,,57.5,10.5,,"[""state_edge:10km:60deg->10km:65deg"", ""state_edge:11km:60deg->11km:65deg""]",True,9.205316384496405e-05,9.203189952059178e-05,9.203189952059178e-05,9.20106351962195e-05,robust_hit,6,3,2,False
refinement_observation_not_morphologically_classified,False,,refinement,6,34.999999451246886,0.0,0.02832415420928403,3.9619682512537224e-07,2.6413121675950002e-08,35.0,35.375052905671474,0.0,0.0,0.9204590950523077,True,1.1931135742153844,1.1931133761169719,1.1931131780185593,,,,60.0,10.5,,"[""state_edge:10km:60deg->10km:65deg"", ""state_edge:11km:60deg->11km:65deg""]",True,0.0795409049476923,0.07954089174113145,0.07954089174113146,0.07954087853457062,robust_hit,6,3,2,False
refinement_observation_not_morphologically_classified,False,,refinement,0,34.999999946107515,0.0,0.03461841070023604,1.0541522783569235e-05,7.027681832028065e-07,35.0,35.88394030894238,0.0,0.0,59.88547027716425,True,913.2820646989866,913.2820594282252,913.2820541574638,,,,62.5,10.5,,"[""state_edge:10km:60deg->10km:65deg"", ""state_edge:11km:60deg->11km:65deg""]",True,60.885470979932435,60.88547062854835,60.88547062854835,60.88547027716425,robust_miss,6,3,2,False
refinement_observation_not_morphologically_classified,False,,refinement,0,34.99999930137392,0.0,0.03290676416819013,1.976433077288675e-05,1.3176220363675384e-06,35.0,36.16176677647262,0.0,0.0,188.23409497948012,True,2838.5114444565324,2838.5114345743673,2838.5114246922017,,,,65.0,10.5,,"[""state_edge:10km:60deg->10km:65deg"", ""state_edge:11km:60deg->11km:65deg""]",True,189.23409629710216,189.23409563829114,189.23409563829114,189.23409497948012,robust_miss,6,3,2,False
refinement_observation_not_morphologically_classified,False,,refinement,0,34.99987013250412,0.0,0.02306805074971165,2.761973792075878e-05,1.8413159068586538e-06,35.0,35.68386014092937,0.0,0.0,328.5542937616759,True,4943.314434044877,4943.314420235008,4943.314406425139,,,,67.5,10.5,,"[""state_edge:10km:60deg->10km:65deg"", ""state_edge:11km:60deg->11km:65deg""]",True,329.55429560299183,329.5542946823339,329.5542946823339,329.5542937616759,robust_miss,6,3,2,False
refinement_observation_not_morphologically_classified,False,,refinement,6,34.26605915190176,0.0,0.0,6.971810453300104e-07,4.6478736355333125e-08,34.27699734446095,34.27699734446095,0.0,0.0,0.9999075207099452,True,0.0013871893508224156,0.0013868407602997505,0.0013864921697770856,,,,57.5,11.0,,"[""state_edge:11km:60deg->11km:65deg""]",True,9.247929005482771e-05,9.245605068665005e-05,9.245605068665004e-05,9.243281131847238e-05,robust_hit,6,3,2,False
refinement_observation_not_morphologically_classified,False,,refinement,0,34.96611572691299,0.0,0.0,1.0861805208151054e-05,7.241203547891928e-07,34.97339102632029,34.97339102632029,0.0,0.0,64.29396935943814,True,979.4095512533773,979.4095458224747,979.4095403915721,,,,62.5,11.0,,"[""state_edge:11km:60deg->11km:65deg""]",True,65.29397008355849,65.29396972149831,65.29396972149831,65.29396935943814,robust_miss,6,3,2,False
refinement_observation_not_morphologically_classified,False,,refinement,0,34.7342739437738,0.0,0.0,2.7960626539424993e-05,1.864041792032367e-06,34.794524394848615,34.794524394848615,0.0,0.0,348.32648546348844,True,5239.8973099129535,5239.89729593264,5239.897281952327,,,,67.5,11.0,,"[""state_edge:11km:60deg->11km:65deg""]",True,349.32648732753023,349.32648639550933,349.32648639550933,349.32648546348844,robust_miss,6,3,2,False
refinement_observation_not_morphologically_classified,False,,refinement,6,33.724778564733285,0.0,0.0,8.425393316290834e-07,5.616928877527313e-08,33.734838881581794,33.734838881581794,0.0,0.0,0.9999063997234524,True,0.0014040041482137095,0.0014035828785478948,0.0014031616088820804,,,,57.5,11.5,,"[""state_edge:11km:60deg->11km:65deg"", ""state_edge:12km:60deg->12km:65deg""]",True,9.360027654758064e-05,9.3572191903193e-05,9.357219190319301e-05,9.354410725880536e-05,robust_hit,6,3,2,False
refinement_observation_not_morphologically_classified,False,,refinement,6,34.12174868254216,0.0,0.0,7.081590958166878e-09,4.721060638777919e-10,34.1300139218428,34.1300139218428,0.0,0.0,0.9999075363386255,True,0.001386954920616852,0.001386951379821373,0.0013869478390258938,,,,60.0,11.5,,"[""state_edge:11km:60deg->11km:65deg"", ""state_edge:12km:60deg->12km:65deg""]",True,9.24636613744568e-05,9.246342532142486e-05,9.246342532142486e-05,9.246318926839292e-05,robust_hit,6,3,2,False
refinement_observation_not_morphologically_classified,False,,refinement,0,34.3804462136476,0.0,0.0,1.1308252624075976e-05,7.538834978504383e-07,34.386833518831736,34.386833518831736,0.0,0.0,70.52069727513724,True,1072.8104704353111,1072.810464781185,1072.8104591270585,,,,62.5,11.5,,"[""state_edge:11km:60deg->11km:65deg"", ""state_edge:12km:60deg->12km:65deg""]",True,71.52069802902074,71.520697652079,71.52069765207898,71.52069727513724,robust_miss,6,3,2,False
refinement_observation_not_morphologically_classified,False,,refinement,0,34.45127298786924,0.0,0.0,2.0363746443763375e-05,1.3575830735135241e-06,34.47184847528404,34.47184847528404,0.0,0.0,211.65469492749648,True,3189.8204442761935,3189.8204340943207,3189.820423912447,,,,65.0,11.5,,"[""state_edge:11km:60deg->11km:65deg"", ""state_edge:12km:60deg->12km:65deg""]",True,212.65469628507955,212.65469560628802,212.65469560628802,212.65469492749648,robust_miss,6,3,2,False
refinement_observation_not_morphologically_classified,False,,refinement,0,33.987825172119585,0.0,0.0,2.8283971914788708e-05,1.8855981238630193e-06,34.0603090272219,34.0603090272219,0.0,0.0,368.4776805183102,True,5542.165236058625,5542.165221916639,5542.165207774653,,,,67.5,11.5,,"[""state_edge:11km:60deg->11km:65deg"", ""state_edge:12km:60deg->12km:65deg""]",True,369.4776824039083,369.4776814611093,369.4776814611092,369.4776805183102,robust_miss,6,3,2,False
refinement_observation_not_morphologically_classified,False,,refinement,6,33.21297564300082,0.0,0.0,6.652696087994323e-07,4.435130725329549e-08,33.222222007845176,33.222222007845176,0.0,0.0,0.9999072511556193,True,0.0013912326657102504,0.0013909000309058506,0.001390567396101451,,,,57.5,12.0,,"[""state_edge:12km:60deg->12km:65deg""]",True,9.274884438068336e-05,9.272666872705671e-05,9.272666872705671e-05,9.270449307343007e-05,robust_hit,6,3,2,False
refinement_observation_not_morphologically_classified,False,,refinement,0,33.82708058260148,0.0,0.0,1.1762896292566438e-05,7.841930909080475e-07,33.83303114938684,33.83303114938684,0.0,0.0,77.15188235633063,True,1172.2782471078558,1172.2782412264075,1172.2782353449595,,,,62.5,12.0,,"[""state_edge:12km:60deg->12km:65deg""]",True,78.15188314052372,78.15188274842718,78.15188274842717,78.15188235633063,robust_miss,6,3,2,False
refinement_observation_not_morphologically_classified,False,,refinement,0,33.26573427968654,0.0,0.0,2.8568982088472694e-05,1.9045988324251084e-06,33.34899213138318,33.34899213138318,0.0,0.0,388.35557837817333,True,5840.333704241582,5840.33368995709,5840.3336756726,,,,67.5,12.0,,"[""state_edge:12km:60deg->12km:65deg""]",True,389.35558028277217,389.3555793304727,389.3555793304728,389.35557837817333,robust_miss,6,3,2,False
refinement_observation_not_morphologically_classified,False,,refinement,6,32.7248547201533,0.0,0.0,7.165341466227639e-07,4.776894310818335e-08,32.73302317746358,32.73302317746358,0.0,0.0,0.9999066122446244,True,0.0014008163306340263,0.001400458063560715,0.0014000997964874035,,,,57.5,12.5,,"[""state_edge:12km:60deg->12km:65deg"", ""state_edge:13km:60deg->13km:65deg""]",True,9.338775537560176e-05,9.336387090404767e-05,9.336387090404767e-05,9.333998643249357e-05,robust_hit,6,3,2,False
refinement_observation_not_morphologically_classified,False,,refinement,6,33.08195527821656,0.0,0.0,2.6649048213370913e-09,1.7766032141795524e-10,33.088637602432485,33.088637602432485,0.0,0.0,0.9999088297205642,True,0.0013675541915379808,0.0013675528590855702,0.0013675515266331594,,,,60.0,12.5,,"[""state_edge:12km:60deg->12km:65deg"", ""state_edge:13km:60deg->13km:65deg""]",True,9.117027943586538e-05,9.117019060570468e-05,9.117019060570468e-05,9.117010177554396e-05,robust_hit,6,3,2,False
refinement_observation_not_morphologically_classified,False,,refinement,0,33.30151107121313,0.0,0.0,1.2162735401943792e-05,8.10849030585814e-07,33.30715986671378,33.30715986671378,0.0,0.0,83.48307919985731,True,1267.2462001605952,1267.2461940792275,1267.2461879978598,,,,62.5,12.5,,"[""state_edge:12km:60deg->12km:65deg"", ""state_edge:13km:60deg->13km:65deg""]",True,84.48308001070635,84.48307960528183,84.48307960528183,84.48307919985731,robust_miss,6,3,2,False
refinement_observation_not_morphologically_classified,False,,refinement,0,33.22358121323717,0.0,0.0,2.105259227391798e-05,1.4035061610684352e-06,33.26962134013662,33.26962134013662,0.0,0.0,237.99123159941794,True,3584.8684950438615,3584.8684845175653,3584.868473991269,,,,65.0,12.5,,"[""state_edge:12km:60deg->12km:65deg"", ""state_edge:13km:60deg->13km:65deg""]",True,238.9912330029241,238.99123230117104,238.991232301171,238.99123159941794,robust_miss,6,3,2,False
refinement_observation_not_morphologically_classified,False,,refinement,0,32.566724475435585,0.0,0.0,2.8830182600358967e-05,1.9220121885155095e-06,32.65980955038137,32.65980955038137,0.0,0.0,408.1989433461808,True,6137.984179022895,6137.984164607803,6137.984150192712,,,,67.5,12.5,,"[""state_edge:12km:60deg->12km:65deg"", ""state_edge:13km:60deg->13km:65deg""]",True,409.198945268193,409.1989443071869,409.1989443071869,409.1989433461808,robust_miss,6,3,2,False
refinement_observation_not_morphologically_classified,False,,refinement,6,32.263594243063366,0.0,0.0,6.149626138147405e-07,4.099750758764485e-08,32.27122026593066,32.27122026593066,0.0,0.0,0.99990701781251,True,0.0013947328123504862,0.001394425331043579,0.0013941178497366715,,,,57.5,13.0,,"[""state_edge:13km:60deg->13km:65deg""]",True,9.298218749003241e-05,9.296168873623858e-05,9.296168873623858e-05,9.294118998244476e-05,robust_hit,6,3,2,False
refinement_observation_not_morphologically_classified,False,,refinement,0,32.788267075158444,0.0,0.0,1.25731960451958e-05,8.382130687323297e-07,32.80520651376005,32.80520651376005,0.0,0.0,90.31881104818828,True,1369.7821782960202,1369.7821720094223,1369.7821657228242,,,,62.5,13.0,,"[""state_edge:13km:60deg->13km:65deg""]",True,91.31881188640135,91.31881146729482,91.31881146729481,91.31881104818828,robust_miss,6,3,2,False
refinement_observation_not_morphologically_classified,False,,refinement,0,31.890881058306203,0.0,0.0,2.9070957680232823e-05,1.9380638605071e-06,31.993058535044085,31.993058535044085,0.0,0.0,428.0154821036204,True,6435.232260625264,6435.232246089785,6435.232231554306,,,,67.5,13.0,,"[""state_edge:13km:60deg->13km:65deg""]",True,429.01548404168426,429.01548307265233,429.01548307265233,429.0154821036204,robust_miss,6,3,2,False
refinement_observation_not_morphologically_classified,False,,refinement,6,31.824091925824842,0.0,0.0,3.80863044560642e-07,2.5390869637370713e-08,31.831195176951372,31.831195176951372,0.0,0.0,0.999908237183657,True,0.0013764422451456315,0.0013762518136233512,0.0013760613821010709,,,,57.5,13.5,,"[""state_edge:13km:60deg->13km:65deg"", ""state_edge:14km:60deg->14km:65deg"", ""state_edge:14km:60deg->15km:60deg""]",True,9.17628163430421e-05,9.175012090822341e-05,9.175012090822341e-05,9.173742547340472e-05,robust_hit,6,3,2,False
refinement_observation_not_morphologically_classified,False,,refinement,6,32.141879995025505,0.0,0.0,3.066634086668074e-07,2.044422724167827e-08,32.14750560744723,32.14750560744723,0.0,0.0,0.9276518009547414,True,1.085222985678878,1.0852228323471735,1.0852226790154693,,,,60.0,13.5,,"[""state_edge:13km:60deg->13km:65deg"", ""state_edge:14km:60deg->14km:65deg"", ""state_edge:14km:60deg->15km:60deg""]",True,0.07234819904525853,0.07234818882314491,0.07234818882314492,0.0723481786010313,robust_hit,6,3,2,False
refinement_observation_not_morphologically_classified,False,,refinement,0,32.280201221225035,0.0,0.0,1.2963274912181078e-05,8.642183360052513e-07,32.308655894881554,32.308655894881554,0.0,0.0,97.26019211170572,True,1473.9028946388607,1473.9028881572233,1473.9028816755858,,,,62.5,13.5,,"[""state_edge:13km:60deg->13km:65deg"", ""state_edge:14km:60deg->14km:65deg"", ""state_edge:14km:60deg->15km:60deg""]",True,98.26019297592406,98.26019254381488,98.2601925438149,98.26019211170572,robust_miss,6,3,2,False
refinement_observation_not_morphologically_classified,False,,refinement,0,32.044386694050075,0.0,0.0,2.1701464902434964e-05,1.4467643723037327e-06,32.11159267594693,32.11159267594693,0.0,0.0,265.1946260085536,True,3992.919411829769,3992.9194009790367,3992.9193901283043,,,,65.0,13.5,,"[""state_edge:13km:60deg->13km:65deg"", ""state_edge:14km:60deg->14km:65deg""]",True,266.19462745531797,266.1946267319358,266.1946267319358,266.1946260085536,robust_miss,6,3,2,False
refinement_observation_not_morphologically_classified,False,,refinement,0,31.240881115423804,0.0,0.0,2.9353432182688266e-05,1.956895459898078e-06,31.351432401450896,31.351432401450896,0.0,0.0,448.7440149682285,True,6746.160253876859,6746.160239200143,6746.160224523427,,,,67.5,13.5,,"[""state_edge:13km:60deg->13km:65deg"", ""state_edge:14km:60deg->14km:65deg""]",True,449.74401692512396,449.7440159466762,449.7440159466762,449.7440149682285,robust_miss,6,3,2,False
refinement_observation_not_morphologically_classified,False,,refinement,6,31.40235124379544,0.0,0.0,5.005852365190348e-07,3.337234910126357e-08,31.408777862211398,31.408777862211398,0.0,0.0,0.9999072346283553,True,0.0013914805746704797,0.0013912302820522201,0.0013909799894339606,,,,57.5,14.0,,"[""state_edge:14km:60deg->14km:65deg"", ""state_edge:14km:60deg->15km:60deg""]",True,9.276537164469864e-05,9.274868547014801e-05,9.274868547014801e-05,9.273199929559738e-05,robust_hit,6,3,2,False
refinement_observation_not_morphologically_classified,False,,refinement,0,31.779107432762295,0.0,0.0,1.3341714065973065e-05,8.894476053455946e-07,31.818212268489866,31.818212268489866,0.0,0.0,104.3083330771612,True,1579.625009499132,1579.6250028282748,1579.6249961574179,,,,62.5,14.0,,"[""state_edge:14km:60deg->14km:65deg"", ""state_edge:14km:60deg->15km:60deg""]",True,105.3083339666088,105.308333521885,105.308333521885,105.3083330771612,robust_miss,6,3,2,False
refinement_observation_not_morphologically_classified,False,,refinement,0,30.61643191092625,0.0,0.0,2.9544017706939485e-05,1.9696012145686836e-06,30.73477480382833,30.73477480382833,0.0,0.0,468.1029691048638,True,7036.544566116975,7036.544551344967,7036.544536572957,,,,67.5,14.0,,"[""state_edge:14km:60deg->14km:65deg""]",True,469.102971074465,469.10297008966444,469.1029700896644,469.1029691048638,robust_miss,6,3,2,False
refinement_observation_not_morphologically_classified,False,,refinement,6,30.11252158826803,0.0,0.0,2.0790369147133565e-06,1.3860246098088772e-07,30.120638488187264,30.120638488187264,0.0,0.0,0.9999072176214705,True,0.0013917356779421873,0.0013906961594848308,0.001389656641027474,,,,52.5,14.5,,"[""state_edge:15km:55deg->15km:60deg""]",True,9.278237852947914e-05,9.27130772989887e-05,9.271307729898871e-05,9.264377606849826e-05,robust_hit,6,3,2,False
refinement_observation_not_morphologically_classified,False,,refinement,6,30.604785083582847,0.0,0.0,1.3629738013505154e-06,9.086492009002442e-08,30.611971817448556,30.611971817448556,0.0,0.0,0.9999070709618948,True,0.0013939355715772471,0.001393254084676572,0.0013925725977758966,,,,55.0,14.5,,"[""state_edge:15km:55deg->15km:60deg""]",True,9.29290381051498e-05,9.28836056451048e-05,9.28836056451048e-05,9.283817318505978e-05,robust_hit,6,3,2,False
refinement_observation_not_morphologically_classified,False,,refinement,6,31.001426550602268,0.0,0.0,3.2893690748666583e-07,2.1929127165781336e-08,31.007420964271642,31.007420964271642,0.0,0.0,0.9999081992949125,True,0.0013770105763135287,0.0013768461078597855,0.001376681639406042,,,,57.5,14.5,,"[""state_edge:14km:60deg->14km:65deg"", ""state_edge:14km:60deg->15km:60deg"", ""state_edge:15km:55deg->15km:60deg""]",True,9.180070508756858e-05,9.17897405239857e-05,9.178974052398569e-05,9.17787759604028e-05,robust_hit,6,3,2,False
refinement_observation_not_morphologically_classified,False,,refinement,0,31.27180236391342,0.0,0.0,3.3071719940380717e-06,2.204781335279904e-07,31.289056556103667,31.289056556103667,0.0,0.0,4.051816968511549,True,75.77725783484523,75.77725618125923,75.77725452767324,,,,60.0,14.5,,"[""state_edge:14km:60deg->14km:65deg"", ""state_edge:14km:60deg->15km:60deg"", ""state_edge:15km:55deg->15km:60deg""]",True,5.051817188989682,5.051817078750616,5.051817078750616,5.051816968511549,robust_miss,6,3,2,False
refinement_observation_not_morphologically_classified,False,,refinement,0,31.28622933745791,0.0,0.0,1.3700397630600492e-05,9.133598410926425e-07,31.335261910075594,31.335261910075594,0.0,0.0,111.46480814670139,True,1686.9721359009184,1686.9721290507196,1686.9721222005207,,,,62.5,14.5,,"[""state_edge:14km:60deg->14km:65deg"", ""state_edge:14km:60deg->15km:60deg"", ""state_edge:15km:55deg->15km:60deg""]",True,112.46480906006123,112.4648086033813,112.4648086033813,112.46480814670139,robust_miss,6,3,2,False
refinement_observation_not_morphologically_classified,False,,refinement,0,30.921996940857433,0.0,0.0,2.222834973508725e-05,1.481889967180905e-06,31.00754151475434,31.00754151475434,0.0,0.0,291.68987924050094,True,4390.348210835864,4390.348199721689,4390.348188607514,,,,65.0,14.5,,"[""state_edge:14km:60deg->14km:65deg""]",True,292.6898807223909,292.6898799814459,292.6898799814459,292.68987924050094,robust_miss,6,3,2,False
refinement_observation_not_morphologically_classified,False,,refinement,0,30.013659861764122,0.0,0.0,2.9722291401412804e-05,1.9814860934275202e-06,30.139438736876713,30.139438736876713,0.0,0.0,487.44762739860505,True,7326.7144407013675,7326.714425840222,7326.714410979076,,,,67.5,14.5,,"[""state_edge:14km:60deg->14km:65deg""]",True,488.44762938009114,488.44762838934804,488.4476283893481,488.44762739860505,robust_miss,6,3,2,False
refinement_observation_not_morphologically_classified,False,,refinement,6,29.759100088922253,0.0,0.0,1.7798294564984243e-06,1.186552970998823e-07,29.766719342440904,29.766719342440904,0.0,0.0,0.999907711990709,True,0.001384320139364424,0.0013834302246361748,0.0013825403099079255,,,,52.5,15.0,,"[""state_edge:15km:55deg->15km:60deg""]",True,9.228800929096159e-05,9.222868164241165e-05,9.222868164241165e-05,9.216935399386171e-05,robust_hit,6,3,2,False
refinement_observation_not_morphologically_classified,False,,refinement,6,30.61753315732808,0.0,0.0,3.881717579483964e-07,2.587811719656518e-08,30.62309136265907,30.62309136265907,0.0,0.0,0.9999074741159601,True,0.0013878882605973585,0.0013876941747183842,0.00138750008883941,,,,57.5,15.0,,"[""state_edge:14km:60deg->15km:60deg"", ""state_edge:15km:55deg->15km:60deg""]",True,9.25258840398239e-05,9.25129449812256e-05,9.251294498122562e-05,9.250000592262734e-05,robust_hit,6,3,2,False
refinement_observation_not_morphologically_classified,False,,refinement,0,30.802608137822777,0.0,0.0,1.402129237249028e-05,9.347528191483434e-07,30.86084040707029,30.86084040707029,0.0,0.0,118.31099031424287,True,1789.6648687349355,1789.6648617242893,1789.664854713643,,,,62.5,15.0,,"[""state_edge:14km:60deg->15km:60deg"", ""state_edge:15km:55deg->15km:60deg""]",True,119.31099124899569,119.31099078161928,119.31099078161928,119.31099031424287,robust_miss,6,3,2,False
refinement_observation_not_morphologically_classified,False,,refinement,6,29.422819838621308,0.0,0.0,2.2759908239991695e-06,1.5173272159993922e-07,29.429990300200775,29.429990300200775,0.0,0.0,0.9999066806790872,True,0.0013997898136924754,0.001398651818280476,0.0013975138228684762,,,,52.5,15.5,,"[""state_edge:15km:55deg->15km:60deg"", ""state_edge:16km:55deg->16km:60deg""]",True,9.331932091283169e-05,9.324345455203172e-05,9.324345455203172e-05,9.316758819123175e-05,robust_hit,6,3,2,False
refinement_observation_not_morphologically_classified,False,,refinement,6,29.882094510378128,0.0,0.0,1.1477248749948345e-06,7.651499166632682e-08,29.888178755147745,29.888178755147745,0.0,0.0,0.9999075268561575,True,0.0013870971576376778,0.0013865232952001802,0.001385949432762683,,,,55.0,15.5,,"[""state_edge:15km:55deg->15km:60deg"", ""state_edge:16km:55deg->16km:60deg""]",True,9.247314384251186e-05,9.243488634667869e-05,9.243488634667869e-05,9.239662885084553e-05,robust_hit,6,3,2,False
refinement_observation_not_morphologically_classified,False,,refinement,6,30.242059524215623,0.0,0.0,4.0895172933024665e-07,2.726344862201283e-08,30.25256604577973,30.25256604577973,0.0,0.0,0.9999067667231908,True,0.0013984991521379263,0.0013982946762732611,0.001398090200408596,,,,57.5,15.5,,"[""state_edge:14km:60deg->15km:60deg"", ""state_edge:15km:55deg->15km:60deg"", ""state_edge:16km:55deg->16km:60deg""]",True,9.323327680919508e-05,9.321964508488407e-05,9.321964508488407e-05,9.320601336057307e-05,robust_hit,6,3,2,False
refinement_observation_not_morphologically_classified,False,,refinement,0,30.419691584898544,0.0,0.0,4.340088850085522e-06,2.893392565539443e-07,30.456371537639583,30.456371537639583,0.0,0.0,7.9504656865559,True,134.25698963842734,134.2569874683829,134.2569852983385,,,,60.0,15.5,,"[""state_edge:14km:60deg->15km:60deg"", ""state_edge:15km:55deg->15km:60deg"", ""state_edge:16km:55deg->16km:60deg""]",True,8.950465975895156,8.950465831225527,8.950465831225529,8.9504656865559,robust_miss,6,3,2,False
refinement_observation_not_morphologically_classified,False,,refinement,0,30.328516818225093,0.0,0.0,1.4385368331204518e-05,9.590245468871217e-07,30.395563801281085,30.395563801281085,0.0,0.0,126.02579010092944,True,1905.38686589931,1905.3868587066256,1905.3868515139416,,,,62.5,15.5,,"[""state_edge:14km:60deg->15km:60deg"", ""state_edge:15km:55deg->15km:60deg"", ""state_edge:16km:55deg->16km:60deg""]",True,127.02579105995399,127.02579058044171,127.02579058044171,127.02579010092944,robust_miss,6,3,2,False
refinement_observation_not_morphologically_classified,False,,refinement,6,29.096673841716854,0.0,0.0,2.196427255305453e-06,1.464284836870302e-07,29.103312801199955,29.103312801199955,0.0,0.0,0.9999067903026994,True,0.0013981454595091518,0.0013970472458814992,0.0013959490322538464,,,,52.5,16.0,,"[""state_edge:16km:55deg->16km:60deg""]",True,9.320969730061012e-05,9.313648305876661e-05,9.313648305876661e-05,9.30632688169231e-05,robust_hit,6,3,2,False
refinement_observation_not_morphologically_classified,False,,refinement,6,29.870909328303778,0.0,0.0,3.3591735571088764e-07,2.239449038071771e-08,29.890851434459318,29.890851434459318,0.0,0.0,0.9999070655667323,True,0.0013940164990154055,0.0013938485403375501,0.0013936805816596946,,,,57.5,16.0,,"[""state_edge:16km:55deg->16km:60deg""]",True,9.29344332676937e-05,9.292323602250333e-05,9.292323602250334e-05,9.291203877731298e-05,robust_hit,6,3,2,False
refinement_observation_not_morphologically_classified,False,,refinement,0,29.86479675903628,0.0,0.0,1.4708164826515713e-05,9.805443141885917e-07,29.9401097096607,29.9401097096607,0.0,0.0,133.43522983123214,True,2016.5284621766468,2016.5284548225645,2016.528447468482,,,,62.5,16.0,,"[""state_edge:16km:55deg->16km:60deg""]",True,134.43523081177645,134.4352303215043,134.4352303215043,134.43522983123214,robust_miss,6,3,2,False
